Index,p_t,q_t,cluster_safety_t,q_cluster_t,Action,Y_t,Success,FP,FN,Misclassified,SSM decision,Weakest Link decision
0,0.26585614681243896,0.26585614681243896,0.30636725688478755,0.30636725688478755,OFFLOADED,1.0,No,1.0,1.0,1.0,True,False
1,0.9637613892555237,0.9632067830033523,1.0,1.0,ACCEPTED,0.0,Yes,0.0,0.0,0.0,True,True
2,0.25439348816871643,0.24415169738110637,0.19107449384243202,0.18342711148847127,OFFLOADED,1.0,No,0.0,1.0,0.0,False,False
3,0.2979348301887512,0.27779307803622233,0.7198584729565592,0.711910110098365,ACCEPTED,1.0,No,0.0,1.0,1.0,True,True
4,0.345176637172699,0.3157557372191385,0.923989521022817,0.9185450434752546,OFFLOADED,1.0,No,0.0,1.0,1.0,False,True
5,0.5436350107192993,0.5151024530013463,0.8189210581385075,0.8020240663277435,ACCEPTED,1.0,No,1.0,1.0,0.0,True,True
6,0.5530577301979065,0.5108744409767212,0.7766729303714783,0.7480686587574624,OFFLOADED,0.0,Yes,0.0,0.0,0.0,False,True
7,0.5625702142715454,0.5355932337907532,0.68468550388066,0.6626938557097017,OFFLOADED,1.0,No,1.0,1.0,1.0,False,True
8,0.2593642473220825,0.2133490779970168,0.3754845943596556,0.343886633776749,OFFLOADED,1.0,No,1.0,1.0,0.0,False,True
9,0.2560470998287201,0.2009579406780369,0.49880677681580404,0.45516493875916036,OFFLOADED,1.0,No,1.0,1.0,1.0,False,True
10,0.26373130083084106,0.19843416768981922,0.48726491997781174,0.4294650633499304,OFFLOADED,1.0,No,1.0,1.0,1.0,True,False
11,0.272605299949646,0.1976834743855835,0.7492727832707041,0.698540916948314,OFFLOADED,1.0,No,1.0,1.0,1.0,False,False
12,0.27001428604125977,0.18622533190283982,0.8482110337883549,0.8059344490991794,OFFLOADED,1.0,No,1.0,1.0,1.0,False,True
13,0.4782658517360687,0.399819547404534,0.6685090141290043,0.5891013316308129,OFFLOADED,1.0,No,1.0,1.0,1.0,False,False
14,0.32967469096183777,0.22930086790997914,0.9289557079534776,0.8986615177731794,OFFLOADED,0.0,Yes,0.0,0.0,0.0,True,False
15,0.42118319869041443,0.3345535353870701,0.556235935120851,0.4647429478674863,OFFLOADED,1.0,No,1.0,1.0,1.0,False,True
16,0.5973943471908569,0.5201588789076004,0.33606748602245246,0.2535564179909417,ACCEPTED,1.0,No,1.0,1.0,1.0,True,True
17,0.41891196370124817,0.31044928105808817,0.47449970198871777,0.3630775297697994,OFFLOADED,1.0,No,1.0,1.0,0.0,False,False
18,0.5691311359405518,0.4632200669799716,0.7581161916284559,0.6619017552092017,ACCEPTED,1.0,No,0.0,0.0,1.0,True,True
19,0.8816627264022827,0.8499532637124052,0.6829616712637403,0.5788265275188823,OFFLOADED,0.0,Yes,0.0,0.0,0.0,False,False
20,0.7879819273948669,0.735326773515419,0.9770653716790981,0.969308810487373,ACCEPTED,1.0,No,1.0,1.0,0.0,True,True
21,0.37450551986694336,0.24661520735366663,0.6225864254689134,0.523229894753132,OFFLOADED,1.0,No,1.0,1.0,1.0,False,True
22,0.29038193821907043,0.164423626740249,0.6363345055576335,0.5245387394750124,ACCEPTED,1.0,No,1.0,1.0,1.0,True,True
23,0.2818906605243683,0.14997526720680335,0.5192944852752196,0.3872863453616723,OFFLOADED,1.0,No,1.0,1.0,1.0,False,False
24,0.2703932821750641,0.1342944671670432,0.7186121757232177,0.6026853737544066,OFFLOADED,1.0,No,1.0,1.0,1.0,False,True
25,0.2503828704357147,0.11670637498122445,0.2665259317614727,0.16962163826157453,OFFLOADED,1.0,No,1.0,1.0,1.0,False,False
26,0.7265478372573853,0.6283051304081665,0.8063681936373817,0.7084236006867337,OFFLOADED,1.0,No,1.0,1.0,1.0,False,False
27,0.2548733353614807,0.11047502764624857,0.18691140496531009,0.10948438244423574,OFFLOADED,1.0,No,1.0,1.0,1.0,False,False
28,0.40717190504074097,0.23171976723509122,0.5290380474127385,0.35813918662599087,OFFLOADED,1.0,No,1.0,1.0,1.0,False,False
29,0.3881216049194336,0.20454844006937664,0.6959910740459889,0.5339675612793554,OFFLOADED,0.0,Yes,0.0,0.0,0.0,False,True
30,0.6910274028778076,0.5647970965587022,0.7874214821777888,0.6726857508438419,ACCEPTED,0.0,Yes,0.0,0.0,0.0,True,True
31,0.5997812747955322,0.455406816561542,0.7035905106881369,0.5684703635620761,ACCEPTED,1.0,No,1.0,1.0,1.0,True,True
32,0.9289001226425171,0.9039322542137397,0.6591359401307426,0.4972194179588187,ACCEPTED,1.0,No,1.0,1.0,1.0,True,True
33,0.33293259143829346,0.16347573707167143,0.37812936008041786,0.22137685051768086,OFFLOADED,1.0,No,1.0,1.0,1.0,False,False
34,0.2549479901790619,0.09869346302044947,0.48830003071145217,0.29610662926090225,OFFLOADED,1.0,No,1.0,1.0,1.0,False,True
35,0.6055801510810852,0.43814002261803353,0.7674983857625879,0.6253081614715992,OFFLOADED,1.0,No,1.0,1.0,0.0,False,False
36,0.28152963519096375,0.10596927054752026,0.9008257986459346,0.826946206555875,OFFLOADED,1.0,No,1.0,1.0,0.0,False,True
37,0.35543912649154663,0.15949276071476498,0.7697901512267296,0.6089114534525795,OFFLOADED,1.0,No,1.0,1.0,1.0,False,True
38,0.4910355508327484,0.2829543592247949,0.7297779342817212,0.5348627000036716,OFFLOADED,1.0,No,0.0,1.0,1.0,False,False
39,0.5330115556716919,0.3178421956496315,0.5588472969400459,0.324545291374495,OFFLOADED,1.0,No,1.0,1.0,1.0,False,False
40,0.35204312205314636,0.13726650797752465,0.5247878517164616,0.28071743292004464,OFFLOADED,1.0,No,1.0,1.0,1.0,False,False
41,0.2545405626296997,0.0714979604062086,0.30939262668238143,0.13479530579870633,OFFLOADED,1.0,No,1.0,1.0,1.0,False,False
42,0.2559645473957062,0.06821082328393828,0.20884388255994113,0.08269111133350088,OFFLOADED,1.0,No,1.0,1.0,1.0,False,False
43,0.8842488527297974,0.8188698119122145,0.8158062814709783,0.638892939542916,ACCEPTED,0.0,Yes,0.0,0.0,0.0,True,True
44,0.7638370394706726,0.631628921296451,0.9447373751887171,0.8900585100165035,ACCEPTED,0.0,Yes,0.0,0.0,0.0,True,True
45,0.3786698281764984,0.14978717606029524,0.9722805287863824,0.9463883943243265,OFFLOADED,1.0,No,1.0,1.0,1.0,False,True
46,0.31693795323371887,0.09776771110191852,0.724925084996147,0.5016943539815034,OFFLOADED,0.0,Yes,0.0,0.0,0.0,False,False
47,0.2535310983657837,0.06607045830221389,0.3981578589408582,0.1835609794154286,OFFLOADED,1.0,No,1.0,1.0,1.0,False,False
48,0.25663962960243225,0.06358860056892866,0.4744339297012724,0.225917885606355,OFFLOADED,1.0,No,1.0,1.0,1.0,False,False
49,0.25153687596321106,0.05873179125204136,0.48603509308458365,0.22419171556207218,OFFLOADED,1.0,No,1.0,1.0,1.0,False,True
50,0.2710472643375397,0.0634169388934053,0.40249470709244906,0.16239061937065796,OFFLOADED,1.0,No,1.0,1.0,1.0,False,False
51,0.9151860475540161,0.8752436694700237,0.754580590295754,0.543117071683732,OFFLOADED,1.0,No,1.0,1.0,0.0,False,True
52,0.36912164092063904,0.1264395411691789,0.7781145000665368,0.5711168837975251,OFFLOADED,1.0,No,1.0,1.0,1.0,False,True
53,0.32062608003616333,0.08732228037048541,0.9637610086647025,0.9216898908901561,OFFLOADED,0.0,Yes,0.0,0.0,0.0,False,True
54,0.30384817719459534,0.0803466760721091,0.27983379012367804,0.09160950732194131,OFFLOADED,1.0,No,1.0,1.0,1.0,False,False
55,0.2547134459018707,0.05032034015303289,0.46380288108846224,0.17904191342822992,OFFLOADED,1.0,No,1.0,1.0,1.0,False,True
56,0.2887030839920044,0.06370858584343099,0.8111376781361423,0.6135562188719836,OFFLOADED,1.0,No,1.0,0.0,0.0,False,True
57,0.2724905014038086,0.05169688008902994,0.8667519619516958,0.7316978798789444,OFFLOADED,1.0,No,1.0,0.0,0.0,False,False
58,0.25549736618995667,0.04283962672674107,0.5746080727964548,0.27933005833413105,OFFLOADED,1.0,No,1.0,1.0,1.0,False,False
59,0.25868597626686096,0.04148611298607466,0.5565485480085429,0.24753763592606273,OFFLOADED,1.0,No,1.0,1.0,0.0,False,False
60,0.2771086096763611,0.04669139090138292,0.8231696734497723,0.6488013061637464,OFFLOADED,1.0,No,1.0,0.0,0.0,False,False
61,0.40508174896240234,0.13702202963295543,0.49978771090602714,0.189979311765111,OFFLOADED,1.0,No,0.0,1.0,1.0,False,False
62,0.28006455302238464,0.04341662220253732,0.43058944919065884,0.1407581687045867,OFFLOADED,1.0,No,0.0,1.0,1.0,False,False
63,0.25592073798179626,0.03265854649255839,0.434651611301293,0.13597672428769095,OFFLOADED,1.0,No,1.0,1.0,1.0,False,False
64,0.3623082935810089,0.0916785716713921,0.6056109452499385,0.2820123874262049,OFFLOADED,1.0,No,1.0,1.0,1.0,False,False
65,0.28872808814048767,0.041646203047252105,0.7435430776265721,0.48422322354653,OFFLOADED,1.0,No,1.0,1.0,1.0,False,True
66,0.3375084102153778,0.06901746173398612,0.6170549090878337,0.2765307132689945,OFFLOADED,0.0,Yes,0.0,0.0,0.0,False,False
67,0.43769925832748413,0.15570200346330296,0.9855821845433775,0.9700029271607651,OFFLOADED,1.0,No,1.0,1.0,1.0,False,True
68,0.2872796654701233,0.03884966031192975,0.7196287795744213,0.4362876291284008,OFFLOADED,1.0,No,1.0,0.0,0.0,False,False
69,0.2912842035293579,0.03889380297702509,0.7190878020198295,0.44977352175908925,ACCEPTED,1.0,No,1.0,1.0,1.0,True,True
70,0.38123276829719543,0.0944620875838213,0.9042621765334822,0.8035143867233433,OFFLOADED,1.0,No,1.0,1.0,0.0,False,True
71,0.8479547500610352,0.7529472159567102,0.8612030596023834,0.7097236902549295,ACCEPTED,1.0,No,1.0,1.0,1.0,True,True
72,0.25014573335647583,0.02258281025888198,0.8303207930126518,0.6373016815441591,OFFLOADED,1.0,No,1.0,1.0,0.0,False,True
73,0.33225423097610474,0.056873247900483655,0.6231631084310365,0.2807937127614148,OFFLOADED,1.0,No,1.0,1.0,1.0,False,False
74,0.3239637315273285,0.049567409270075635,0.3132472564549786,0.07052253762280103,OFFLOADED,1.0,No,0.0,1.0,1.0,False,False
75,0.25386887788772583,0.01942673814285726,0.2352758165260359,0.04735350341050596,OFFLOADED,1.0,No,1.0,1.0,1.0,False,False
76,0.8959904313087463,0.8230002249810129,1.0,1.0,ACCEPTED,0.0,Yes,0.0,0.0,0.0,True,True
77,0.3074598014354706,0.03735724197384577,0.5494780388661317,0.18335333375022306,OFFLOADED,1.0,No,1.0,0.0,0.0,False,False
78,0.3171733319759369,0.040773505346612976,0.8487326360607741,0.6560870531768621,OFFLOADED,1.0,No,1.0,1.0,0.0,False,False
79,0.2770995795726776,0.02107852310283969,0.4859747112403969,0.1371171625082779,OFFLOADED,1.0,No,1.0,1.0,1.0,False,False
80,0.2501760721206665,0.015377077839135935,1.0,1.0,OFFLOADED,1.0,No,1.0,0.0,0.0,False,True
81,0.7817273139953613,0.632713746510074,0.4295192463733565,0.10333103911417704,OFFLOADED,1.0,No,1.0,1.0,1.0,True,False
82,0.26988857984542847,0.016972017859504945,0.3255968316104662,0.06313830995992176,OFFLOADED,1.0,No,1.0,1.0,1.0,False,False
83,0.6892049312591553,0.46848798328322744,0.5989538538501383,0.22629000064456234,OFFLOADED,0.0,Yes,0.0,0.0,0.0,False,False
84,0.39450547099113464,0.08621555716027501,0.5113025546261083,0.14706959422423782,OFFLOADED,1.0,No,1.0,1.0,1.0,False,False
85,0.27436596155166626,0.016641770280700997,0.648460128944351,0.2901285161912316,OFFLOADED,1.0,No,1.0,1.0,0.0,False,True
86,0.8722785115242004,0.7864847494471927,0.9220813172388856,0.8046418027976878,ACCEPTED,0.0,Yes,0.0,0.0,0.0,True,True
87,0.3066078722476959,0.02811579929149904,0.5232803960026323,0.14545522885638415,OFFLOADED,1.0,No,1.0,1.0,1.0,False,False
88,0.3246650695800781,0.03578762758700547,0.4696688415432468,0.10405926698149387,OFFLOADED,1.0,No,1.0,1.0,1.0,False,False
89,0.4236096441745758,0.10480724158577144,0.38384355742867826,0.06772490531604386,OFFLOADED,1.0,No,1.0,1.0,1.0,True,False
90,0.3473762273788452,0.04341483828767664,0.5220611443650209,0.1289003725162949,OFFLOADED,1.0,No,1.0,1.0,1.0,False,False
91,0.5599762201309204,0.26197893696535,0.9826599264050154,0.9546852980120842,ACCEPTED,0.0,Yes,0.0,0.0,0.0,True,True
92,0.2991967797279358,0.020599018667728966,0.5882925076372784,0.19140627908151572,OFFLOADED,1.0,No,1.0,1.0,0.0,False,False
93,0.2821657657623291,0.014215039345699952,0.30176283447647256,0.0401588809409596,OFFLOADED,1.0,No,1.0,1.0,1.0,False,False
94,0.6370915770530701,0.3950480779384412,0.8359233731036952,0.599691432973344,OFFLOADED,1.0,No,1.0,1.0,0.0,False,True
95,0.26477834582328796,0.010186632458423025,0.5713891569267674,0.15818971892315453,OFFLOADED,1.0,No,1.0,1.0,1.0,False,False
96,0.3920290172100067,0.06857319721341551,0.24218142104674226,0.026799280475184938,OFFLOADED,1.0,No,1.0,1.0,1.0,False,False
97,0.33135393261909485,0.029603755513854697,0.7631620448811443,0.42792074094414656,OFFLOADED,1.0,No,0.0,1.0,1.0,False,False
98,0.3661381006240845,0.04557970137450236,0.40000240714806506,0.053059307612213426,OFFLOADED,1.0,No,0.0,1.0,1.0,True,False
99,0.4793521463871002,0.15086750774940863,0.4275398475666907,0.05784893253373491,OFFLOADED,1.0,No,1.0,1.0,1.0,True,False
100,0.2565646469593048,0.007114771382052468,0.4438987729771821,0.05998425620083557,OFFLOADED,1.0,No,0.0,1.0,1.0,False,False
101,0.25620755553245544,0.006691936266624528,0.592946000569481,0.15926722197677423,OFFLOADED,1.0,No,1.0,0.0,0.0,False,False
102,0.6692644953727722,0.4288244418583162,0.7344830806175048,0.36092790290647586,ACCEPTED,1.0,No,0.0,1.0,1.0,True,True
103,0.36065322160720825,0.03612279697711179,0.5388138751030285,0.10830973369793362,OFFLOADED,1.0,No,1.0,1.0,1.0,False,True
104,0.25471553206443787,0.005704931818005328,0.25332032814731253,0.02109134319592226,OFFLOADED,1.0,No,1.0,1.0,1.0,False,False
105,0.8619072437286377,0.7614824124432884,1.0,1.0,OFFLOADED,0.0,Yes,0.0,0.0,0.0,False,True
106,0.27033886313438416,0.006605428723745024,0.903198757917162,0.7330949609054722,OFFLOADED,0.0,Yes,0.0,0.0,0.0,False,True
107,0.8078591227531433,0.6673205318925168,0.9559548337882585,0.8872199873435312,ACCEPTED,1.0,No,1.0,1.0,0.0,True,True
108,0.3322720527648926,0.022548993500140963,0.758602626887913,0.3912717231728346,OFFLOADED,0.0,Yes,0.0,0.0,0.0,False,False
109,0.888700544834137,0.8133778357820725,0.7665816527625282,0.4211026787120043,OFFLOADED,1.0,No,1.0,1.0,1.0,False,False
110,0.5622039437294006,0.23883082992172663,0.7886480042363136,0.45817617363598,OFFLOADED,1.0,No,1.0,1.0,1.0,False,False
111,0.2679409682750702,0.00665010879620439,0.3349428689517236,0.029642401383278425,OFFLOADED,1.0,No,1.0,1.0,1.0,False,False
112,0.32548999786376953,0.019900770801988342,0.48797956743482984,0.06599090887156679,OFFLOADED,1.0,No,1.0,1.0,1.0,False,False
113,0.0,0.0,0.8649810768813893,0.6252561873121131,OFFLOADED,0.0,Yes,0.0,0.0,0.0,False,False
114,0.25090768933296204,0.004959868354915159,0.6252260858760854,0.18486138924477963,OFFLOADED,1.0,No,0.0,1.0,1.0,False,False
115,0.8869134783744812,0.798332492255201,0.9696971500982055,0.9162822793578269,ACCEPTED,0.0,Yes,0.0,0.0,0.0,True,True
116,0.0,0.0,0.4875991223508624,0.06098096395463302,OFFLOADED,0.0,Yes,0.0,0.0,0.0,False,False
117,0.31327369809150696,0.014984331059474798,0.9444313016623194,0.8560165936304345,OFFLOADED,1.0,No,1.0,1.0,1.0,False,True
118,0.30266496539115906,0.011194448216659847,0.16269490627525401,0.010903068514591493,OFFLOADED,1.0,No,1.0,1.0,1.0,False,False
119,0.38530585169792175,0.04460871005121526,0.5888618374958697,0.14046355121203677,OFFLOADED,1.0,No,1.0,1.0,1.0,False,False
120,0.2786966860294342,0.00582042315999493,0.42781448825022755,0.041857688981858224,OFFLOADED,1.0,No,1.0,1.0,1.0,False,False
121,0.26034945249557495,0.004098918526844016,0.3874930306659935,0.03171583883511452,OFFLOADED,1.0,No,1.0,1.0,1.0,False,False
122,0.6049360036849976,0.28744448565070335,0.481788548108209,0.05401264728768953,OFFLOADED,0.0,Yes,0.0,0.0,0.0,True,False
123,0.2536226212978363,0.003754602924690701,0.2670579539152317,0.016660761965420896,OFFLOADED,1.0,No,1.0,1.0,1.0,False,False
124,0.2525292932987213,0.0035220093673269033,0.8336849633001747,0.5454742531174451,OFFLOADED,1.0,No,1.0,0.0,0.0,False,False
125,0.2641153633594513,0.0038331938339689494,0.9391800303308259,0.8383158003557187,OFFLOADED,1.0,No,0.0,0.0,1.0,False,False
126,0.6629723906517029,0.39845101806083594,0.48483570975870277,0.05936371885335984,OFFLOADED,1.0,No,1.0,1.0,1.0,False,False
127,0.8152262568473816,0.6605162490426286,0.9662509535597196,0.9138023359474643,ACCEPTED,0.0,Yes,0.0,0.0,0.0,True,True
128,0.44939714670181274,0.09699472159582816,0.8983857669075261,0.7380874251704742,ACCEPTED,1.0,No,1.0,1.0,0.0,True,True
129,0.258976548910141,0.0031238902576298795,0.3032917550920453,0.018579606991076462,OFFLOADED,1.0,No,1.0,1.0,1.0,False,False
130,0.2664983868598938,0.003340460213679112,0.6750892649746962,0.2379590162760177,OFFLOADED,1.0,No,1.0,1.0,1.0,False,False
131,0.8872183561325073,0.81225141784259,0.7226450763992518,0.30154525120481884,ACCEPTED,0.0,Yes,0.0,0.0,0.0,True,True
132,0.27001312375068665,0.0034172244277835165,0.14850282453769245,0.007262288698195174,OFFLOADED,1.0,No,1.0,1.0,1.0,False,False
133,0.25289538502693176,0.002489241671591457,0.3913015409227268,0.0289575369446277,OFFLOADED,1.0,No,0.0,1.0,1.0,False,False
134,0.533891499042511,0.19101865537774593,0.9273895106395905,0.8106562104645463,OFFLOADED,1.0,No,0.0,0.0,1.0,False,False
135,0.2934719920158386,0.005837098320182826,0.3721338140668542,0.0247534875472179,OFFLOADED,1.0,No,1.0,1.0,1.0,False,False
136,0.7196115255355835,0.49229766864599434,0.7322766183805278,0.33132721796027464,OFFLOADED,1.0,No,1.0,1.0,1.0,False,False
137,0.25132420659065247,0.0020335693291211676,0.17795310602413214,0.007232936560472457,OFFLOADED,1.0,No,1.0,1.0,1.0,False,False
138,0.46589288115501404,0.10104651374382752,0.449771703988375,0.038037575598715116,OFFLOADED,1.0,No,1.0,1.0,0.0,False,False
139,0.3235226571559906,0.0115835101219322,0.8614321363641787,0.6281171382687315,OFFLOADED,1.0,No,0.0,1.0,1.0,False,True
140,0.2882787883281708,0.003950597511392136,0.33911245360682074,0.01670866287180067,OFFLOADED,1.0,No,1.0,1.0,1.0,False,False
141,0.3003024756908417,0.00558575016017535,0.8464183744433375,0.5728016199953739,OFFLOADED,1.0,No,1.0,1.0,0.0,False,True
142,0.0,0.0,0.7907219142576353,0.42492139216899816,OFFLOADED,0.0,Yes,0.0,0.0,0.0,False,True
143,0.39102378487586975,0.03650311797550822,0.6112370475214991,0.14255828358427872,OFFLOADED,1.0,No,1.0,1.0,1.0,False,False
144,0.31528109312057495,0.007997159423142048,0.9629857857462418,0.9035294027671062,OFFLOADED,1.0,No,0.0,0.0,1.0,False,True
145,0.3230973184108734,0.009289276010824798,0.518040806038842,0.05923431311722328,OFFLOADED,1.0,No,1.0,0.0,0.0,False,False
146,0.0,0.0,0.6087499557579273,0.13691522169096115,OFFLOADED,0.0,Yes,0.0,0.0,0.0,False,False
147,0.25154051184654236,0.0012893032845261527,0.4791820062604179,0.0463369355121446,OFFLOADED,1.0,No,1.0,1.0,0.0,False,False
148,0.5558156967163086,0.19754857371354242,0.42713134268584274,0.02896091380549817,OFFLOADED,1.0,No,1.0,1.0,1.0,False,False
149,0.3139341175556183,0.006465889892227021,0.5497550510918715,0.08455093931833489,OFFLOADED,1.0,No,1.0,1.0,1.0,False,False
150,0.7122718691825867,0.4531721283221047,0.6665125444118847,0.20603861693582767,OFFLOADED,1.0,No,1.0,1.0,1.0,True,False
151,0.34958645701408386,0.01438779712575778,0.768869938210406,0.376624371692431,OFFLOADED,1.0,No,1.0,1.0,1.0,False,True
152,0.2714208960533142,0.0014159389128438249,0.2436096272169479,0.007443746476239447,OFFLOADED,1.0,No,1.0,1.0,1.0,False,False
153,0.7398840188980103,0.49237294150392463,0.5948877987720816,0.1118324705473676,OFFLOADED,0.0,Yes,0.0,0.0,0.0,True,False
154,0.25322601199150085,0.000982271936411636,0.8052014911096841,0.45859829053056556,OFFLOADED,1.0,No,1.0,1.0,1.0,False,False
155,0.9368590712547302,0.8917996735972317,0.9869044706992537,0.965122085166159,ACCEPTED,0.0,Yes,0.0,0.0,0.0,True,True
156,0.25572866201400757,0.0009548405765189983,0.6629624924386661,0.18442689093232875,OFFLOADED,1.0,No,1.0,1.0,1.0,False,False
157,0.3683893084526062,0.020225788727601817,0.45310239300528576,0.02853089686217742,OFFLOADED,1.0,No,1.0,1.0,1.0,False,False
158,0.32458245754241943,0.007202021833862969,0.4280712149551609,0.02173464274496764,OFFLOADED,1.0,No,1.0,1.0,1.0,False,False
159,0.2685306966304779,0.0010498361730599808,0.29446722113751417,0.00831979179363078,OFFLOADED,1.0,No,1.0,1.0,1.0,False,False
160,0.28761205077171326,0.0019176881992521851,0.41057256537793757,0.01763794393677725,OFFLOADED,1.0,No,1.0,1.0,1.0,False,False
161,0.35091567039489746,0.012906531880821193,0.24751284977555937,0.005574163221717297,OFFLOADED,1.0,No,1.0,1.0,1.0,False,False
162,0.2908332347869873,0.0019441845562043227,0.30904040268303035,0.007808721937189892,OFFLOADED,1.0,No,1.0,1.0,1.0,False,False
163,0.9046529531478882,0.8429496605344784,1.0,1.0,ACCEPTED,0.0,Yes,0.0,0.0,0.0,True,True
164,0.7849525213241577,0.6026132542486057,0.9310494634738814,0.809602316421837,OFFLOADED,1.0,No,1.0,1.0,1.0,False,False
165,0.2649761736392975,0.0007519716539380137,0.5863071724817683,0.09504849371383031,OFFLOADED,1.0,No,1.0,0.0,0.0,False,False
166,0.2976640462875366,0.0023622277180334462,0.8384936943591456,0.5172174771475516,OFFLOADED,1.0,No,1.0,1.0,1.0,False,False
167,0.269893616437912,0.0007618261674879079,0.8869542887001155,0.649236499917807,OFFLOADED,1.0,No,1.0,1.0,0.0,False,False
168,0.9041958451271057,0.8444418073862651,0.9104427980383564,0.7151319549742575,OFFLOADED,0.0,Yes,0.0,0.0,0.0,False,False
169,0.30804961919784546,0.0033776290499379427,0.7487157871506759,0.29547414885711876,OFFLOADED,1.0,No,1.0,1.0,1.0,False,True
170,0.30108457803726196,0.0024034823365849853,0.46277000035864246,0.025121262753787673,OFFLOADED,1.0,No,1.0,1.0,1.0,False,False
171,0.32526272535324097,0.005705107454359449,0.6937122223251857,0.20138049304934313,OFFLOADED,1.0,No,1.0,0.0,1.0,False,False
172,0.4266701340675354,0.05010205371915518,0.6816309305686419,0.19359134472856473,OFFLOADED,1.0,No,1.0,1.0,1.0,False,False
173,0.41467994451522827,0.03928126923981526,0.8912650256734135,0.6543667225139846,OFFLOADED,1.0,No,0.0,1.0,1.0,False,True
174,0.25349998474121094,0.00039027987195646455,0.33107386151383783,0.00779507004290772,OFFLOADED,1.0,No,1.0,1.0,1.0,False,False
175,0.25527647137641907,0.00037464182249363114,0.47556833377623053,0.026088037558957108,OFFLOADED,1.0,No,1.0,1.0,1.0,False,False
176,0.3186793029308319,0.003850698484413554,0.2542094127399327,0.0041297030670031,OFFLOADED,1.0,No,1.0,1.0,1.0,False,False
177,0.8892373442649841,0.8251586376593443,0.8080832949297369,0.407889996075127,OFFLOADED,0.0,Yes,0.0,0.0,0.0,True,False
178,0.2561003565788269,0.0003408041982102149,0.22295194812640107,0.0033508706813026963,OFFLOADED,1.0,No,1.0,1.0,1.0,False,False
179,0.7049271464347839,0.43771130720532536,0.5312861604525734,0.049873821599620734,OFFLOADED,1.0,No,1.0,1.0,1.0,False,False
180,0.36878103017807007,0.014496620223561565,0.44320062701105134,0.016861107783175712,OFFLOADED,1.0,No,1.0,1.0,1.0,False,False
181,0.25214844942092896,0.00028263362155944,0.15130701459940266,0.0017789729086372952,OFFLOADED,1.0,No,1.0,1.0,1.0,False,False
182,0.2630232274532318,0.0003279345906735437,0.4248762024281482,0.013101867194757703,OFFLOADED,1.0,No,1.0,1.0,1.0,False,False
183,0.37399742007255554,0.01553054136001163,0.8073158502132652,0.4172108935373831,OFFLOADED,1.0,No,0.0,1.0,1.0,False,True
184,0.4193790555000305,0.037233738057434344,0.3612761719973722,0.007024919049647784,OFFLOADED,1.0,No,1.0,1.0,1.0,False,False
185,0.26646021008491516,0.0003052495701737615,0.9291502817681042,0.7772434465265678,OFFLOADED,1.0,No,1.0,0.0,0.0,False,False
186,0.830478847026825,0.6928285276567068,0.855601565742309,0.5327515972989784,OFFLOADED,0.0,Yes,0.0,0.0,0.0,False,False
187,0.6032796502113342,0.24546231771022997,0.5576623627882018,0.06260538336343809,OFFLOADED,1.0,No,1.0,1.0,1.0,True,False
188,0.2602725028991699,0.00023627995064061274,0.6676321003984758,0.15984332355591038,OFFLOADED,1.0,No,0.0,1.0,1.0,False,False
189,0.2509255111217499,0.00019314295928049723,0.3174015597572241,0.0042843087872687655,OFFLOADED,1.0,No,1.0,1.0,1.0,False,False
190,0.2871614098548889,0.0006778553266482595,0.44924205203319173,0.014053566553874294,OFFLOADED,1.0,No,1.0,1.0,1.0,False,True
191,0.526603102684021,0.13278533589924904,0.6288471457056403,0.11267029440266318,OFFLOADED,0.0,Yes,0.0,0.0,0.0,False,False
192,0.4197371304035187,0.03619620511261461,0.6398209908638212,0.12864001685624094,OFFLOADED,1.0,No,1.0,1.0,1.0,False,False
193,0.2517252266407013,0.00017163331949024906,0.647602269877383,0.12966891943843115,OFFLOADED,1.0,No,1.0,1.0,0.0,False,False
194,0.5187697410583496,0.12903956251763896,0.7126347081163593,0.20924591860609057,OFFLOADED,1.0,No,1.0,0.0,0.0,False,False
195,0.8217769861221313,0.6793768231789947,0.5511915599209628,0.05123610852855513,OFFLOADED,1.0,No,1.0,1.0,1.0,True,False
196,0.822227954864502,0.6676698876181449,0.7099830255073105,0.21276202263416663,ACCEPTED,1.0,No,1.0,1.0,1.0,True,True
197,0.9310725331306458,0.889464239452134,1.0,1.0,ACCEPTED,0.0,Yes,0.0,0.0,0.0,True,True
198,0.8985909223556519,0.8415397874286903,0.9497945372890061,0.8542973586968263,OFFLOADED,0.0,Yes,0.0,0.0,0.0,True,False
199,0.8880704641342163,0.8296435573936038,1.0,1.0,ACCEPTED,0.0,Yes,0.0,0.0,0.0,True,True
200,0.610907256603241,0.2432339923583902,0.9006911928743826,0.6882408776218291,OFFLOADED,1.0,No,1.0,1.0,1.0,False,False
201,0.2619486451148987,0.0001782840017321108,0.4864090434676995,0.01909601349189798,OFFLOADED,1.0,No,1.0,1.0,1.0,False,False
202,0.3966226279735565,0.020026742177623298,0.3515878254573454,0.00436617717694072,OFFLOADED,1.0,No,1.0,1.0,1.0,False,False
203,0.890284538269043,0.8393532540792484,0.6498789540617705,0.12060677465791238,OFFLOADED,1.0,No,1.0,1.0,1.0,True,False
204,0.27393200993537903,0.0002633690896796498,0.5026076350965535,0.021818611995876782,OFFLOADED,0.0,Yes,0.0,0.0,0.0,False,False
205,0.2772427499294281,0.0003287237701655355,0.30217926211935664,0.002692283120884426,OFFLOADED,1.0,No,1.0,1.0,1.0,False,False
206,0.25140634179115295,0.00012780669608956533,0.3941606112456495,0.005927018731587885,OFFLOADED,1.0,No,1.0,1.0,1.0,False,False
207,0.2961154580116272,0.0008222579273845687,0.9685725915838769,0.9128330270648328,OFFLOADED,1.0,No,1.0,0.0,0.0,False,False
208,0.259299635887146,0.00013040258350208202,0.44403121526945155,0.009842959011655855,OFFLOADED,1.0,No,1.0,1.0,1.0,False,False
209,0.31912606954574585,0.0022825168006060737,0.9188060191257088,0.7494610254146065,OFFLOADED,1.0,No,1.0,1.0,1.0,False,True
210,0.6201454997062683,0.24506950773476102,0.8143260468767183,0.4107706888531562,OFFLOADED,1.0,No,1.0,1.0,0.0,False,False
211,0.3408050537109375,0.00456310759491186,0.579418572673201,0.0586662348278157,OFFLOADED,1.0,No,0.0,1.0,0.0,False,False
212,0.3491290807723999,0.005384335439189737,0.7979416964892664,0.3540969650371445,OFFLOADED,1.0,No,1.0,0.0,1.0,False,False
213,0.9257065057754517,0.8881762922169646,0.8245434082890581,0.43307318409476653,ACCEPTED,1.0,No,1.0,1.0,1.0,True,True
214,0.7058273553848267,0.39137467889791444,0.5007504934788536,0.0194556214919142,OFFLOADED,0.0,Yes,0.0,0.0,0.0,True,False
215,0.28243017196655273,0.0003047224637724345,0.8853598078823108,0.6029767209595543,OFFLOADED,1.0,No,1.0,1.0,0.0,False,False
216,0.29398617148399353,0.000550679226521642,0.8760309227735197,0.5601918264787431,OFFLOADED,1.0,No,0.0,0.0,1.0,False,True
217,0.30752381682395935,0.0010873230414709203,0.5131606926960014,0.02449935534237803,OFFLOADED,1.0,No,1.0,1.0,1.0,False,False
218,0.28088507056236267,0.0002353288117220637,0.47576833933967133,0.013119773709073048,OFFLOADED,1.0,No,1.0,1.0,1.0,False,False
219,0.5327723622322083,0.12525994788857947,0.6916557651118389,0.15849826865638755,OFFLOADED,1.0,No,0.0,1.0,1.0,False,False
220,0.8734836578369141,0.7888578469091851,0.815725960350489,0.39201875850695533,OFFLOADED,0.0,Yes,0.0,0.0,0.0,False,False
221,0.9247682690620422,0.8879404932854414,1.0,1.0,ACCEPTED,0.0,Yes,0.0,0.0,0.0,True,True
222,0.911359429359436,0.873509895247433,0.6388644360362521,0.09588709536898331,OFFLOADED,1.0,No,1.0,1.0,1.0,True,False
223,0.5199807286262512,0.10779163409486209,0.6307341474364817,0.0852477224666251,OFFLOADED,1.0,No,1.0,1.0,1.0,False,False
224,0.842674970626831,0.7149327523292495,0.8142552950687554,0.39598581809668404,ACCEPTED,0.0,Yes,0.0,0.0,0.0,True,True
225,0.2569461464881897,7.006976630495827e-05,0.6272859197384502,0.0812789129331935,OFFLOADED,1.0,No,0.0,1.0,0.0,False,False
226,0.4605354964733124,0.053083739120159665,0.861065413350051,0.5352188111835995,OFFLOADED,1.0,No,1.0,1.0,0.0,False,False
227,0.2708372175693512,0.00010869677703926958,0.8610193523228961,0.5205345234048873,OFFLOADED,0.0,Yes,0.0,0.0,0.0,False,False
228,0.7255358695983887,0.4474953344873938,0.9367565620848642,0.8051700594138859,OFFLOADED,0.0,Yes,0.0,0.0,0.0,False,False
229,0.5262226462364197,0.11120417124694362,0.6703666446492339,0.11897123852991576,OFFLOADED,1.0,No,1.0,1.0,1.0,False,True
230,0.25123703479766846,6.027418758103609e-05,0.42849225668071383,0.005431899802595301,OFFLOADED,1.0,No,1.0,1.0,1.0,False,False
231,0.2889694571495056,0.00030089215869694093,0.5400756971535405,0.0269939197306339,OFFLOADED,1.0,No,1.0,1.0,1.0,False,False
232,0.3004426062107086,0.0005748717632658598,0.5116613891273473,0.017038351148410583,OFFLOADED,1.0,No,1.0,1.0,1.0,False,False
233,0.2889390289783478,0.0002672356227854332,0.16493379423372564,0.0005380268022096709,OFFLOADED,1.0,No,1.0,1.0,1.0,False,False
234,0.4461674392223358,0.0396329451073629,0.43506864662216427,0.004972798562412257,OFFLOADED,1.0,No,1.0,1.0,1.0,False,False
235,0.903314471244812,0.8624178454762325,0.7090082822497973,0.16878385531644857,OFFLOADED,0.0,Yes,0.0,0.0,0.0,True,False
236,0.25211021304130554,4.57527101965783e-05,0.39998941583626113,0.0033228889023555587,OFFLOADED,1.0,No,1.0,1.0,1.0,False,False
237,0.2503681182861328,4.2714187966168026e-05,0.5346508965869778,0.023286132392040092,OFFLOADED,1.0,No,1.0,1.0,1.0,False,False
238,0.28332534432411194,0.00017065826835968868,0.15713175736925442,0.0004239521754099782,OFFLOADED,1.0,No,1.0,1.0,1.0,False,False
239,0.27486130595207214,9.924292752739205e-05,0.8206107753729205,0.42660207638806447,OFFLOADED,0.0,Yes,0.0,0.0,0.0,False,True
240,0.8347370028495789,0.715838321028172,0.7749694689656715,0.3161857544937323,OFFLOADED,1.0,No,1.0,1.0,1.0,True,False
241,0.27229049801826477,8.858451330975252e-05,0.45960133198466835,0.00648853452497637,OFFLOADED,1.0,No,1.0,1.0,1.0,False,False
242,0.8883907794952393,0.8381479733394086,0.9697990025661208,0.9204172176523754,ACCEPTED,1.0,No,1.0,1.0,0.0,True,True
243,0.2825506031513214,0.00014993335241555476,0.6960118052642551,0.15299402515782104,OFFLOADED,1.0,No,1.0,1.0,1.0,False,True
244,0.6747015118598938,0.3406825020358104,0.9267964754211051,0.7723722271965009,OFFLOADED,0.0,Yes,0.0,0.0,0.0,False,True
245,0.38283324241638184,0.010479029054620578,0.33390392441730593,0.0013881347083632746,OFFLOADED,1.0,No,1.0,1.0,1.0,False,False
246,0.5756767392158508,0.16804939991130877,0.5214712136572701,0.01662709792880024,OFFLOADED,1.0,No,1.0,1.0,1.0,True,False
247,0.25234347581863403,3.3029196787912224e-05,0.1982643432582652,0.00043635428332587883,OFFLOADED,1.0,No,1.0,1.0,1.0,False,False
248,0.758928656578064,0.5261871318526782,0.9787394086440907,0.942636836331997,ACCEPTED,0.0,Yes,0.0,0.0,0.0,True,True
249,0.47983258962631226,0.0607779028912445,0.6178931647142691,0.06305858230087158,OFFLOADED,0.0,Yes,0.0,0.0,0.0,False,False
250,0.5036094784736633,0.08494617414260201,0.8039507119406327,0.3855451019710791,OFFLOADED,1.0,No,0.0,1.0,1.0,False,False
251,0.2525824308395386,3.212795124507376e-05,0.2726673968080094,0.0007337723015366343,OFFLOADED,1.0,No,1.0,1.0,1.0,False,False
252,0.40770474076271057,0.017349021162974276,0.3327247892367321,0.0011825507938390337,OFFLOADED,1.0,No,1.0,1.0,1.0,False,False
253,0.2599945068359375,3.5032783391884145e-05,0.3007659813118117,0.0008192038076958468,OFFLOADED,1.0,No,0.0,1.0,1.0,False,False
254,0.5678948760032654,0.1515541785043009,0.5987697748430335,0.053024764344515245,OFFLOADED,1.0,No,1.0,1.0,1.0,False,False
255,0.2516160309314728,2.5473117724628197e-05,0.3435500587524347,0.0011558077373326615,OFFLOADED,1.0,No,1.0,1.0,1.0,False,False
256,0.27665433287620544,8.070757524822267e-05,0.45721378375697663,0.0048598401333063675,OFFLOADED,1.0,No,1.0,1.0,1.0,False,False
257,0.33572348952293396,0.0023018049286289764,0.9566763557091029,0.8807180604244852,OFFLOADED,0.0,Yes,0.0,0.0,0.0,False,False
258,0.3094625771045685,0.0007341380369935897,0.543649913000947,0.021748809108055493,OFFLOADED,0.0,Yes,0.0,0.0,0.0,False,False
259,0.34874606132507324,0.003575276733070207,0.8073515462948027,0.38279747724681046,OFFLOADED,1.0,No,0.0,1.0,0.0,False,False
260,0.3299046754837036,0.0018805899625212194,0.38246547257884284,0.0016608676979473081,OFFLOADED,1.0,No,1.0,1.0,1.0,False,False
261,0.4269503951072693,0.023411150393584042,0.7735718356614001,0.2780599521281605,OFFLOADED,0.0,Yes,0.0,0.0,0.0,False,False
262,0.2680663466453552,4.6102543170964675e-05,0.7456989655572682,0.22694946291047238,OFFLOADED,1.0,No,1.0,1.0,1.0,False,False
263,0.5705928802490234,0.14909553158445404,0.7753662828604069,0.28546052395007276,OFFLOADED,1.0,No,1.0,0.0,0.0,False,False
264,0.4869033098220825,0.06050869801636824,0.8002911935809717,0.3636842663449195,OFFLOADED,1.0,No,1.0,1.0,1.0,False,True
265,0.7500212788581848,0.51109609963925,0.5311363562507634,0.01771851976224622,OFFLOADED,1.0,No,1.0,1.0,1.0,False,False
266,0.8400426506996155,0.70846775366452,0.9615390797455488,0.8995351055265072,OFFLOADED,0.0,Yes,0.0,0.0,0.0,False,True
267,0.2565448582172394,2.194236589145249e-05,0.9017905378745025,0.6754101875552789,OFFLOADED,1.0,No,0.0,1.0,0.0,False,True
268,0.381540447473526,0.007793095261572765,0.8963694814467448,0.641136863368435,OFFLOADED,1.0,No,1.0,0.0,0.0,False,False
269,0.28973665833473206,0.0001593849684624751,0.6609786717102314,0.09180208104675305,OFFLOADED,1.0,No,1.0,1.0,1.0,False,False
270,0.2871209681034088,0.0001240283652785217,0.44366929462630156,0.0032768065431984295,OFFLOADED,1.0,No,1.0,1.0,1.0,False,False
271,0.2801751494407654,7.216687006323404e-05,0.8900135972401605,0.628677736742028,OFFLOADED,1.0,No,1.0,0.0,0.0,False,False
272,0.34936508536338806,0.0029322293425945345,0.856587645767557,0.5259146107693942,OFFLOADED,1.0,No,1.0,1.0,1.0,False,True
273,0.8985700607299805,0.8535598407603264,0.6997012859117243,0.138809584153275,OFFLOADED,1.0,No,1.0,1.0,1.0,True,False
274,0.4069775342941284,0.013581726544621552,0.3873353563204093,0.0013344420707938425,OFFLOADED,1.0,No,1.0,1.0,1.0,False,False
275,0.2547883987426758,1.382682728526198e-05,0.21578132935764213,0.0002493213490238481,OFFLOADED,1.0,No,1.0,1.0,1.0,False,False
276,0.5313173532485962,0.0906600643754161,0.7819976627796335,0.29385008527414647,OFFLOADED,1.0,No,1.0,1.0,1.0,False,False
277,0.3250509798526764,0.0010350843378930294,0.7900871894691616,0.3037648228295342,OFFLOADED,1.0,No,0.0,1.0,1.0,False,False
278,0.30558064579963684,0.0003656810601168841,0.2293972666555607,0.00024000671174195483,OFFLOADED,1.0,No,1.0,1.0,1.0,False,False
279,0.8517201542854309,0.7416781117177506,0.937482012213407,0.8180263281290384,ACCEPTED,0.0,Yes,0.0,0.0,0.0,True,True
280,0.5426225662231445,0.09921367907985537,0.9237287585664128,0.7694589533596013,OFFLOADED,0.0,Yes,0.0,0.0,0.0,False,True
281,0.8900752663612366,0.8381863824931974,1.0,1.0,ACCEPTED,0.0,Yes,0.0,0.0,0.0,True,True
282,0.250980019569397,1.136737809917317e-05,0.70463682187139,0.13137767721686863,OFFLOADED,1.0,No,1.0,1.0,0.0,False,False
283,0.3617579936981201,0.0038275132685953875,0.6190403134995529,0.04815904180909155,OFFLOADED,1.0,No,1.0,1.0,1.0,False,False
284,0.2504732012748718,1.0090919519341957e-05,0.5051391377173178,0.008092203913943089,OFFLOADED,1.0,No,1.0,1.0,0.0,False,False
285,0.41122475266456604,0.014256879267762703,0.7341830682555466,0.16618363478813594,OFFLOADED,1.0,No,1.0,1.0,1.0,False,True
286,0.3280844986438751,0.0010763184700369264,0.23752615479303463,0.0001993984407965732,OFFLOADED,1.0,No,1.0,1.0,1.0,False,False
287,0.7416850924491882,0.4931380266933593,0.8673257508337271,0.5356826518222262,ACCEPTED,1.0,No,1.0,1.0,1.0,True,True
288,0.257500022649765,9.568961521235444e-06,0.14412985114767318,9.096235917635832e-05,OFFLOADED,1.0,No,1.0,1.0,1.0,False,False
289,0.8085334897041321,0.6362654710102875,0.9788148005013299,0.949098726378171,OFFLOADED,0.0,Yes,0.0,0.0,0.0,False,True
290,0.261979877948761,1.1844025527468015e-05,0.11607290819955536,6.930214524723504e-05,OFFLOADED,1.0,No,1.0,1.0,1.0,False,False
291,0.2553730905056,7.992098547766289e-06,0.2559918613427338,0.00020629629154159766,OFFLOADED,1.0,No,1.0,1.0,1.0,False,False
292,0.43118709325790405,0.021672912558816346,0.4279127895274201,0.0015649791836865657,OFFLOADED,1.0,No,1.0,1.0,1.0,False,False
293,0.2642335295677185,1.1776808166310041e-05,0.2998375996824916,0.00028262235440293517,OFFLOADED,1.0,No,1.0,1.0,1.0,False,False
294,0.2605873942375183,8.732583291535493e-06,0.7662569117872053,0.21632528815396562,OFFLOADED,1.0,No,1.0,0.0,0.0,False,True
295,0.4267893433570862,0.018463184005743684,0.5204533618908547,0.009543384834155582,OFFLOADED,1.0,No,1.0,1.0,1.0,False,False
296,0.3574789762496948,0.0025918497535348185,0.751826163947882,0.19413368835581415,OFFLOADED,1.0,No,1.0,1.0,1.0,False,False
297,0.8543877601623535,0.7691012869446971,0.9875975238711152,0.9722493604762875,ACCEPTED,0.0,Yes,0.0,0.0,0.0,True,True
298,0.8782529830932617,0.8322412281504826,0.7322407021360653,0.15091976575427224,OFFLOADED,0.0,Yes,0.0,0.0,0.0,True,False
299,0.2855164408683777,5.453891561279253e-05,0.5420424558679189,0.01394870379102546,OFFLOADED,1.0,No,1.0,0.0,1.0,False,False
300,0.2724434733390808,1.823199511713978e-05,0.9439835849011525,0.8531710193821578,OFFLOADED,1.0,No,0.0,1.0,0.0,False,True
301,0.3978641629219055,0.008598498078213002,0.4944733965063171,0.00586376364542297,OFFLOADED,1.0,No,1.0,1.0,1.0,False,False
302,0.26225078105926514,7.0667559666780045e-06,0.9227690307101255,0.7627134155224319,OFFLOADED,1.0,No,1.0,0.0,1.0,False,False
303,0.8133103251457214,0.676394321226765,0.7140845509201088,0.1333128726365342,OFFLOADED,0.0,Yes,0.0,0.0,0.0,False,False
304,0.26161566376686096,6.501573763525006e-06,0.4088318738046779,0.0011736186317848833,OFFLOADED,1.0,No,1.0,0.0,1.0,False,False
305,0.7331429123878479,0.48712450274748587,0.8320553529636989,0.41200391997350233,OFFLOADED,0.0,Yes,0.0,0.0,0.0,True,False
306,0.8867759704589844,0.8650719598541526,0.5930872445718389,0.03614842399708761,OFFLOADED,1.0,No,1.0,1.0,1.0,False,False
307,0.25293809175491333,4.291126155392195e-06,0.3750971778077097,0.0007592383561040337,OFFLOADED,1.0,No,1.0,1.0,1.0,False,False
308,0.2954362630844116,0.00011941906105086562,0.36378935687158165,0.0006246445160312368,OFFLOADED,1.0,No,1.0,1.0,1.0,False,False
309,0.5527538061141968,0.1199458884824822,0.6798591484981941,0.09423432519940385,OFFLOADED,0.0,Yes,0.0,0.0,0.0,False,False
310,0.2736814618110657,1.791911986674446e-05,0.4323311089518026,0.0016993400467954656,OFFLOADED,1.0,No,1.0,1.0,1.0,False,False
311,0.35802656412124634,0.0026211433473159363,0.39673619820121997,0.0009278432258744579,OFFLOADED,1.0,No,1.0,1.0,1.0,False,False
312,0.8205379247665405,0.7115274145887295,0.4529891168311341,0.0023955100242057724,OFFLOADED,1.0,No,1.0,1.0,1.0,True,False
313,0.26675400137901306,8.085096163650124e-06,0.35590884580509297,0.0004710874968676334,OFFLOADED,1.0,No,1.0,1.0,1.0,False,False
314,0.7921518683433533,0.628036693592807,0.9897572019481092,0.97920639867485,ACCEPTED,0.0,Yes,0.0,0.0,0.0,True,True
315,0.2776998281478882,2.2265596203486955e-05,0.2699341646286903,0.0001607319823963113,OFFLOADED,1.0,No,1.0,1.0,1.0,False,False
316,0.8753010630607605,0.838909378396635,0.8701532603875511,0.5590895972778958,OFFLOADED,0.0,Yes,0.0,0.0,0.0,True,False
317,0.8094732165336609,0.6909290107569099,0.7692084463520179,0.25651662563783556,OFFLOADED,1.0,No,1.0,1.0,1.0,False,False
318,0.2894078493118286,6.0351523495057746e-05,0.21502663593019652,9.13392031949901e-05,OFFLOADED,1.0,No,1.0,1.0,1.0,False,False
319,0.39350464940071106,0.007700838147435437,0.6731673032180976,0.08862122985663999,OFFLOADED,1.0,No,1.0,1.0,1.0,False,False
320,0.3092729449272156,0.00029222318240840705,0.6720266144268201,0.08266587521298993,OFFLOADED,1.0,No,0.0,1.0,1.0,False,False
321,0.5902649164199829,0.17907466515883158,0.7123474139888962,0.1342992325400908,OFFLOADED,1.0,No,0.0,1.0,1.0,False,False
322,0.5407084822654724,0.1044136785280563,0.28562154499872494,0.00014589264839693142,OFFLOADED,1.0,No,1.0,1.0,1.0,False,False
323,0.28635868430137634,3.469547187774257e-05,0.2876527628699287,0.00014076509967485512,OFFLOADED,1.0,No,1.0,1.0,1.0,False,False
324,0.8220419883728027,0.7042033539620375,0.8856336831445445,0.6172234297071978,OFFLOADED,1.0,No,1.0,1.0,0.0,False,True
325,0.3120412230491638,0.0002907702317877593,0.6060829307791108,0.034307797225342065,OFFLOADED,1.0,No,1.0,0.0,0.0,False,False
326,0.3024289011955261,0.00013859358677784726,0.3437354689826043,0.00029621199579687356,OFFLOADED,1.0,No,1.0,1.0,1.0,False,False
327,0.0,0.0,0.7161501846249567,0.13203635939011396,OFFLOADED,0.0,Yes,0.0,0.0,0.0,False,True
328,0.3032844066619873,0.00014035671781118336,0.8248351719229197,0.3959735255010242,OFFLOADED,1.0,No,1.0,0.0,0.0,False,False
329,0.2669472098350525,4.385905088736116e-06,0.3184470832855737,0.00020955143074759603,OFFLOADED,1.0,No,1.0,1.0,1.0,False,False
330,0.33435913920402527,0.000878368710612066,0.5562588733614685,0.018598519771602838,OFFLOADED,1.0,No,1.0,1.0,1.0,False,False
331,0.2514062821865082,1.6382094827497405e-06,0.2989414570701204,0.00014258547834792182,OFFLOADED,1.0,No,1.0,1.0,1.0,False,False
332,0.4245433509349823,0.015079824865288508,0.5387535704587377,0.012744932374168504,OFFLOADED,1.0,No,1.0,1.0,1.0,False,False
333,0.5207508206367493,0.07641028781579758,0.7042156635536766,0.12328056212850076,OFFLOADED,1.0,No,0.0,1.0,0.0,False,True
334,0.2544688284397125,1.444567559575925e-06,0.15449715382125662,3.206884810850743e-05,OFFLOADED,1.0,No,1.0,1.0,1.0,False,False
335,0.2521519958972931,1.3131994085611673e-06,0.529542549098384,0.009355278664738372,OFFLOADED,1.0,No,1.0,0.0,1.0,False,False
336,0.2566944360733032,1.405138263826417e-06,0.8745272074445496,0.5743163265712293,OFFLOADED,1.0,No,1.0,0.0,0.0,False,True
337,0.4767342805862427,0.040655048840285014,0.5996586792201869,0.03452554428550335,OFFLOADED,1.0,No,1.0,1.0,1.0,False,False
338,0.2916746437549591,3.697704569541827e-05,0.22527805061491538,5.680081842028561e-05,OFFLOADED,1.0,No,1.0,1.0,1.0,False,False
339,0.30659982562065125,0.00013534451965736515,0.7334143255229767,0.16521363578574666,OFFLOADED,1.0,No,0.0,1.0,0.0,False,False
340,0.25040340423583984,9.703459957281783e-07,0.30344612522478653,0.00011996086102749896,OFFLOADED,1.0,No,1.0,1.0,1.0,False,False
341,0.25258079171180725,9.333085981250647e-07,0.5979321267487725,0.03038325666261565,OFFLOADED,1.0,No,1.0,1.0,1.0,False,True
342,0.26879438757896423,3.1663723226801082e-06,0.29592605199146055,9.728516324939645e-05,OFFLOADED,1.0,No,1.0,1.0,1.0,False,False
343,0.3573613166809082,0.0016082156078783413,0.2784588398633829,7.489415302424794e-05,OFFLOADED,1.0,No,1.0,1.0,1.0,False,False
344,0.29383736848831177,3.906561655878378e-05,0.8381232319124038,0.4475340969389384,OFFLOADED,1.0,No,1.0,1.0,1.0,False,False
345,0.2673009932041168,2.241173268362806e-06,0.5540212611982248,0.013440474655162543,OFFLOADED,1.0,No,1.0,1.0,1.0,False,False
346,0.850169837474823,0.7691395889837251,0.8552691261581215,0.4937642907069589,OFFLOADED,0.0,Yes,0.0,0.0,0.0,True,False
347,0.7962958216667175,0.634180386706503,0.7084040659149579,0.1170763771091734,OFFLOADED,1.0,No,1.0,1.0,1.0,False,False
348,0.8886776566505432,0.8546307170916657,0.8234945872256882,0.3974137569293836,OFFLOADED,0.0,Yes,0.0,0.0,0.0,True,False
349,0.8944487571716309,0.870201624329452,0.8503797039826262,0.49721006554315517,OFFLOADED,0.0,Yes,0.0,0.0,0.0,True,False
350,0.7537822723388672,0.5298686356887863,0.8308488286781607,0.44613761197510143,OFFLOADED,0.0,Yes,0.0,0.0,0.0,True,False
351,0.2628079652786255,1.367671302696077e-06,0.7797515866017729,0.2824937573871461,OFFLOADED,1.0,No,1.0,1.0,1.0,False,False
352,0.2836037576198578,1.2904782595560295e-05,0.6309130266911012,0.041725920245130624,OFFLOADED,1.0,No,1.0,1.0,1.0,False,False
353,0.7450177073478699,0.5226753689524293,0.8964652266009006,0.6830580760029779,ACCEPTED,0.0,Yes,0.0,0.0,0.0,True,True
354,0.42689114809036255,0.014414438098128366,0.4650110205506134,0.0019059914330089621,OFFLOADED,1.0,No,1.0,1.0,1.0,False,False
355,0.26597505807876587,1.6582006013728565e-06,0.09499676322926975,1.137341344745457e-05,OFFLOADED,1.0,No,1.0,1.0,1.0,False,False
356,0.3250933885574341,0.0003919778969497291,0.3855128066295587,0.00035798597682619936,OFFLOADED,1.0,No,1.0,1.0,1.0,False,False
357,0.8497930765151978,0.7951470244387305,0.6589312145387253,0.057357825190419855,OFFLOADED,1.0,No,1.0,1.0,1.0,True,False
358,0.2595653235912323,7.734318257268011e-07,0.27722897765556126,5.264800185567044e-05,OFFLOADED,1.0,No,1.0,1.0,1.0,False,False
359,0.6713774800300598,0.34773753077738334,0.8874254980166301,0.6595073787458595,OFFLOADED,0.0,Yes,0.0,0.0,0.0,False,True
360,0.8300886750221252,0.7365420911344953,0.9579535117247069,0.915680500171985,ACCEPTED,1.0,No,1.0,1.0,1.0,True,True
361,0.32430675625801086,0.0003575561100849096,0.937517226000644,0.8558839347437891,OFFLOADED,0.0,Yes,0.0,0.0,0.0,False,False
362,0.2827262580394745,1.0713750773051669e-05,0.5489084703638106,0.01105801256515978,OFFLOADED,1.0,No,1.0,1.0,1.0,False,False
363,0.2736424207687378,3.967486324976494e-06,0.3876686264496637,0.0003183502397830876,OFFLOADED,1.0,No,1.0,1.0,1.0,False,False
364,0.6631844639778137,0.3333593848213682,1.0,1.0,ACCEPTED,0.0,Yes,0.0,0.0,0.0,True,True
365,0.2603318989276886,7.812831395670193e-07,0.41929943575217504,0.0005753384670872678,OFFLOADED,1.0,No,1.0,1.0,1.0,False,False
366,0.680770754814148,0.39171869887202043,0.9429489308353939,0.8767093281044429,OFFLOADED,1.0,No,0.0,1.0,1.0,False,True
367,0.26131054759025574,7.854495004954131e-07,0.37437481770989106,0.00022227427628119753,OFFLOADED,1.0,No,1.0,1.0,1.0,False,False
368,0.2504129111766815,4.357107593016513e-07,0.32284862025187416,8.187175680576541e-05,OFFLOADED,1.0,No,1.0,1.0,1.0,False,False
369,0.2757711410522461,4.728163362879226e-06,0.7500086006297726,0.19101631197398647,OFFLOADED,1.0,No,1.0,1.0,1.0,False,False
370,0.0,0.0,0.960990069941278,0.9185379625794823,OFFLOADED,0.0,Yes,0.0,0.0,0.0,False,True
371,0.31013819575309753,0.0001594790438327438,0.80157931116846,0.3457818600764589,OFFLOADED,1.0,No,0.0,1.0,1.0,False,False
372,0.346930593252182,0.0010443367290989922,0.7176150666309477,0.12078441444035101,OFFLOADED,1.0,No,1.0,0.0,0.0,False,False
373,0.3599814772605896,0.0016323670920145375,0.6764018309167487,0.06967704045032176,OFFLOADED,1.0,No,1.0,1.0,1.0,False,False
374,0.607429563999176,0.20027958712113136,0.8639485205158965,0.5752993866182438,OFFLOADED,1.0,No,1.0,0.0,0.0,False,True
375,0.855710506439209,0.7937073088537165,0.6154707540357713,0.029811785679971992,OFFLOADED,1.0,No,1.0,1.0,1.0,True,False
376,0.8816090822219849,0.8463635607534511,0.5120077130068156,0.004267809689135388,OFFLOADED,1.0,No,1.0,1.0,1.0,True,False
377,0.2813456356525421,6.421845780561929e-06,0.7240563681652132,0.13529262772458692,OFFLOADED,1.0,No,0.0,0.0,1.0,False,True
378,0.3949686884880066,0.005079152985836288,0.735232718546214,0.15948444756691282,OFFLOADED,1.0,No,0.0,1.0,1.0,False,False
379,0.919604480266571,0.8958888421887342,0.39927101938489673,0.00028659327078472334,OFFLOADED,1.0,No,1.0,1.0,1.0,True,False
380,0.8097348809242249,0.650399849791544,0.6710556056101749,0.059733028357005905,OFFLOADED,1.0,No,1.0,1.0,1.0,True,False
381,0.34313368797302246,0.0007027495593215277,0.6413844838129401,0.03674192561829238,OFFLOADED,1.0,No,1.0,1.0,1.0,False,False
382,0.28161799907684326,5.407842678317506e-06,0.6758961431033532,0.060100421309563966,OFFLOADED,1.0,No,1.0,0.0,0.0,False,False
383,0.5217651128768921,0.068431204285772,0.7668853560621004,0.22345592431842637,OFFLOADED,1.0,No,1.0,1.0,1.0,False,False
384,0.3758898675441742,0.0023158754768458846,0.8314613332844765,0.4546291190524219,OFFLOADED,1.0,No,1.0,0.0,0.0,False,True
385,0.7525866627693176,0.514485730227181,0.6928895831642677,0.08439109366883821,OFFLOADED,1.0,No,0.0,1.0,1.0,True,False
386,0.2865458130836487,8.110701327685895e-06,0.7640437829517381,0.20915569604720885,OFFLOADED,1.0,No,1.0,0.0,0.0,False,False
387,0.3518542945384979,0.0007973937120861461,0.7094428173796921,0.10867218733055974,OFFLOADED,1.0,No,0.0,1.0,0.0,False,True
388,0.30634862184524536,6.318084475867416e-05,0.6918379684802703,0.07812621061587913,OFFLOADED,1.0,No,1.0,1.0,1.0,False,False
389,0.3176228702068329,0.00014632299207990727,0.5467110713591558,0.007115990475940606,OFFLOADED,1.0,No,1.0,1.0,1.0,False,False
390,0.2912210524082184,1.1867866063123281e-05,0.5872556311172122,0.015124561463340172,OFFLOADED,1.0,No,1.0,1.0,1.0,False,False
391,0.2786654829978943,2.413559925422472e-06,0.7038852881037303,0.08893254936555954,OFFLOADED,1.0,No,1.0,0.0,0.0,False,False
392,0.35576164722442627,0.0008780338902194926,0.9506394609686687,0.897378427323565,OFFLOADED,1.0,No,1.0,0.0,0.0,False,False
393,0.0,0.0,0.5857168970983582,0.014768363914927573,OFFLOADED,0.0,Yes,0.0,0.0,0.0,False,False
394,0.4701530635356903,0.029803117466607378,0.28502482811054325,2.7485745351585565e-05,OFFLOADED,1.0,No,1.0,1.0,1.0,False,False
395,0.26392486691474915,3.019841324698909e-07,0.43012996693732514,0.00043255657709202945,OFFLOADED,1.0,No,1.0,1.0,1.0,False,False
396,0.8652626276016235,0.7810551410128846,0.9481565843032408,0.8959555502653666,ACCEPTED,1.0,No,1.0,1.0,1.0,True,True
397,0.2873188257217407,5.689544278166401e-06,0.6433856671604037,0.03457777321315087,OFFLOADED,1.0,No,1.0,0.0,0.0,False,False
398,0.4445309340953827,0.016562458981173454,0.564325083525058,0.010871318305415625,OFFLOADED,1.0,No,1.0,1.0,1.0,False,False
399,0.6770501732826233,0.32591545904787955,0.890253242507537,0.688891979127552,ACCEPTED,1.0,No,0.0,0.0,1.0,True,True
400,0.43406441807746887,0.011464890115036153,0.6950043409864773,0.08482105843627073,OFFLOADED,1.0,No,1.0,1.0,1.0,False,False
401,0.26851606369018555,4.2834873863552927e-07,0.22842433903178824,1.2572629931331951e-05,OFFLOADED,1.0,No,1.0,1.0,1.0,False,False
402,0.2507111430168152,9.080666741276721e-08,0.42874080057385416,0.0003768077572498569,OFFLOADED,1.0,No,1.0,1.0,1.0,False,False
403,0.41159653663635254,0.005488138437307853,0.3820891206830761,0.00013109704208489305,OFFLOADED,1.0,No,1.0,1.0,1.0,False,False
404,0.26370880007743835,1.9214506686206726e-07,0.6829263852299339,0.06576988858794197,OFFLOADED,1.0,No,1.0,1.0,1.0,False,False
405,0.0,0.0,0.6153411211758424,0.022609317314992453,OFFLOADED,0.0,Yes,0.0,0.0,0.0,False,False
406,0.5769461989402771,0.11507369387616342,0.42015474941395686,0.0002954001055179974,OFFLOADED,1.0,No,1.0,1.0,1.0,False,False
407,0.5092436671257019,0.04533244093574883,0.5227453157824289,0.003958354237967951,OFFLOADED,1.0,No,0.0,1.0,0.0,False,False
408,0.27414029836654663,7.721474015098253e-07,0.7747988801980852,0.2476081689790546,OFFLOADED,1.0,No,1.0,0.0,0.0,False,False
409,0.7452694773674011,0.46122048936287907,0.9772870782878579,0.9615066244517054,ACCEPTED,1.0,No,1.0,1.0,1.0,True,True
410,0.3487325608730316,0.00040061600067412787,0.6207539716245583,0.026344136528075483,OFFLOADED,1.0,No,1.0,1.0,1.0,False,False
411,0.2729657292366028,5.612396733450376e-07,0.828330746978973,0.46935834061370435,OFFLOADED,1.0,No,1.0,0.0,0.0,False,False
412,0.9377687573432922,0.9010964828191472,1.0,1.0,ACCEPTED,0.0,Yes,0.0,0.0,0.0,True,True
413,0.5320272445678711,0.05762687473168685,0.47674474548531,0.0012493926075450403,OFFLOADED,1.0,No,1.0,1.0,0.0,False,False
414,0.9022853970527649,0.8467001963978348,0.7030961275244194,0.0948000405342246,OFFLOADED,0.0,Yes,0.0,0.0,0.0,True,False
415,0.25576892495155334,5.98798098698845e-08,0.3623745017221118,7.772712740343858e-05,OFFLOADED,1.0,No,1.0,1.0,1.0,False,False
416,0.73708575963974,0.43330925690968125,0.6808582214272105,0.06757455569118137,OFFLOADED,1.0,No,1.0,1.0,1.0,False,False
417,0.8203508257865906,0.6196277997261318,0.8942428445480267,0.7234820904387126,OFFLOADED,1.0,No,1.0,1.0,0.0,False,True
418,0.29715147614479065,1.1995369246083509e-05,0.6681397475969277,0.04942869632728086,OFFLOADED,1.0,No,1.0,1.0,1.0,False,False
419,0.3583109974861145,0.000531091469826258,0.45035018293139334,0.000522374152356418,OFFLOADED,1.0,No,0.0,1.0,1.0,False,False
420,0.2583357095718384,5.7869358720444034e-08,0.40875859681787946,0.00017050834316089257,OFFLOADED,0.0,Yes,0.0,0.0,0.0,False,False
421,0.4480687081813812,0.012129725507640089,0.7333043718186436,0.14570141561979072,OFFLOADED,1.0,No,1.0,1.0,1.0,False,False
422,0.26425430178642273,1.0921978813028885e-07,0.5001160874342545,0.0019672029582140337,OFFLOADED,1.0,No,0.0,1.0,1.0,False,False
423,0.2570717930793762,4.911567760119933e-08,0.38557289372249215,9.106991841734117e-05,OFFLOADED,1.0,No,1.0,1.0,1.0,False,False
424,0.777518630027771,0.499443064403221,0.8720703168527706,0.6336724680425704,OFFLOADED,1.0,No,1.0,1.0,1.0,False,True
425,0.46376779675483704,0.01614155147102095,0.6966937187051923,0.07613401194171675,OFFLOADED,1.0,No,1.0,1.0,1.0,False,False
426,0.4846183657646179,0.023305585166432306,0.5193566349557917,0.0027014011634923464,OFFLOADED,1.0,No,1.0,1.0,1.0,False,False
427,0.2932629883289337,5.431393549009612e-06,0.7699295035777568,0.22668706989270773,OFFLOADED,1.0,No,1.0,1.0,1.0,False,False
428,0.88194739818573,0.7952871538426511,0.6700075338498324,0.04050784295160539,OFFLOADED,1.0,No,1.0,1.0,1.0,True,False
429,0.8364453315734863,0.6407866395662956,0.9060162092803534,0.7369280157135606,ACCEPTED,1.0,No,1.0,0.0,0.0,True,True
430,0.25981074571609497,4.6504687723248235e-08,0.828851361726585,0.4588214910553614,OFFLOADED,1.0,No,0.0,1.0,1.0,False,False
431,0.0,0.0,0.5315869917892811,0.003113886825297191,OFFLOADED,0.0,Yes,0.0,0.0,0.0,False,False
432,0.34266623854637146,0.00020456483564174015,0.9242237742838493,0.8150433545578805,OFFLOADED,0.0,Yes,0.0,0.0,0.0,False,False
433,0.7202402353286743,0.34786225534588017,0.83194239821429,0.46088046131892557,OFFLOADED,0.0,Yes,0.0,0.0,0.0,False,True
434,0.253303200006485,3.202858022910354e-08,0.4261912389366089,0.00019218216656185315,OFFLOADED,1.0,No,1.0,1.0,1.0,False,False
435,0.3830556571483612,0.0012717508267672008,0.6514754381323388,0.029645283741313345,OFFLOADED,1.0,No,0.0,1.0,1.0,False,False
436,0.3548675775527954,0.00034267543268125196,0.9554126319547228,0.9129657086380797,OFFLOADED,0.0,Yes,0.0,0.0,0.0,False,True
437,0.2757144570350647,5.101233185242236e-07,0.3046833379327271,1.3251855043471145e-05,OFFLOADED,1.0,No,1.0,1.0,1.0,False,False
438,0.26552554965019226,9.55399667433604e-08,0.4827630768955803,0.0009193640065982564,OFFLOADED,1.0,No,1.0,1.0,1.0,False,False
439,0.2978680729866028,9.677920289824772e-06,0.27262316530420266,7.454981528075683e-06,OFFLOADED,1.0,No,1.0,0.0,0.0,False,False
440,0.8356043100357056,0.6319192678099838,0.8768487778627129,0.649002989196736,ACCEPTED,0.0,Yes,0.0,0.0,0.0,True,True
441,0.32801735401153564,0.00011315356808030835,0.8277647908191609,0.4699033009551051,OFFLOADED,1.0,No,1.0,1.0,1.0,False,False
442,0.2795168161392212,7.222842174881947e-07,0.7280221942369678,0.11679925421763898,OFFLOADED,1.0,No,1.0,1.0,1.0,False,False
443,0.4873742163181305,0.0237460669078824,0.6402268866643359,0.02237794208144674,OFFLOADED,1.0,No,1.0,1.0,1.0,False,False
444,0.35812675952911377,0.000395217034462141,0.9509255230433525,0.9067615118519017,OFFLOADED,1.0,No,0.0,0.0,1.0,False,True
445,0.4740215241909027,0.017268240297130876,0.5828079430568243,0.009117954950602955,OFFLOADED,1.0,No,1.0,1.0,1.0,False,False
446,0.3789508640766144,0.0009207871155387199,0.5517024137793558,0.004308144289159264,OFFLOADED,1.0,No,1.0,1.0,1.0,False,False
447,0.7893221974372864,0.5143394424971438,0.6565651416675417,0.026718186430824672,OFFLOADED,1.0,No,1.0,1.0,1.0,True,False
448,0.7739502191543579,0.4668112877777208,0.65324691369252,0.02389901920783466,OFFLOADED,0.0,Yes,0.0,0.0,0.0,True,False
449,0.25480929017066956,1.9107099102648567e-08,0.718380760286824,0.09501771457592226,OFFLOADED,1.0,No,1.0,1.0,0.0,False,False
450,0.2832670509815216,9.172379578808765e-07,0.861711183215354,0.5878683880105364,OFFLOADED,1.0,No,1.0,0.0,0.0,False,True
451,0.36821943521499634,0.0005466530342558086,0.7221933745108767,0.09859745391629315,OFFLOADED,1.0,No,1.0,1.0,1.0,False,False
452,0.6927651166915894,0.31186301304948105,0.8212343808654889,0.4300417392397879,OFFLOADED,1.0,No,1.0,1.0,0.0,False,False
453,0.8679829239845276,0.7448310087128106,0.8201590934381583,0.4109165060571263,OFFLOADED,0.0,Yes,0.0,0.0,0.0,False,False
454,0.3215736746788025,5.262989348748949e-05,0.49969091479097205,0.0010450588826625223,OFFLOADED,1.0,No,1.0,1.0,1.0,False,False
455,0.8559520840644836,0.7166824749679861,0.7847016766707167,0.26507762184152667,OFFLOADED,1.0,No,1.0,1.0,1.0,True,False
456,0.3016476035118103,9.068705872644974e-06,0.6419659540014472,0.018569895193561295,OFFLOADED,1.0,No,0.0,0.0,1.0,False,False
457,0.7991847395896912,0.5282019767371875,0.976579981241627,0.962923065886184,OFFLOADED,0.0,Yes,0.0,0.0,0.0,False,True
458,0.2679119408130646,7.10212984900755e-08,0.7366670689099595,0.11355926507011586,OFFLOADED,1.0,No,1.0,1.0,1.0,False,False
459,0.3236478865146637,5.602863217336473e-05,0.49063925238201656,0.000733415220132248,OFFLOADED,1.0,No,1.0,1.0,0.0,False,False
460,0.793505847454071,0.5281421898841508,0.9206690761950981,0.8253970389879863,ACCEPTED,0.0,Yes,0.0,0.0,0.0,True,True
461,0.5219837427139282,0.040014467892039204,0.9836787764054282,0.9776907762875502,OFFLOADED,1.0,No,1.0,0.0,0.0,False,True
462,0.29545673727989197,3.911951393521306e-06,0.5249390998052156,0.0018106531322191006,OFFLOADED,0.0,Yes,0.0,0.0,0.0,False,False
463,0.903162956237793,0.8440021492354176,0.9714158595967657,0.959142944312294,OFFLOADED,0.0,Yes,0.0,0.0,0.0,False,True
464,0.28706371784210205,1.1977637544944447e-06,0.07710890679020467,8.142679808139133e-07,OFFLOADED,1.0,No,1.0,0.0,0.0,False,False
465,0.6262016892433167,0.1725348338290871,0.5855342035237111,0.007984793833552961,OFFLOADED,1.0,No,1.0,1.0,1.0,False,False
466,0.8777111172676086,0.7930309135234438,1.0,1.0,OFFLOADED,0.0,Yes,0.0,0.0,0.0,False,True
467,0.30916932225227356,1.7358732228941016e-05,0.9889473709461264,0.9870053754108957,OFFLOADED,1.0,No,1.0,0.0,0.0,False,True
468,0.9018691778182983,0.8545708542601195,0.9255000872321181,0.854817840514138,OFFLOADED,0.0,Yes,0.0,0.0,0.0,True,False
469,0.9020572900772095,0.8620092185538277,0.7134888654375615,0.0754826230697293,OFFLOADED,1.0,No,1.0,1.0,1.0,True,False
470,0.8142415285110474,0.6019608506572204,0.8968377620546589,0.744793661735422,ACCEPTED,0.0,Yes,0.0,0.0,0.0,True,True
471,0.30641382932662964,1.2617656586037032e-05,0.3142205744777248,9.219944921369484e-06,OFFLOADED,1.0,No,1.0,1.0,1.0,False,False
472,0.8785901069641113,0.8114307538351688,0.7765404725815049,0.22513919492753737,OFFLOADED,1.0,No,1.0,1.0,1.0,True,False
473,0.2876693904399872,1.0757447121060116e-06,0.5559726793954718,0.0035363562227914164,OFFLOADED,1.0,No,1.0,1.0,1.0,False,False
474,0.32356297969818115,4.8654293476230885e-05,0.4615438009552132,0.00026135902472543683,OFFLOADED,1.0,No,1.0,1.0,1.0,False,False
475,0.3007134199142456,6.078519064529627e-06,0.7682269035661089,0.18433329824988431,OFFLOADED,1.0,No,1.0,1.0,0.0,False,False
476,0.48035430908203125,0.01747919079048528,0.7658620032067048,0.1692082723485699,OFFLOADED,1.0,No,1.0,0.0,0.0,False,False
477,0.46402984857559204,0.01164837160765327,0.8222700259939167,0.4294935431104047,OFFLOADED,1.0,No,1.0,1.0,0.0,False,False
478,0.7893045544624329,0.5423421470523377,0.8676119722640404,0.6260568535602424,OFFLOADED,1.0,No,1.0,1.0,0.0,False,True
479,0.7592819929122925,0.460149668017327,0.9892884995925082,0.9883136398216054,ACCEPTED,0.0,Yes,0.0,0.0,0.0,True,True
480,0.29560866951942444,2.8493605490885426e-06,0.7475482049278414,0.11912808428983711,OFFLOADED,0.0,Yes,0.0,0.0,0.0,False,False
481,0.25420716404914856,8.309426373425194e-09,0.3653588341838139,2.1481053878917678e-05,OFFLOADED,1.0,No,1.0,1.0,1.0,False,False
482,0.2509716749191284,7.41815551222561e-09,0.4000416305770949,4.5195286264941876e-05,OFFLOADED,1.0,No,1.0,1.0,1.0,False,False
483,0.33321598172187805,8.221592525010885e-05,0.2206162210200581,2.016944651151283e-06,OFFLOADED,1.0,No,1.0,1.0,1.0,False,False
484,0.3647402226924896,0.0003556389382445311,0.33661861369035667,1.0390499655110982e-05,OFFLOADED,1.0,No,0.0,1.0,1.0,False,False
485,0.28642064332962036,6.380567199731977e-07,0.9847294748883648,0.9832197415771564,OFFLOADED,1.0,No,1.0,0.0,0.0,False,True
486,0.259234219789505,9.335509645879205e-09,0.29786879841812525,4.472544211170273e-06,OFFLOADED,1.0,No,1.0,1.0,1.0,False,False
487,0.2737811207771301,9.827775486561134e-08,0.8979493082593681,0.7440589845628086,OFFLOADED,0.0,Yes,0.0,0.0,0.0,False,False
488,0.3402165472507477,0.00010722615178364073,0.6612661288617316,0.023333757268657218,OFFLOADED,1.0,No,0.0,1.0,1.0,False,False
489,0.926080048084259,0.8898450785266996,1.0,1.0,ACCEPTED,0.0,Yes,0.0,0.0,0.0,True,True
490,0.25422611832618713,5.913689850224736e-09,0.4475615368609497,0.0001491723685126235,OFFLOADED,1.0,No,0.0,1.0,1.0,False,False
491,0.29660770297050476,2.830318626500505e-06,0.2940271343838518,3.614363158765584e-06,OFFLOADED,1.0,No,1.0,1.0,1.0,False,False
492,0.8321774005889893,0.6627429304823607,0.5785347616461306,0.005555298052459988,OFFLOADED,1.0,No,1.0,1.0,1.0,True,False
493,0.6889448761940002,0.3046800386277007,0.5616380397564948,0.003491396225486997,OFFLOADED,1.0,No,1.0,1.0,1.0,False,False
494,0.7339577078819275,0.3972009245138392,0.948027502272266,0.9210260193341798,OFFLOADED,0.0,Yes,0.0,0.0,0.0,False,True
495,0.27450454235076904,1.0130712459885318e-07,0.34373414147053816,8.993525843541221e-06,OFFLOADED,1.0,No,1.0,1.0,1.0,False,False
496,0.285756379365921,4.807314876458486e-07,0.555531734035446,0.0027992928642332107,OFFLOADED,1.0,No,1.0,1.0,1.0,False,False
497,0.42791563272476196,0.004038125849871368,0.3924751231481815,2.528716746114196e-05,OFFLOADED,1.0,No,1.0,1.0,1.0,False,False
498,0.2505023777484894,4.0453856514216485e-09,0.5665548529766351,0.003629763469726616,OFFLOADED,1.0,No,0.0,1.0,0.0,False,False
499,0.8690409660339355,0.7725582935937241,0.8954056440357142,0.747464707073144,ACCEPTED,0.0,Yes,0.0,0.0,0.0,True,True
500,0.8706175088882446,0.7873853783634234,0.9160700321458695,0.8398091004688226,OFFLOADED,0.0,Yes,0.0,0.0,0.0,True,False
501,0.2880452871322632,6.259278560545502e-07,0.43976087435495914,8.82453027573159e-05,OFFLOADED,1.0,No,0.0,1.0,0.0,False,False
502,0.33246830105781555,6.220644265443757e-05,0.2551095079116921,1.4253552222791634e-06,OFFLOADED,1.0,No,1.0,1.0,1.0,False,False
503,0.25224030017852783,3.5447306293704603e-09,0.3248897866660804,4.359273742455752e-06,OFFLOADED,1.0,No,1.0,1.0,1.0,False,False
504,0.2927438020706177,1.3351243131864734e-06,0.8615314999838183,0.6125294694484024,OFFLOADED,1.0,No,0.0,1.0,1.0,False,False
505,0.0,0.0,0.5526836195131003,0.002330285932623071,OFFLOADED,0.0,Yes,0.0,0.0,0.0,False,False
506,0.2505017817020416,3.0982542029238695e-09,0.20782532751691463,8.171902802229586e-07,OFFLOADED,1.0,No,1.0,1.0,1.0,False,False
507,0.25882861018180847,4.867439485231681e-09,0.3234841925435608,4.076459905143105e-06,OFFLOADED,1.0,No,1.0,1.0,1.0,False,False
508,0.31387877464294434,1.5135879338124422e-05,0.7513298163193796,0.13543716872048187,OFFLOADED,1.0,No,1.0,0.0,0.0,False,False
509,0.2731423079967499,5.467253862204815e-08,0.48069500957739103,0.0003540854673669022,OFFLOADED,1.0,No,1.0,1.0,0.0,False,False
510,0.4612109363079071,0.010167409819796256,0.8816080043545355,0.6969722786060718,OFFLOADED,1.0,No,1.0,1.0,1.0,False,True
511,0.32749924063682556,3.817056605031215e-05,0.6663631176218457,0.0243370439260774,OFFLOADED,1.0,No,1.0,1.0,1.0,False,False
512,0.267062783241272,1.485086859598333e-08,0.5346027041907824,0.0015631931958780222,OFFLOADED,1.0,No,1.0,1.0,1.0,False,False
513,0.571293294429779,0.08050003369453157,0.7599877737969081,0.16264868437716865,OFFLOADED,1.0,No,1.0,1.0,1.0,False,False
514,0.25363248586654663,2.0569017394076672e-09,0.9771895333409979,0.976008561284818,OFFLOADED,0.0,Yes,0.0,0.0,0.0,False,True
515,0.2646191716194153,8.468275100187631e-09,0.41840742946496584,3.821340933574994e-05,OFFLOADED,1.0,No,1.0,1.0,1.0,False,False
516,0.0,0.0,0.9859012640062963,0.9878238917829928,OFFLOADED,0.0,Yes,0.0,0.0,0.0,False,True
517,0.4290756285190582,0.0036399273830995983,0.6729411042806883,0.02554349703927663,OFFLOADED,1.0,No,1.0,1.0,1.0,False,False
518,0.4129161536693573,0.001991155394252181,0.7250531789618818,0.08086064677317668,OFFLOADED,1.0,No,1.0,1.0,1.0,False,False
519,0.25549593567848206,1.990205109462096e-09,0.2908542716674102,1.3575481374794778e-06,OFFLOADED,1.0,No,1.0,1.0,1.0,False,False
520,0.6131152510643005,0.13782955757153068,0.6498362290388326,0.014651945920518217,OFFLOADED,1.0,No,1.0,1.0,1.0,False,False
521,0.2687467932701111,1.5526419206983427e-08,0.3648502200239082,7.199182914789371e-06,OFFLOADED,1.0,No,1.0,1.0,1.0,False,False
522,0.2513136863708496,1.479643298053575e-09,0.21655062744953688,4.6156673426903676e-07,OFFLOADED,1.0,No,1.0,1.0,1.0,False,False
523,0.2790009677410126,8.81399024924484e-08,0.7716842605202242,0.1830943125373043,OFFLOADED,0.0,Yes,0.0,0.0,0.0,False,False
524,0.44063740968704224,0.004742258502895007,0.804497871974726,0.32149690232478073,OFFLOADED,1.0,No,1.0,1.0,1.0,False,False
525,0.42303431034088135,0.0023951224895028037,0.5341693066625862,0.001182738993065126,OFFLOADED,0.0,Yes,0.0,0.0,0.0,False,False
526,0.6650708913803101,0.2449546556570219,1.0,1.0,ACCEPTED,1.0,No,1.0,0.0,0.0,True,True
527,0.9077253937721252,0.8706916118355599,0.6531276099090584,0.014877497188067228,OFFLOADED,1.0,No,1.0,1.0,1.0,True,False
528,0.9057156443595886,0.861224726771358,0.9760101070022549,0.9760668759509978,ACCEPTED,0.0,Yes,0.0,0.0,0.0,True,True
529,0.27636203169822693,6.038843926426905e-08,0.5327602170097664,0.0011433489832192358,OFFLOADED,1.0,No,1.0,1.0,1.0,False,False
530,0.2721550762653351,2.783037885641665e-08,0.20675132677336894,3.805017094146311e-07,OFFLOADED,1.0,No,1.0,1.0,1.0,False,False
531,0.9119128584861755,0.8764963418381599,0.986394063113911,0.9894638466700333,ACCEPTED,0.0,Yes,0.0,0.0,0.0,True,True
532,0.25713083148002625,1.7264392908991174e-09,0.2137014884361801,3.828774077305524e-07,OFFLOADED,1.0,No,1.0,1.0,1.0,False,False
533,0.3655192255973816,0.0002323138436418236,0.6601850862457639,0.015927035666753166,OFFLOADED,1.0,No,0.0,1.0,1.0,False,False
534,0.2785552442073822,7.467256287905917e-08,0.639106604695736,0.010421983742445988,OFFLOADED,1.0,No,1.0,0.0,0.0,False,False
535,0.3020593822002411,2.6355091485469632e-06,0.340550690787796,3.4193634756377552e-06,OFFLOADED,1.0,No,1.0,1.0,1.0,False,False
536,0.2804718613624573,8.912680815593327e-08,0.5632668176454956,0.002356902486129348,OFFLOADED,1.0,No,0.0,1.0,1.0,False,False
537,0.28917843103408813,3.63598300039817e-07,0.3787723992507503,8.354216289638247e-06,OFFLOADED,1.0,No,1.0,1.0,1.0,False,False
538,0.2590849697589874,1.5795293512136334e-09,0.5592130646128455,0.001974043915400992,OFFLOADED,1.0,No,1.0,1.0,0.0,False,False
539,0.3265281319618225,2.411032129514922e-05,0.6230503729191014,0.008313891533506023,OFFLOADED,1.0,No,1.0,1.0,1.0,False,False
540,0.7209570407867432,0.37433700733181036,0.4899730418544297,0.00025560433462395386,OFFLOADED,1.0,No,1.0,1.0,1.0,True,False
541,0.2562674283981323,9.404347674114977e-10,0.22071088797845248,2.7436585654066313e-07,OFFLOADED,1.0,No,1.0,1.0,0.0,False,False
542,0.2534780204296112,7.551893276126783e-10,0.35405165835406066,3.539055111539196e-06,OFFLOADED,1.0,No,1.0,1.0,1.0,False,False
543,0.5695790648460388,0.06530592631455186,0.7520913157081436,0.12776365994067662,OFFLOADED,1.0,No,0.0,1.0,1.0,False,True
544,0.534995436668396,0.0351902504045203,0.34916013138523466,2.7794039978817223e-06,OFFLOADED,1.0,No,1.0,1.0,1.0,False,False
545,0.25355154275894165,6.390508108471633e-10,0.48229291372758665,0.0001757583141656677,OFFLOADED,1.0,No,1.0,1.0,0.0,False,False
546,0.6540236473083496,0.19925731808016608,0.8814619308695606,0.6756745879625382,OFFLOADED,0.0,Yes,0.0,0.0,0.0,False,True
547,0.392412006855011,0.0007266336494959632,0.8135585993817313,0.3595408355833621,OFFLOADED,1.0,No,1.0,0.0,1.0,False,False
548,0.26326891779899597,2.3952808775935354e-09,0.5846246376096621,0.0036620115071360833,OFFLOADED,1.0,No,1.0,1.0,1.0,False,False
549,0.3218211829662323,1.3680553177995558e-05,0.5419638648571673,0.0010758200839368149,OFFLOADED,1.0,No,1.0,1.0,1.0,False,False
550,0.3242718279361725,1.532884446194677e-05,0.7281968691424996,0.0791380561691675,OFFLOADED,1.0,No,1.0,0.0,0.0,False,False
551,0.3345257043838501,3.471381622167549e-05,0.42254186276691974,2.140504049415221e-05,OFFLOADED,1.0,No,1.0,1.0,1.0,False,False
552,0.25039881467819214,4.4736898417989577e-10,0.8857391463461985,0.7145741376087532,OFFLOADED,1.0,No,0.0,1.0,0.0,False,True
553,0.29100024700164795,3.372281516922844e-07,0.2966333922263556,5.697687054491531e-07,OFFLOADED,1.0,No,1.0,1.0,1.0,False,False
554,0.7582575082778931,0.4614604503419385,0.6197836734347029,0.00748601282318326,OFFLOADED,1.0,No,1.0,1.0,1.0,True,False
555,0.2625642418861389,1.4895352401342025e-09,0.9593500794243379,0.9528415941774684,OFFLOADED,1.0,No,1.0,0.0,0.0,False,True
556,0.5576575994491577,0.05137710161227545,0.8530295732284104,0.5512943903353386,ACCEPTED,1.0,No,1.0,1.0,0.0,True,True
557,0.8434703946113586,0.6909443406305998,0.35117849041568483,2.1940144671567766e-06,OFFLOADED,1.0,No,1.0,1.0,1.0,False,False
558,0.29747274518013,8.331115497075343e-07,0.35496838398401254,2.3222319387457134e-06,OFFLOADED,1.0,No,1.0,1.0,1.0,False,False
559,0.4309878945350647,0.0025695222340465225,0.8100904417582545,0.34123199174825175,OFFLOADED,1.0,No,1.0,1.0,1.0,False,False
560,0.3012247681617737,1.212008991802284e-06,0.42079880104547934,1.6558051753843666e-05,OFFLOADED,1.0,No,1.0,1.0,1.0,False,False
561,0.796026885509491,0.5296808539499498,0.9619525754638191,0.957975376522419,OFFLOADED,1.0,No,1.0,1.0,1.0,False,True
562,0.6866154074668884,0.2581735316511093,0.8661172765713748,0.5934961325959236,OFFLOADED,0.0,Yes,0.0,0.0,0.0,False,True
563,0.0,0.0,0.8313305436375097,0.4408559237416181,OFFLOADED,0.0,Yes,0.0,0.0,0.0,False,False
564,0.3376642167568207,3.520769462191816e-05,0.7393014224150627,0.09968440869113265,OFFLOADED,0.0,Yes,0.0,0.0,0.0,False,True
565,0.2642735540866852,1.6912930573714215e-09,0.48732834601980274,0.000187236235556668,OFFLOADED,1.0,No,1.0,1.0,1.0,False,False
566,0.2812606990337372,4.5905168260225734e-08,0.6640170177104573,0.01691596731619044,OFFLOADED,1.0,No,0.0,1.0,1.0,False,False
567,0.42117032408714294,0.0017339471243694386,0.7336230091890611,0.09257157515754567,OFFLOADED,1.0,No,1.0,0.0,0.0,False,True
568,0.4663538932800293,0.007155149782158833,0.43181651094199097,2.3249795428196146e-05,OFFLOADED,1.0,No,1.0,1.0,1.0,False,False
569,0.497989296913147,0.015260954499915139,0.8893601676398081,0.7264792098765438,OFFLOADED,1.0,No,1.0,1.0,0.0,False,True
570,0.4938468933105469,0.013090550048909563,0.9195673969869592,0.8495260788107065,OFFLOADED,1.0,No,0.0,1.0,1.0,False,True
571,0.25125831365585327,2.1698970601174769e-10,0.20068563234365344,1.059057568080403e-07,OFFLOADED,1.0,No,1.0,1.0,1.0,False,False
572,0.25657299160957336,2.732625824345965e-10,0.7091305764688166,0.05827804987423538,OFFLOADED,1.0,No,1.0,1.0,1.0,False,False
573,0.2666877806186676,2.109260789777653e-09,0.5018561607511605,0.0002856200117830619,OFFLOADED,1.0,No,1.0,1.0,1.0,False,False
574,0.9316529631614685,0.9027344198166436,0.9633320870166004,0.9570817869221495,ACCEPTED,1.0,No,1.0,1.0,1.0,True,True
575,0.9002656936645508,0.8456828558729429,0.9829120534549167,0.9847935642914758,ACCEPTED,0.0,Yes,0.0,0.0,0.0,True,True
576,0.29323458671569824,3.140849339919054e-07,0.2962046729709855,3.33920006540122e-07,OFFLOADED,1.0,No,1.0,1.0,1.0,False,False
577,0.2751379907131195,1.2176134807603073e-08,0.3783088393350594,3.385839679134877e-06,OFFLOADED,1.0,No,1.0,1.0,1.0,False,False
578,0.8760640025138855,0.7942112521305794,0.8955734789200231,0.7360269318670764,ACCEPTED,0.0,Yes,0.0,0.0,0.0,True,True
579,0.26085636019706726,4.81223206790758e-10,0.18940171164893996,7.302054184657033e-08,OFFLOADED,1.0,No,1.0,1.0,1.0,False,False
580,0.8544685244560242,0.7248255993521671,0.8008369801011017,0.30000763582596196,OFFLOADED,0.0,Yes,0.0,0.0,0.0,True,False
581,0.8908379077911377,0.846845054371076,0.9825826660618163,0.9861035991271415,ACCEPTED,1.0,No,1.0,1.0,0.0,True,True
582,0.9190258383750916,0.8868634773083796,0.7099447381684232,0.05932151703376531,OFFLOADED,0.0,Yes,0.0,0.0,0.0,False,False
583,0.27819767594337463,1.9852086586069705e-08,0.26105044521758825,1.86027347710004e-07,OFFLOADED,1.0,No,1.0,1.0,1.0,False,False
584,0.31154075264930725,3.550648236051261e-06,0.44479599638649664,3.5857788545715445e-05,OFFLOADED,1.0,No,0.0,1.0,1.0,False,False
585,0.2861172556877136,7.044670390073526e-08,0.4752538554215261,0.00010839378538488226,OFFLOADED,1.0,No,1.0,1.0,1.0,False,False
586,0.46630507707595825,0.006178249140009785,0.578759525074451,0.0029753361143910026,OFFLOADED,1.0,No,1.0,1.0,1.0,False,False
587,0.857641875743866,0.7456989839661694,0.6291848344670479,0.008725555765022092,OFFLOADED,1.0,No,1.0,1.0,1.0,True,False
588,0.7330273985862732,0.3781458387318134,0.7054915032469529,0.05567531806415024,OFFLOADED,1.0,No,1.0,1.0,0.0,True,False
589,0.5044273138046265,0.015158750503682854,0.9317139798055732,0.8882612088877917,OFFLOADED,0.0,Yes,0.0,0.0,0.0,False,True
590,0.27646127343177795,1.1707102245428451e-08,0.36061435626238575,1.5754068556983894e-06,OFFLOADED,1.0,No,1.0,1.0,1.0,False,False
591,0.35776081681251526,7.888924570174597e-05,0.6565368808278418,0.01340584113160644,OFFLOADED,1.0,No,1.0,1.0,0.0,False,False
592,0.2803376019001007,2.0797282940135465e-08,0.8785526328898153,0.6791500839836099,OFFLOADED,1.0,No,1.0,0.0,1.0,False,False
593,0.6414749026298523,0.16635994943431856,0.7862067772869942,0.25645392124118194,OFFLOADED,0.0,Yes,0.0,0.0,0.0,False,True
594,0.7366346120834351,0.37959339442023843,0.8320178986928439,0.4849225491086566,OFFLOADED,1.0,No,1.0,1.0,1.0,False,False
595,0.27194714546203613,4.2576725164512474e-09,0.2721017254660191,1.4556985335150866e-07,OFFLOADED,1.0,No,1.0,1.0,1.0,False,False
596,0.7869675755500793,0.48660279714575166,0.9081057045626115,0.8131759511369757,OFFLOADED,0.0,Yes,0.0,0.0,0.0,False,True
597,0.26766297221183777,1.5205771659799005e-09,0.9608249882359451,0.9585053244937309,OFFLOADED,1.0,No,0.0,1.0,1.0,False,True
598,0.3518040180206299,5.684532138913238e-05,0.5413618403202647,0.0008337531064885555,OFFLOADED,1.0,No,1.0,1.0,1.0,False,False
599,0.8008823990821838,0.5402668186095378,0.8031384101083513,0.33169919158364874,OFFLOADED,0.0,Yes,0.0,0.0,0.0,True,False
600,0.3461461365222931,4.1554044247317706e-05,0.6330205140362268,0.008593383645088968,OFFLOADED,1.0,No,1.0,0.0,0.0,False,False
601,0.25129634141921997,8.90668682029902e-11,0.35637212418474806,1.3200927779916598e-06,OFFLOADED,1.0,No,1.0,1.0,1.0,False,False
602,0.9216012358665466,0.894782128379142,0.9306344923431313,0.8987432782570345,ACCEPTED,0.0,Yes,0.0,0.0,0.0,True,True
603,0.6757041811943054,0.2519927121233927,0.8113114059975052,0.38937166714384025,OFFLOADED,1.0,No,1.0,0.0,0.0,False,False
604,0.25728586316108704,1.2467001360902827e-10,0.3861354057001541,3.497880599358694e-06,OFFLOADED,1.0,No,0.0,1.0,1.0,False,False
605,0.893020510673523,0.8500534029828632,0.9421344419897237,0.9286089794209839,ACCEPTED,0.0,Yes,0.0,0.0,0.0,True,True
606,0.3464200794696808,3.855039967558651e-05,0.9378639193016975,0.9250585636919898,OFFLOADED,0.0,Yes,0.0,0.0,0.0,False,True
607,0.36516451835632324,0.0001171404151788166,0.6193348774511002,0.007381534159311085,OFFLOADED,1.0,No,1.0,1.0,1.0,False,False
608,0.29409709572792053,2.7210052765781925e-07,0.46963013133231507,7.244481574344302e-05,OFFLOADED,1.0,No,0.0,1.0,0.0,False,False
609,0.2600235641002655,1.8801875611632904e-10,0.39366894389591045,4.0185960087160375e-06,OFFLOADED,1.0,No,1.0,1.0,1.0,False,False
610,0.26649901270866394,8.658615884265408e-10,0.26802795835337767,1.0549269273315263e-07,OFFLOADED,1.0,No,1.0,1.0,1.0,False,False
611,0.6372619867324829,0.16351791793942738,0.7012820644708849,0.05346551990508911,OFFLOADED,1.0,No,1.0,0.0,0.0,False,False
612,0.40169399976730347,0.0006489560261224151,0.4097480531831661,7.701936513566003e-06,OFFLOADED,1.0,No,1.0,1.0,1.0,False,False
613,0.8642212748527527,0.7724798230580809,1.0,1.0,OFFLOADED,0.0,Yes,0.0,0.0,0.0,False,True
614,0.2650921642780304,5.221084141497482e-10,0.6008871474178417,0.005143859043264475,OFFLOADED,1.0,No,1.0,1.0,1.0,False,False
615,0.254954993724823,6.303871058955137e-11,0.39259378059959327,3.4093591133596516e-06,OFFLOADED,1.0,No,1.0,1.0,1.0,False,False
616,0.2941471040248871,2.3591641594854778e-07,0.6610760963073014,0.01656586353411971,OFFLOADED,1.0,No,1.0,1.0,1.0,False,False
617,0.8545702695846558,0.7451694845090541,0.4877228692341625,0.00012702645098756646,OFFLOADED,0.0,Yes,0.0,0.0,0.0,False,False
618,0.31149187684059143,2.513951778346085e-06,0.7621541303935412,0.19150386439437014,OFFLOADED,1.0,No,1.0,1.0,1.0,False,False
619,0.832427442073822,0.6682786932387268,0.9641375040095406,0.9682988524732088,ACCEPTED,0.0,Yes,0.0,0.0,0.0,True,True
620,0.2590719759464264,1.0564953571548373e-10,0.37937705467032107,1.868718998258764e-06,OFFLOADED,1.0,No,1.0,1.0,1.0,False,False
621,0.56855708360672,0.0559887506209788,0.6061553638659637,0.004968106626069235,OFFLOADED,1.0,No,1.0,1.0,0.0,False,False
622,0.9012313485145569,0.8877588190660651,0.5327792747910185,0.0005714413294510308,OFFLOADED,1.0,No,1.0,1.0,1.0,True,False
623,0.4336491525173187,0.0020497773321360396,0.985696944187869,0.9918573185027427,OFFLOADED,1.0,No,0.0,1.0,1.0,False,True
624,0.848420262336731,0.7359496111509216,0.9476170272099868,0.945700317652402,ACCEPTED,0.0,Yes,0.0,0.0,0.0,True,True
625,0.26993605494499207,1.5499190343881249e-09,0.5174464728161152,0.0003374495580008537,OFFLOADED,1.0,No,1.0,1.0,1.0,False,False
626,0.6455477476119995,0.18073838215613436,0.8267333566751998,0.476928387017219,OFFLOADED,1.0,No,1.0,1.0,1.0,False,False
627,0.2922425866127014,1.2964910194782684e-07,0.6763653175521898,0.023753542292875348,OFFLOADED,1.0,No,0.0,1.0,0.0,False,False
628,0.5952117443084717,0.08145779717280807,0.8013063963138971,0.33795726788388214,OFFLOADED,1.0,No,0.0,1.0,0.0,False,False
629,0.8866399526596069,0.8581001495813398,0.7614555549028361,0.16770899810250134,OFFLOADED,0.0,Yes,0.0,0.0,0.0,True,False
630,0.2575828731060028,5.518476355349835e-11,0.22548667136278078,3.279959337242411e-08,OFFLOADED,1.0,No,1.0,1.0,0.0,False,False
631,0.27102169394493103,1.6689145709645725e-09,0.597782908275393,0.003514773998136454,OFFLOADED,1.0,No,0.0,1.0,1.0,False,False
632,0.3649166524410248,8.384361489007876e-05,0.5103567247040024,0.0002217808775638158,OFFLOADED,1.0,No,1.0,1.0,1.0,False,False
633,0.3226419985294342,5.1000706787059615e-06,0.4913585411548601,0.00010433145467734608,OFFLOADED,1.0,No,1.0,1.0,1.0,False,False
634,0.26951608061790466,9.466183046430885e-10,0.19791571775264766,1.9284068860945964e-08,OFFLOADED,1.0,No,1.0,1.0,1.0,False,False
635,0.3165516257286072,2.963095468728016e-06,0.442084575238647,1.3666967979825804e-05,OFFLOADED,1.0,No,1.0,1.0,0.0,False,False
636,0.2588304281234741,4.96541389919395e-11,0.6217646351732568,0.0056562604377069035,OFFLOADED,1.0,No,0.0,1.0,0.0,False,False
637,0.2591192126274109,4.965554158255805e-11,0.3192521758207902,1.5059906829396746e-07,OFFLOADED,1.0,No,1.0,1.0,1.0,False,False
638,0.27111443877220154,1.2950343771912014e-09,0.46678113469101784,3.499460927628892e-05,OFFLOADED,1.0,No,1.0,1.0,1.0,False,False
639,0.8044084906578064,0.5911363966943449,0.8009268549052425,0.32986607100941934,OFFLOADED,0.0,Yes,0.0,0.0,0.0,True,False
640,0.2667790949344635,3.6110605238693237e-10,0.766758880285144,0.19894934957636248,OFFLOADED,1.0,No,1.0,1.0,1.0,False,False
641,0.2782958745956421,6.1370064259965555e-09,0.40636834282524603,2.9947986005138493e-06,OFFLOADED,1.0,No,1.0,1.0,1.0,False,False
642,0.8222435116767883,0.6591186735777241,1.0,1.0,OFFLOADED,0.0,Yes,0.0,0.0,0.0,False,True
643,0.0,0.0,0.5722018969231774,0.0014583717194604137,OFFLOADED,0.0,Yes,0.0,0.0,0.0,False,False
644,0.27485716342926025,2.9907646158003797e-09,0.5492388141443754,0.0007207748348510926,OFFLOADED,1.0,No,1.0,0.0,0.0,False,False
645,0.31182968616485596,1.79525189419102e-06,0.41343477471106665,4.13063335761747e-06,OFFLOADED,1.0,No,1.0,1.0,1.0,False,False
646,0.7861961722373962,0.5561564147051906,0.7620325746194189,0.17585450598399305,OFFLOADED,1.0,No,1.0,1.0,0.0,False,False
647,0.3060813546180725,8.226324079665516e-07,1.0,1.0,OFFLOADED,1.0,No,1.0,0.0,1.0,False,True
648,0.3216680884361267,4.2406734582284016e-06,0.48916226453152306,8.625970397365204e-05,OFFLOADED,1.0,No,1.0,1.0,1.0,False,False
649,0.5807502865791321,0.06208765293570183,0.8866356945236706,0.7385544698114057,OFFLOADED,0.0,Yes,0.0,0.0,0.0,False,True
650,0.2709779441356659,9.31529715683349e-10,0.06835138885074303,3.886608720157463e-09,OFFLOADED,1.0,No,1.0,1.0,1.0,False,False
651,0.2559662163257599,1.7539843310924967e-11,0.5104975250487412,0.00019938002828312604,OFFLOADED,1.0,No,1.0,1.0,1.0,False,False
652,0.2815325856208801,9.42910221848687e-09,0.4990173556578833,0.00012184277633720763,OFFLOADED,1.0,No,1.0,1.0,1.0,False,False
653,0.44700735807418823,0.0031218118831937377,0.6063161176561774,0.003807617755129249,OFFLOADED,1.0,No,1.0,0.0,0.0,True,False
654,0.29702505469322205,2.0128375010227868e-07,0.6363598194956532,0.007565829732699708,OFFLOADED,1.0,No,1.0,1.0,1.0,False,False
655,0.2778153419494629,3.7239457608701517e-09,0.1898026502676324,1.0584450902222732e-08,OFFLOADED,1.0,No,1.0,1.0,1.0,False,False
656,0.5310156345367432,0.025858669065373156,0.6276301587872846,0.0058634105965268005,OFFLOADED,1.0,No,1.0,1.0,0.0,False,False
657,0.5939782857894897,0.07953063923961032,0.5251015350906068,0.00029988005814155324,OFFLOADED,1.0,No,0.0,1.0,1.0,True,False
658,0.2865058481693268,1.9554783785877634e-08,0.644380603645787,0.008209072123877543,OFFLOADED,1.0,No,1.0,1.0,1.0,False,False
659,0.5347354412078857,0.025156679171887797,0.3249157545284012,1.0768940266041725e-07,OFFLOADED,1.0,No,1.0,1.0,1.0,False,False
660,0.2702670693397522,4.5704157546037703e-10,0.6885323863877724,0.03182141698244413,OFFLOADED,1.0,No,1.0,0.0,0.0,False,False
661,0.6934175491333008,0.2828560394642327,0.7485456607371709,0.1325636824460574,OFFLOADED,0.0,Yes,0.0,0.0,0.0,False,False
662,0.26214826107025146,4.3784054021590613e-11,0.5026480809654794,0.0001265082474311471,OFFLOADED,1.0,No,0.0,0.0,1.0,False,False
663,0.2504747211933136,7.670723654890481e-12,0.38432038116946193,9.072774937416941e-07,OFFLOADED,1.0,No,1.0,1.0,1.0,False,False
664,0.31961697340011597,2.9619818101791107e-06,0.4217760181920399,4.064137232873507e-06,OFFLOADED,1.0,No,1.0,1.0,1.0,False,False
665,0.3985326290130615,0.0004070905865613625,0.6746704421857678,0.021066138352959684,OFFLOADED,1.0,No,1.0,1.0,1.0,False,False
666,0.7048923969268799,0.322750507805123,0.72237159556558,0.08382223719664879,OFFLOADED,1.0,No,1.0,1.0,1.0,False,False
667,0.26190027594566345,3.265129629397603e-11,0.47043791194674944,3.0025479175700937e-05,OFFLOADED,1.0,No,1.0,1.0,1.0,False,False
668,0.0,0.0,0.7354965077209131,0.10318137165418473,OFFLOADED,0.0,Yes,0.0,0.0,0.0,False,False
669,0.4831598699092865,0.007383184291640148,0.9287261110677683,0.9134664644464741,OFFLOADED,1.0,No,1.0,1.0,1.0,False,True
670,0.764197826385498,0.47727394972314247,0.9608720679451285,0.9657105691231281,OFFLOADED,0.0,Yes,0.0,0.0,0.0,False,True
671,0.2885321378707886,2.3612482480292746e-08,0.5169634094860153,0.0002098278211963695,OFFLOADED,1.0,No,1.0,1.0,0.0,False,False
672,0.6876177787780762,0.27703019920070965,0.9873999423696129,0.9931785292428763,OFFLOADED,0.0,Yes,0.0,0.0,0.0,False,True
673,0.8009132146835327,0.6086049736094259,0.9819612199449766,0.9894676573177263,OFFLOADED,0.0,Yes,0.0,0.0,0.0,False,True
674,0.604599118232727,0.0973704632375855,1.0,1.0,OFFLOADED,0.0,Yes,0.0,0.0,0.0,False,True
675,0.9636173248291016,0.9674747550961694,1.0,1.0,ACCEPTED,0.0,Yes,0.0,0.0,0.0,True,True
676,0.9200087785720825,0.9259952952499065,1.0,1.0,ACCEPTED,0.0,Yes,0.0,0.0,0.0,True,True
677,0.3506251871585846,2.9600934912922515e-05,0.6990374336513944,0.04673878627157066,OFFLOADED,1.0,No,1.0,0.0,0.0,False,False
678,0.5104137063026428,0.016495814949802432,0.9877849450200141,0.994161872316437,OFFLOADED,0.0,Yes,0.0,0.0,0.0,False,True
679,0.31145817041397095,1.1830837081130718e-06,0.46298908619069123,2.1952639452511835e-05,OFFLOADED,1.0,No,1.0,1.0,0.0,False,False
680,0.25266650319099426,5.909936572731781e-12,0.19533572268923347,7.323495127003448e-09,OFFLOADED,1.0,No,1.0,1.0,1.0,False,False
681,0.8498489856719971,0.7880901991974301,0.9142338101018425,0.8645226372217645,ACCEPTED,0.0,Yes,0.0,0.0,0.0,True,True
682,0.315180242061615,1.7649280508314424e-06,0.5496867725257717,0.0006935924041621299,OFFLOADED,1.0,No,1.0,0.0,0.0,False,False
683,0.824021577835083,0.7067482579006763,0.7773233457204544,0.23776135586410146,OFFLOADED,1.0,No,1.0,1.0,1.0,False,False
684,0.6493513584136963,0.2014631272459819,1.0,1.0,OFFLOADED,0.0,Yes,0.0,0.0,0.0,False,True
685,0.285132497549057,1.172163209997711e-08,0.9330044475216085,0.9249005721220526,OFFLOADED,1.0,No,1.0,0.0,0.0,False,True
686,0.2679600417613983,1.702861632573894e-10,0.30824393917353055,5.3441520610986996e-08,OFFLOADED,1.0,No,1.0,1.0,1.0,False,False
687,0.2610834240913391,2.0749803493125534e-11,0.574831954006575,0.001574896488296635,OFFLOADED,1.0,No,1.0,0.0,1.0,False,False
688,0.2914811074733734,4.731603548440937e-08,0.8643563116058602,0.651462459185092,OFFLOADED,1.0,No,1.0,0.0,0.0,False,True
689,0.2939188778400421,7.743546381966383e-08,0.7405657534372471,0.12134082143505581,OFFLOADED,1.0,No,1.0,0.0,0.0,False,True
690,0.35269856452941895,3.487632617061626e-05,0.7784133756752644,0.24294291147582164,OFFLOADED,1.0,No,0.0,1.0,1.0,False,False
691,0.32993122935295105,7.576900530449042e-06,0.29080386981873124,3.450694119662801e-08,OFFLOADED,1.0,No,1.0,1.0,1.0,False,False
692,0.3046737015247345,4.022099871434816e-07,0.7905711171131196,0.2895408296558385,OFFLOADED,1.0,No,1.0,1.0,1.0,False,False
693,0.42726603150367737,0.0014047874155302341,0.9424710037316694,0.9466712505493254,OFFLOADED,0.0,Yes,0.0,0.0,0.0,False,True
694,0.37475356459617615,0.00014703504117115273,0.5374701167405546,0.0004911955559918827,OFFLOADED,1.0,No,1.0,1.0,1.0,False,False
695,0.2713589072227478,3.442790044976135e-10,0.519872285277367,0.00023499418972199452,OFFLOADED,1.0,No,1.0,0.0,0.0,False,False
696,0.30776843428611755,5.847981166215031e-07,0.8500384052452881,0.5775897654593352,OFFLOADED,1.0,No,1.0,1.0,1.0,False,True
697,0.3225288689136505,3.097905998103129e-06,0.7796668980892967,0.22299690399603428,OFFLOADED,1.0,No,1.0,1.0,1.0,False,False
698,0.4152396023273468,0.0009250998103419662,0.5200960151975232,0.00023396998406868894,OFFLOADED,1.0,No,1.0,1.0,0.0,False,False
699,0.44811615347862244,0.0031386011372365728,0.7337560785482669,0.0955388398281691,OFFLOADED,1.0,No,1.0,1.0,1.0,False,False
700,0.7260187268257141,0.40683489002777695,0.9873577865912097,0.9948457827425725,ACCEPTED,0.0,Yes,0.0,0.0,0.0,True,True
701,0.30692431330680847,4.2339398380816835e-07,0.6555841438346457,0.009512746556869612,OFFLOADED,1.0,No,1.0,0.0,0.0,False,False
702,0.30361613631248474,2.5161964472898933e-07,0.5937878715638341,0.0025513209405544006,OFFLOADED,1.0,No,1.0,1.0,1.0,False,False
703,0.38197076320648193,0.0001928284274771235,0.9239390096310329,0.9058147672133575,OFFLOADED,1.0,No,1.0,1.0,0.0,False,True
704,0.6789035201072693,0.2943016040874658,0.7925870175382378,0.26696903470472777,OFFLOADED,1.0,No,1.0,1.0,1.0,False,False
705,0.5143646001815796,0.019346517454964608,0.6159665527574878,0.0038321265239051883,OFFLOADED,1.0,No,1.0,1.0,1.0,False,False
706,0.2597372829914093,5.75424668739303e-12,0.32175443885398264,6.076097956468571e-08,OFFLOADED,1.0,No,1.0,1.0,1.0,False,False
707,0.3013805150985718,1.433506791992044e-07,0.2898585196932621,2.1706810755645023e-08,OFFLOADED,1.0,No,1.0,1.0,1.0,False,False
708,0.4760574996471405,0.006696727954522545,0.6001084152521231,0.0025300893835621748,OFFLOADED,1.0,No,1.0,1.0,1.0,False,False
709,0.3532625436782837,2.4862694847666357e-05,0.8608474656981963,0.609145977074865,OFFLOADED,1.0,No,0.0,1.0,1.0,False,True
710,0.2986815869808197,7.957652959485285e-08,0.8590297047557506,0.5847954515175459,OFFLOADED,1.0,No,1.0,0.0,0.0,False,True
711,0.720479428768158,0.3938885775007994,0.7426122027527912,0.10347225712116989,OFFLOADED,1.0,No,1.0,1.0,1.0,False,False
712,0.25041335821151733,1.404379897407574e-12,0.2486199239688805,8.478682043162432e-09,OFFLOADED,1.0,No,1.0,1.0,1.0,False,False
713,0.7910350561141968,0.5892834513292186,0.7015000266258445,0.040495030882005,OFFLOADED,1.0,No,1.0,1.0,1.0,True,False
714,0.3148922622203827,8.414783795630207e-07,0.3071891954874401,2.790269928543096e-08,OFFLOADED,1.0,No,1.0,1.0,1.0,False,False
715,0.2857701778411865,4.0534322660918794e-09,0.813886213832665,0.36357687156698293,OFFLOADED,1.0,No,1.0,1.0,1.0,False,False
716,0.25165194272994995,1.1664792955174334e-12,0.2601535321079957,8.495550210605638e-09,OFFLOADED,1.0,No,1.0,1.0,1.0,False,False
717,0.3202635943889618,1.4830881413681014e-06,0.307354916432307,2.5029504319239035e-08,OFFLOADED,1.0,No,1.0,1.0,1.0,False,False
718,0.2525225579738617,1.059585500142838e-12,0.5932136370236737,0.0017386555842074318,OFFLOADED,1.0,No,1.0,1.0,1.0,False,False
719,0.5617287158966064,0.04626934461458626,0.7686590418025082,0.14930970392216764,OFFLOADED,1.0,No,1.0,1.0,1.0,False,False
720,0.36058756709098816,3.416079580860234e-05,0.7644930016535332,0.13236042724562688,OFFLOADED,1.0,No,1.0,0.0,0.0,False,False
721,0.25103241205215454,8.659585732386932e-13,0.5502648585732981,0.0004419797089240552,OFFLOADED,1.0,No,1.0,1.0,1.0,False,False
722,0.3237245976924896,1.7874555159640829e-06,0.8223116533448255,0.39364502477497454,OFFLOADED,1.0,No,1.0,1.0,1.0,False,False
723,0.29670530557632446,3.736777160146737e-08,0.47371998089782374,1.8411910198834926e-05,OFFLOADED,1.0,No,1.0,1.0,1.0,False,False
724,0.385515034198761,0.00016698014580552765,0.34313944196906104,7.821542555810479e-08,OFFLOADED,1.0,No,1.0,1.0,1.0,False,False
725,0.2860214114189148,2.83675873772298e-09,0.4470809584028087,5.4193853859262305e-06,OFFLOADED,1.0,No,1.0,1.0,1.0,False,False
726,0.2784004509449005,5.163953572880263e-10,0.7861383780834991,0.20455095009150415,OFFLOADED,1.0,No,0.0,1.0,0.0,False,False
727,0.25040850043296814,6.0692609785048e-13,0.3380125110163169,5.458496321108721e-08,OFFLOADED,1.0,No,0.0,1.0,1.0,False,False
728,0.4803813695907593,0.0064225557702589494,0.9755347646105589,0.9846924161788966,OFFLOADED,0.0,Yes,0.0,0.0,0.0,False,True
729,0.26931750774383545,4.810702817551724e-11,0.9325884061804073,0.91920901033778,OFFLOADED,0.0,Yes,0.0,0.0,0.0,False,True
730,0.2717161476612091,1.0233218869376549e-10,0.5581603494471465,0.0004930213972540645,OFFLOADED,1.0,No,1.0,1.0,1.0,False,False
731,0.9099876880645752,0.9159855776654733,0.9874866059584677,0.9950991754429757,ACCEPTED,0.0,Yes,0.0,0.0,0.0,True,True
732,0.26254168152809143,5.565952015186555e-12,0.7255662970998774,0.06080449155142165,OFFLOADED,1.0,No,1.0,0.0,0.0,False,False
733,0.48623839020729065,0.008098806394196401,0.9172137110415496,0.8724154587355499,OFFLOADED,1.0,No,1.0,0.0,0.0,False,True
734,0.25145968794822693,5.489810525738456e-13,0.24302287890027716,3.639851651840476e-09,OFFLOADED,1.0,No,1.0,1.0,1.0,False,False
735,0.41734686493873596,0.0006898832775229239,0.8572219695390706,0.5700742334338681,OFFLOADED,0.0,Yes,0.0,0.0,0.0,False,False
736,0.3682195842266083,5.6723304044963555e-05,0.9860739039673647,0.9949968233755411,OFFLOADED,0.0,Yes,0.0,0.0,0.0,False,True
737,0.4150683581829071,0.0006669048452414112,0.6901808009143328,0.026640495230891147,OFFLOADED,1.0,No,0.0,0.0,1.0,False,False
738,0.5791475176811218,0.06208047125487238,0.6646379700119291,0.010642324645396682,OFFLOADED,1.0,No,1.0,1.0,1.0,False,False
739,0.7965075373649597,0.5946394716138406,0.840633872187415,0.48490196333597685,OFFLOADED,1.0,No,1.0,1.0,1.0,False,True
740,0.2502973675727844,5.012337481120384e-13,0.397488224593308,5.700267044262829e-07,OFFLOADED,1.0,No,1.0,1.0,1.0,False,False
741,0.45265403389930725,0.0025495249174556094,0.6301541849114247,0.003926451769138381,OFFLOADED,1.0,No,1.0,1.0,1.0,False,False
742,0.5740941166877747,0.051331837382872274,0.6339464920135929,0.0041372056509007904,OFFLOADED,1.0,No,1.0,1.0,1.0,False,False
743,0.278683066368103,4.5560785378777234e-10,0.3459039392206183,6.003111800726848e-08,OFFLOADED,1.0,No,1.0,1.0,1.0,False,False
744,0.3287368714809418,2.7502103754432473e-06,0.7675781373132333,0.13902993840859515,OFFLOADED,1.0,No,1.0,0.0,0.0,False,False
745,0.4270617365837097,0.00086031170395869,0.7403611567762186,0.0905238461183974,OFFLOADED,1.0,No,0.0,1.0,1.0,False,False
746,0.2524426281452179,3.687303249371062e-13,0.41480805385814057,1.038175924059257e-06,OFFLOADED,1.0,No,1.0,1.0,1.0,False,False
747,0.2897992432117462,5.41671789711322e-09,0.3402185973429114,4.194054354814395e-08,OFFLOADED,1.0,No,1.0,1.0,1.0,False,False
748,0.49307557940483093,0.00805820889328966,0.9570649352097714,0.9686362400684558,OFFLOADED,0.0,Yes,0.0,0.0,0.0,False,True
749,0.935674786567688,0.9443639698392479,1.0,1.0,ACCEPTED,0.0,Yes,0.0,0.0,0.0,True,True
750,0.2555828094482422,4.592513737397589e-13,0.24304310028147558,2.4018896937747994e-09,OFFLOADED,1.0,No,0.0,1.0,1.0,False,False
751,0.258953332901001,1.0581214179389702e-12,0.9252014843524339,0.9100041392400549,OFFLOADED,0.0,Yes,0.0,0.0,0.0,False,True
752,0.8425827622413635,0.748786274868279,1.0,1.0,OFFLOADED,0.0,Yes,0.0,0.0,0.0,False,True
753,0.8697522878646851,0.8516131838050344,0.9794497124194251,0.9917558377185838,ACCEPTED,0.0,Yes,0.0,0.0,0.0,True,True
754,0.2684383690357208,2.5459300834519196e-11,0.7122711075071994,0.048346917177385554,OFFLOADED,1.0,No,1.0,1.0,1.0,False,False
755,0.7751176357269287,0.5285820809603045,0.8902293767595839,0.7626048178440882,ACCEPTED,0.0,Yes,0.0,0.0,0.0,True,True
756,0.34977099299430847,1.3415730313213536e-05,0.7613628302588608,0.12818853359914853,OFFLOADED,1.0,No,0.0,1.0,1.0,False,False
757,0.2698777914047241,3.715207894822197e-11,0.3401988646266977,3.6156527732538295e-08,OFFLOADED,1.0,No,1.0,1.0,1.0,False,False
758,0.8617212176322937,0.838749599173195,0.9756560499348085,0.9898936440720629,ACCEPTED,0.0,Yes,0.0,0.0,0.0,True,True
759,0.5225957632064819,0.017838030350066487,0.6904220820848089,0.024276466404149884,OFFLOADED,1.0,No,1.0,1.0,1.0,False,False
760,0.5809268951416016,0.05992283146285397,0.9113898562627307,0.8683458447374729,OFFLOADED,1.0,No,1.0,0.0,0.0,False,True
761,0.5500727891921997,0.030759354810496277,0.9221548234633975,0.9130925076558947,OFFLOADED,1.0,No,1.0,0.0,0.0,False,True
762,0.3716057240962982,5.2524011359262496e-05,0.43531089990999233,2.1014334392019815e-06,OFFLOADED,1.0,No,1.0,1.0,1.0,False,False
763,0.907598078250885,0.9299985321149519,0.8146768800502403,0.3455018524346099,OFFLOADED,0.0,Yes,0.0,0.0,0.0,True,False
764,0.4804924428462982,0.005238515023289845,0.7496848667376006,0.10091320851113418,OFFLOADED,1.0,No,0.0,0.0,1.0,False,False
765,0.2839982807636261,1.032093136478675e-09,0.521373775173817,0.00011166750320794419,OFFLOADED,1.0,No,0.0,1.0,1.0,False,False
766,0.2617388069629669,1.75947477607188e-12,0.3157142295256509,1.2039013106939222e-08,OFFLOADED,1.0,No,1.0,1.0,1.0,False,False
767,0.31019002199172974,1.9666402392546947e-07,0.19393029163722109,8.684323448885921e-10,OFFLOADED,1.0,No,1.0,1.0,1.0,False,False
768,0.8348905444145203,0.7501700316078862,0.5885121982640044,0.0011520495308952308,OFFLOADED,1.0,No,1.0,1.0,1.0,True,False
769,0.3490101993083954,9.072318774216959e-06,0.7625318784427254,0.13481190527023845,OFFLOADED,1.0,No,1.0,1.0,1.0,False,False
770,0.9079203009605408,0.9310455009157704,0.8749258213091854,0.7067251350746643,ACCEPTED,0.0,Yes,0.0,0.0,0.0,True,True
771,0.9106606841087341,0.9371919809247161,0.8935586153990993,0.809859220261501,ACCEPTED,0.0,Yes,0.0,0.0,0.0,True,True
772,0.8259595036506653,0.7088676027478544,0.8105506505676637,0.341777077350109,OFFLOADED,0.0,Yes,0.0,0.0,0.0,True,False
773,0.9359614849090576,0.962346164472274,0.9043812000425286,0.8660109104016336,ACCEPTED,0.0,Yes,0.0,0.0,0.0,True,True
774,0.351740300655365,1.0545896062131435e-05,0.7039851723589676,0.038742263908853325,OFFLOADED,0.0,Yes,0.0,0.0,0.0,False,False
775,0.9064363837242126,0.9411920100756637,0.9860265253339036,0.9971781222940335,ACCEPTED,0.0,Yes,0.0,0.0,0.0,True,True
776,0.8005125522613525,0.6377075273451929,0.8018950525191413,0.3053680351304718,OFFLOADED,0.0,Yes,0.0,0.0,0.0,False,False
777,0.8120770454406738,0.6889444522112068,0.7727503642443702,0.17793126755370237,ACCEPTED,0.0,Yes,0.0,0.0,0.0,True,True
778,0.9159175753593445,0.9555459617774712,1.0,1.0,OFFLOADED,0.0,Yes,0.0,0.0,0.0,False,True
779,0.25403115153312683,2.287119619759939e-13,0.35569904004795583,7.045198435706302e-08,OFFLOADED,1.0,No,1.0,1.0,1.0,False,False
780,0.34184420108795166,6.7039895393172045e-06,0.9682708443679852,0.9889598958569364,OFFLOADED,1.0,No,0.0,1.0,0.0,False,True
781,0.25111889839172363,1.7916062694379151e-13,0.1755324522366618,7.306458275641078e-10,OFFLOADED,1.0,No,1.0,1.0,1.0,False,False
782,0.6257110834121704,0.14136637418318163,0.7334809866792643,0.08713038199691417,OFFLOADED,0.0,Yes,0.0,0.0,0.0,False,False
783,0.2891121804714203,3.272667335101733e-09,0.5240756631193768,0.00013955480143831617,OFFLOADED,1.0,No,1.0,1.0,1.0,False,False
784,0.2803538143634796,3.7540409510951154e-10,0.6478718024874108,0.006744684918942446,OFFLOADED,1.0,No,1.0,1.0,1.0,False,False
785,0.7649184465408325,0.552268643981493,1.0,1.0,ACCEPTED,0.0,Yes,0.0,0.0,0.0,True,True
786,0.29542556405067444,1.6289710621102528e-08,0.5917648647979793,0.0014030858211627746,OFFLOADED,1.0,No,1.0,1.0,1.0,False,False
787,0.3781733512878418,8.07513792328255e-05,0.5426825038175244,0.00025311064031997084,OFFLOADED,1.0,No,1.0,1.0,1.0,False,False
788,0.4211841821670532,0.0006435331397141393,0.8426272781028638,0.5471050544837381,OFFLOADED,1.0,No,1.0,0.0,0.0,False,False
789,0.2753359079360962,9.630579994731857e-11,0.36902548162159854,1.033297608378328e-07,OFFLOADED,1.0,No,0.0,1.0,1.0,False,False
790,0.2920573055744171,6.084332582074738e-09,0.5808153182450946,0.000967584342050505,OFFLOADED,1.0,No,1.0,1.0,1.0,False,False
791,0.26212066411972046,1.2582079540162892e-12,0.9894098923267349,0.9981721730565835,OFFLOADED,1.0,No,1.0,0.0,0.0,False,True
792,0.26334309577941895,1.873573302096629e-12,0.7418465607608931,0.11071330708053924,OFFLOADED,1.0,No,1.0,1.0,1.0,False,False
793,0.2671956717967987,6.764272151455695e-12,0.5988000539988756,0.0015282974160933007,OFFLOADED,1.0,No,1.0,1.0,1.0,False,False
794,0.26034197211265564,5.720702835899172e-13,0.27708125195236355,2.45026344009146e-09,OFFLOADED,1.0,No,1.0,1.0,1.0,False,False
795,0.9072020649909973,0.9535068250567136,0.8451311701654781,0.5723406276420792,ACCEPTED,0.0,Yes,0.0,0.0,0.0,True,True
796,0.3178670108318329,5.021113156671746e-07,0.4412135930108904,2.2889995605355265e-06,OFFLOADED,1.0,No,1.0,1.0,1.0,False,False
797,0.28630000352859497,1.1102898576391282e-09,0.47919059639442,1.3792668352748795e-05,OFFLOADED,1.0,No,1.0,1.0,1.0,False,False
798,0.5380171537399292,0.024600231532707902,0.8136159633002433,0.4155764010594486,OFFLOADED,1.0,No,1.0,1.0,1.0,False,False
799,0.2621365487575531,8.679922515520091e-13,0.589063141289089,0.0010462026730726566,OFFLOADED,1.0,No,1.0,0.0,1.0,False,False
800,0.29725733399391174,1.6917686545852498e-08,0.34227037143966227,2.2772305338490722e-08,OFFLOADED,1.0,No,1.0,1.0,1.0,False,False
801,0.26821357011795044,7.26170213588196e-12,0.37771173517095147,1.0714933841035592e-07,OFFLOADED,1.0,No,1.0,1.0,1.0,False,False
802,0.8483391404151917,0.8385532929545733,0.7412080955588976,0.10283129873094489,OFFLOADED,0.0,Yes,0.0,0.0,0.0,True,False
803,0.25761547684669495,1.6885983010718864e-13,0.49101548279020135,2.5534509555497555e-05,OFFLOADED,0.0,Yes,0.0,0.0,0.0,False,False
804,0.36709967255592346,3.267722390467246e-05,0.38357254989425765,1.4719551009186839e-07,OFFLOADED,1.0,No,1.0,1.0,1.0,False,False
805,0.49834007024765015,0.009345289700063885,0.8263569019099201,0.4758984236676322,OFFLOADED,1.0,No,1.0,1.0,0.0,False,True
806,0.3453586995601654,6.268753801108113e-06,0.8639681059957343,0.6874655473577257,OFFLOADED,1.0,No,0.0,1.0,1.0,False,False
807,0.9216873049736023,0.9669907353589529,0.7934503126757106,0.2727620334305571,OFFLOADED,1.0,No,1.0,1.0,1.0,True,False
808,0.38343724608421326,8.760624327792947e-05,0.5334934277941132,0.0001450929107012483,OFFLOADED,1.0,No,1.0,1.0,1.0,False,False
809,0.9169698357582092,0.9623236912178339,0.8126091583166974,0.37009307012259396,ACCEPTED,1.0,No,1.0,1.0,0.0,True,True
810,0.2564530372619629,9.770060746304237e-14,0.8958986285356714,0.834999274796247,OFFLOADED,1.0,No,1.0,1.0,1.0,False,False
811,0.3036949038505554,4.2926729990993913e-08,0.5462623518610246,0.00022091527485367524,OFFLOADED,1.0,No,1.0,1.0,1.0,False,False
812,0.648827314376831,0.21449887003379411,0.8987368862691149,0.83825262385639,OFFLOADED,0.0,Yes,0.0,0.0,0.0,False,False
813,0.2864183187484741,7.539511473480641e-10,0.7008842903961231,0.03825470382593697,OFFLOADED,1.0,No,1.0,1.0,0.0,False,False
814,0.2852509319782257,5.556036682821186e-10,0.4154604358344055,5.120867567507752e-07,OFFLOADED,1.0,No,1.0,1.0,1.0,False,False
815,0.7940029501914978,0.6619160983787797,0.6683937832091063,0.010168256499627677,OFFLOADED,1.0,No,1.0,1.0,0.0,True,False
816,0.9489732980728149,0.9771261311340048,0.9044991851341647,0.869144297536335,ACCEPTED,1.0,No,1.0,1.0,1.0,True,True
817,0.2552572190761566,6.138536166086191e-14,0.4614585304113808,4.4937697931967735e-06,OFFLOADED,1.0,No,0.0,1.0,1.0,False,False
818,0.9624863862991333,0.9827429992448067,0.827108064816667,0.4314334795136075,ACCEPTED,0.0,Yes,0.0,0.0,0.0,True,True
819,0.2876335084438324,9.518634247819135e-10,0.41591548717016974,4.4918254737480555e-07,OFFLOADED,1.0,No,0.0,1.0,1.0,False,False
820,0.5175345540046692,0.014290323463978658,0.9767506238015895,0.9928724413482742,OFFLOADED,1.0,No,1.0,1.0,1.0,False,True
821,0.3564058542251587,1.1417987505026621e-05,0.7966839472656876,0.27326462061750495,OFFLOADED,1.0,No,0.0,0.0,1.0,False,True
822,0.8864821791648865,0.9277952138446849,0.6939562107834321,0.030702424825996617,OFFLOADED,0.0,Yes,0.0,0.0,0.0,True,False
823,0.8498644828796387,0.846704336338425,0.6802636328233185,0.019444258249183416,OFFLOADED,1.0,No,1.0,1.0,1.0,True,False
824,0.8704003691673279,0.8989391923068556,0.8643266366644338,0.6725551241204517,ACCEPTED,0.0,Yes,0.0,0.0,0.0,True,True
825,0.2782330811023712,7.656008031673606e-11,0.28021388847869194,1.390326558352077e-09,OFFLOADED,1.0,No,1.0,1.0,1.0,False,False
826,0.494734525680542,0.007674932503967042,0.9393863546007879,0.9616330035875741,OFFLOADED,0.0,Yes,0.0,0.0,0.0,False,True
827,0.4854973554611206,0.006037183667707582,0.8862288338632991,0.7975907442170413,OFFLOADED,1.0,No,0.0,0.0,1.0,False,True
828,0.3230787217617035,5.80399263337235e-07,0.41902837452019076,5.173352545701643e-07,OFFLOADED,1.0,No,1.0,1.0,1.0,False,False
829,0.28142327070236206,1.5366417062065996e-10,0.2635551652089951,8.563388172026361e-10,OFFLOADED,1.0,No,0.0,1.0,1.0,False,False
830,0.8517419695854187,0.850158625319354,0.6457618532541525,0.005125779970205448,OFFLOADED,1.0,No,1.0,1.0,1.0,True,False
831,0.27975133061408997,9.537558493971132e-11,0.797689637273084,0.3002850313117555,OFFLOADED,1.0,No,1.0,1.0,1.0,False,False
832,0.251214861869812,2.8963400589601656e-14,0.2967458922676119,1.71834752709483e-09,OFFLOADED,1.0,No,1.0,1.0,1.0,False,False
833,0.273277223110199,1.7530241988535093e-11,0.44650610813509006,1.933855305113382e-06,OFFLOADED,1.0,No,1.0,1.0,1.0,False,False
834,0.35035210847854614,6.752943324712942e-06,0.7351639401504474,0.08703019130244305,OFFLOADED,1.0,No,1.0,1.0,1.0,False,False
835,0.835290253162384,0.7830671022990904,0.9572719783073163,0.9812884651096103,ACCEPTED,0.0,Yes,0.0,0.0,0.0,True,True
836,0.2720337212085724,1.0503356820855724e-11,0.4053448649728555,2.231572674814415e-07,OFFLOADED,1.0,No,1.0,1.0,1.0,False,False
837,0.29155781865119934,2.4318360864945007e-09,0.48218133460821716,1.099174045071164e-05,OFFLOADED,1.0,No,1.0,1.0,0.0,False,False
838,0.36438295245170593,2.0151135226756876e-05,0.6553212050966516,0.005935160171355108,OFFLOADED,1.0,No,1.0,0.0,0.0,False,False
839,0.2583472430706024,6.970036639265335e-14,0.8441600516562745,0.5573741754639944,OFFLOADED,1.0,No,1.0,1.0,0.0,False,False
840,0.31859609484672546,2.961511467903962e-07,0.5776181823398455,0.0006103580023716393,OFFLOADED,1.0,No,1.0,0.0,0.0,False,False
841,0.7154264450073242,0.40301404033150506,0.9361496050283468,0.9602565839040013,OFFLOADED,1.0,No,1.0,1.0,0.0,False,True
842,0.8135381937026978,0.7134647220615609,0.7569397565420984,0.1252440217702051,OFFLOADED,0.0,Yes,0.0,0.0,0.0,False,False
843,0.30563363432884216,4.015364184953341e-08,0.21763322605467592,2.6437293690767855e-10,OFFLOADED,1.0,No,1.0,1.0,1.0,False,False
844,0.8792951703071594,0.9216061012388348,0.6727351378063485,0.012241263941566377,OFFLOADED,1.0,No,1.0,1.0,1.0,True,False
845,0.30407071113586426,2.8866053562581455e-08,0.4324372544976113,7.842666960266111e-07,OFFLOADED,1.0,No,1.0,1.0,1.0,False,False
846,0.43467453122138977,0.0009413297192803644,0.6961992362931564,0.03185853551729592,OFFLOADED,1.0,No,1.0,1.0,1.0,False,False
847,0.5590693354606628,0.03727039495169314,0.5249202413124071,7.397277075024588e-05,OFFLOADED,1.0,No,1.0,1.0,1.0,False,False
848,0.25762903690338135,3.8291453216521547e-14,0.26784266914914445,5.406290312353787e-10,OFFLOADED,1.0,No,1.0,1.0,1.0,False,False
849,0.5158981680870056,0.012151942661051674,0.5576095263400536,0.0002701307420375158,OFFLOADED,1.0,No,1.0,1.0,1.0,False,False
850,0.796205997467041,0.6574439921471521,0.9693731438698936,0.9890130709768401,ACCEPTED,0.0,Yes,0.0,0.0,0.0,True,True
851,0.28049489855766296,6.390054177891889e-11,0.5538156828666959,0.00022121703127087896,OFFLOADED,1.0,No,1.0,1.0,1.0,False,False
852,0.4461876451969147,0.0013035040281115847,0.6793043445908724,0.015446678622298496,OFFLOADED,1.0,No,1.0,1.0,1.0,False,False
853,0.7515714764595032,0.5230074262467855,0.6972009304130417,0.03027912240461211,OFFLOADED,1.0,No,1.0,1.0,1.0,True,False
854,0.6256048679351807,0.14817608336821655,0.26964558338091393,4.2485472124575015e-10,OFFLOADED,1.0,No,1.0,1.0,1.0,False,False
855,0.260001540184021,6.202670521789205e-14,0.5134497182596859,3.466739981080277e-05,OFFLOADED,1.0,No,1.0,1.0,0.0,False,False
856,0.3404983878135681,2.4646059787489584e-06,0.8198187970663942,0.40643513347824434,OFFLOADED,1.0,No,1.0,1.0,1.0,False,True
857,0.9153710603713989,0.9584157870702511,0.6866967968172456,0.018894552695306394,OFFLOADED,0.0,Yes,0.0,0.0,0.0,True,False
858,0.32305821776390076,3.2283916888795215e-07,0.6676508046076095,0.007860354017560143,OFFLOADED,1.0,No,0.0,0.0,1.0,False,False
859,0.9158046245574951,0.9609434558655402,0.5088765024337693,2.9820898382986468e-05,OFFLOADED,1.0,No,1.0,1.0,0.0,True,False
860,0.2528229355812073,9.437250531808978e-15,0.2786710212937877,4.94640346814015e-10,OFFLOADED,1.0,No,0.0,1.0,1.0,False,False
861,0.28339481353759766,1.0984784692999938e-10,0.24726372385158926,2.1998745854053616e-10,OFFLOADED,1.0,No,1.0,1.0,1.0,False,False
862,0.0,0.0,0.8771419614447038,0.7481112193018281,OFFLOADED,0.0,Yes,0.0,0.0,0.0,False,True
863,0.33469268679618835,1.4616659739757729e-06,0.7112158988588513,0.045403219585217106,OFFLOADED,1.0,No,1.0,1.0,1.0,False,False
864,0.526474118232727,0.013962723695480447,0.8500898796284545,0.5782272430481802,OFFLOADED,1.0,No,1.0,0.0,0.0,False,True
865,0.7743687629699707,0.5841828824680539,0.8989179582496374,0.8602852367175055,OFFLOADED,1.0,No,1.0,1.0,0.0,False,True
866,0.31505969166755676,9.879589986355827e-08,0.9628763844181778,0.9855982376054296,OFFLOADED,1.0,No,1.0,0.0,0.0,False,True
867,0.9460820555686951,0.9748761192379667,1.0,1.0,ACCEPTED,0.0,Yes,0.0,0.0,0.0,True,True
868,0.4770995080471039,0.0032056816240600954,0.8562746563273931,0.6312327133405069,OFFLOADED,1.0,No,1.0,1.0,1.0,False,False
869,0.706673800945282,0.3497846191766816,0.745830509496805,0.09802753541738501,OFFLOADED,0.0,Yes,0.0,0.0,0.0,True,False
870,0.2511504888534546,6.387711622873177e-15,0.8922243901591133,0.8223953756491035,OFFLOADED,0.0,Yes,0.0,0.0,0.0,False,True
871,0.3011873662471771,8.542415859538384e-09,0.40390657684208026,1.3065315861943296e-07,OFFLOADED,1.0,No,1.0,1.0,1.0,False,False
872,0.9082154035568237,0.9546109220663398,0.6328067254335119,0.0028460380371636514,OFFLOADED,1.0,No,1.0,1.0,1.0,True,False
873,0.29145097732543945,8.593636858975554e-10,0.5393278935677414,0.00010499735490716374,OFFLOADED,1.0,No,1.0,1.0,1.0,False,False
874,0.2509928345680237,5.997105370962783e-15,0.602494841419527,0.0011590308445617236,OFFLOADED,1.0,No,1.0,1.0,1.0,False,False
875,0.6361207365989685,0.16936592257357383,0.903152743378658,0.8718456585187875,OFFLOADED,1.0,No,1.0,0.0,0.0,False,True
876,0.2766496539115906,1.1143031550349146e-11,0.43799478608178694,6.143433385003568e-07,OFFLOADED,1.0,No,1.0,1.0,0.0,False,False
877,0.2821546792984009,4.812367901613688e-11,0.5830676046635566,0.0005915629395465176,OFFLOADED,1.0,No,0.0,1.0,1.0,False,False
878,0.2636890411376953,1.3047627182941026e-13,0.698061045155916,0.030513718441505043,OFFLOADED,1.0,No,1.0,1.0,1.0,False,False
879,0.6170607805252075,0.11521321149490611,0.958166059392531,0.9840245276234829,OFFLOADED,0.0,Yes,0.0,0.0,0.0,False,True
880,0.9648464918136597,0.984802534563054,0.8843966113429564,0.7999505266554565,ACCEPTED,0.0,Yes,0.0,0.0,0.0,True,True
881,0.6937386393547058,0.32612588679389537,0.9892366556346308,0.9985910265073751,ACCEPTED,0.0,Yes,0.0,0.0,0.0,True,True
882,0.37576067447662354,3.193153208891926e-05,0.9346424248510454,0.9628311179202366,OFFLOADED,1.0,No,1.0,1.0,1.0,False,True
883,0.6715149879455566,0.2731065962726331,0.5930240221962106,0.0007434627403398968,OFFLOADED,1.0,No,1.0,1.0,1.0,False,False
884,0.9620615243911743,0.9844067375422717,0.9705577722425247,0.9919216049608761,ACCEPTED,1.0,No,1.0,1.0,0.0,True,True
885,0.2519609034061432,4.571049461230499e-15,0.3831365235201563,2.6959031215721203e-08,OFFLOADED,1.0,No,1.0,1.0,1.0,False,False
886,0.9291836023330688,0.9657330879144875,0.8945462293993651,0.8517980102792374,ACCEPTED,0.0,Yes,0.0,0.0,0.0,True,True
887,0.3941320478916168,9.484832579499696e-05,0.2024741012763887,6.068415640381436e-11,OFFLOADED,1.0,No,1.0,0.0,0.0,False,False
888,0.30398303270339966,1.2259313977289698e-08,0.3465529948868099,4.909589902386246e-09,OFFLOADED,1.0,No,0.0,1.0,1.0,False,False
889,0.811928927898407,0.7122236050246792,1.0,1.0,ACCEPTED,0.0,Yes,0.0,0.0,0.0,True,True
890,0.8938154578208923,0.9411483467372472,0.7383561171996242,0.08918054757030126,OFFLOADED,0.0,Yes,0.0,0.0,0.0,True,False
891,0.33466070890426636,1.1183566314095915e-06,0.46601208839397273,2.5850232274031452e-06,OFFLOADED,1.0,No,1.0,1.0,1.0,False,False
892,0.37360429763793945,2.3822806154549013e-05,0.8566051412735125,0.6456318161910437,OFFLOADED,1.0,No,1.0,0.0,0.0,False,False
893,0.41105082631111145,0.0002157145325943385,0.8691660310164577,0.7421489134826442,OFFLOADED,1.0,No,1.0,0.0,0.0,False,True
894,0.3361986577510834,1.1157541846103287e-06,0.3466741991792303,4.8031241902151994e-09,OFFLOADED,1.0,No,0.0,1.0,1.0,False,False
895,0.3313661813735962,6.158454376686429e-07,0.6280924728118868,0.0022994507291979895,OFFLOADED,1.0,No,1.0,1.0,1.0,False,False
896,0.2520619332790375,2.9380698017226723e-15,0.3476686582077734,4.525199866211899e-09,OFFLOADED,1.0,No,1.0,1.0,1.0,False,False
897,0.8353549838066101,0.8016703039929232,0.3833666570962863,2.4423996397148066e-08,OFFLOADED,1.0,No,1.0,1.0,1.0,False,False
898,0.9371668100357056,0.9737389393404956,0.978197562644176,0.9956768408182485,ACCEPTED,0.0,Yes,0.0,0.0,0.0,True,True
899,0.4146784842014313,0.00023967371522605585,0.4443781965833685,6.970436076328415e-07,OFFLOADED,1.0,No,1.0,1.0,1.0,False,False
900,0.35292014479637146,3.399408277990122e-06,0.5014455757444771,1.561093109867993e-05,OFFLOADED,1.0,No,1.0,0.0,0.0,False,False
901,0.41224005818367004,0.00020095228514972342,0.6895468006850428,0.02401302708773804,OFFLOADED,1.0,No,1.0,0.0,0.0,False,False
902,0.8254389762878418,0.7596426189370352,0.9777560360615599,0.9957564983253618,ACCEPTED,0.0,Yes,0.0,0.0,0.0,True,True
903,0.26399481296539307,7.861745279869192e-14,0.48733563131567986,8.302967083318484e-06,OFFLOADED,1.0,No,1.0,1.0,1.0,False,False
904,0.8749639391899109,0.9172937643484435,0.6793097669525751,0.016100546770210156,OFFLOADED,0.0,Yes,0.0,0.0,0.0,True,False
905,0.7525455951690674,0.5206806494308404,0.968177514305413,0.9920268210200304,ACCEPTED,0.0,Yes,0.0,0.0,0.0,True,True
906,0.8171022534370422,0.7555289538412501,0.8940397985619033,0.8700223267953208,ACCEPTED,0.0,Yes,0.0,0.0,0.0,True,True
907,0.3440864086151123,1.6677993367347044e-06,0.7685266193405218,0.1738967719335994,OFFLOADED,1.0,No,1.0,0.0,0.0,False,False
908,0.2597940266132355,1.3280115252674326e-14,0.742560209615759,0.11458865272397313,OFFLOADED,1.0,No,1.0,1.0,1.0,False,False
909,0.750953733921051,0.5365080199371575,0.8256751154478695,0.47324961863165044,ACCEPTED,1.0,No,1.0,1.0,1.0,True,True
910,0.3555692434310913,3.872842360507623e-06,0.31578951953315015,9.464500623966973e-10,OFFLOADED,1.0,No,1.0,1.0,1.0,False,False
911,0.400707870721817,0.00011211018819372724,0.5681699322336882,0.0003343013338022126,OFFLOADED,1.0,No,0.0,1.0,1.0,False,False
912,0.0,0.0,0.6940870208259186,0.029538076422207724,OFFLOADED,0.0,Yes,0.0,0.0,0.0,False,False
913,0.25008782744407654,1.7212583527560587e-15,0.47861206385217,4.9902102336424985e-06,OFFLOADED,1.0,No,1.0,1.0,1.0,False,False
914,0.37429094314575195,1.856051074801664e-05,0.7349718744126298,0.0908733442571908,OFFLOADED,1.0,No,0.0,1.0,1.0,False,False
915,0.320119708776474,8.189751686534122e-08,0.42243433035816347,1.7501264754041615e-07,OFFLOADED,1.0,No,0.0,1.0,1.0,False,False
916,0.29326656460762024,5.723081666979455e-10,0.327202513396166,1.3089420927511854e-09,OFFLOADED,1.0,No,0.0,1.0,1.0,False,False
917,0.30934610962867737,1.6101956534616928e-08,0.9433819827990164,0.9760515202763028,OFFLOADED,1.0,No,1.0,0.0,0.0,False,True
918,0.880387544631958,0.9328274595936803,0.7989857102957355,0.3003158030614334,OFFLOADED,1.0,No,1.0,1.0,1.0,False,False
919,0.2563673257827759,2.4731997685490186e-15,0.572770004306351,0.00037164977280464026,OFFLOADED,1.0,No,1.0,1.0,1.0,False,False
920,0.8902323842048645,0.9433759923508991,0.9630272178838402,0.9907291570047018,ACCEPTED,0.0,Yes,0.0,0.0,0.0,True,True
921,0.28246551752090454,1.921054350420118e-11,0.647425331534822,0.004363291642788123,OFFLOADED,1.0,No,0.0,1.0,1.0,False,False
922,0.8393988609313965,0.8278027499308965,0.6331410576666672,0.0025325073893390036,OFFLOADED,1.0,No,1.0,1.0,1.0,True,False
923,0.2963741719722748,1.1402454950674065e-09,0.17577537949309813,2.351907001951892e-11,OFFLOADED,1.0,No,1.0,1.0,1.0,False,False
924,0.42391011118888855,0.00034901094656438766,0.4949605332313879,9.490606165827457e-06,OFFLOADED,1.0,No,1.0,1.0,1.0,False,False
925,0.4322461485862732,0.0005138635532873242,0.8033234770646454,0.3111813551551535,OFFLOADED,0.0,Yes,0.0,0.0,0.0,False,False
926,0.8841458559036255,0.9349815165090001,0.9154751127011945,0.9357713686768182,ACCEPTED,0.0,Yes,0.0,0.0,0.0,True,True
927,0.32969027757644653,3.132992874008946e-07,0.4953409028596524,9.558753862967867e-06,OFFLOADED,1.0,No,1.0,1.0,1.0,False,False
928,0.2524718940258026,1.0632947658663934e-15,0.4426263152141316,4.253629374247888e-07,OFFLOADED,1.0,No,1.0,0.0,0.0,False,False
929,0.7961696982383728,0.6765428668930406,0.7515765853710095,0.12405368269501406,OFFLOADED,1.0,No,1.0,1.0,1.0,True,False
930,0.46059709787368774,0.001774737732711719,0.6143273468344835,0.0013407853734881889,OFFLOADED,1.0,No,0.0,1.0,1.0,False,False
931,0.2947724759578705,6.502085655913576e-10,0.37764454411200643,1.0782654147235937e-08,OFFLOADED,1.0,No,1.0,1.0,1.0,False,False
932,0.2810913026332855,9.166531506720683e-12,0.791231170942269,0.2543113661325928,OFFLOADED,1.0,No,1.0,1.0,1.0,False,False
933,0.5918616652488708,0.07190220479124387,0.9552544467413073,0.9874431819013754,OFFLOADED,0.0,Yes,0.0,0.0,0.0,False,True
934,0.9725884199142456,0.9910680693987441,1.0,1.0,ACCEPTED,0.0,Yes,0.0,0.0,0.0,True,True
935,0.48253852128982544,0.0039189535184996765,0.553579339227945,0.00011328790234141016,OFFLOADED,1.0,No,0.0,1.0,1.0,False,False
936,0.6578666567802429,0.2333115972049423,0.9834876375436596,0.9982728064817821,OFFLOADED,0.0,Yes,0.0,0.0,0.0,False,True
937,0.5594407916069031,0.035778002926877946,0.7029593250862938,0.03477306023204717,OFFLOADED,1.0,No,1.0,1.0,1.0,False,False
938,0.2679905295372009,1.5766645964190706e-13,0.8168681067979099,0.3942367173158995,OFFLOADED,1.0,No,1.0,1.0,1.0,False,False
939,0.26511481404304504,5.128114178688994e-14,0.695509441404472,0.025253926923189278,OFFLOADED,1.0,No,1.0,1.0,1.0,False,False
940,0.9275264143943787,0.9737733057918371,0.9685128172974525,0.9940850728404723,ACCEPTED,0.0,Yes,0.0,0.0,0.0,True,True
941,0.32629039883613586,1.618275048616469e-07,0.46275056074169607,1.0150116461222376e-06,OFFLOADED,1.0,No,1.0,1.0,1.0,False,False
942,0.41299766302108765,0.00017738658501705368,0.8218119175573682,0.40932209249885404,OFFLOADED,1.0,No,1.0,1.0,1.0,False,True
943,0.26334699988365173,2.0334995405152335e-14,0.5043602559138023,9.771182992769612e-06,OFFLOADED,1.0,No,1.0,1.0,1.0,False,False
944,0.3941296339035034,6.0732729918987564e-05,0.9768394235193217,0.9968679720036332,OFFLOADED,0.0,Yes,0.0,0.0,0.0,False,True
945,0.5684252381324768,0.041800516609174,0.5842912434724519,0.00034814574684783456,OFFLOADED,1.0,No,1.0,1.0,1.0,True,False
946,0.40513235330581665,0.00011031577710607909,0.5726944350547325,0.00021282328484265907,OFFLOADED,1.0,No,1.0,1.0,1.0,False,False
947,0.31395602226257324,2.322466277464096e-08,0.3787740913647627,6.3933047253630526e-09,OFFLOADED,1.0,No,1.0,1.0,1.0,False,False
948,0.39599210023880005,6.37955082520945e-05,0.7840453905240805,0.1945412720862903,OFFLOADED,1.0,No,1.0,0.0,1.0,False,False
949,0.33373990654945374,3.70524421400211e-07,0.5226048881837748,1.951673134823648e-05,OFFLOADED,1.0,No,1.0,1.0,0.0,False,False
950,0.33961740136146545,6.620236201428697e-07,0.6007921810869405,0.0006286113668021997,OFFLOADED,1.0,No,1.0,1.0,1.0,False,False
951,0.4889853298664093,0.004434981354735827,0.7902595040247956,0.22923272866547487,OFFLOADED,0.0,Yes,0.0,0.0,0.0,False,False
952,0.8528608679771423,0.8643115067206647,0.9021327274051575,0.8990026348165405,ACCEPTED,1.0,No,1.0,1.0,0.0,True,True
953,0.2547593116760254,6.036404963782331e-16,0.22426935656820687,1.8183729577407054e-11,OFFLOADED,1.0,No,1.0,1.0,0.0,False,False
954,0.3634733259677887,5.4488246392557925e-06,0.892555593837627,0.8623305125338623,OFFLOADED,1.0,No,1.0,0.0,0.0,False,True
955,0.36270013451576233,4.7806700314069435e-06,0.8317565348043304,0.479361690479763,OFFLOADED,1.0,No,0.0,1.0,0.0,False,False
956,0.5453203916549683,0.022791974966934487,0.8725289654417155,0.7637675475359708,OFFLOADED,1.0,No,1.0,1.0,1.0,False,True
957,0.27455008029937744,8.812286156855566e-13,0.9766170005821336,0.9968376521587995,OFFLOADED,0.0,Yes,0.0,0.0,0.0,False,True
958,0.38835370540618896,3.82586495995602e-05,0.7985295426287434,0.2684339945234513,OFFLOADED,1.0,No,1.0,1.0,1.0,False,False
959,0.2665713131427765,4.882151574440666e-14,0.6000421715364008,0.0005515288862488396,OFFLOADED,1.0,No,1.0,1.0,1.0,False,False
960,0.3163997530937195,2.250261859726396e-08,0.3351937553065556,5.661909989407211e-10,OFFLOADED,1.0,No,1.0,1.0,1.0,False,False
961,0.7678409814834595,0.5709471495183284,0.7692432057293507,0.14577877123560573,OFFLOADED,0.0,Yes,0.0,0.0,0.0,True,False
962,0.25050386786460876,3.2968424234227667e-16,0.3989234052918603,1.8181634731996926e-08,OFFLOADED,1.0,No,1.0,1.0,1.0,False,False
963,0.6203088760375977,0.1375554453809862,0.7107162154872072,0.03932508402010003,OFFLOADED,1.0,No,1.0,1.0,1.0,False,False
964,0.29410892724990845,2.521448290062229e-10,0.7194050764489708,0.0488940783527461,OFFLOADED,1.0,No,1.0,0.0,1.0,False,False
965,0.25040173530578613,2.7867611936719667e-16,0.25124280678031197,2.409945203947242e-11,OFFLOADED,1.0,No,1.0,1.0,1.0,False,False
966,0.262420654296875,6.921539254654859e-15,0.3365232547905258,5.624507690321137e-10,OFFLOADED,1.0,No,1.0,1.0,1.0,False,False
967,0.8051924705505371,0.708798703749057,0.9305168540646986,0.9627736879783766,OFFLOADED,0.0,Yes,0.0,0.0,0.0,True,False
968,0.2541716694831848,3.15354501283367e-16,0.25777714601909973,2.5259427345781743e-11,OFFLOADED,1.0,No,1.0,1.0,1.0,False,False
969,0.2681303322315216,7.6894545348897e-14,0.31809178876068495,2.1940679128961642e-10,OFFLOADED,1.0,No,1.0,1.0,1.0,False,False
970,0.42320236563682556,0.0002683184081338089,0.67823328550001,0.012176141914357648,OFFLOADED,1.0,No,1.0,0.0,0.0,False,False
971,0.8120761513710022,0.7444231982425249,1.0,1.0,ACCEPTED,0.0,Yes,0.0,0.0,0.0,True,True
972,0.2516953647136688,2.196339108102187e-16,0.31628371988749754,2.0061043898520003e-10,OFFLOADED,1.0,No,1.0,1.0,1.0,False,False
973,0.25231704115867615,2.12715224344778e-16,0.8443859211932343,0.5410905103909223,OFFLOADED,1.0,No,1.0,0.0,1.0,False,True
974,0.34867236018180847,9.87644155934872e-07,0.38286095000702813,6.73279967236227e-09,OFFLOADED,1.0,No,1.0,0.0,0.0,False,False
975,0.26962482929229736,1.2582068037435443e-13,0.3447347082705177,9.361339885801107e-10,OFFLOADED,1.0,No,1.0,1.0,1.0,False,False
976,0.34584641456604004,7.583506502533189e-07,0.7554957963700316,0.12243588996329656,OFFLOADED,1.0,No,1.0,1.0,1.0,False,False
977,0.4798063635826111,0.003096990273946508,0.3814551730732815,6.24765344356417e-09,OFFLOADED,1.0,No,1.0,1.0,1.0,False,False
978,0.35106539726257324,1.0595147473162438e-06,0.7763137747335985,0.17610156099614316,OFFLOADED,1.0,No,1.0,1.0,1.0,False,False
979,0.5851809978485107,0.06264277640780526,0.9885372663572655,0.9992329627953767,OFFLOADED,1.0,No,1.0,1.0,0.0,False,True
980,0.2894161343574524,4.1084050073271885e-11,0.6389617935713602,0.0022726866580477065,OFFLOADED,1.0,No,1.0,1.0,1.0,False,False
981,0.35387319326400757,1.2992152160389886e-06,0.7802727042437309,0.18073202738410282,OFFLOADED,1.0,No,1.0,1.0,0.0,False,False
982,0.25352001190185547,1.4074287897797453e-16,0.6182704970391502,0.0009568467593517459,OFFLOADED,1.0,No,0.0,0.0,1.0,False,False
983,0.27621352672576904,7.367253566963368e-13,0.5622561143496984,0.00010614119225361347,OFFLOADED,1.0,No,1.0,1.0,1.0,False,False
984,0.25322607159614563,1.2131225068666137e-16,0.256936081149541,1.7317831105416786e-11,OFFLOADED,1.0,No,1.0,1.0,1.0,False,False
985,0.8072454929351807,0.7371791870026474,0.7588160991036028,0.11334999110685334,OFFLOADED,0.0,Yes,0.0,0.0,0.0,False,False
986,0.7161911129951477,0.42267803039767043,0.6072622006570162,0.0007385061465181088,OFFLOADED,1.0,No,1.0,1.0,1.0,False,False
987,0.25584447383880615,1.9930356676417478e-16,0.1873735098878157,5.054540488309786e-12,OFFLOADED,1.0,No,1.0,1.0,1.0,False,False
988,0.754181444644928,0.5457597050318844,0.9848276150990831,0.9987358735694267,OFFLOADED,0.0,Yes,0.0,0.0,0.0,False,True
989,0.2636979818344116,6.303634121855878e-15,0.5684021559233652,0.0001382486304581933,OFFLOADED,1.0,No,1.0,1.0,1.0,False,False
990,0.30047643184661865,7.671453503016432e-10,0.5247586262379703,1.5490071569418803e-05,OFFLOADED,1.0,No,0.0,1.0,1.0,False,False
991,0.9272472858428955,0.9775712802999684,0.9823285133197625,0.9984069953088878,ACCEPTED,0.0,Yes,0.0,0.0,0.0,True,True
992,0.7190151810646057,0.42936712666278204,0.8531442767852895,0.6138884719627075,OFFLOADED,0.0,Yes,0.0,0.0,0.0,False,False
993,0.0,0.0,0.7636884669806316,0.13341428558952043,OFFLOADED,0.0,Yes,0.0,0.0,0.0,False,False
994,0.8876323699951172,0.9521366135905832,0.8174166606708365,0.3767134945700176,ACCEPTED,1.0,No,1.0,1.0,1.0,True,True
995,0.2504240572452545,8.803826525120352e-17,0.8934601170395984,0.869022497137381,OFFLOADED,1.0,No,0.0,1.0,0.0,False,True
996,0.8725337982177734,0.9277329949889795,0.8864314696106882,0.8298810021257504,OFFLOADED,0.0,Yes,0.0,0.0,0.0,False,True
997,0.666158139705658,0.27658439100758564,0.8252226432291496,0.4130135711217878,OFFLOADED,1.0,No,1.0,1.0,1.0,False,False
998,0.5084879994392395,0.007387548227852905,0.7537019910839776,0.10714505706870461,OFFLOADED,1.0,No,1.0,1.0,1.0,False,False
999,0.4116354286670685,0.00010925324543271412,0.3510150749044675,8.596798887024019e-10,OFFLOADED,1.0,No,1.0,1.0,1.0,False,False
1000,0.36951935291290283,5.8130375677087765e-06,0.5096853519070144,6.804494465663824e-06,OFFLOADED,1.0,No,1.0,1.0,1.0,False,False
1001,0.2788389325141907,1.117134817037757e-12,0.5512979164868057,5.147760295921379e-05,OFFLOADED,0.0,Yes,0.0,0.0,0.0,False,False
1002,0.6464690566062927,0.20828758240114648,0.6077797146417445,0.0006719209348241737,OFFLOADED,1.0,No,1.0,1.0,1.0,False,False
1003,0.26243460178375244,2.6659263645436185e-15,0.25556217932017355,1.1581751835972177e-11,OFFLOADED,1.0,No,1.0,1.0,1.0,False,False
1004,0.25717419385910034,2.5720970114863615e-16,0.39909287956426365,1.2090821925684952e-08,OFFLOADED,1.0,No,1.0,1.0,1.0,False,False
1005,0.2535403072834015,7.168377284279284e-17,0.8011498623130938,0.2590713639316445,OFFLOADED,1.0,No,1.0,0.0,1.0,False,False
1006,0.27643606066703796,5.875866844871195e-13,0.46410207696525685,5.435981428438302e-07,OFFLOADED,1.0,No,1.0,1.0,1.0,False,False
1007,0.5180338025093079,0.008376275632589228,0.6594500161446569,0.00471860415965687,OFFLOADED,1.0,No,1.0,1.0,1.0,False,False
1008,0.27398791909217834,2.781624525862854e-13,0.8137426712062347,0.3375857324126671,OFFLOADED,1.0,No,1.0,1.0,0.0,False,False
1009,0.3221954107284546,2.4066039623119997e-08,0.5063803974969956,5.275729013173272e-06,OFFLOADED,1.0,No,1.0,1.0,1.0,False,False
1010,0.30648037791252136,1.7755129251327126e-09,0.8097803178118617,0.3034760672532098,OFFLOADED,1.0,No,0.0,1.0,1.0,False,True
1011,0.863586962223053,0.9090467823780908,0.5488297234248319,4.2047240333192243e-05,OFFLOADED,0.0,Yes,0.0,0.0,0.0,True,False
1012,0.3860281705856323,2.0396598897416234e-05,0.4975255040651014,3.2310331667758986e-06,OFFLOADED,1.0,No,1.0,1.0,1.0,False,False
1013,0.3074977993965149,1.989872145544876e-09,0.5520553727904308,5.024581861290744e-05,OFFLOADED,1.0,No,1.0,1.0,1.0,False,False
1014,0.3800645172595978,1.1939807264799983e-05,0.5738258152489604,0.00013997150343710038,OFFLOADED,1.0,No,1.0,1.0,1.0,False,False
1015,0.0,0.0,0.7371259836241975,0.06776190883007024,OFFLOADED,0.0,Yes,0.0,0.0,0.0,False,False
1016,0.2587919235229492,3.159303380023513e-16,0.4586947819134464,3.0026657505231243e-07,OFFLOADED,1.0,No,1.0,1.0,1.0,False,False
1017,0.31050217151641846,3.316643899261408e-09,0.5981233114456933,0.00038856692500842854,OFFLOADED,1.0,No,1.0,1.0,1.0,False,False
1018,0.2652301788330078,5.784191901448908e-15,0.3513609303304865,4.986731421783216e-10,OFFLOADED,1.0,No,1.0,1.0,1.0,False,False
1019,0.26555851101875305,6.3675811014342294e-15,0.44335723572456404,1.0431988166644517e-07,OFFLOADED,1.0,No,0.0,1.0,1.0,False,False
1020,0.25651752948760986,8.278580871290097e-17,0.21787340616149137,2.8529001592246586e-12,OFFLOADED,1.0,No,1.0,1.0,1.0,False,False
1021,0.3234806954860687,2.4084534242107342e-08,0.7436932532836021,0.08240201766610962,OFFLOADED,1.0,No,1.0,1.0,1.0,False,False
1022,0.8631858229637146,0.9127379219787909,0.9854930373714452,0.9989249991163969,ACCEPTED,0.0,Yes,0.0,0.0,0.0,True,True
1023,0.27745407819747925,4.550904090248205e-13,0.4526405223158055,1.744125679441702e-07,OFFLOADED,1.0,No,1.0,1.0,1.0,False,False
1024,0.8790110349655151,0.945077459938626,0.8265232951674132,0.3910089777437644,ACCEPTED,0.0,Yes,0.0,0.0,0.0,True,True
1025,0.28223916888237,1.8179766959202646e-12,0.2686432713156431,8.360703784691804e-12,OFFLOADED,1.0,No,1.0,1.0,1.0,False,False
1026,0.2669775187969208,9.423734749204043e-15,0.7394434517045444,0.074123785853156,OFFLOADED,1.0,No,1.0,1.0,1.0,False,False
1027,0.2778463661670685,4.554931211248203e-13,0.9050508633776432,0.9030846905501528,OFFLOADED,1.0,No,1.0,1.0,1.0,False,True
1028,0.26272520422935486,1.1393556820453517e-15,0.9865831525547784,0.9990883162644888,OFFLOADED,0.0,Yes,0.0,0.0,0.0,False,True
1029,0.9412730932235718,0.9864343502449268,0.9239260443675736,0.9514518367220983,ACCEPTED,0.0,Yes,0.0,0.0,0.0,True,True
1030,0.7811353802680969,0.6602672860723833,1.0,1.0,OFFLOADED,0.0,Yes,0.0,0.0,0.0,False,True
1031,0.2599565386772156,3.3311313026806325e-16,0.12932574415591067,9.053144006425243e-13,OFFLOADED,1.0,No,1.0,1.0,1.0,False,False
1032,0.9149464964866638,0.9783301716849107,0.9121885100796566,0.9243459862341147,ACCEPTED,1.0,No,1.0,1.0,0.0,True,True
1033,0.2871754467487335,8.059809255497168e-12,0.38210596894017473,2.126358607351285e-09,OFFLOADED,1.0,No,1.0,0.0,0.0,False,False
1034,0.30790314078330994,1.7814375406755222e-09,0.37946570422664244,1.9427650980870733e-09,OFFLOADED,1.0,No,1.0,1.0,1.0,False,False
1035,0.28500276803970337,3.849454229138473e-12,0.30896156562116844,3.68953958698816e-11,OFFLOADED,1.0,No,1.0,1.0,1.0,False,False
1036,0.8704822659492493,0.9380356680401476,0.6948460141042202,0.02005895011089769,OFFLOADED,1.0,No,1.0,1.0,1.0,True,False
1037,0.25169241428375244,1.7632243982782677e-17,0.49510581626402517,2.0178158633412446e-06,OFFLOADED,1.0,No,1.0,1.0,1.0,False,False
1038,0.2545730173587799,2.3604295845973077e-17,0.4943159006969353,1.8184995601723667e-06,OFFLOADED,1.0,No,1.0,1.0,1.0,False,False
1039,0.6544226408004761,0.22978711334332702,0.3687231941412096,9.220791473063366e-10,OFFLOADED,1.0,No,1.0,1.0,1.0,False,False
1040,0.28458330035209656,3.0916330489120236e-12,0.96190935717789,0.9918337489399771,OFFLOADED,1.0,No,1.0,0.0,0.0,False,True
1041,0.4003964066505432,4.7577545100077335e-05,0.940195631670116,0.9756664092768081,OFFLOADED,1.0,No,1.0,1.0,0.0,False,True
1042,0.2525864243507385,1.4014410016013463e-17,0.15231506684750293,7.70613507691022e-13,OFFLOADED,1.0,No,1.0,1.0,1.0,False,False
1043,0.2901492416858673,1.8946740243718226e-11,0.43427596157138854,4.0462439763433164e-08,OFFLOADED,1.0,No,1.0,1.0,1.0,False,False
1044,0.9348257184028625,0.9840179880326311,0.9061247753451683,0.8992454087340435,ACCEPTED,0.0,Yes,0.0,0.0,0.0,True,True
1045,0.40752077102661133,6.866765408809156e-05,0.709298925083859,0.03060846743281769,OFFLOADED,1.0,No,1.0,1.0,1.0,False,False
1046,0.46073421835899353,0.0011302926528370953,0.6286550316245397,0.0010280151516708473,OFFLOADED,1.0,No,1.0,1.0,0.0,False,False
1047,0.4345338046550751,0.000333301040319036,0.36781446961866343,7.017189935903889e-10,OFFLOADED,1.0,No,1.0,1.0,1.0,False,False
1048,0.29942062497138977,2.1451948010571064e-10,0.7249237708916875,0.047676756388614884,OFFLOADED,1.0,No,1.0,0.0,0.0,False,False
1049,0.0,0.0,0.5476029342428265,3.0505049661989192e-05,OFFLOADED,0.0,Yes,0.0,0.0,0.0,False,False
1050,0.3552350401878357,7.431707983770385e-07,0.6475811554778034,0.0022859545630851035,OFFLOADED,1.0,No,0.0,0.0,1.0,False,False
1051,0.7609089016914368,0.5994471181764965,1.0,1.0,OFFLOADED,1.0,No,1.0,1.0,1.0,False,True
1052,0.8548903465270996,0.8932812394000719,0.7313481902360223,0.05806424865612364,OFFLOADED,0.0,Yes,0.0,0.0,0.0,True,False
1053,0.2539360821247101,1.101287435966833e-17,0.22209400598270437,1.6994076148589593e-12,OFFLOADED,1.0,No,1.0,1.0,1.0,False,False
1054,0.2637510895729065,9.51886858440286e-16,0.4169819623813846,1.566295374221795e-08,OFFLOADED,1.0,No,1.0,1.0,1.0,False,False
1055,0.5871066451072693,0.05679428720087528,0.857684935266177,0.6472141045386335,OFFLOADED,1.0,No,1.0,1.0,1.0,False,False
1056,0.2929806113243103,3.215654322658175e-11,0.5966587095673793,0.00031563117999870895,OFFLOADED,1.0,No,0.0,0.0,1.0,False,False
1057,0.278859943151474,2.6922773640802457e-13,0.24901568695025153,2.911443914865066e-12,OFFLOADED,1.0,No,1.0,1.0,1.0,False,False
1058,0.34904712438583374,3.3310842141274903e-07,0.6354168285179597,0.001529292355569454,OFFLOADED,1.0,No,0.0,1.0,0.0,False,False
1059,0.4645824134349823,0.0011349722450003728,0.665502463069557,0.005098575331309798,OFFLOADED,1.0,No,1.0,1.0,1.0,False,False
1060,0.31265759468078613,2.5867944125187318e-09,0.5153817761083149,5.871352216338012e-06,OFFLOADED,1.0,No,1.0,1.0,1.0,False,False
1061,0.251822292804718,5.5149807796300656e-18,0.27429419975840313,5.322438090875819e-12,OFFLOADED,1.0,No,1.0,1.0,0.0,False,False
1062,0.3064311742782593,6.585129915268744e-10,1.0,1.0,OFFLOADED,1.0,No,1.0,1.0,1.0,False,True
1063,0.26108914613723755,1.735232894132901e-16,0.5260280146277672,1.035417794569595e-05,OFFLOADED,1.0,No,1.0,1.0,1.0,False,False
1064,0.41890308260917664,0.00010554262921682639,0.5127161952522217,4.485646090283294e-06,OFFLOADED,1.0,No,1.0,1.0,1.0,False,False
1065,0.2525351047515869,4.551515263583286e-18,0.530993026286291,1.3124133418785897e-05,OFFLOADED,1.0,No,1.0,1.0,1.0,False,False
1066,0.27311909198760986,3.4434323492843586e-14,0.64324760249519,0.001940126428218923,OFFLOADED,1.0,No,0.0,0.0,1.0,False,False
1067,0.28286704421043396,7.028467508571013e-13,0.4057899096178263,6.424947119173975e-09,OFFLOADED,1.0,No,1.0,1.0,1.0,False,False
1068,0.4888227581977844,0.002935901516686745,0.6757641686571227,0.008628288142844307,OFFLOADED,0.0,Yes,0.0,0.0,0.0,False,False
1069,0.27663454413414,9.335295418539347e-14,0.46900625596778694,3.300763598533613e-07,OFFLOADED,1.0,No,1.0,1.0,1.0,False,False
1070,0.25357505679130554,4.381833332984902e-18,0.1762529216376628,5.325877059169702e-13,OFFLOADED,1.0,No,1.0,1.0,1.0,False,False
1071,0.4239099323749542,0.00014705163173421617,0.5497993691171765,3.890573609661899e-05,OFFLOADED,1.0,No,1.0,1.0,1.0,False,False
1072,0.2821129262447357,4.927760390150951e-13,0.5268898016503711,1.0111392488805439e-05,OFFLOADED,1.0,No,0.0,1.0,1.0,False,False
1073,0.2602503001689911,7.812354873508926e-17,0.8375987663812281,0.4746260816900162,OFFLOADED,1.0,No,0.0,1.0,1.0,False,True
1074,0.8774176836013794,0.9457298217008169,0.49082938098202433,1.0832953713089698e-06,OFFLOADED,1.0,No,1.0,1.0,1.0,True,False
1075,0.0,0.0,0.5867505998565774,0.00021119610057838473,OFFLOADED,0.0,Yes,0.0,0.0,0.0,False,False
1076,0.26166796684265137,1.5521856294546756e-16,0.7654891505289774,0.12160377522920149,OFFLOADED,1.0,No,1.0,0.0,0.0,False,False
1077,0.7870147824287415,0.6748357552877196,0.9786602159845306,0.9977718602071055,OFFLOADED,0.0,Yes,0.0,0.0,0.0,False,True
1078,0.6416712999343872,0.1777891242092333,0.5175582809031716,5.662595674255417e-06,OFFLOADED,1.0,No,1.0,1.0,1.0,False,False
1079,0.43711239099502563,0.0003140816104118613,0.6569101009500512,0.0037785749195286913,OFFLOADED,1.0,No,1.0,1.0,1.0,False,False
1080,0.8753159642219543,0.9417957381173158,0.8207826153146743,0.35027243519941714,OFFLOADED,0.0,Yes,0.0,0.0,0.0,True,False
1081,0.4978589713573456,0.004115829278752936,0.18489203685101457,4.639087994317149e-13,OFFLOADED,1.0,No,1.0,1.0,1.0,False,False
1082,0.2564561665058136,8.394579530693544e-18,0.5159333035785745,4.759175480995667e-06,OFFLOADED,1.0,No,1.0,1.0,0.0,False,False
1083,0.252464234828949,2.3124719316576383e-18,0.38915905922929245,1.6011876188816848e-09,OFFLOADED,1.0,No,1.0,1.0,1.0,False,False
1084,0.2592645287513733,3.644474841095029e-17,0.4789237585987446,4.591372832835892e-07,OFFLOADED,1.0,No,1.0,0.0,1.0,False,False
1085,0.9008285403251648,0.9700482452377445,1.0,1.0,ACCEPTED,0.0,Yes,0.0,0.0,0.0,True,True
1086,0.29252222180366516,1.6971297114518315e-11,0.3244732703176131,3.493532540837242e-11,OFFLOADED,1.0,No,1.0,1.0,1.0,False,False
1087,0.5279278755187988,0.009162872716663493,0.5576061009828802,5.331723136141412e-05,OFFLOADED,1.0,No,1.0,1.0,1.0,False,False
1088,0.25784215331077576,1.6337002057148206e-17,0.6469165696257814,0.0025033633258023337,OFFLOADED,1.0,No,1.0,1.0,0.0,False,False
1089,0.4111175537109375,4.819340159674716e-05,0.8059919483782543,0.28053517192060207,OFFLOADED,1.0,No,1.0,1.0,1.0,False,True
1090,0.2515757977962494,1.5605668605702008e-18,0.7828084675169245,0.17416216124150685,OFFLOADED,1.0,No,0.0,1.0,0.0,False,False
1091,0.3553949296474457,4.411534519784503e-07,0.6980418720954529,0.021120517918557524,OFFLOADED,1.0,No,1.0,1.0,1.0,False,False
1092,0.2761153280735016,4.677080128239209e-14,0.8285497143572111,0.3983079852900835,OFFLOADED,1.0,No,0.0,1.0,1.0,False,False
1093,0.8348338007926941,0.8454874132768943,0.9264886166876196,0.9543965893148638,ACCEPTED,0.0,Yes,0.0,0.0,0.0,True,True
1094,0.8813158869743347,0.9555478211161337,0.8707305588409525,0.7213212989886759,OFFLOADED,0.0,Yes,0.0,0.0,0.0,True,False
1095,0.3034796714782715,2.3232233206990628e-10,0.6575308313777993,0.0030886896269627737,OFFLOADED,1.0,No,1.0,0.0,1.0,False,False
1096,0.2515701949596405,1.2494656305125057e-18,0.3595790329340507,2.2593382398788697e-10,OFFLOADED,1.0,No,0.0,1.0,1.0,False,False
1097,0.2824852764606476,3.4929417510032317e-13,0.7979736613475585,0.221172323031966,OFFLOADED,1.0,No,1.0,1.0,1.0,False,False
1098,0.28493013978004456,8.388118866460592e-13,0.768302298630867,0.11841228451272873,OFFLOADED,1.0,No,0.0,0.0,1.0,False,False
1099,0.376405268907547,4.063236125768812e-06,0.5204255898249499,4.787536298973041e-06,OFFLOADED,1.0,No,1.0,1.0,1.0,False,False
1100,0.32120683789253235,6.355608941774097e-09,0.32691898293059374,2.739588635343786e-11,OFFLOADED,1.0,No,1.0,1.0,1.0,False,False
1101,0.381648451089859,6.110189757243629e-06,0.9007080165847667,0.8824717528285662,OFFLOADED,0.0,Yes,0.0,0.0,0.0,False,True
1102,0.7244945764541626,0.4531275298192431,0.8931969471532848,0.8623942922697782,ACCEPTED,0.0,Yes,0.0,0.0,0.0,True,True
1103,0.8752912878990173,0.9527242006066652,1.0,1.0,ACCEPTED,0.0,Yes,0.0,0.0,0.0,True,True
1104,0.6942172646522522,0.3599902536724851,0.7694063736445458,0.1289656588858607,OFFLOADED,0.0,Yes,0.0,0.0,0.0,False,True
1105,0.26509812474250793,4.816661317522411e-16,0.7208481561234767,0.04650845072661426,OFFLOADED,1.0,No,1.0,0.0,0.0,False,False
1106,0.2969467043876648,4.94406733951969e-11,0.4929541269593379,1.007881971909956e-06,OFFLOADED,1.0,No,1.0,1.0,1.0,False,False
1107,0.2530078887939453,1.0678835044477236e-18,0.3836061235988906,8.540137389202272e-10,OFFLOADED,1.0,No,1.0,1.0,1.0,False,False
1108,0.29302144050598145,1.43398137599406e-11,0.37467033705491304,4.773733594801978e-10,OFFLOADED,1.0,No,1.0,1.0,1.0,False,False
1109,0.3328630030155182,4.806387238577504e-08,0.7815930993041638,0.16819182692586027,OFFLOADED,1.0,No,1.0,0.0,0.0,False,False
1110,0.29972565174102783,8.876410945285815e-11,0.3844447793991958,8.704355805843293e-10,OFFLOADED,1.0,No,1.0,1.0,1.0,False,False
1111,0.47540992498397827,0.0016381880908968285,0.6719571950714195,0.007637985295377987,OFFLOADED,1.0,No,1.0,0.0,1.0,False,False
1112,0.7051931023597717,0.4095884617424111,0.9132394003104005,0.9340790458073507,ACCEPTED,1.0,No,0.0,0.0,1.0,True,True
1113,0.38152819871902466,6.266926618485253e-06,1.0,1.0,OFFLOADED,1.0,No,1.0,1.0,0.0,False,True
1114,0.8062635660171509,0.7817456397209399,0.9219490051632971,0.9572823987320461,ACCEPTED,0.0,Yes,0.0,0.0,0.0,True,True
1115,0.8654848337173462,0.9416223510848661,1.0,1.0,ACCEPTED,0.0,Yes,0.0,0.0,0.0,True,True
1116,0.3910076916217804,1.2943708135216228e-05,0.39801404635644533,2.4611367420524427e-09,OFFLOADED,1.0,No,1.0,1.0,1.0,False,False
1117,0.5896160006523132,0.058922246327298436,0.5995731043844945,0.0004066816184141787,OFFLOADED,1.0,No,0.0,1.0,0.0,False,False
1118,0.3776993751525879,3.835748470375364e-06,0.3623692119699012,2.1162633652553649e-10,OFFLOADED,1.0,No,1.0,1.0,1.0,False,False
1119,0.3338013291358948,3.797602012051284e-08,0.6894205792389324,0.018560497518340414,OFFLOADED,1.0,No,1.0,0.0,0.0,False,False
1120,0.3201497793197632,3.829650298121506e-09,0.46487801335513806,1.8066846473151836e-07,OFFLOADED,1.0,No,1.0,1.0,1.0,False,False
1121,0.3830437660217285,5.909651178700032e-06,0.6072654685193901,0.0005856885417386169,OFFLOADED,1.0,No,1.0,1.0,1.0,False,False
1122,0.28831079602241516,1.3498684579868278e-12,0.47031095791308825,2.3154688691465504e-07,OFFLOADED,1.0,No,1.0,1.0,1.0,False,False
1123,0.2770099341869354,2.2859470618143375e-14,0.4279296967533807,1.259134576639844e-08,OFFLOADED,1.0,No,1.0,1.0,1.0,False,False
1124,0.9570190906524658,0.9937365309475279,1.0,1.0,OFFLOADED,0.0,Yes,0.0,0.0,0.0,False,True
1125,0.6706258654594421,0.2724605820751681,0.812776012414416,0.31145555853230733,OFFLOADED,0.0,Yes,0.0,0.0,0.0,False,True
1126,0.7099031805992126,0.42593864318406743,0.7252681694663586,0.062260350639370285,ACCEPTED,1.0,No,1.0,1.0,1.0,True,True
1127,0.301273375749588,7.425401174638293e-11,0.8399026211167986,0.500909554173039,OFFLOADED,1.0,No,1.0,0.0,0.0,False,True
1128,0.35123321413993835,1.9073570468158953e-07,0.6334210053475304,0.0015656160543097452,OFFLOADED,0.0,Yes,0.0,0.0,0.0,False,False
1129,0.2616657316684723,3.2691576123618684e-17,0.35936276069726947,1.4972408736007037e-10,OFFLOADED,1.0,No,1.0,1.0,0.0,False,False
1130,0.0,0.0,0.2846375404971625,2.2522659850710643e-12,OFFLOADED,0.0,Yes,0.0,0.0,0.0,False,False
1131,0.2966304123401642,2.336832285045145e-11,0.29047107180071985,2.951671053551765e-12,OFFLOADED,1.0,No,0.0,1.0,1.0,False,False
1132,0.6272329092025757,0.13748995929421332,0.8365760617572124,0.4895024818767502,OFFLOADED,0.0,Yes,0.0,0.0,0.0,False,True
1133,0.810169517993927,0.80617708072314,0.887663967126407,0.8620440944972111,OFFLOADED,0.0,Yes,0.0,0.0,0.0,True,False
1134,0.8448629379272461,0.9014054072272678,0.7462756521576743,0.09978542427824076,OFFLOADED,0.0,Yes,0.0,0.0,0.0,True,False
1135,0.9095379710197449,0.9842454943021608,0.9487128979394291,0.9886718199264071,ACCEPTED,0.0,Yes,0.0,0.0,0.0,True,True
1136,0.40588393807411194,3.2733716346742334e-05,0.4934378191632103,1.1890902412966875e-06,OFFLOADED,1.0,No,1.0,1.0,0.0,False,False
1137,0.8435957431793213,0.9041732714403694,1.0,1.0,ACCEPTED,0.0,Yes,0.0,0.0,0.0,True,True
1138,0.25668618083000183,1.8802030168734385e-18,0.4576730094266427,1.0958874147320438e-07,OFFLOADED,1.0,No,1.0,1.0,1.0,False,False
1139,0.27192461490631104,4.069911784499663e-15,0.36862786205748294,2.495718795536395e-10,OFFLOADED,1.0,No,1.0,1.0,1.0,False,False
1140,0.6896976232528687,0.35979131942365866,0.6913703317751512,0.023097506802866534,OFFLOADED,1.0,No,0.0,0.0,1.0,False,False
1141,0.3517051935195923,2.0833314432559098e-07,0.6803945898675838,0.0159939328100706,OFFLOADED,1.0,No,1.0,1.0,1.0,False,False
1142,0.7804120182991028,0.7021295744726307,0.8276752507193882,0.4443420275264038,OFFLOADED,0.0,Yes,0.0,0.0,0.0,True,False
1143,0.27188992500305176,3.5046373165332855e-15,0.13814850610862175,1.1359509223203021e-13,OFFLOADED,1.0,No,1.0,1.0,1.0,False,False
1144,0.8520947098731995,0.9290611835033932,0.9375684536055595,0.9826040351528661,OFFLOADED,0.0,Yes,0.0,0.0,0.0,True,False
1145,0.3144383728504181,1.3485177316423086e-09,0.7842947666986665,0.21819513247271496,OFFLOADED,1.0,No,0.0,1.0,1.0,False,False
1146,0.29537147283554077,1.4147770125035e-11,0.7831041160833166,0.20393179608309844,OFFLOADED,1.0,No,1.0,1.0,1.0,False,False
1147,0.25947579741477966,6.4459413957242135e-18,0.2657230814678552,9.279412134742326e-13,OFFLOADED,1.0,No,1.0,1.0,1.0,False,False
1148,0.25938287377357483,5.783285522326266e-18,0.7243510065929085,0.06175561957867652,OFFLOADED,1.0,No,1.0,1.0,0.0,False,True
1149,0.32064613699913025,3.634591627771509e-09,0.3813830025342107,4.657446461129732e-10,OFFLOADED,1.0,No,1.0,1.0,1.0,False,False
1150,0.41238147020339966,4.674485833189232e-05,0.3095901947275854,5.259319685434232e-12,OFFLOADED,1.0,No,1.0,1.0,1.0,False,False
1151,0.2686864137649536,7.112267257391993e-16,0.876194341543062,0.8139649451928914,OFFLOADED,1.0,No,1.0,0.0,0.0,False,True
1152,0.7329007983207703,0.5185755151752939,0.8746030098855858,0.8126827956313356,OFFLOADED,1.0,No,1.0,1.0,1.0,False,True
1153,0.42574289441108704,0.00011895393075633126,0.9874848958954089,0.9995791125063859,OFFLOADED,1.0,No,1.0,0.0,0.0,False,True
1154,0.2577410340309143,1.8821518054001063e-18,0.43984360222979396,2.7361441628579597e-08,OFFLOADED,1.0,No,1.0,1.0,1.0,False,False
1155,0.27803313732147217,1.9602530798550315e-14,0.40119135778400583,2.0261612727003345e-09,OFFLOADED,1.0,No,1.0,1.0,0.0,False,False
1156,0.3448643982410431,9.218939608037435e-08,0.880520521412543,0.8363592902585958,OFFLOADED,0.0,Yes,0.0,0.0,0.0,False,True
1157,0.8065083026885986,0.8147258559078591,0.9726334489884759,0.9978551404495339,ACCEPTED,1.0,No,1.0,1.0,1.0,True,True
1158,0.25608181953430176,5.60300973650036e-19,0.8127201140516551,0.3445228233717763,OFFLOADED,1.0,No,1.0,1.0,0.0,False,False
1159,0.2803848087787628,4.509137050977178e-14,0.36724170459895644,1.569275926084464e-10,OFFLOADED,1.0,No,1.0,1.0,1.0,False,False
1160,0.6381329298019409,0.16903172258504126,0.8248036488592667,0.41431578753405357,OFFLOADED,1.0,No,1.0,1.0,1.0,False,False
1161,0.30298346281051636,8.11876506841022e-11,0.4670548173822833,1.5596270069660082e-07,OFFLOADED,1.0,No,1.0,1.0,1.0,False,False
1162,0.262641578912735,2.375298039159941e-17,0.23763026492367825,2.4161171979627553e-13,OFFLOADED,1.0,No,1.0,1.0,1.0,False,False
1163,0.2589806914329529,2.616999305973521e-18,0.3604954968109063,8.679062034067841e-11,OFFLOADED,1.0,No,1.0,1.0,1.0,False,False
1164,0.3654341399669647,8.360794898812517e-07,0.628807952481675,0.0012381980559703438,OFFLOADED,1.0,No,1.0,1.0,1.0,False,False
1165,0.2724526822566986,2.361111897950746e-15,0.3149374932190948,4.4735642326166324e-12,OFFLOADED,1.0,No,1.0,1.0,1.0,False,False
1166,0.27109310030937195,1.308619146782318e-15,0.8733064914896885,0.7932479471973878,OFFLOADED,0.0,Yes,0.0,0.0,0.0,False,True
1167,0.26906901597976685,5.947090806600315e-16,0.3260358137687446,8.494505169716539e-12,OFFLOADED,1.0,No,1.0,1.0,1.0,False,False
1168,0.2564546465873718,4.509300679169594e-19,0.502475249363027,1.7085546201991497e-06,OFFLOADED,1.0,No,0.0,1.0,1.0,False,False
1169,0.26361843943595886,3.404558069750348e-17,0.6868197580577601,0.017049183804365,OFFLOADED,1.0,No,1.0,1.0,0.0,False,False
1170,0.25809723138809204,1.3352360021720318e-18,0.3262559968188894,7.247998501917369e-12,OFFLOADED,1.0,No,1.0,1.0,1.0,False,False
1171,0.8998139500617981,0.9821475249428719,0.9669881170678238,0.9966654246115424,OFFLOADED,0.0,Yes,0.0,0.0,0.0,False,True
1172,0.9155603051185608,0.9879369616673926,0.866660682848681,0.7546413434455354,ACCEPTED,0.0,Yes,0.0,0.0,0.0,True,True
1173,0.6298879981040955,0.140030319389138,0.6093141809022232,0.0005449985741034193,OFFLOADED,1.0,No,1.0,0.0,0.0,False,False
1174,0.9004228115081787,0.9839643279881877,1.0,1.0,ACCEPTED,0.0,Yes,0.0,0.0,0.0,True,True
1175,0.9488767981529236,0.9949033432296989,0.7975529695672,0.24360539537060064,OFFLOADED,1.0,No,1.0,1.0,1.0,True,False
1176,0.2559845745563507,2.6783672092782306e-19,0.20130831026129423,7.60332774835503e-14,OFFLOADED,1.0,No,1.0,1.0,1.0,False,False
1177,0.2657682001590729,1.0388923493659982e-16,0.9520123388406058,0.9922604561588791,OFFLOADED,1.0,No,1.0,0.0,0.0,False,True
1178,0.271883100271225,1.71542261052945e-15,0.5443720612322631,2.4723917617679412e-05,OFFLOADED,1.0,No,0.0,1.0,1.0,False,False
1179,0.3014243543148041,4.606230607595424e-11,0.3881939068994964,4.905308680189026e-10,OFFLOADED,1.0,No,1.0,1.0,1.0,False,False
1180,0.2973308563232422,1.494399160932163e-11,0.6403043098937261,0.0018677866401415407,OFFLOADED,1.0,No,1.0,1.0,1.0,False,False
1181,0.5868456959724426,0.04803585044964229,0.44423590437596083,2.3896927112261236e-08,OFFLOADED,1.0,No,1.0,0.0,0.0,False,False
1182,0.2719603478908539,1.4046519623879982e-15,0.19475785727124426,5.762151575680148e-14,OFFLOADED,1.0,No,1.0,1.0,1.0,False,False
1183,0.5315340161323547,0.008485461662315376,0.5474386917721132,2.6042917361468777e-05,OFFLOADED,1.0,No,1.0,1.0,1.0,False,False
1184,0.29036572575569153,1.2760810882926733e-12,0.44769155569690666,3.07837218048183e-08,OFFLOADED,1.0,No,1.0,1.0,1.0,False,False
1185,0.8286648988723755,0.8667262234523332,0.8115851919681505,0.311721667212679,OFFLOADED,0.0,Yes,0.0,0.0,0.0,True,False
1186,0.8605479598045349,0.9482686237604545,0.7070178459399195,0.03148947781944265,OFFLOADED,1.0,No,1.0,1.0,1.0,True,False
1187,0.0,0.0,0.873260118642076,0.8117312348309115,OFFLOADED,0.0,Yes,0.0,0.0,0.0,False,False
1188,0.26926136016845703,3.8897117908463156e-16,0.48137723051469516,2.989788562965873e-07,OFFLOADED,1.0,No,1.0,1.0,1.0,False,False
1189,0.29312026500701904,3.264872131957997e-12,0.6254519577929468,0.0009163931370831866,OFFLOADED,1.0,No,1.0,1.0,1.0,False,False
1190,0.7856865525245667,0.7182180404554781,1.0,1.0,ACCEPTED,0.0,Yes,0.0,0.0,0.0,True,True
1191,0.35595229268074036,2.258283909438097e-07,0.8906000779377838,0.8999734228451768,OFFLOADED,1.0,No,1.0,1.0,0.0,False,True
1192,0.28221002221107483,4.57634944526354e-14,0.9601326358917296,0.9955785051211765,OFFLOADED,1.0,No,1.0,0.0,0.0,False,True
1193,0.3885013163089752,6.4956385850634375e-06,0.5396802718932074,1.4451402571393028e-05,OFFLOADED,1.0,No,1.0,1.0,1.0,False,False
1194,0.848834753036499,0.9249670569864411,0.5627805050755302,5.242928096835543e-05,OFFLOADED,1.0,No,1.0,1.0,1.0,True,False
1195,0.25262802839279175,4.046865477593515e-20,0.3684181833135694,7.547780068225218e-11,OFFLOADED,1.0,No,1.0,1.0,1.0,False,False
1196,0.36784985661506653,8.458673504971235e-07,0.3189223422605985,2.599050656341608e-12,OFFLOADED,1.0,No,1.0,1.0,1.0,False,False
1197,0.8544144630432129,0.9328043861208554,1.0,1.0,ACCEPTED,0.0,Yes,0.0,0.0,0.0,True,True
1198,0.25153887271881104,3.370846879550821e-20,0.16669738328359646,2.4240155454862748e-14,OFFLOADED,1.0,No,1.0,1.0,1.0,False,False
1199,0.8734576106071472,0.9670704068676046,0.9519209021760014,0.9929941605528766,ACCEPTED,0.0,Yes,0.0,0.0,0.0,True,True
1200,0.25358763337135315,4.0875172730390906e-20,0.31088993084358557,1.5186579963927081e-12,OFFLOADED,1.0,No,1.0,1.0,1.0,False,False
1201,0.2984619438648224,1.5150383460458766e-11,0.30681863683150934,1.1241494094406588e-12,OFFLOADED,1.0,No,1.0,1.0,1.0,False,False
1202,0.3287622630596161,9.506943132157572e-09,0.7764281724393294,0.16269850962892704,OFFLOADED,1.0,No,1.0,0.0,1.0,False,False
1203,0.2522438168525696,2.776019750640134e-20,0.16856503956095087,2.1822565702640826e-14,OFFLOADED,1.0,No,1.0,1.0,1.0,False,False
1204,0.26394715905189514,1.4935843502200213e-17,0.4805261247229882,2.3329263612615598e-07,OFFLOADED,1.0,No,1.0,1.0,1.0,False,False
1205,0.8373218178749084,0.8984619328584412,0.4992756432887252,8.781990619539089e-07,OFFLOADED,1.0,No,1.0,1.0,1.0,True,False
1206,0.2789749801158905,1.0732743038055239e-14,0.4516848814432305,2.8618746274617645e-08,OFFLOADED,1.0,No,1.0,1.0,1.0,False,False
1207,0.27776435017585754,6.248581414195498e-15,0.2195770889547456,3.8873926993544735e-14,OFFLOADED,1.0,No,1.0,1.0,1.0,False,False
1208,0.47644829750061035,0.0012522859754945494,0.5677760322615955,7.166074662598816e-05,OFFLOADED,1.0,No,1.0,1.0,1.0,False,False
1209,0.27336204051971436,1.2591118359034908e-15,0.4567738145635831,3.657932380748685e-08,OFFLOADED,1.0,No,1.0,1.0,1.0,False,False
1210,0.2609024941921234,1.9227768857021903e-18,0.3043287608424246,7.254235263109533e-13,OFFLOADED,1.0,No,1.0,1.0,1.0,False,False
1211,0.2985913157463074,1.3141013983277161e-11,0.772101080108425,0.16002777735083906,OFFLOADED,1.0,No,1.0,1.0,1.0,False,False
1212,0.28784632682800293,2.733958962093206e-13,0.6252128019318703,0.0008437710577840215,OFFLOADED,1.0,No,1.0,1.0,1.0,False,False
1213,0.25748562812805176,1.9442306193974634e-19,0.40841791366309266,1.1796920589941132e-09,OFFLOADED,1.0,No,1.0,1.0,1.0,False,False
1214,0.39719292521476746,1.0991483741845753e-05,0.6423987708251017,0.0018217602553837783,OFFLOADED,1.0,No,1.0,1.0,0.0,False,False
1215,0.25774621963500977,2.097839184039845e-19,0.08078628564924699,4.632993410387968e-15,OFFLOADED,1.0,No,1.0,1.0,1.0,False,False
1216,0.3351479768753052,2.115569488614534e-08,0.9708483420321163,0.9980305706546093,OFFLOADED,1.0,No,1.0,0.0,0.0,False,True
1217,0.27802225947380066,4.8100511929488014e-15,0.23887330044426533,4.1800726644616424e-14,OFFLOADED,1.0,No,1.0,1.0,1.0,False,False
1218,0.2536389231681824,1.5490295133008677e-20,0.7904476355129838,0.21106582663121776,OFFLOADED,1.0,No,1.0,1.0,1.0,False,True
1219,0.3319213092327118,1.2388813205772138e-08,0.4142823106712154,1.4298365532859384e-09,OFFLOADED,1.0,No,1.0,1.0,1.0,False,False
1220,0.3540964722633362,1.3375311721408455e-07,0.9118372462940351,0.9509935476943342,OFFLOADED,0.0,Yes,0.0,0.0,0.0,False,True
1221,0.3275948166847229,6.079699013520192e-09,0.6522486620158064,0.002606083539160099,OFFLOADED,1.0,No,0.0,1.0,1.0,False,False
1222,0.35366007685661316,1.3409527426819474e-07,0.4705864622172995,7.064944735983313e-08,OFFLOADED,1.0,No,1.0,1.0,1.0,False,False
1223,0.2870723605155945,1.470629231310814e-13,0.4579459699523357,2.6806923040967796e-08,OFFLOADED,1.0,No,1.0,1.0,1.0,False,False
1224,0.6827267408370972,0.3046403215804516,0.6290588361999757,0.0008011438411060988,OFFLOADED,0.0,Yes,0.0,0.0,0.0,False,False
1225,0.688244640827179,0.33885563399470475,0.6055648957449535,0.0003411609464072375,OFFLOADED,1.0,No,1.0,1.0,1.0,False,False
1226,0.3640443980693817,4.5101180357923526e-07,0.7731623790646561,0.1484024119805426,OFFLOADED,0.0,Yes,0.0,0.0,0.0,False,False
1227,0.5280851721763611,0.007252111538774558,0.6194316647692106,0.0005952234848572552,OFFLOADED,1.0,No,1.0,1.0,1.0,False,False
1228,0.25320857763290405,1.1106938775034024e-20,0.23564308003143147,2.7094903166712716e-14,OFFLOADED,1.0,No,1.0,1.0,1.0,False,False
1229,0.8745678067207336,0.9682769766091472,0.935185798655289,0.9848464876252244,ACCEPTED,0.0,Yes,0.0,0.0,0.0,True,True
1230,0.25399133563041687,1.317800977617227e-20,0.28569476485435746,1.7622453307142785e-13,OFFLOADED,1.0,No,1.0,1.0,1.0,False,False
1231,0.4292495548725128,0.00010546968757985746,0.7902656209732486,0.20850236260734514,OFFLOADED,1.0,No,0.0,1.0,1.0,False,False
1232,0.8363739252090454,0.8919992784858338,0.7184169356508178,0.04287837964292627,ACCEPTED,0.0,Yes,0.0,0.0,0.0,True,True
1233,0.5550483465194702,0.017930703170030555,0.4969640290674782,4.957398040321026e-07,OFFLOADED,1.0,No,1.0,1.0,1.0,False,False
1234,0.25191277265548706,7.56793088979644e-21,0.24791638733675167,3.3598212932897803e-14,OFFLOADED,1.0,No,1.0,1.0,1.0,False,False
1235,0.2517950236797333,7.094658349222023e-21,0.41435374327862895,1.0769025707537586e-09,OFFLOADED,1.0,No,1.0,1.0,1.0,False,False
1236,0.7418582439422607,0.5388360613191433,0.621770046639125,0.0006171772667558056,OFFLOADED,1.0,No,1.0,1.0,1.0,True,False
1237,0.39758217334747314,8.841696652850315e-06,0.29237530590358396,1.8535958926695598e-13,OFFLOADED,1.0,No,1.0,1.0,1.0,False,False
1238,0.3172467350959778,6.829153792453811e-10,0.8155713973366916,0.3439446186804547,OFFLOADED,1.0,No,1.0,1.0,1.0,False,False
1239,0.3300645649433136,6.965500350745293e-09,0.6884895273257733,0.01569023741906539,OFFLOADED,1.0,No,1.0,1.0,1.0,False,False
1240,0.25355419516563416,7.161697475535825e-21,0.2723963001865693,6.58083904102427e-14,OFFLOADED,1.0,No,1.0,1.0,1.0,False,False
1241,0.3701387941837311,7.407433712114144e-07,0.6598008284583118,0.0032732899518941438,OFFLOADED,1.0,No,1.0,1.0,1.0,False,False
1242,0.2739740312099457,6.749929314845845e-16,0.7448462080409016,0.08133082547618821,OFFLOADED,0.0,Yes,0.0,0.0,0.0,False,False
1243,0.5437548160552979,0.011535981856060527,0.44315240977492065,6.8826057131671325e-09,OFFLOADED,1.0,No,1.0,1.0,1.0,False,False
1244,0.464761883020401,0.0005857030574300771,0.5126736640173339,1.1867009253476177e-06,OFFLOADED,1.0,No,1.0,1.0,0.0,False,False
1245,0.6616267561912537,0.22521222717679168,0.6047322545113495,0.0002642343949207363,OFFLOADED,1.0,No,1.0,1.0,1.0,False,False
1246,0.32656535506248474,2.7458841430478676e-09,0.44720144034753745,7.911862368225113e-09,OFFLOADED,1.0,No,1.0,1.0,1.0,False,False
1247,0.3700179159641266,5.863479499796117e-07,0.12477797353999166,2.253181102282995e-15,OFFLOADED,1.0,No,1.0,1.0,0.0,False,False
1248,0.2828425467014313,1.4627072045275955e-14,0.7369440621443898,0.07148304624685238,OFFLOADED,0.0,Yes,0.0,0.0,0.0,False,False
1249,0.3150351643562317,2.8954035248088456e-10,0.6713192931414612,0.006519117304982777,OFFLOADED,1.0,No,1.0,1.0,1.0,False,False
1250,0.2550799250602722,1.0592457299665784e-20,0.4995459368511336,4.341041922961808e-07,OFFLOADED,1.0,No,1.0,1.0,0.0,False,False
1251,0.3932732343673706,5.080960952679862e-06,0.46645439493023955,3.0898555655879804e-08,OFFLOADED,1.0,No,1.0,1.0,1.0,False,False
1252,0.7214252352714539,0.4302668830496671,0.8838634920552891,0.8684323271532289,ACCEPTED,0.0,Yes,0.0,0.0,0.0,True,True
1253,0.27984386682510376,4.224939895451083e-15,0.22226098478712522,7.358848086866055e-15,OFFLOADED,1.0,No,1.0,1.0,0.0,False,False
1254,0.6811183094978333,0.29146602958932016,0.7242224493652925,0.05606027579238242,OFFLOADED,1.0,No,1.0,1.0,1.0,False,False
1255,0.2950473427772522,1.5661604467765013e-12,0.6748173406853921,0.007400341988201953,OFFLOADED,1.0,No,1.0,1.0,1.0,False,False
1256,0.31653285026550293,3.4352085344292675e-10,0.9470289348740869,0.9923101035890198,OFFLOADED,1.0,No,1.0,1.0,1.0,False,True
1257,0.35762086510658264,1.1886381734382482e-07,0.7734919387479046,0.15070465292007038,OFFLOADED,1.0,No,1.0,1.0,0.0,False,False
1258,0.39371955394744873,4.912333743624954e-06,0.6143680772055953,0.0003315642212867172,OFFLOADED,1.0,No,1.0,1.0,0.0,False,False
1259,0.34635961055755615,3.0825156168765144e-08,1.0,1.0,OFFLOADED,0.0,Yes,0.0,0.0,0.0,False,True
1260,0.5002006888389587,0.0024833206720856517,1.0,1.0,OFFLOADED,0.0,Yes,0.0,0.0,0.0,False,True
1261,0.9319973587989807,0.9930777718586602,0.8026025794920185,0.2501866625478834,OFFLOADED,0.0,Yes,0.0,0.0,0.0,True,False
1262,0.5222051739692688,0.0048004377910267244,0.3148158033979885,3.4695695158100547e-13,OFFLOADED,1.0,No,1.0,1.0,1.0,False,False
1263,0.26450181007385254,4.064630290270909e-18,0.5038471303018377,4.908175810086769e-07,OFFLOADED,1.0,No,0.0,1.0,1.0,False,False
1264,0.513302206993103,0.003581615901310886,0.7609161524045525,0.1200572591949075,OFFLOADED,1.0,No,1.0,1.0,1.0,False,False
1265,0.8394317626953125,0.9020672322607481,0.9335699126621938,0.9844878751190944,ACCEPTED,0.0,Yes,0.0,0.0,0.0,True,True
1266,0.33701667189598083,1.2731460127820012e-08,0.7554819028597849,0.10224672289882203,OFFLOADED,1.0,No,1.0,0.0,0.0,False,False
1267,0.5432393550872803,0.009834289769187411,0.8806233915296403,0.861573179771409,OFFLOADED,1.0,No,1.0,1.0,0.0,False,True
1268,0.8851380944252014,0.9796603537424707,1.0,1.0,ACCEPTED,1.0,No,1.0,1.0,1.0,True,True
1269,0.25462791323661804,4.5208104414688536e-21,0.31008486307451943,2.2075270214041451e-13,OFFLOADED,1.0,No,1.0,1.0,1.0,False,False
1270,0.3057223856449127,2.4111089397045434e-11,0.686231235023768,0.013131940356152954,OFFLOADED,1.0,No,1.0,1.0,1.0,False,False
1271,0.2729742228984833,2.0426102149051474e-16,0.26711795471972066,2.2162011690732403e-14,OFFLOADED,1.0,No,1.0,1.0,1.0,False,False
1272,0.2860719859600067,2.979210443131165e-14,0.26334590389025114,1.7939426846420576e-14,OFFLOADED,1.0,No,1.0,1.0,1.0,False,False
1273,0.3930211067199707,3.929410546807341e-06,0.5302332629857857,3.1887545110726794e-06,OFFLOADED,1.0,No,1.0,1.0,1.0,False,False
1274,0.2989899814128876,3.363549212793622e-12,0.9408833318147062,0.9890603657766883,OFFLOADED,1.0,No,1.0,0.0,0.0,False,True
1275,0.42430663108825684,4.62777967551113e-05,1.0,1.0,OFFLOADED,1.0,No,1.0,1.0,1.0,False,True
1276,0.2953298091888428,9.655899225915036e-13,0.493223056028355,1.7262395859795442e-07,OFFLOADED,1.0,No,1.0,1.0,1.0,False,False
1277,0.34774377942085266,2.8312779434262393e-08,0.899488259452244,0.9237507437913995,OFFLOADED,0.0,Yes,0.0,0.0,0.0,False,True
1278,0.25414547324180603,2.3951037422654347e-21,0.26475128343732646,1.6083702445486545e-14,OFFLOADED,1.0,No,1.0,1.0,1.0,False,False
1279,0.718501627445221,0.42356733278191605,1.0,1.0,OFFLOADED,1.0,No,1.0,1.0,1.0,False,True
1280,0.3794688880443573,1.0008188445963686e-06,0.805893255734022,0.2761610099975003,OFFLOADED,1.0,No,1.0,0.0,0.0,False,False
1281,0.6430656909942627,0.15144333543183103,0.9283174215143921,0.9821956331853664,ACCEPTED,0.0,Yes,0.0,0.0,0.0,True,True
1282,0.3961144685745239,4.575877545189621e-06,0.7390676836765127,0.0780608382329784,OFFLOADED,1.0,No,1.0,0.0,0.0,False,False
1283,0.26738739013671875,1.010182557528398e-17,0.19018762606059525,2.0134006502275113e-15,OFFLOADED,1.0,No,1.0,1.0,1.0,False,False
1284,0.9012522101402283,0.9865777816784814,0.8533525191488002,0.6617576357395266,OFFLOADED,0.0,Yes,0.0,0.0,0.0,True,False
1285,0.27455055713653564,2.7177061228297955e-16,0.5465811986447803,1.036687872382664e-05,OFFLOADED,1.0,No,1.0,1.0,1.0,False,False
1286,0.705089271068573,0.3634766395326161,0.8868256793268783,0.8937598245626496,OFFLOADED,0.0,Yes,0.0,0.0,0.0,False,True
1287,0.8795084357261658,0.9755016583171395,1.0,1.0,ACCEPTED,0.0,Yes,0.0,0.0,0.0,True,True
1288,0.9107446074485779,0.9906056940349589,0.9266864898218299,0.9833841156115197,ACCEPTED,0.0,Yes,0.0,0.0,0.0,True,True
1289,0.25549623370170593,4.2559503723906364e-21,0.9559264593297802,0.9966965174831506,OFFLOADED,1.0,No,1.0,0.0,0.0,False,True
1290,0.3852761387825012,1.769020001233407e-06,0.9674792408054245,0.9985606779942436,OFFLOADED,0.0,Yes,0.0,0.0,0.0,False,True
1291,0.2667234241962433,6.8995503898374544e-18,0.9738183397403374,0.9991552242126557,OFFLOADED,1.0,No,1.0,0.0,0.0,False,True
1292,0.47036099433898926,0.0006437492408032762,0.4291696271535903,1.1541359040121747e-09,OFFLOADED,1.0,No,1.0,1.0,1.0,False,False
1293,0.731354296207428,0.48356583803582587,0.9693054838073458,0.9988503789981237,OFFLOADED,0.0,Yes,0.0,0.0,0.0,False,True
1294,0.25807639956474304,3.3802651614038787e-20,0.42147230671972746,6.440591562055697e-10,OFFLOADED,1.0,No,1.0,1.0,1.0,False,False
1295,0.5057639479637146,0.002820392859686538,0.9192506488347354,0.9756024103476514,OFFLOADED,1.0,No,1.0,1.0,1.0,False,True
1296,0.3883157968521118,2.2618241615337662e-06,0.6436241820419195,0.0014297848075251716,OFFLOADED,1.0,No,0.0,1.0,1.0,False,False
1297,0.5280905365943909,0.0052746686761505025,0.9654686925418119,0.9984591208889412,OFFLOADED,0.0,Yes,0.0,0.0,0.0,False,True
1298,0.772239089012146,0.6848861340649672,0.621692486975378,0.0004352565707751694,OFFLOADED,0.0,Yes,0.0,0.0,0.0,False,False
1299,0.2893620431423187,9.100530646716262e-14,0.37152473475870434,1.4221557758365586e-11,OFFLOADED,1.0,No,1.0,1.0,1.0,False,False
1300,0.25756362080574036,1.9586474224628606e-20,0.34238204039527953,1.6637787302104782e-12,OFFLOADED,1.0,No,1.0,1.0,1.0,False,False
1301,0.33447954058647156,6.549288324935355e-09,0.39688974739985067,1.0493942548213542e-10,OFFLOADED,1.0,No,1.0,1.0,1.0,False,False
1302,0.26060980558395386,1.4452540584995948e-19,0.9260507010940249,0.9832454113873882,OFFLOADED,1.0,No,1.0,0.0,0.0,False,True
1303,0.253190815448761,8.957788413843407e-22,0.5654460978100725,3.135185441830037e-05,OFFLOADED,1.0,No,1.0,0.0,0.0,False,False
1304,0.2529708445072174,8.074031226389967e-22,0.3093435464865529,1.3769509293181632e-13,OFFLOADED,1.0,No,0.0,1.0,1.0,False,False
1305,0.6073132157325745,0.08095777028996333,0.8145011260268918,0.354886748974073,OFFLOADED,1.0,No,1.0,1.0,1.0,False,True
1306,0.6613548994064331,0.22880918958529742,0.7709900927891111,0.1503304891853266,OFFLOADED,1.0,No,1.0,1.0,1.0,False,False
1307,0.2556071877479553,2.6754696630734104e-21,0.8476982128119798,0.615169059195343,OFFLOADED,1.0,No,0.0,0.0,1.0,False,True
1308,0.3450935184955597,2.0060328488470703e-08,0.3703781652572321,1.15097206479542e-11,OFFLOADED,1.0,No,1.0,1.0,1.0,False,False
1309,0.38552331924438477,1.6203869519593508e-06,0.3889498145000443,4.983941961453632e-11,OFFLOADED,1.0,No,1.0,1.0,1.0,False,False
1310,0.6984267234802246,0.3612952316116521,0.5695269346067758,3.995727373034434e-05,OFFLOADED,1.0,No,1.0,1.0,1.0,True,False
1311,0.30214014649391174,5.4037717434176544e-12,0.6121773776850793,0.00029703543676145737,OFFLOADED,1.0,No,1.0,1.0,1.0,False,False
1312,0.3150998651981354,1.233710227130037e-10,0.3568151386289957,3.481442772194235e-12,OFFLOADED,1.0,No,1.0,1.0,1.0,False,False
1313,0.31139999628067017,5.620901835606103e-11,0.9337149740497959,0.98951646977625,OFFLOADED,0.0,Yes,0.0,0.0,0.0,False,True
1314,0.32320162653923035,5.385506224976607e-10,0.5394261342196909,5.439919510539902e-06,OFFLOADED,1.0,No,1.0,0.0,0.0,False,False
1315,0.3987748324871063,4.876182398121132e-06,0.620085487822112,0.00038920349392887346,OFFLOADED,1.0,No,1.0,1.0,1.0,False,False
1316,0.2939215898513794,3.2170771376162183e-13,0.3667293472773571,6.805162595339717e-12,OFFLOADED,1.0,No,1.0,1.0,1.0,False,False
1317,0.42883750796318054,5.7206453188830187e-05,0.6944689592506287,0.01830991986112892,OFFLOADED,0.0,Yes,0.0,0.0,0.0,False,False
1318,0.9179959893226624,0.9925776293608041,0.8158245099072166,0.35360918565846955,OFFLOADED,0.0,Yes,0.0,0.0,0.0,True,False
1319,0.2518181800842285,4.0975289825088585e-22,0.8912576151664094,0.9183765738502204,OFFLOADED,1.0,No,1.0,0.0,0.0,False,True
1320,0.2682191729545593,8.09119661173104e-18,0.6656086065492739,0.004198499189887076,OFFLOADED,1.0,No,1.0,1.0,1.0,False,False
1321,0.5459219217300415,0.010084117411510739,0.7473271459273855,0.09946055291430211,OFFLOADED,0.0,Yes,0.0,0.0,0.0,False,False
1322,0.8525171279907227,0.9408983340373115,0.8585512325101128,0.7362472392064024,OFFLOADED,1.0,No,1.0,1.0,1.0,False,True
1323,0.8176605105400085,0.8537766738948239,0.6767518752243954,0.008687086859642682,OFFLOADED,0.0,Yes,0.0,0.0,0.0,True,False
1324,0.28941670060157776,5.762437152465836e-14,0.644305594179849,0.0014798452940799913,OFFLOADED,1.0,No,1.0,1.0,1.0,False,False
1325,0.6630505323410034,0.21744463165389366,0.710632148771458,0.03783087291340869,OFFLOADED,0.0,Yes,0.0,0.0,0.0,False,False
1326,0.28004738688468933,1.2184811438659218e-15,0.36123744783122547,4.884130129851112e-12,OFFLOADED,1.0,No,1.0,1.0,0.0,False,False
1327,0.9400365352630615,0.9958329263827359,1.0,1.0,ACCEPTED,0.0,Yes,0.0,0.0,0.0,True,True
1328,0.2665039896965027,2.9385339112189315e-18,0.2414239428785383,3.4449473377191552e-15,OFFLOADED,1.0,No,1.0,1.0,1.0,False,False
1329,0.2562720775604248,2.7715836663019473e-21,0.325572551624981,3.315970293212967e-13,OFFLOADED,1.0,No,1.0,1.0,1.0,False,False
1330,0.28433603048324585,7.439944154654148e-15,0.1471241909777642,5.198256315475374e-16,OFFLOADED,1.0,No,1.0,1.0,1.0,False,False
1331,0.3936735689640045,3.3474003081905826e-06,0.5704035173311582,4.089996500605897e-05,OFFLOADED,1.0,No,1.0,1.0,1.0,False,False
1332,0.2869319021701813,1.7229266056646457e-14,0.42721603984723105,8.48725544268814e-10,OFFLOADED,1.0,No,1.0,1.0,1.0,False,False
1333,0.2587674558162689,1.818335128003864e-20,0.2620935155803025,6.212422181994805e-15,OFFLOADED,1.0,No,1.0,1.0,1.0,False,False
1334,0.2799440920352936,9.293146497148225e-16,0.4497866062882995,5.401370461192839e-09,OFFLOADED,1.0,No,1.0,1.0,1.0,False,False
1335,0.0,0.0,0.6122632467197034,0.0003014698613570031,OFFLOADED,0.0,Yes,0.0,0.0,0.0,False,False
1336,0.8952689170837402,0.987556594420437,1.0,1.0,ACCEPTED,0.0,Yes,0.0,0.0,0.0,True,True
1337,0.7117670774459839,0.4090327851270834,0.36890530317757475,7.419892856978879e-12,OFFLOADED,0.0,Yes,0.0,0.0,0.0,False,False
1338,0.28763294219970703,2.328278546631221e-14,0.732923633763511,0.07670130416351727,OFFLOADED,0.0,Yes,0.0,0.0,0.0,False,False
1339,0.9057727456092834,0.9918356799856751,1.0,1.0,ACCEPTED,0.0,Yes,0.0,0.0,0.0,True,True
1340,0.470664381980896,0.0006542632387970753,0.5869622383082254,0.00010468034046846945,OFFLOADED,1.0,No,0.0,1.0,1.0,False,False
1341,0.27338847517967224,7.613667896145541e-17,0.2796499952089698,1.5909865653494565e-14,OFFLOADED,1.0,No,1.0,1.0,1.0,False,False
1342,0.4083896577358246,1.1993010898719188e-05,0.8461758220687698,0.6218229232610354,OFFLOADED,1.0,No,1.0,1.0,1.0,False,True
1343,0.5246398448944092,0.0050410095698215605,0.5156630822337125,9.717112647642502e-07,OFFLOADED,1.0,No,1.0,1.0,1.0,False,False
1344,0.3211228847503662,3.208228315776275e-10,0.36002205600259474,3.6343650511995266e-12,OFFLOADED,1.0,No,1.0,1.0,1.0,False,False
1345,0.251861572265625,1.9762005419565149e-22,0.2406675418161962,2.154445252729751e-15,OFFLOADED,1.0,No,1.0,1.0,1.0,False,False
1346,0.6086742877960205,0.0801581261975971,0.9365761804431989,0.9915637891621604,OFFLOADED,0.0,Yes,0.0,0.0,0.0,False,True
1347,0.3501068651676178,2.5767303325886138e-08,0.7814714591895393,0.18554973480719486,OFFLOADED,0.0,Yes,0.0,0.0,0.0,False,False
1348,0.253015398979187,2.4382756884732334e-22,0.41356148005576615,3.0892677007967995e-10,OFFLOADED,1.0,No,1.0,1.0,1.0,False,False
1349,0.29246872663497925,1.7783022136135594e-13,0.9003836731125019,0.9416793866991182,OFFLOADED,1.0,No,1.0,0.0,0.0,False,True
1350,0.6637040376663208,0.2412871118883432,0.3138509312725602,9.978857782666531e-14,OFFLOADED,1.0,No,1.0,1.0,1.0,True,False
1351,0.3033655881881714,6.34963106239144e-12,0.497985054342514,2.539231881136503e-07,OFFLOADED,1.0,No,1.0,1.0,1.0,False,False
1352,0.25301411747932434,1.9567238573184221e-22,0.38603916950310063,2.6901642103760528e-11,OFFLOADED,1.0,No,1.0,1.0,1.0,False,False
1353,0.2853389382362366,7.309070957217856e-15,0.8394524533031326,0.5563023430409667,OFFLOADED,0.0,Yes,0.0,0.0,0.0,False,False
1354,0.8069797158241272,0.8349477032862231,0.5896663239663732,0.00011842029548568336,OFFLOADED,1.0,No,1.0,1.0,1.0,True,False
1355,0.8017212748527527,0.8076636693980319,0.8082535313422703,0.3310548800210148,OFFLOADED,0.0,Yes,0.0,0.0,0.0,False,False
1356,0.9118004441261292,0.9932317905446496,0.6369234382105671,0.0011616219165689668,OFFLOADED,1.0,No,1.0,1.0,1.0,True,False
1357,0.30294737219810486,5.316703074066391e-12,1.0,1.0,OFFLOADED,1.0,No,1.0,0.0,0.0,False,True
1358,0.32463109493255615,6.752412560030671e-10,0.4688071546310361,2.168793994009101e-08,OFFLOADED,1.0,No,0.0,1.0,1.0,False,False
1359,0.2800031006336212,6.976364610116996e-16,0.6357147613420783,0.0010272397369780791,OFFLOADED,1.0,No,1.0,0.0,1.0,False,False
1360,0.8391489386558533,0.9158892807192794,0.8835577747905393,0.8975106390878681,ACCEPTED,1.0,No,1.0,1.0,0.0,True,True
1361,0.31562063097953796,1.0913385049218459e-10,0.5822753779137108,8.037317250834688e-05,OFFLOADED,1.0,No,0.0,0.0,1.0,False,False
1362,0.8413826823234558,0.9167852177730583,0.920796235903482,0.9804164085478145,ACCEPTED,1.0,No,1.0,1.0,1.0,True,True
1363,0.3529076874256134,3.5064082744890225e-08,0.4667125757701466,1.901480619438209e-08,OFFLOADED,1.0,No,1.0,1.0,1.0,False,False
1364,0.2712291181087494,1.6992616579422385e-17,0.5123075217536365,7.690454930022849e-07,OFFLOADED,1.0,No,1.0,1.0,1.0,False,False
1365,0.2680341601371765,3.0330891644808665e-18,0.6716092744478426,0.007683599230500902,OFFLOADED,0.0,Yes,0.0,0.0,0.0,False,False
1366,0.27716487646102905,1.786107049363275e-16,0.18562203470701402,4.2238257450989315e-16,OFFLOADED,1.0,No,1.0,1.0,1.0,False,False
1367,0.3329032063484192,3.277324622524375e-09,0.4345197006907094,1.3224565419551513e-09,OFFLOADED,1.0,No,1.0,1.0,1.0,False,False
1368,0.386920690536499,1.547683409993259e-06,0.42580401800312384,5.743998425135715e-10,OFFLOADED,1.0,No,1.0,1.0,1.0,False,False
1369,0.2548712193965912,3.102491458003571e-22,0.5574148093825456,1.9904906953646392e-05,OFFLOADED,1.0,No,0.0,1.0,0.0,False,False
1370,0.4546676278114319,0.0002874776312697628,0.7991883022301168,0.28671996712147835,OFFLOADED,1.0,No,1.0,0.0,0.0,False,False
1371,0.8623826503753662,0.9564412272878972,1.0,1.0,ACCEPTED,0.0,Yes,0.0,0.0,0.0,True,True
1372,0.2576373517513275,3.494698149331582e-21,0.31490042076791125,7.484706548049656e-14,OFFLOADED,1.0,No,1.0,1.0,1.0,False,False
1373,0.282717227935791,1.7273911899856645e-15,0.46832305449339645,2.0385973974854066e-08,OFFLOADED,0.0,Yes,0.0,0.0,0.0,False,False
1374,0.2704785466194153,1.000244501542164e-17,0.6334455162528414,0.0010651175414106,OFFLOADED,1.0,No,1.0,1.0,1.0,False,False
1375,0.8006705641746521,0.8059606369556952,0.8220479333610035,0.4418639208062603,ACCEPTED,0.0,Yes,0.0,0.0,0.0,True,True
1376,0.2718539834022522,1.7180089951527602e-17,0.8675045266791477,0.8118984926623947,OFFLOADED,1.0,No,1.0,0.0,0.0,False,True
1377,0.540319561958313,0.009125810916219527,0.49646165764895245,2.1439589879462412e-07,OFFLOADED,1.0,No,1.0,1.0,1.0,False,False
1378,0.40683838725090027,8.372097687019371e-06,0.5965064518523553,0.0001774482656053561,OFFLOADED,1.0,No,1.0,0.0,0.0,False,False
1379,0.7443510293960571,0.5651112076825485,1.0,1.0,ACCEPTED,0.0,Yes,0.0,0.0,0.0,True,True
1380,0.9359659552574158,0.9961221342588368,0.7176491062547193,0.06524845952180822,OFFLOADED,1.0,No,1.0,1.0,1.0,True,False
1381,0.34077826142311096,8.358798887745504e-09,0.8195166811232673,0.44108645189534423,OFFLOADED,0.0,Yes,0.0,0.0,0.0,False,False
1382,0.6916777491569519,0.34952612655176607,0.5052428160480346,4.611162520967118e-07,OFFLOADED,1.0,No,1.0,1.0,1.0,True,False
1383,0.25085973739624023,7.549805905452996e-23,0.30557114150994963,3.370444094172226e-14,OFFLOADED,1.0,No,1.0,1.0,1.0,False,False
1384,0.259324848651886,9.821837941688498e-21,0.4926230233597849,1.4355920941186465e-07,OFFLOADED,1.0,No,1.0,1.0,1.0,False,False
1385,0.28219109773635864,1.3034894854203671e-15,0.3741623012027278,7.0097559508002834e-12,OFFLOADED,1.0,No,1.0,1.0,1.0,False,False
1386,0.9126756191253662,0.9927866188036768,0.9423468616283472,0.9947252557569256,ACCEPTED,0.0,Yes,0.0,0.0,0.0,True,True
1387,0.0,0.0,0.5005689730545481,2.8537396947831804e-07,OFFLOADED,0.0,Yes,0.0,0.0,0.0,False,False
1388,0.896899938583374,0.9893720251548251,0.7748481566403481,0.20782604904855356,OFFLOADED,1.0,No,1.0,1.0,1.0,True,False
1389,0.3314080834388733,2.0200269941942215e-09,0.484376419433896,7.220947697371999e-08,OFFLOADED,1.0,No,1.0,1.0,0.0,False,False
1390,0.886383056640625,0.9837925625279063,0.7158091427833086,0.057386887875203324,OFFLOADED,1.0,No,1.0,1.0,1.0,True,False
1391,0.7391111850738525,0.5446130615545987,0.6860709905419446,0.01802704886806571,OFFLOADED,0.0,Yes,0.0,0.0,0.0,False,False
1392,0.314028263092041,5.3995548196236415e-11,0.39498465991867515,4.362350515360367e-11,OFFLOADED,1.0,No,1.0,1.0,1.0,False,False
1393,0.25621187686920166,5.82516782074158e-22,0.22480855694022595,5.633678664887749e-16,OFFLOADED,1.0,No,1.0,1.0,1.0,False,False
1394,0.2670469284057617,1.1127765767999123e-18,0.4196336039664945,2.9278485660406907e-10,OFFLOADED,1.0,No,1.0,1.0,1.0,False,False
1395,0.2581470012664795,3.425417023763403e-21,0.8648007595749291,0.8037338981048162,OFFLOADED,1.0,No,1.0,0.0,0.0,False,True
1396,0.2781928479671478,1.8484361321683046e-16,0.7847708309788811,0.23465484546472865,OFFLOADED,1.0,No,1.0,0.0,0.0,False,False
1397,0.2825721800327301,1.373373829610684e-15,0.73627992175415,0.10280997216873004,OFFLOADED,1.0,No,1.0,1.0,1.0,False,False
1398,0.5588113069534302,0.017019845417869453,0.8927465106935442,0.9365575863942028,OFFLOADED,0.0,Yes,0.0,0.0,0.0,False,True
1399,0.5756980776786804,0.030597541837070443,0.6637711324485014,0.0050328203194515185,OFFLOADED,0.0,Yes,0.0,0.0,0.0,False,False
1400,0.251075804233551,4.8548140863469986e-23,0.3410391776540033,4.5067144600783337e-13,OFFLOADED,1.0,No,1.0,1.0,1.0,False,False
1401,0.8790714740753174,0.9791826502801401,0.8034985723437164,0.34892659765870054,OFFLOADED,0.0,Yes,0.0,0.0,0.0,True,False
1402,0.28659340739250183,7.557909418584439e-15,0.5457778659618073,1.1202400202735913e-05,OFFLOADED,1.0,No,1.0,1.0,1.0,False,False
1403,0.30922502279281616,2.1207423971747084e-11,0.5153645152567523,9.63036086309554e-07,OFFLOADED,1.0,No,1.0,1.0,1.0,False,False
1404,0.48392847180366516,0.001200294441100065,0.8776765041774107,0.8909266207905855,OFFLOADED,1.0,No,1.0,1.0,0.0,False,True
1405,0.2794099748134613,2.805179494551697e-16,0.4450425344014748,2.488504097374008e-09,OFFLOADED,1.0,No,1.0,1.0,0.0,False,False
1406,0.29578375816345215,3.18662119292001e-13,0.7281491542116131,0.0831906541503215,OFFLOADED,1.0,No,1.0,0.0,0.0,False,False
1407,0.2972685992717743,4.898338911253616e-13,0.5742351106820172,6.800037447183237e-05,OFFLOADED,1.0,No,1.0,1.0,1.0,False,False
1408,0.9125662446022034,0.993018628111178,0.9158233190997512,0.9774721670852389,ACCEPTED,0.0,Yes,0.0,0.0,0.0,True,True
1409,0.39492589235305786,2.742952437437065e-06,0.5056753122412946,4.2494619239915004e-07,OFFLOADED,1.0,No,1.0,1.0,1.0,False,False
1410,0.36900368332862854,1.9332442488797703e-07,0.6433473144169743,0.00197661292409353,OFFLOADED,0.0,Yes,0.0,0.0,0.0,False,False
1411,0.42862439155578613,5.767469929973643e-05,0.7828585563034707,0.24482988446537446,OFFLOADED,1.0,No,1.0,1.0,1.0,False,True
1412,0.2703368365764618,4.428463745411821e-18,0.5392104831989738,6.84350654984037e-06,OFFLOADED,1.0,No,1.0,1.0,1.0,False,False
1413,0.9078291058540344,0.9926514485468383,0.6363469780481011,0.001358748284677284,OFFLOADED,0.0,Yes,0.0,0.0,0.0,True,False
1414,0.2693463861942291,2.543804205729979e-18,0.32168603697272863,7.715362821897621e-14,OFFLOADED,1.0,No,1.0,1.0,1.0,False,False
1415,0.2518492043018341,2.7895557684249445e-23,0.6196756490748445,0.0006206222000858721,OFFLOADED,1.0,No,0.0,1.0,1.0,False,False
1416,0.46957463026046753,0.0005458312372156867,1.0,1.0,OFFLOADED,0.0,Yes,0.0,0.0,0.0,False,True
1417,0.0,0.0,0.5151924204507805,8.249429988200844e-07,OFFLOADED,0.0,Yes,0.0,0.0,0.0,False,False
1418,0.26706576347351074,6.653509567195334e-19,1.0,1.0,OFFLOADED,1.0,No,1.0,0.0,1.0,False,True
1419,0.6653590202331543,0.24207618968025132,0.7968554904124994,0.3093001143314223,OFFLOADED,0.0,Yes,0.0,0.0,0.0,True,False
1420,0.2532767355442047,3.602166984998535e-23,0.3520168228073229,8.925842666966719e-13,OFFLOADED,1.0,No,1.0,1.0,1.0,False,False
1421,0.8493179678916931,0.939818661149899,1.0,1.0,ACCEPTED,0.0,Yes,0.0,0.0,0.0,True,True
1422,0.26280322670936584,5.482698433875607e-20,0.2021805040884544,2.2535265842753034e-16,OFFLOADED,1.0,No,1.0,1.0,1.0,False,False
1423,0.6520320177078247,0.21056901511899642,0.7068384237451721,0.04395855626257431,OFFLOADED,1.0,No,1.0,1.0,0.0,False,False
1424,0.3667502701282501,1.5878048492015585e-07,0.279653275876086,4.1464271396914106e-15,OFFLOADED,1.0,No,1.0,1.0,1.0,False,False
1425,0.25649911165237427,3.425070884842933e-22,0.898380031720022,0.9513606958237552,OFFLOADED,0.0,Yes,0.0,0.0,0.0,False,True
1426,0.7478907108306885,0.6055327720744704,0.5036347256027145,3.430308282993893e-07,OFFLOADED,1.0,No,1.0,1.0,1.0,True,False
1427,0.25239139795303345,2.4133245584965557e-23,0.49433364177455347,1.3366166973535037e-07,OFFLOADED,1.0,No,1.0,1.0,1.0,False,False
1428,0.31097689270973206,2.6518016715611756e-11,0.345267256779736,4.073619026595854e-13,OFFLOADED,1.0,No,1.0,1.0,1.0,False,False
1429,0.30325788259506226,2.8370481042250185e-12,0.4598705137135511,7.113411384110007e-09,OFFLOADED,1.0,No,1.0,1.0,1.0,False,False
1430,0.27197787165641785,7.545021812158552e-18,0.6776109169671897,0.013245729466096416,OFFLOADED,1.0,No,1.0,0.0,0.0,False,False
1431,0.4157121777534485,1.879079080063877e-05,0.7555068548786447,0.15462635876161557,OFFLOADED,0.0,Yes,0.0,0.0,0.0,False,False
1432,0.29387298226356506,1.1517277801559632e-13,0.27596471047799653,2.8206073162900506e-15,OFFLOADED,1.0,No,1.0,1.0,1.0,False,False
1433,0.0,0.0,0.7177807957727376,0.06680390266045573,OFFLOADED,0.0,Yes,0.0,0.0,0.0,False,False
1434,0.2603905200958252,7.412251449012306e-21,0.6768216574262153,0.014842309278832965,OFFLOADED,1.0,No,1.0,0.0,0.0,False,False
1435,0.7966243624687195,0.8021525528337234,0.8757926203790588,0.8835328052374855,ACCEPTED,0.0,Yes,0.0,0.0,0.0,True,True
1436,0.30795297026634216,1.2179579984519027e-11,0.5987026355503867,0.00027281274141754166,OFFLOADED,1.0,No,1.0,1.0,1.0,False,False
1437,0.5687158703804016,0.025208513090244012,1.0,1.0,OFFLOADED,1.0,No,1.0,0.0,0.0,False,True
1438,0.2610432505607605,1.0575691374467132e-20,0.08919036439370433,4.276352143755992e-17,OFFLOADED,1.0,No,1.0,1.0,1.0,False,False
1439,0.7555097937583923,0.6382378960583567,0.915417657113131,0.9807895909703285,OFFLOADED,0.0,Yes,0.0,0.0,0.0,False,True
1440,0.0,0.0,0.6828278831154724,0.021101613424105672,OFFLOADED,0.0,Yes,0.0,0.0,0.0,False,False
1441,0.6906570196151733,0.34792521496330264,1.0,1.0,OFFLOADED,1.0,No,1.0,1.0,0.0,False,True
1442,0.5177589058876038,0.0037091184590561693,0.7291362847240643,0.09914160109509143,OFFLOADED,1.0,No,0.0,1.0,1.0,False,False
1443,0.9634496569633484,0.9983229035504448,0.9865380272658327,0.9999151550977845,ACCEPTED,0.0,Yes,0.0,0.0,0.0,True,True
1444,0.9084115028381348,0.9938157897189421,1.0,1.0,ACCEPTED,0.0,Yes,0.0,0.0,0.0,True,True
1445,0.2719153165817261,5.7542976308999e-18,0.3446115394908458,4.0631425827728493e-13,OFFLOADED,1.0,No,1.0,1.0,1.0,False,False
1446,0.961404025554657,0.9983957947034615,0.986031582447757,0.9999138325563213,ACCEPTED,0.0,Yes,0.0,0.0,0.0,True,True
1447,0.5728715062141418,0.027025864151007106,0.49107276111768017,1.1393013449366638e-07,OFFLOADED,1.0,No,1.0,1.0,1.0,False,False
1448,0.5085138082504272,0.002548961136958959,0.9285134181691279,0.9920638200990266,OFFLOADED,0.0,Yes,0.0,0.0,0.0,False,True
1449,0.599159300327301,0.06096991839938235,0.9398967782311235,0.9960735427954137,OFFLOADED,1.0,No,1.0,0.0,0.0,False,True
1450,0.4402199983596802,0.00011103954352810744,0.4094447911789792,1.1479915914033042e-10,OFFLOADED,1.0,No,1.0,1.0,1.0,False,False
1451,0.2768596112728119,4.558032612607392e-17,0.6934737167242685,0.03114766882529186,OFFLOADED,1.0,No,1.0,1.0,1.0,False,False
1452,0.29007208347320557,1.7636724217959448e-14,1.0,1.0,OFFLOADED,1.0,No,1.0,0.0,0.0,False,True
1453,0.6364865303039551,0.14114224756648114,0.7484691544022268,0.14278715595020275,OFFLOADED,0.0,Yes,0.0,0.0,0.0,False,False
1454,0.7007705569267273,0.38012567496393124,0.8045767880269712,0.3859118725574922,OFFLOADED,0.0,Yes,0.0,0.0,0.0,False,True
1455,0.5027052164077759,0.002332001158967355,0.62281612192483,0.000846085503988911,OFFLOADED,1.0,No,1.0,1.0,1.0,False,False
1456,0.7009053826332092,0.39445397640549157,0.5874573489723193,0.00014973451921976473,OFFLOADED,1.0,No,1.0,1.0,1.0,False,False
1457,0.33637863397598267,4.017649839244087e-09,0.5675261553813328,4.50553073635711e-05,OFFLOADED,1.0,No,1.0,1.0,1.0,False,False
1458,0.2687540352344513,8.044779619169278e-19,0.3337733167992839,1.29128230314222e-13,OFFLOADED,1.0,No,1.0,1.0,1.0,False,False
1459,0.6790573000907898,0.2885313732547611,0.7754931830235663,0.23841065694388783,OFFLOADED,1.0,No,1.0,1.0,1.0,False,False
1460,0.2562994658946991,1.1327042961262175e-22,0.47061302842011093,1.5951127517914377e-08,OFFLOADED,1.0,No,1.0,1.0,1.0,False,False
1461,0.25599560141563416,7.857136217666431e-23,0.8834415754076981,0.919578805401829,OFFLOADED,1.0,No,1.0,0.0,0.0,False,False
1462,0.3403434455394745,6.193135266601167e-09,0.59552400318384,0.00020138165696587316,OFFLOADED,1.0,No,1.0,0.0,0.0,False,False
1463,0.25139012932777405,7.041257191819762e-24,0.6980211976470356,0.03523808422596303,OFFLOADED,1.0,No,1.0,1.0,1.0,False,False
1464,0.34896013140678406,1.3321680742306795e-08,0.5056693612762568,3.628940008196598e-07,OFFLOADED,1.0,No,1.0,0.0,1.0,False,False
1465,0.8944902420043945,0.9903264127873993,0.7524030749466131,0.15780411807549372,OFFLOADED,1.0,No,1.0,1.0,1.0,True,False
1466,0.27785298228263855,4.906407361558855e-17,0.36797736698551176,2.007221997722377e-12,OFFLOADED,1.0,No,0.0,1.0,1.0,False,False
1467,0.5030699372291565,0.0020596174906728584,0.6580276635869872,0.004665012454149631,OFFLOADED,1.0,No,1.0,1.0,1.0,False,False
1468,0.350333034992218,1.3814107253212362e-08,0.9151006653807899,0.9831207647280888,OFFLOADED,1.0,No,1.0,0.0,0.0,False,True
1469,0.26262572407722473,1.3005559027953404e-20,0.3561093526779195,6.551166395450071e-13,OFFLOADED,1.0,No,0.0,1.0,1.0,False,False
1470,0.30229946970939636,1.117699263537546e-12,0.6703711467893749,0.008979523382586709,OFFLOADED,1.0,No,1.0,1.0,1.0,False,False
1471,0.3626251220703125,6.602889746493382e-08,0.8553893419017983,0.7633404293069392,OFFLOADED,1.0,No,1.0,0.0,1.0,False,False
1472,0.42070436477661133,2.1246374250259638e-05,0.6357632745774332,0.0013138180638629102,OFFLOADED,1.0,No,0.0,1.0,1.0,False,False
1473,0.9420474171638489,0.9972405014004894,0.9364945514611216,0.9961784056227884,ACCEPTED,0.0,Yes,0.0,0.0,0.0,True,True
1474,0.2810904383659363,1.7330873996813937e-16,0.1579582493597961,3.985937944628874e-17,OFFLOADED,1.0,No,1.0,1.0,1.0,False,False
1475,0.8382577300071716,0.920567385361928,0.7365757023652998,0.10893490631466797,OFFLOADED,0.0,Yes,0.0,0.0,0.0,True,False
1476,0.2555786669254303,2.856029493990259e-23,0.2635124003373911,6.98406118769698e-16,OFFLOADED,1.0,No,1.0,1.0,1.0,False,False
1477,0.3336987793445587,1.53519786053149e-09,0.6200367883750318,0.0005463860787201459,OFFLOADED,1.0,No,0.0,1.0,0.0,False,False
1478,0.30161839723587036,7.132456131582062e-13,0.3251425106690517,4.014366156941319e-14,OFFLOADED,1.0,No,1.0,1.0,0.0,False,False
1479,0.2860095202922821,1.37438184088045e-15,0.6662370985336904,0.0068547620472628025,OFFLOADED,1.0,No,1.0,1.0,1.0,False,False
1480,0.8286545276641846,0.904883366853893,1.0,1.0,ACCEPTED,0.0,Yes,0.0,0.0,0.0,True,True
1481,0.0,0.0,0.4049904826907911,4.783957171577293e-11,OFFLOADED,0.0,Yes,0.0,0.0,0.0,False,False
1482,0.2743505835533142,7.462775368659265e-18,0.9532862104708906,0.998687953701754,OFFLOADED,1.0,No,1.0,0.0,0.0,False,True
1483,0.8554001450538635,0.9587965717005178,0.7762505159204443,0.23039051520267442,OFFLOADED,0.0,Yes,0.0,0.0,0.0,True,False
1484,0.31252017617225647,1.726909675970301e-11,0.5544017352010617,1.3030626726881464e-05,OFFLOADED,1.0,No,1.0,1.0,0.0,False,False
1485,0.25663208961486816,6.266911622210529e-23,0.6675761571736336,0.007398421840834756,OFFLOADED,1.0,No,1.0,1.0,1.0,False,False
1486,0.2897418141365051,7.111060627770416e-15,0.32099558348297885,2.4789419303549175e-14,OFFLOADED,1.0,No,1.0,1.0,1.0,False,False
1487,0.3911840319633484,1.2936542181865793e-06,0.5954542922197518,0.0001503029209584204,OFFLOADED,1.0,No,1.0,1.0,1.0,False,False
1488,0.27898088097572327,4.206167975648245e-17,0.6085909869112306,0.00028479342743022217,OFFLOADED,1.0,No,1.0,1.0,1.0,False,False
1489,0.9101495146751404,0.9951153197929203,0.8267206539216063,0.5555123802755403,OFFLOADED,1.0,No,1.0,1.0,1.0,True,False
1490,0.9447950720787048,0.997790115743881,0.9640520233457962,0.9994438271024587,ACCEPTED,0.0,Yes,0.0,0.0,0.0,True,True
1491,0.26627910137176514,6.20124130999555e-20,0.5752892995201381,4.448935690456456e-05,OFFLOADED,1.0,No,1.0,1.0,1.0,False,False
1492,0.5650791525840759,0.018950514809585966,0.8350645236075344,0.6088983723080194,OFFLOADED,1.0,No,1.0,1.0,1.0,False,False
1493,0.2544010281562805,5.36700603558923e-24,0.3162611160807905,1.2004813079836156e-14,OFFLOADED,1.0,No,1.0,1.0,1.0,False,False
1494,0.9360808730125427,0.9974255527379992,0.9763026577542032,0.999810806629991,ACCEPTED,0.0,Yes,0.0,0.0,0.0,True,True
1495,0.3363191485404968,2.2057581632608946e-09,0.634108266662151,0.0009975379140746015,OFFLOADED,1.0,No,1.0,1.0,1.0,False,False
1496,0.39902642369270325,2.609679455454816e-06,0.4062663778149183,3.9399463565629464e-11,OFFLOADED,1.0,No,1.0,1.0,1.0,False,False
1497,0.3844521641731262,5.78118193168977e-07,0.8464284949861917,0.6870962675634258,OFFLOADED,1.0,No,0.0,1.0,1.0,False,False
1498,0.8492671251296997,0.9511253139713056,1.0,1.0,ACCEPTED,0.0,Yes,0.0,0.0,0.0,True,True
1499,0.45727068185806274,0.00022554828407237316,0.3367116863690637,6.510790573014391e-14,OFFLOADED,1.0,No,1.0,1.0,1.0,False,False
1500,0.36286258697509766,4.5861272821149186e-08,0.6332014111124292,0.0008732239874642594,OFFLOADED,0.0,Yes,0.0,0.0,0.0,False,False
1501,0.0,0.0,0.9840619733452676,0.9999280698217841,OFFLOADED,0.0,Yes,0.0,0.0,0.0,False,True
1502,0.2730555832386017,2.2620924399522857e-18,0.2013246479337028,3.845826994688182e-17,OFFLOADED,1.0,No,1.0,1.0,1.0,False,False
1503,0.2797357738018036,4.529640464534862e-17,0.39165688560511397,1.0027601893041031e-11,OFFLOADED,1.0,No,0.0,1.0,1.0,False,False
1504,0.37687718868255615,2.3750349029390978e-07,0.31946778612625437,1.2813341216381502e-14,OFFLOADED,1.0,No,1.0,1.0,1.0,False,False
1505,0.2674025297164917,7.781147403565979e-20,0.4898905212385868,4.7149856593623376e-08,OFFLOADED,1.0,No,1.0,1.0,0.0,False,False
1506,0.3772023618221283,2.3213896745591837e-07,0.7265439781680612,0.08688990389304938,OFFLOADED,1.0,No,0.0,0.0,1.0,False,False
1507,0.8636871576309204,0.9740284440105248,0.9515109989199544,0.9985168248295321,ACCEPTED,0.0,Yes,0.0,0.0,0.0,True,True
1508,0.7715321779251099,0.7270086768069094,0.654014132801489,0.0032504492843705175,OFFLOADED,1.0,No,1.0,1.0,1.0,False,False
1509,0.43386751413345337,5.310844625982097e-05,0.5740983907531454,3.689197235747764e-05,OFFLOADED,1.0,No,1.0,1.0,1.0,False,False
1510,0.421220600605011,1.7326889149695403e-05,0.6120310754759437,0.00029305386068768767,OFFLOADED,1.0,No,1.0,1.0,1.0,False,False
1511,0.7357416152954102,0.5369814118056333,0.6730715187904294,0.010105782634451667,OFFLOADED,1.0,No,1.0,1.0,1.0,False,False
1512,0.2741374373435974,2.8066247853428937e-18,0.6468000081164607,0.0019021977719275935,OFFLOADED,1.0,No,1.0,1.0,1.0,False,False
1513,0.3689844012260437,7.710288739996634e-08,0.8544094037399352,0.746350254169528,OFFLOADED,1.0,No,1.0,0.0,0.0,False,False
1514,0.25388428568840027,1.709697575891465e-24,0.1733845220787548,1.4898612456581175e-17,OFFLOADED,1.0,No,1.0,1.0,1.0,False,False
1515,0.8330826163291931,0.9186592229272249,1.0,1.0,ACCEPTED,0.0,Yes,0.0,0.0,0.0,True,True
1516,0.289111465215683,2.6474092697640524e-15,0.42143215813861357,8.709048659940998e-11,OFFLOADED,1.0,No,1.0,1.0,1.0,False,False
1517,0.8907890915870667,0.9909235893262371,0.7324390235350771,0.10602941316825681,OFFLOADED,0.0,Yes,0.0,0.0,0.0,True,False
1518,0.32443904876708984,1.1286105540212132e-10,0.39626985772184736,1.1068971735914977e-11,OFFLOADED,1.0,No,1.0,1.0,1.0,False,False
1519,0.2600274980068207,3.477552118445858e-22,0.2378510042896584,6.812388540956322e-17,OFFLOADED,1.0,No,1.0,1.0,1.0,False,False
1520,0.33841022849082947,1.886226311679155e-09,0.4922802207973216,4.650084022803491e-08,OFFLOADED,1.0,No,1.0,1.0,1.0,False,False
1521,0.25790858268737793,6.268252737748777e-23,0.5470483298735178,5.036036114607618e-06,OFFLOADED,1.0,No,1.0,1.0,1.0,False,False
1522,0.2814747989177704,6.494277154052396e-17,0.9034115072305906,0.9697469990395684,OFFLOADED,1.0,No,1.0,1.0,1.0,False,True
1523,0.2651228904724121,1.0804365712632865e-20,0.9186163622191159,0.9866765708180335,OFFLOADED,1.0,No,1.0,1.0,0.0,False,True
1524,0.0,0.0,0.9301522146978521,0.9939831222744094,OFFLOADED,0.0,Yes,0.0,0.0,0.0,False,True
1525,0.4487771987915039,0.00012783896551063929,0.839278983867446,0.6288610585840088,OFFLOADED,1.0,No,1.0,0.0,0.0,False,True
1526,0.25711965560913086,2.3530112974984683e-23,0.49032338909697776,3.531318915535477e-08,OFFLOADED,1.0,No,1.0,0.0,0.0,False,False
1527,0.8155291080474854,0.8837374004895054,0.7064272378332306,0.04833352693064814,OFFLOADED,1.0,No,1.0,1.0,1.0,True,False
1528,0.27051302790641785,2.6152135496191706e-19,0.5028611165516402,1.2720903670030252e-07,OFFLOADED,1.0,No,1.0,1.0,1.0,False,False
1529,0.31317195296287537,8.459410112371561e-12,0.6326543922032279,0.0007992585864755802,OFFLOADED,1.0,No,1.0,1.0,0.0,False,False
1530,0.31592121720314026,1.519306989275653e-11,0.5478405490234017,4.566726185373528e-06,OFFLOADED,1.0,No,1.0,0.0,0.0,False,False
1531,0.25382155179977417,7.691564146347874e-25,0.42585011730028177,1.0685281361312087e-10,OFFLOADED,1.0,No,1.0,1.0,1.0,False,False
1532,0.38625770807266235,4.775002516061465e-07,0.6510691720158442,0.002345139002284406,OFFLOADED,1.0,No,1.0,1.0,1.0,False,False
1533,0.3048011362552643,7.36199989478655e-13,0.7140949864587739,0.06340239478129231,OFFLOADED,1.0,No,1.0,0.0,0.0,False,False
1534,0.8095982074737549,0.8605083202460907,0.8922452556621422,0.9508885394643566,ACCEPTED,1.0,No,1.0,1.0,0.0,True,True
1535,0.31303322315216064,6.7969468064953705e-12,0.2633787029626213,1.6549987173317168e-16,OFFLOADED,1.0,No,1.0,1.0,1.0,False,False
1536,0.3270244300365448,1.7200690018333254e-10,0.7685444095661842,0.2154938238714042,OFFLOADED,1.0,No,1.0,1.0,1.0,False,False
1537,0.26394039392471313,2.86277435232663e-21,0.5217547134867023,5.932971766123122e-07,OFFLOADED,1.0,No,1.0,1.0,1.0,False,False
1538,0.25186553597450256,2.970664766926134e-25,0.2126071410486566,1.889257263003556e-17,OFFLOADED,1.0,No,1.0,1.0,1.0,False,False
1539,0.26722395420074463,2.2284616368527847e-20,0.5622647739879479,1.171525677138932e-05,OFFLOADED,1.0,No,1.0,1.0,0.0,False,False
1540,0.27261626720428467,5.348291973754054e-19,0.30788358541180455,2.0782914875156844e-15,OFFLOADED,1.0,No,1.0,1.0,1.0,False,False
1541,0.3000304102897644,1.242084735663961e-13,0.4686311529253344,4.266235097246931e-09,OFFLOADED,1.0,No,1.0,1.0,1.0,False,False
1542,0.2601664364337921,1.4988981282539227e-22,0.4184725747970637,4.4161006795239645e-11,OFFLOADED,1.0,No,1.0,1.0,1.0,False,False
1543,0.29780149459838867,5.428967844692224e-14,0.29134551707641787,6.19306848878641e-16,OFFLOADED,1.0,No,1.0,1.0,1.0,False,False
1544,0.9118647575378418,0.9955176932559907,0.7958356026123704,0.3300312341545541,ACCEPTED,1.0,No,1.0,1.0,0.0,True,True
1545,0.9323588609695435,0.9972641241768884,0.4790428917204475,1.0439872421551619e-08,OFFLOADED,1.0,No,1.0,1.0,1.0,True,False
1546,0.2973831295967102,4.3442234728749355e-14,0.495330755318291,4.240382173193439e-08,OFFLOADED,1.0,No,1.0,1.0,1.0,False,False
1547,0.8042904138565063,0.8360769889148572,0.9152414781530328,0.9826401621312186,ACCEPTED,0.0,Yes,0.0,0.0,0.0,True,True
1548,0.28899040818214417,1.1632760389721862e-15,0.7006267283165636,0.03551159896496869,OFFLOADED,1.0,No,0.0,1.0,1.0,False,False
1549,0.26080140471458435,2.1285143429034246e-22,0.25711039167895006,6.168379031288045e-17,OFFLOADED,1.0,No,1.0,1.0,1.0,False,False
1550,0.6013573408126831,0.05932843893233476,0.9349023840940252,0.9958666399835546,OFFLOADED,1.0,No,1.0,0.0,0.0,False,True
1551,0.39653897285461426,1.2631683871751006e-06,0.49003281232669305,2.2836472415992867e-08,OFFLOADED,1.0,No,1.0,1.0,1.0,False,False
1552,0.6731746792793274,0.24554353942816715,1.0,1.0,ACCEPTED,0.0,Yes,0.0,0.0,0.0,True,True
1553,0.2553257346153259,1.100075211339645e-24,0.5325695337427273,1.3179451153529724e-06,OFFLOADED,1.0,No,1.0,1.0,1.0,False,False
1554,0.2665172219276428,9.289709475296732e-21,0.5486832388328718,4.048350319647375e-06,OFFLOADED,1.0,No,1.0,1.0,0.0,False,False
1555,0.2541465163230896,3.449939445957783e-25,0.53665283158385,1.635595677810318e-06,OFFLOADED,1.0,No,1.0,1.0,1.0,False,False
1556,0.8562554717063904,0.9635340345023978,0.9093590076832279,0.9762675144712215,ACCEPTED,0.0,Yes,0.0,0.0,0.0,True,True
1557,0.8934621214866638,0.9920277005549418,0.7958162168390724,0.3165637241699005,OFFLOADED,1.0,No,1.0,1.0,1.0,True,False
1558,0.32939642667770386,2.64009909556413e-10,0.39040116319758805,2.2161324761887102e-12,OFFLOADED,1.0,No,1.0,1.0,1.0,False,False
1559,0.4089835584163666,4.742887356257729e-06,0.5600527918987439,7.793612721694337e-06,OFFLOADED,1.0,No,1.0,1.0,1.0,False,False
1560,0.4382288455963135,6.17753293114553e-05,0.42793579424920863,5.4354852455732775e-11,OFFLOADED,1.0,No,1.0,1.0,1.0,False,False
1561,0.25741270184516907,8.600627177949346e-24,0.8362602032465701,0.5974642255405235,OFFLOADED,1.0,No,1.0,0.0,0.0,False,True
1562,0.8037126660346985,0.8449923355192643,0.7419788510970882,0.12438532661316684,OFFLOADED,0.0,Yes,0.0,0.0,0.0,True,False
1563,0.29521068930625916,1.5140890605754557e-14,0.4792125201785042,6.896745593019046e-09,OFFLOADED,1.0,No,1.0,1.0,1.0,False,False
1564,0.6365079283714294,0.1417316189289953,0.5276368689550868,7.129108943808312e-07,OFFLOADED,1.0,No,1.0,1.0,1.0,False,False
1565,0.48823195695877075,0.0009139976283574409,0.5354101610242401,1.329687021070967e-06,OFFLOADED,1.0,No,1.0,1.0,1.0,False,False
1566,0.4172241985797882,8.908522191275831e-06,0.6247602314892211,0.0004038098866238129,OFFLOADED,1.0,No,0.0,0.0,1.0,False,False
1567,0.2630227208137512,6.252736272070643e-22,0.26699173895459116,6.159410284944069e-17,OFFLOADED,1.0,No,1.0,1.0,1.0,False,False
1568,0.9231840372085571,0.9966356211486338,0.8948800984051403,0.9557802177137531,ACCEPTED,0.0,Yes,0.0,0.0,0.0,True,True
1569,0.66792893409729,0.23424253267630463,1.0,1.0,OFFLOADED,1.0,No,1.0,0.0,0.0,False,True
1570,0.46058666706085205,0.00018892791697583972,0.5285223338397533,7.35455710941044e-07,OFFLOADED,1.0,No,1.0,1.0,1.0,False,False
1571,0.38032272458076477,1.4854611562572167e-07,0.8900219188351255,0.9468969756990335,OFFLOADED,1.0,No,1.0,0.0,1.0,False,True
1572,0.4008786082267761,1.4572390588204916e-06,0.9039570554805088,0.9730899062049962,OFFLOADED,0.0,Yes,0.0,0.0,0.0,False,True
1573,0.3085176646709442,1.198337825115157e-12,0.6550352865666166,0.002742548957172495,OFFLOADED,1.0,No,0.0,1.0,1.0,False,False
1574,0.2629755735397339,4.895518573266643e-22,0.3426315352049062,1.9208621993851974e-14,OFFLOADED,1.0,No,1.0,1.0,1.0,False,False
1575,0.2855361998081207,1.239533050748748e-16,0.2689369610389627,5.650188627859777e-17,OFFLOADED,1.0,No,1.0,1.0,1.0,False,False
1576,0.274334579706192,5.597877610652543e-19,0.5503637544617753,3.911228680727385e-06,OFFLOADED,1.0,No,1.0,1.0,1.0,False,False
1577,0.2573640048503876,4.198745938529008e-24,0.41601426167646793,1.5374768772053533e-11,OFFLOADED,1.0,No,1.0,1.0,1.0,False,False
1578,0.6316615343093872,0.11713019078744967,0.5559474322860385,5.314216484256525e-06,OFFLOADED,1.0,No,1.0,1.0,0.0,True,False
1579,0.2886928915977478,4.811503712066153e-16,0.6185287012602095,0.0002916126111633725,OFFLOADED,1.0,No,1.0,1.0,1.0,False,False
1580,0.648374080657959,0.15861491415613538,0.7745897777911126,0.219676402339878,OFFLOADED,1.0,No,1.0,1.0,1.0,True,False
1581,0.7477774620056152,0.5782945000091965,0.9172006016403405,0.988538647656024,OFFLOADED,1.0,No,1.0,1.0,1.0,False,True
1582,0.25602540373802185,6.627117009646173e-25,0.5296962891188906,5.901072609365354e-07,OFFLOADED,1.0,No,1.0,1.0,1.0,False,False
1583,0.2704179883003235,4.824405945141535e-20,0.2583708301723432,2.0485690424413525e-17,OFFLOADED,1.0,No,1.0,1.0,1.0,False,False
1584,0.593508780002594,0.03718217625800619,0.7094871674714873,0.04774435603138012,OFFLOADED,1.0,No,1.0,1.0,1.0,False,False
1585,0.29445067048072815,6.225137941797315e-15,0.5543563097924589,3.801860905362893e-06,OFFLOADED,1.0,No,0.0,1.0,1.0,False,False
1586,0.27605554461479187,8.102954745387997e-19,0.12567376227180832,7.41702102714134e-19,OFFLOADED,1.0,No,1.0,1.0,0.0,False,False
1587,0.25689491629600525,1.5492371576953505e-24,0.15543587622378732,9.58945264760474e-19,OFFLOADED,1.0,No,1.0,1.0,1.0,False,False
1588,0.43518343567848206,3.1213219330437304e-05,0.6951428716836966,0.025747472538183238,OFFLOADED,1.0,No,1.0,1.0,1.0,False,False
1589,0.2622377574443817,1.47271126520669e-22,0.24872688524741446,1.0102153295587133e-17,OFFLOADED,1.0,No,1.0,1.0,1.0,False,False
1590,0.2514658570289612,2.8822284552378767e-26,0.3693838862554024,1.321711878912521e-13,OFFLOADED,1.0,No,1.0,1.0,0.0,False,False
1591,0.30777978897094727,6.933187762526492e-13,0.9307431573268223,0.995643069212465,OFFLOADED,1.0,No,1.0,0.0,0.0,False,True
1592,0.7426605224609375,0.5365796695598297,1.0,1.0,OFFLOADED,0.0,Yes,0.0,0.0,0.0,False,True
1593,0.27773791551589966,1.4631637274312858e-18,0.3441147824439256,1.1879819919712328e-14,OFFLOADED,1.0,No,1.0,1.0,1.0,False,False
1594,0.25483471155166626,1.127200959915613e-25,0.12572084475915415,5.237105635626744e-19,OFFLOADED,1.0,No,1.0,1.0,1.0,False,False
1595,0.43859559297561646,3.9727733205108865e-05,0.7011067695340093,0.030711480776003233,OFFLOADED,1.0,No,1.0,1.0,1.0,False,False
1596,0.8616431355476379,0.9728992711114598,0.8551572238936133,0.77031250954584,OFFLOADED,1.0,No,1.0,1.0,1.0,True,False
1597,0.7447966933250427,0.5611812445184746,0.7958449336722402,0.3016350229465118,OFFLOADED,0.0,Yes,0.0,0.0,0.0,True,False
1598,0.7652401328086853,0.6856463399827756,0.816549932521891,0.45629604402011315,ACCEPTED,0.0,Yes,0.0,0.0,0.0,True,True
1599,0.25024157762527466,2.26206876400468e-26,0.4328317276673672,4.988727816116099e-11,OFFLOADED,1.0,No,1.0,1.0,1.0,False,False
1600,0.3506692945957184,3.0164533040642664e-09,0.7515956797020401,0.1516943405175298,OFFLOADED,1.0,No,1.0,0.0,0.0,False,False
1601,0.37729132175445557,8.299319961088363e-08,0.6866689077408241,0.018825197565713166,OFFLOADED,1.0,No,1.0,1.0,1.0,False,False
1602,0.27946043014526367,3.211203343150234e-18,0.6563603971636655,0.0023479770038115247,OFFLOADED,1.0,No,1.0,0.0,0.0,False,False
1603,0.25485333800315857,8.853859543686639e-26,0.16525193895693255,7.851767387250318e-19,OFFLOADED,1.0,No,1.0,1.0,1.0,False,False
1604,0.7807192206382751,0.7611919252067487,0.6633806871202128,0.003791428258848982,OFFLOADED,1.0,No,1.0,1.0,1.0,True,False
1605,0.33357036113739014,2.710573789606111e-10,0.5353082975633949,7.861054512078972e-07,OFFLOADED,1.0,No,1.0,1.0,1.0,False,False
1606,0.7333776950836182,0.5175675097914563,0.8718472808205041,0.8835311000726304,OFFLOADED,1.0,No,1.0,1.0,1.0,False,True
1607,0.25502386689186096,9.248934318676266e-26,0.2836798004811232,7.004962099678993e-17,OFFLOADED,1.0,No,1.0,1.0,1.0,False,False
1608,0.29927706718444824,2.924783818719454e-14,0.9194910688007077,0.9891038402053254,OFFLOADED,1.0,No,1.0,0.0,1.0,False,True
1609,0.3490675389766693,2.1086332394771184e-09,0.8105112834235282,0.4308596573696149,OFFLOADED,1.0,No,1.0,1.0,0.0,False,False
1610,0.8859347701072693,0.988661201220978,0.7788447961406223,0.22874944330697847,ACCEPTED,1.0,No,1.0,1.0,1.0,True,True
1611,0.3002152144908905,3.6449696198696104e-14,0.720860995651779,0.07056048529784352,OFFLOADED,1.0,No,1.0,1.0,1.0,False,False
1612,0.2840442359447479,2.9529885981517555e-17,0.6370242446907832,0.0006299880345736381,OFFLOADED,1.0,No,1.0,1.0,1.0,False,False
1613,0.7634201049804688,0.6690911648314133,0.7334884718861835,0.09722884871228399,OFFLOADED,0.0,Yes,0.0,0.0,0.0,True,False
1614,0.26524096727371216,7.059409434923586e-22,0.6082750545263186,0.00012050382207531903,OFFLOADED,1.0,No,1.0,1.0,0.0,False,False
1615,0.25888946652412415,4.730970214943803e-24,0.43883430222915637,6.925166585863465e-11,OFFLOADED,1.0,No,0.0,1.0,1.0,False,False
1616,0.27009767293930054,1.6396301936698393e-20,0.4599822323628853,4.519397329308839e-10,OFFLOADED,1.0,No,0.0,1.0,1.0,False,False
1617,0.2766777575016022,5.06743398305022e-19,0.9187824777425422,0.9887780398705445,OFFLOADED,1.0,No,1.0,0.0,1.0,False,True
1618,0.5561662912368774,0.010294030884023902,0.6270005753120796,0.00032093230128350694,OFFLOADED,1.0,No,1.0,1.0,1.0,False,False
1619,0.36943987011909485,2.985029450264897e-08,0.3816183172853106,2.288265581039678e-13,OFFLOADED,1.0,No,1.0,1.0,1.0,False,False
1620,0.25650620460510254,2.8771743581283066e-25,0.5578578130115576,3.4216953829731064e-06,OFFLOADED,1.0,No,1.0,1.0,0.0,False,False
1621,0.26948660612106323,9.159804669555373e-21,0.9402368968783594,0.9978595151342023,OFFLOADED,1.0,No,1.0,0.0,0.0,False,True
1622,0.611937403678894,0.06520534260246383,0.538258675816147,7.057060801890296e-07,OFFLOADED,1.0,No,1.0,1.0,1.0,False,False
1623,0.4386632740497589,3.425092751679705e-05,0.7343385191908569,0.10442101948721809,OFFLOADED,1.0,No,1.0,0.0,0.0,False,False
1624,0.5933030843734741,0.03400872153255741,0.8958549034900783,0.9609593515103385,OFFLOADED,0.0,Yes,0.0,0.0,0.0,False,True
1625,0.7457244396209717,0.5789294370120383,0.9429527947096895,0.9983687737812645,ACCEPTED,0.0,Yes,0.0,0.0,0.0,True,True
1626,0.3038455843925476,1.1692817800966954e-13,0.48709930651900135,4.808858763500757e-09,OFFLOADED,1.0,No,1.0,1.0,1.0,False,False
1627,0.7826278805732727,0.7673334757273277,0.7901836825484874,0.27850195489193413,ACCEPTED,1.0,No,1.0,1.0,1.0,True,True
1628,0.40380048751831055,1.4491248674856922e-06,0.2964637340503885,8.120819494037507e-17,OFFLOADED,1.0,No,1.0,1.0,1.0,False,False
1629,0.9475095272064209,0.9980913240031462,0.8672349553268547,0.8488639316736809,ACCEPTED,0.0,Yes,0.0,0.0,0.0,True,True
1630,0.3052387833595276,1.7560558645218521e-13,0.4447621872255949,8.57188818220133e-11,OFFLOADED,1.0,No,1.0,1.0,1.0,False,False
1631,0.2509315609931946,5.880469464138292e-27,0.37401713474521786,8.757839370833176e-14,OFFLOADED,1.0,No,1.0,1.0,0.0,False,False
1632,0.9116737246513367,0.9952837968159237,0.8196916186033885,0.4752620152304849,ACCEPTED,0.0,Yes,0.0,0.0,0.0,True,True
1633,0.7069846987724304,0.38173981111947286,0.16501410692021792,2.9681783985068263e-19,OFFLOADED,1.0,No,1.0,1.0,1.0,True,False
1634,0.26775848865509033,2.1109953330452153e-21,0.6767139452092231,0.009874114099896527,OFFLOADED,1.0,No,0.0,1.0,1.0,False,False
1635,0.29983019828796387,2.1123878588050497e-14,0.3601688160237759,2.2517629502026838e-14,OFFLOADED,1.0,No,1.0,1.0,1.0,False,False
1636,0.644027829170227,0.13351361453456698,0.6858077248575404,0.015812146316658574,OFFLOADED,1.0,No,1.0,1.0,1.0,False,False
1637,0.9147152900695801,0.9957474348431491,0.5002357783498417,1.7201437968926746e-08,OFFLOADED,1.0,No,1.0,1.0,1.0,True,False
1638,0.26670098304748535,8.127827824823694e-22,0.5855909260700641,2.8260950686946382e-05,OFFLOADED,1.0,No,1.0,1.0,1.0,False,False
1639,0.9214029312133789,0.9962364749450218,0.8300642428232573,0.5684192674095782,ACCEPTED,0.0,Yes,0.0,0.0,0.0,True,True
1640,0.7896319627761841,0.7790696309389374,0.9861812675295744,0.9999746433033997,ACCEPTED,0.0,Yes,0.0,0.0,0.0,True,True
1641,0.36436015367507935,1.258818747473114e-08,0.9553560179260018,0.9994252892873297,OFFLOADED,1.0,No,1.0,0.0,0.0,False,True
1642,0.8239406943321228,0.9028212826232274,0.7371234387653026,0.11913942811082265,OFFLOADED,0.0,Yes,0.0,0.0,0.0,True,False
1643,0.2599061131477356,4.661412557428519e-24,0.32011276040032755,4.32322341516185e-16,OFFLOADED,1.0,No,1.0,1.0,1.0,False,False
1644,0.9543107151985168,0.9986774633811362,0.9863294387787127,0.9999780783097485,ACCEPTED,0.0,Yes,0.0,0.0,0.0,True,True
1645,0.3764089345932007,5.266982707808309e-08,0.8008168607481524,0.36539208825025804,OFFLOADED,0.0,Yes,0.0,0.0,0.0,False,False
1646,0.32798635959625244,5.689115590389718e-11,0.5639587076369127,5.9288328740940845e-06,OFFLOADED,1.0,No,1.0,1.0,1.0,False,False
1647,0.3308379054069519,1.0261283984413656e-10,0.7586230543138155,0.18548241839117005,OFFLOADED,0.0,Yes,0.0,0.0,0.0,False,False
1648,0.26013362407684326,5.771057578106284e-24,0.19540070480711041,3.9519946283507634e-19,OFFLOADED,1.0,No,1.0,1.0,1.0,False,False
1649,0.4630029499530792,0.00015210700572630359,0.6115141032551171,0.00013930257076954236,OFFLOADED,1.0,No,1.0,1.0,1.0,False,False
1650,0.5582610368728638,0.00981960382642387,0.6809411580386022,0.013472361130294468,OFFLOADED,1.0,No,1.0,1.0,0.0,False,False
1651,0.6533327698707581,0.15699652327002755,0.8025020184770414,0.3980278389361122,OFFLOADED,1.0,No,1.0,1.0,1.0,False,False
1652,0.35295337438583374,2.1775224601831704e-09,0.5101458377209377,3.8496340926826996e-08,OFFLOADED,1.0,No,0.0,1.0,1.0,False,False
1653,0.3608434200286865,6.741463922856121e-09,0.5043393971623399,2.1448224761168522e-08,OFFLOADED,1.0,No,1.0,0.0,0.0,False,False
1654,0.4079529643058777,1.5933470578067463e-06,1.0,1.0,OFFLOADED,1.0,No,1.0,0.0,0.0,False,True
1655,0.32952457666397095,5.823426652342656e-11,0.8900496829557548,0.9549596221991052,OFFLOADED,1.0,No,1.0,0.0,1.0,False,True
1656,0.9348303079605103,0.997866029589761,0.8128650523838946,0.4587845889806134,ACCEPTED,1.0,No,1.0,1.0,1.0,True,True
1657,0.2648240029811859,1.5817030292854627e-22,0.6623555434277923,0.0029160608521300517,OFFLOADED,1.0,No,0.0,1.0,1.0,False,False
1658,0.2893579304218292,1.3816538068813232e-16,0.25669033274967057,3.0615363074398948e-18,OFFLOADED,1.0,No,1.0,1.0,1.0,False,False
1659,0.8354238867759705,0.9313152588789614,0.80375527624537,0.38113163671527595,OFFLOADED,1.0,No,1.0,1.0,1.0,True,False
1660,0.2624569237232208,2.3344207528855587e-23,0.4614176667211381,2.644102639760235e-10,OFFLOADED,1.0,No,1.0,1.0,1.0,False,False
1661,0.2558857202529907,3.608892271556115e-26,0.2085790261695305,3.6816785662346295e-19,OFFLOADED,1.0,No,1.0,1.0,1.0,False,False
1662,0.33115872740745544,7.840314620482432e-11,0.3805759648573914,9.855936312174389e-14,OFFLOADED,1.0,No,0.0,1.0,1.0,False,False
1663,0.26009875535964966,2.7827161957815373e-24,0.24956928806738932,1.7056578637063066e-18,OFFLOADED,1.0,No,1.0,1.0,1.0,False,False
1664,0.7546801567077637,0.629915955630558,0.7799708673886674,0.23089426293023899,OFFLOADED,0.0,Yes,0.0,0.0,0.0,False,False
1665,0.6886935234069824,0.285817692980005,0.9183321249387476,0.9912270199008557,OFFLOADED,0.0,Yes,0.0,0.0,0.0,False,True
1666,0.27157703042030334,1.3156590595585683e-20,0.9415365031680939,0.9986498991164503,OFFLOADED,1.0,No,1.0,0.0,0.0,False,True
1667,0.2513990104198456,1.847969674569077e-27,0.1702645990577003,1.3383697681565204e-19,OFFLOADED,1.0,No,1.0,1.0,1.0,False,False
1668,0.8021459579467773,0.853692915512815,0.8287870846431755,0.5649487055714135,OFFLOADED,1.0,No,1.0,1.0,1.0,True,False
1669,0.2697206139564514,4.037426278380891e-21,0.8009330138416615,0.34891881834149535,OFFLOADED,1.0,No,1.0,0.0,0.0,False,False
1670,0.5576857328414917,0.00909323049077982,0.8419882522207024,0.6683849887721048,OFFLOADED,0.0,Yes,0.0,0.0,0.0,False,False
1671,0.3006872832775116,1.865310941126098e-14,0.5612429235588176,3.661332483793027e-06,OFFLOADED,1.0,No,1.0,1.0,0.0,False,False
1672,0.25216877460479736,1.7376980587648006e-27,0.2648362147181642,4.0345705159012155e-18,OFFLOADED,1.0,No,1.0,1.0,1.0,False,False
1673,0.8357886672019958,0.9285995353967464,0.9787516257974491,0.9999468573203579,ACCEPTED,0.0,Yes,0.0,0.0,0.0,True,True
1674,0.5534684062004089,0.008490385883239285,0.6009943991636315,6.041095692317245e-05,OFFLOADED,0.0,Yes,0.0,0.0,0.0,False,False
1675,0.2783104181289673,4.643208897017921e-19,0.7393200421762729,0.13815521291291785,OFFLOADED,1.0,No,1.0,1.0,1.0,False,False
1676,0.28311246633529663,7.517979084866647e-18,0.30467761782016256,6.844825511922008e-17,OFFLOADED,1.0,No,1.0,1.0,1.0,False,False
1677,0.5035017728805542,0.0012719172852170373,0.6669076272736285,0.0037957508323456,OFFLOADED,1.0,No,1.0,1.0,1.0,False,False
1678,0.25254660844802856,1.5737353269156664e-27,0.7144868109281852,0.05992023161029398,OFFLOADED,1.0,No,1.0,1.0,0.0,False,False
1679,0.9609450101852417,0.9989270640181643,0.9629804535748077,0.9997585836328593,ACCEPTED,0.0,Yes,0.0,0.0,0.0,True,True
1680,0.2604742646217346,3.307576644098745e-24,0.8305204405724083,0.5823496166368258,OFFLOADED,1.0,No,1.0,1.0,1.0,False,False
1681,0.7591129541397095,0.670983464360154,0.6641176087335383,0.0026901560063623473,OFFLOADED,0.0,Yes,0.0,0.0,0.0,True,False
1682,0.4938959777355194,0.0008425420134262753,0.9551983995409077,0.999539137279251,OFFLOADED,0.0,Yes,0.0,0.0,0.0,False,True
1683,0.35124704241752625,1.72743098488773e-09,0.5348939509110541,3.4266490368485824e-07,OFFLOADED,1.0,No,1.0,1.0,1.0,False,False
1684,0.25907835364341736,8.61673969629268e-25,0.11975306288085714,5.188527218883186e-20,OFFLOADED,1.0,No,1.0,1.0,1.0,False,False
1685,0.7100954055786133,0.40198737994722594,0.752247037333664,0.1577651443002601,OFFLOADED,0.0,Yes,0.0,0.0,0.0,False,False
1686,0.6307420134544373,0.10217683590409012,0.7977968006559983,0.3358402083351845,OFFLOADED,0.0,Yes,0.0,0.0,0.0,False,False
1687,0.2717578411102295,1.3206410221404153e-20,0.8800105570271484,0.9251073048063163,OFFLOADED,1.0,No,1.0,0.0,1.0,False,True
1688,0.32926836609840393,6.078569532803906e-11,0.4345118762780915,1.8721217350605937e-11,OFFLOADED,1.0,No,1.0,1.0,1.0,False,False
1689,0.3621163070201874,9.339686768055887e-09,0.7199479373672133,0.07751128572643351,OFFLOADED,1.0,No,1.0,1.0,1.0,False,False
1690,0.4471779763698578,6.669688189737032e-05,0.707731502689939,0.039967574906853966,OFFLOADED,1.0,No,1.0,1.0,1.0,False,False
1691,0.3824799954891205,1.124910906738375e-07,0.38626017027265047,1.437242052746276e-13,OFFLOADED,1.0,No,1.0,1.0,1.0,False,False
1692,0.5997099876403809,0.04675139062332412,0.6385075138958966,0.0005448763307788405,OFFLOADED,1.0,No,1.0,1.0,1.0,True,False
1693,0.8843446969985962,0.9895249302513957,0.9756041410248537,0.9999354710038284,ACCEPTED,0.0,Yes,0.0,0.0,0.0,True,True
1694,0.29790839552879333,5.05839842376094e-15,0.8674748671550991,0.8707354891748228,OFFLOADED,1.0,No,1.0,0.0,1.0,False,True
1695,0.255336195230484,8.838023287179168e-27,0.40172196176090813,7.487106867787811e-13,OFFLOADED,1.0,No,1.0,1.0,1.0,False,False
1696,0.2766827940940857,1.309812948067212e-19,0.4448727664868394,4.320675180671913e-11,OFFLOADED,1.0,No,0.0,1.0,0.0,False,False
1697,0.872500479221344,0.9852206146427481,0.9668626963781524,0.9998618989548123,ACCEPTED,0.0,Yes,0.0,0.0,0.0,True,True
1698,0.8465837836265564,0.9568718290425067,0.9716869083750411,0.999913485823594,ACCEPTED,0.0,Yes,0.0,0.0,0.0,True,True
1699,0.87184077501297,0.9863842908828702,0.88810027061314,0.956164295313613,ACCEPTED,0.0,Yes,0.0,0.0,0.0,True,True
1700,0.41995424032211304,6.08721477161503e-06,0.9879971214840085,0.9999913340809489,OFFLOADED,1.0,No,1.0,0.0,0.0,False,True
1701,0.2637858986854553,3.218698287041295e-23,0.54446561688255,7.50287461601753e-07,OFFLOADED,1.0,No,1.0,1.0,1.0,False,False
1702,0.3928294777870178,3.133015086389547e-07,0.45918724513136416,1.5924661228855382e-10,OFFLOADED,1.0,No,1.0,1.0,1.0,False,False
1703,0.9189541935920715,0.9974276361531782,0.8420682762203421,0.6843211858178415,ACCEPTED,0.0,Yes,0.0,0.0,0.0,True,True
1704,0.27182745933532715,7.71553989876997e-21,0.3375399670404448,9.27515713970568e-16,OFFLOADED,1.0,No,1.0,1.0,1.0,False,False
1705,0.2995172441005707,8.2824907704109e-15,0.6900567367137524,0.01768602884293564,OFFLOADED,1.0,No,0.0,1.0,1.0,False,False
1706,0.8322157263755798,0.9348229462155752,0.9184078358470659,0.9934044505308369,ACCEPTED,0.0,Yes,0.0,0.0,0.0,True,True
1707,0.3468719720840454,7.76521030650586e-10,0.7402437580623328,0.13691245715304176,OFFLOADED,1.0,No,1.0,0.0,0.0,False,False
1708,0.8355457782745361,0.9440251038585146,0.7119675702936372,0.0509695567932049,OFFLOADED,1.0,No,1.0,1.0,1.0,True,False
1709,0.2936568558216095,6.492062273485326e-16,0.3400542511434194,1.0304883321894994e-15,OFFLOADED,1.0,No,1.0,1.0,1.0,False,False
1710,0.34109243750572205,3.9165809793264056e-10,0.7232067875555402,0.08467242076993926,OFFLOADED,0.0,Yes,0.0,0.0,0.0,False,True
1711,0.29244768619537354,3.8846804464834527e-16,0.40394748030157074,7.641513875493224e-13,OFFLOADED,1.0,No,1.0,1.0,1.0,False,False
1712,0.2656859755516052,9.916511782323886e-23,0.2337384219482206,3.4991454698474456e-19,OFFLOADED,1.0,No,1.0,1.0,1.0,False,False
1713,0.3095454275608063,3.481478293790657e-13,0.5331626995788358,2.4465794870781285e-07,OFFLOADED,1.0,No,1.0,1.0,1.0,False,False
1714,0.3510421812534332,1.200941447615943e-09,0.6634619778695674,0.002691090187982301,OFFLOADED,0.0,Yes,0.0,0.0,0.0,False,False
1715,0.2513199746608734,4.771218634850892e-28,0.22316702693993556,2.0673644242519009e-19,OFFLOADED,1.0,No,1.0,1.0,1.0,False,False
1716,0.2900896966457367,1.1877814505610615e-16,0.4537790733014344,9.49741667268544e-11,OFFLOADED,1.0,No,1.0,1.0,1.0,False,False
1717,0.36540237069129944,1.0491738750558247e-08,0.21451113946210032,1.339307882748911e-19,OFFLOADED,1.0,No,1.0,1.0,1.0,False,False
1718,0.47132402658462524,0.00026309846999493785,0.5019177433185353,1.2536780916643979e-08,OFFLOADED,1.0,No,1.0,1.0,1.0,False,False
1719,0.3753328323364258,3.5540276865429955e-08,0.7605009097232501,0.20272592499650374,OFFLOADED,1.0,No,1.0,1.0,1.0,False,False
1720,0.3819809556007385,7.718263512418561e-08,0.34844908945172137,2.0561077604743774e-15,OFFLOADED,1.0,No,1.0,1.0,1.0,False,False
1721,0.3867352306842804,1.378288347985435e-07,0.6358465233536114,0.00044035264687441344,OFFLOADED,1.0,No,1.0,1.0,1.0,False,False
1722,0.32189810276031494,5.212951637209692e-12,0.36859885205129855,1.3141011412197772e-14,OFFLOADED,1.0,No,1.0,1.0,1.0,False,False
1723,0.9218944311141968,0.997768824845038,0.8591574276767573,0.8252285347306499,ACCEPTED,1.0,No,1.0,1.0,1.0,True,True
1724,0.3067574203014374,9.362161242315051e-14,0.7262956811484501,0.09473176896279063,OFFLOADED,1.0,No,1.0,1.0,0.0,False,False
1725,0.2704891562461853,1.7602056763778596e-21,0.6016970614488819,4.959319877986188e-05,OFFLOADED,1.0,No,1.0,1.0,0.0,False,False
1726,0.28645339608192444,1.0748718261076628e-17,0.721911210905052,0.07573627357215254,OFFLOADED,1.0,No,1.0,1.0,1.0,False,False
1727,0.48784443736076355,0.0006583303441247688,0.9789196332196195,0.9999697103913289,OFFLOADED,1.0,No,1.0,0.0,0.0,False,True
1728,0.30516862869262695,4.848663724695076e-14,0.8013140782277066,0.3710234743950548,OFFLOADED,1.0,No,1.0,1.0,0.0,False,False
1729,0.817730724811554,0.9050920056456234,0.7995977047544205,0.3451828259275573,ACCEPTED,1.0,No,1.0,1.0,1.0,True,True
1730,0.8434278964996338,0.9524261017885279,0.8964432509364846,0.9727624965551713,ACCEPTED,0.0,Yes,0.0,0.0,0.0,True,True
1731,0.27092885971069336,1.86787603882708e-21,0.3256612445497071,1.3881980059903952e-16,OFFLOADED,1.0,No,1.0,1.0,1.0,False,False
1732,0.3328215181827545,6.60440498508517e-11,0.975007314403931,0.9999520111033154,OFFLOADED,0.0,Yes,0.0,0.0,0.0,False,True
1733,0.4023430645465851,8.411681426642597e-07,0.663485208980147,0.002227877108560295,OFFLOADED,1.0,No,1.0,0.0,0.0,False,False
1734,0.26701053977012634,1.0778933354981307e-22,0.8230012760736741,0.50487914336688,OFFLOADED,1.0,No,1.0,0.0,0.0,False,True
1735,0.3179542124271393,2.0304180360083626e-12,0.7519053200054104,0.1539109890422113,OFFLOADED,0.0,Yes,0.0,0.0,0.0,False,False
1736,0.27577200531959534,3.549445717094983e-20,0.5453570776920537,6.41615879883389e-07,OFFLOADED,1.0,No,1.0,1.0,1.0,False,False
1737,0.0,0.0,0.8575888453034759,0.8048734131360755,OFFLOADED,0.0,Yes,0.0,0.0,0.0,False,True
1738,0.3376304507255554,1.8302482863145476e-10,0.48046643283824686,9.280529564893883e-10,OFFLOADED,1.0,No,1.0,1.0,1.0,False,False
1739,0.7434638142585754,0.6042386941276421,0.6924165912991934,0.01692683857444471,OFFLOADED,0.0,Yes,0.0,0.0,0.0,True,False
1740,0.8242068290710449,0.9196115075282789,0.8866637002643928,0.9576737278442858,ACCEPTED,0.0,Yes,0.0,0.0,0.0,True,True
1741,0.26585787534713745,4.501917398068193e-23,0.6307082317515046,0.0002917604231982788,OFFLOADED,1.0,No,0.0,1.0,1.0,False,False
1742,0.841904878616333,0.956267829088726,1.0,1.0,ACCEPTED,1.0,No,1.0,1.0,0.0,True,True
1743,0.2748209536075592,2.1749082646874057e-20,0.6624655045646858,0.0025273124658549227,OFFLOADED,1.0,No,1.0,1.0,0.0,False,False
1744,0.28183209896087646,9.720570076968365e-19,0.9827958246652904,0.9999864824135587,OFFLOADED,1.0,No,1.0,0.0,0.0,False,True
1745,0.31862956285476685,2.3997536999951608e-12,0.8105274270265184,0.4323897483570506,OFFLOADED,0.0,Yes,0.0,0.0,0.0,False,True
1746,0.3777387738227844,3.643000658261772e-08,0.7112245024629112,0.044490532569192796,OFFLOADED,1.0,No,0.0,0.0,1.0,False,False
1747,0.25794532895088196,4.874852538243866e-26,0.40730646068221527,6.661857882726686e-13,OFFLOADED,1.0,No,1.0,1.0,1.0,False,False
1748,0.8132661581039429,0.8985118720579244,0.9453588679494436,0.9993612869127837,ACCEPTED,0.0,Yes,0.0,0.0,0.0,True,True
1749,0.0,0.0,0.8890658976794332,0.9665500958731419,OFFLOADED,0.0,Yes,0.0,0.0,0.0,False,True
1750,0.2601371705532074,3.3097192617428498e-25,0.5826283223731651,1.627628211128535e-05,OFFLOADED,1.0,No,1.0,1.0,0.0,False,False
1751,0.7332696914672852,0.5614964506818463,0.664525023754328,0.003026534459492468,OFFLOADED,0.0,Yes,0.0,0.0,0.0,True,False
1752,0.518108606338501,0.002189416274434666,0.5747636663140868,9.28351507508707e-06,OFFLOADED,1.0,No,1.0,1.0,1.0,False,False
1753,0.0,0.0,0.6868864065776971,0.015277761636495725,OFFLOADED,0.0,Yes,0.0,0.0,0.0,False,False
1754,0.7308059930801392,0.5623671730591998,0.8353822207897392,0.6492224975056502,OFFLOADED,1.0,No,1.0,1.0,1.0,True,False
1755,0.3041313588619232,2.9657055088835725e-14,0.5876580183327963,2.272586886295026e-05,OFFLOADED,1.0,No,1.0,1.0,1.0,False,False
1756,0.6089058518409729,0.06134832078358805,0.8419907955335465,0.6945289199181418,OFFLOADED,1.0,No,1.0,1.0,0.0,False,True
1757,0.27101221680641174,1.3417322265965019e-21,0.720526467464165,0.07274237358414629,OFFLOADED,1.0,No,0.0,1.0,0.0,False,False
1758,0.7021526098251343,0.388888889481927,0.6140296170089669,0.00010200136950394803,OFFLOADED,1.0,No,1.0,1.0,0.0,True,False
1759,0.25423097610473633,3.698161430457031e-28,0.26164986796417217,5.914144745928716e-19,OFFLOADED,1.0,No,1.0,1.0,1.0,False,False
1760,0.677258312702179,0.2570942192659245,0.528948043367914,1.048634160249817e-07,OFFLOADED,1.0,No,1.0,1.0,1.0,True,False
1761,0.45848092436790466,9.260312198688856e-05,0.5726929994237397,6.3208928490306725e-06,OFFLOADED,1.0,No,1.0,1.0,1.0,False,False
1762,0.7311884760856628,0.5315962081153877,1.0,1.0,ACCEPTED,1.0,No,1.0,1.0,0.0,True,True
1763,0.8828798532485962,0.9913977903716301,0.9144652489453714,0.9926097738993269,ACCEPTED,1.0,No,1.0,1.0,0.0,True,True
1764,0.258613258600235,5.482189342439433e-26,0.473732754196356,3.4015635460713883e-10,OFFLOADED,1.0,No,1.0,1.0,0.0,False,False
1765,0.3126252293586731,4.032861067364382e-13,0.6384483814878801,0.0005091929118222087,OFFLOADED,1.0,No,1.0,1.0,1.0,False,False
1766,0.43494200706481934,1.6097740045054373e-05,0.7180008255263559,0.061986979054351216,OFFLOADED,1.0,No,1.0,1.0,1.0,False,False
1767,0.3051249384880066,2.993399848151815e-14,0.46076444597588145,7.266330423137571e-11,OFFLOADED,1.0,No,1.0,1.0,1.0,False,False
1768,0.7745887637138367,0.7536919923998842,0.9269962871795812,0.9972726402987481,ACCEPTED,0.0,Yes,0.0,0.0,0.0,True,True
1769,0.4070284068584442,9.451536623857217e-07,0.46344754295963975,9.069302453332966e-11,OFFLOADED,1.0,No,0.0,1.0,1.0,False,False
1770,0.7076131701469421,0.38899211336820205,0.5255039039021814,5.851238825692803e-08,OFFLOADED,1.0,No,1.0,1.0,1.0,False,False
1771,0.9387535452842712,0.9985260398140288,0.9616765635126481,0.9998552798604267,ACCEPTED,0.0,Yes,0.0,0.0,0.0,True,True
1772,0.31141114234924316,2.414280667851023e-13,0.48165890750761126,5.958226772140735e-10,OFFLOADED,1.0,No,1.0,1.0,1.0,False,False
1773,0.45441362261772156,6.50799613031138e-05,0.7872258986760139,0.2721277712826328,OFFLOADED,1.0,No,1.0,1.0,1.0,False,False
1774,0.9281263947486877,0.9980672894726662,1.0,1.0,ACCEPTED,0.0,Yes,0.0,0.0,0.0,True,True
1775,0.30242207646369934,7.644170546855463e-15,0.6519808656261181,0.0011933357248352188,OFFLOADED,0.0,Yes,0.0,0.0,0.0,False,False
1776,0.32178425788879395,2.6858418977912744e-12,0.3258556107283859,6.581159786945726e-17,OFFLOADED,1.0,No,1.0,1.0,1.0,False,False
1777,0.9060061573982239,0.9964976113379763,0.6397079877586597,0.0005130526108176795,OFFLOADED,1.0,No,1.0,1.0,1.0,True,False
1778,0.27624860405921936,1.7704360982922008e-20,0.9471276046816092,0.9994568916031803,OFFLOADED,0.0,Yes,0.0,0.0,0.0,False,True
1779,0.2512141466140747,6.274318731928052e-29,0.3309674035287857,1.070718852505361e-16,OFFLOADED,1.0,No,1.0,1.0,1.0,False,False
1780,0.2753630578517914,1.2953452249146731e-20,0.34680713005760483,5.015423345293159e-16,OFFLOADED,1.0,No,1.0,1.0,0.0,False,False
1781,0.26402193307876587,4.3394803446404306e-24,0.8094330678276666,0.41037304054540663,OFFLOADED,1.0,No,1.0,1.0,0.0,False,False
1782,0.7820773124694824,0.7853513462579501,0.578315084712104,7.993198645768704e-06,OFFLOADED,1.0,No,1.0,1.0,1.0,True,False
1783,0.5515649318695068,0.007332515197184577,0.7281193587611923,0.08343991228233058,OFFLOADED,1.0,No,1.0,1.0,1.0,False,False
1784,0.30354174971580505,1.0887039263744804e-14,0.8145399214813039,0.43295410506808457,OFFLOADED,1.0,No,0.0,1.0,0.0,False,True
1785,0.7124756574630737,0.3961134155395327,0.8154116268952537,0.426438586147819,OFFLOADED,1.0,No,1.0,1.0,1.0,False,True
1786,0.8931089639663696,0.9933820291287268,0.8544315004064762,0.7626664825055494,ACCEPTED,1.0,No,1.0,1.0,1.0,True,True
1787,0.4434575140476227,2.5800870485646717e-05,0.8749410474696832,0.9073503164661963,OFFLOADED,0.0,Yes,0.0,0.0,0.0,False,True
1788,0.41344019770622253,1.6223976019313466e-06,0.7073294247841924,0.027314643927005423,OFFLOADED,1.0,No,0.0,1.0,1.0,False,False
1789,0.2505434453487396,4.417504825522732e-29,0.23918395024610906,5.733408046240531e-20,OFFLOADED,1.0,No,1.0,1.0,1.0,False,False
1790,0.9199647307395935,0.9971824486615352,0.675116034153052,0.005172816295132649,OFFLOADED,0.0,Yes,0.0,0.0,0.0,True,False
1791,0.8644335269927979,0.980178676840324,0.9445475042441405,0.99932646665227,ACCEPTED,0.0,Yes,0.0,0.0,0.0,True,True
1792,0.3363332152366638,7.281732990257137e-11,0.6890819977927812,0.012219954238012816,OFFLOADED,0.0,Yes,0.0,0.0,0.0,False,False
1793,0.8744005560874939,0.9880697883907948,0.8562275346512,0.771235995133946,ACCEPTED,0.0,Yes,0.0,0.0,0.0,True,True
1794,0.8831559419631958,0.9913422136032733,0.9890804721262704,0.9999958887552115,ACCEPTED,0.0,Yes,0.0,0.0,0.0,True,True
1795,0.4576212763786316,6.872977723477388e-05,0.7616588198375619,0.15638656040969137,OFFLOADED,1.0,No,1.0,1.0,1.0,False,False
1796,0.6348071694374084,0.09613909993311982,0.7617962104181484,0.14913176407503273,OFFLOADED,0.0,Yes,0.0,0.0,0.0,False,False
1797,0.28125011920928955,2.890481429115251e-19,0.43128042435441005,2.2754132908130225e-12,OFFLOADED,1.0,No,1.0,1.0,1.0,False,False
1798,0.32977333664894104,1.8278455316303553e-11,0.6328346362167201,0.000258921188708271,OFFLOADED,1.0,No,1.0,1.0,0.0,False,False
1799,0.4230995178222656,4.309005132990306e-06,0.8263420485020139,0.5022597514343765,OFFLOADED,0.0,Yes,0.0,0.0,0.0,False,True
1800,0.3239647448062897,4.041645206192252e-12,0.5370644208758891,1.4966819263964553e-07,OFFLOADED,1.0,No,1.0,1.0,1.0,False,False
1801,0.25807562470436096,1.6449608311183327e-26,0.5406180274533438,2.091791525574857e-07,OFFLOADED,1.0,No,0.0,1.0,1.0,False,False
1802,0.631859302520752,0.09500830826759785,0.9687555072873001,0.9999385820005727,OFFLOADED,1.0,No,0.0,1.0,1.0,False,True
1803,0.7195056676864624,0.4245227232737967,0.8065835531304962,0.35915834098705396,OFFLOADED,0.0,Yes,0.0,0.0,0.0,False,True
1804,0.29371264576911926,1.5722702764528354e-16,0.8586842497494548,0.8104766258481454,OFFLOADED,0.0,Yes,0.0,0.0,0.0,False,True
1805,0.32041335105895996,1.7168354701558203e-12,0.4894930879662534,9.40471493330007e-10,OFFLOADED,1.0,No,0.0,1.0,1.0,False,False
1806,0.9515135288238525,0.999131750363648,0.8879174548205201,0.9648951140577595,ACCEPTED,1.0,No,1.0,1.0,1.0,True,True
1807,0.276638388633728,1.669762467995217e-20,0.8488487295016136,0.732368801170704,OFFLOADED,1.0,No,0.0,1.0,0.0,False,False
1808,0.7371673583984375,0.5461248925576229,1.0,1.0,OFFLOADED,0.0,Yes,0.0,0.0,0.0,False,True
1809,0.2674944996833801,4.633888739800315e-23,0.15473337237812634,4.20848676867333e-21,OFFLOADED,1.0,No,1.0,1.0,1.0,False,False
1810,0.48399046063423157,0.00036599328880337423,0.9615142844061686,0.9998679113133127,OFFLOADED,1.0,No,1.0,0.0,0.0,False,True
1811,0.27938786149024963,8.167144483188685e-20,0.2557068965161173,1.204185316842165e-19,OFFLOADED,1.0,No,1.0,1.0,1.0,False,False
1812,0.27273234724998474,1.7307223174775412e-21,0.29797328417765434,2.6558870436959293e-18,OFFLOADED,1.0,No,1.0,1.0,1.0,False,False
1813,0.9374666213989258,0.9987226773026371,1.0,1.0,ACCEPTED,0.0,Yes,0.0,0.0,0.0,True,True
1814,0.28120240569114685,2.3235108909974124e-19,0.24137700975083076,4.8149300899134073e-20,OFFLOADED,1.0,No,1.0,1.0,1.0,False,False
1815,0.27850109338760376,4.115132247930921e-20,0.2517839412639671,8.300386287208843e-20,OFFLOADED,1.0,No,1.0,1.0,1.0,False,False
1816,0.26345330476760864,1.4049265886676896e-24,0.25858563813460983,1.2320636267171872e-19,OFFLOADED,1.0,No,1.0,1.0,1.0,False,False
1817,0.4752298593521118,0.00020138835981443393,0.5396110159986093,1.8107246826873692e-07,OFFLOADED,1.0,No,1.0,1.0,1.0,False,False
1818,0.271190345287323,4.406785923220466e-22,0.9303815563804074,0.9980815118941566,OFFLOADED,1.0,No,1.0,0.0,1.0,False,True
1819,0.8825821280479431,0.9921539776162249,0.7560738984023809,0.15354291474479015,OFFLOADED,1.0,No,1.0,1.0,1.0,True,False
1820,0.4065190255641937,6.566470808433383e-07,0.39392531508845563,4.263319174227698e-14,OFFLOADED,1.0,No,1.0,1.0,1.0,False,False
1821,0.7422217726707458,0.5936142471341396,0.8060149369400864,0.3605379327707836,OFFLOADED,1.0,No,1.0,1.0,1.0,False,False
1822,0.751417875289917,0.6351622392295644,0.8216587476041128,0.47105300801140576,OFFLOADED,0.0,Yes,0.0,0.0,0.0,True,False
1823,0.46547743678092957,0.00010067709795202899,0.7679168146751926,0.1724571592984332,OFFLOADED,1.0,No,1.0,1.0,1.0,False,False
1824,0.3415512442588806,1.396126412219097e-10,0.5092795476458623,7.057006869020992e-09,OFFLOADED,1.0,No,1.0,1.0,1.0,False,False
1825,0.2767532467842102,1.0680132912827257e-20,0.7929580019591997,0.2614565451355697,OFFLOADED,1.0,No,1.0,0.0,0.0,False,False
1826,0.2635190486907959,9.78080053639566e-25,0.5487000878088818,4.1261170034399555e-07,OFFLOADED,1.0,No,1.0,1.0,1.0,False,False
1827,0.25025585293769836,1.5403949045166836e-29,0.21085722559039136,8.046578652347039e-21,OFFLOADED,1.0,No,1.0,1.0,1.0,False,False
1828,0.6654778122901917,0.1921326283963377,0.9575986817013358,0.9998251451938032,OFFLOADED,0.0,Yes,0.0,0.0,0.0,False,True
1829,0.7244942784309387,0.48726147825331656,0.7955986945028127,0.2905187784294613,OFFLOADED,1.0,No,1.0,1.0,1.0,False,False
1830,0.27404898405075073,2.7869455424855115e-21,0.22983573645087607,1.6507282873539093e-20,OFFLOADED,1.0,No,1.0,1.0,1.0,False,False
1831,0.556831955909729,0.008512339958602653,0.6904970668200787,0.013203525265508878,OFFLOADED,1.0,No,0.0,0.0,1.0,False,False
1832,0.2991817891597748,1.165172789333001e-15,0.31886582253691564,1.2501371946666886e-17,OFFLOADED,1.0,No,0.0,1.0,1.0,False,False
1833,0.7562428116798401,0.6742114461785692,1.0,1.0,ACCEPTED,0.0,Yes,0.0,0.0,0.0,True,True
1834,0.2603873014450073,5.18566184681502e-26,0.6551737113683254,0.0014051900883109713,OFFLOADED,1.0,No,1.0,0.0,1.0,False,False
1835,0.6751976013183594,0.23406788067864057,0.5350528921613217,9.886066878611667e-08,OFFLOADED,1.0,No,1.0,1.0,1.0,False,False
1836,0.42384451627731323,3.8135300405523596e-06,0.9688068848767698,0.9999433124844075,OFFLOADED,1.0,No,0.0,0.0,1.0,False,True
1837,0.27458444237709045,2.922198751015379e-21,0.7838979204071248,0.21659474936627393,OFFLOADED,1.0,No,1.0,0.0,0.0,False,True
1838,0.6848800182342529,0.2664966207875239,0.695972322632861,0.01761880961655471,OFFLOADED,0.0,Yes,0.0,0.0,0.0,False,False
1839,0.3269086480140686,6.059904779665106e-12,0.4595853735014867,3.137917255574622e-11,OFFLOADED,1.0,No,1.0,1.0,1.0,False,False
1840,0.3392341136932373,8.87115806638023e-11,0.3128685429008604,6.7150754424596314e-18,OFFLOADED,1.0,No,1.0,1.0,1.0,False,False
1841,0.4426983594894409,2.101037264436881e-05,0.6253199035775981,0.00016647503159847925,OFFLOADED,1.0,No,1.0,1.0,1.0,False,False
1842,0.2991887331008911,8.868219062453092e-16,0.641666063316695,0.0005982944537297343,OFFLOADED,1.0,No,1.0,0.0,0.0,False,False
1843,0.36219415068626404,1.7522796141015209e-09,0.762744695875796,0.16133513963176035,OFFLOADED,1.0,No,1.0,1.0,1.0,False,True
1844,0.4089498817920685,6.72170662260543e-07,0.8541439408124613,0.7708491099238548,OFFLOADED,1.0,No,1.0,0.0,0.0,False,True
1845,0.3268449902534485,4.4514481134995566e-12,0.5121849996826575,9.318980652877862e-09,OFFLOADED,1.0,No,1.0,0.0,0.0,False,False
1846,0.6636331081390381,0.19130179934730118,0.6911940813421851,0.015433514105938712,OFFLOADED,1.0,No,1.0,1.0,0.0,False,False
1847,0.32201194763183594,1.0562256627112836e-12,0.5429045742800388,2.3578856035168362e-07,OFFLOADED,1.0,No,1.0,1.0,1.0,False,False
1848,0.2522681951522827,7.130057807509583e-30,0.5648140177471391,2.1145229134863094e-06,OFFLOADED,1.0,No,1.0,1.0,1.0,False,False
1849,0.851193904876709,0.9689825170061529,0.957387618308521,0.9998403707769858,ACCEPTED,0.0,Yes,0.0,0.0,0.0,True,True
1850,0.759520947933197,0.7031918938773334,0.5527760961558805,5.481538129193509e-07,OFFLOADED,1.0,No,1.0,1.0,1.0,False,False
1851,0.2862943112850189,1.341512891741515e-18,0.7949882899128672,0.2818588803910089,OFFLOADED,1.0,No,1.0,1.0,1.0,False,False
1852,0.27728232741355896,6.4842885114405246e-21,0.40551044317551654,1.0594455719243525e-13,OFFLOADED,1.0,No,0.0,1.0,1.0,False,False
1853,0.8863433003425598,0.9929213690853276,0.790577888497468,0.24366100121019368,OFFLOADED,0.0,Yes,0.0,0.0,0.0,True,False
1854,0.28266003727912903,2.2007930462066437e-19,0.8521132027109887,0.7608665232406842,OFFLOADED,1.0,No,1.0,1.0,1.0,False,True
1855,0.6763293743133545,0.22572680179530855,0.313177844407623,4.922501871603588e-18,OFFLOADED,1.0,No,1.0,1.0,1.0,False,False
1856,0.2870257496833801,1.7840906637325163e-18,0.5100965183358909,6.3347807991387385e-09,OFFLOADED,1.0,No,1.0,0.0,0.0,False,False
1857,0.2774355411529541,5.752454700266355e-21,0.21138378461583948,5.197669115419121e-21,OFFLOADED,1.0,No,1.0,1.0,1.0,False,False
1858,0.3146805167198181,1.7035005583828083e-13,0.23466445863173466,1.4345119135851706e-20,OFFLOADED,1.0,No,1.0,1.0,1.0,False,False
1859,0.2954254150390625,1.2271360341752902e-16,0.3079299184735403,2.901951474260288e-18,OFFLOADED,1.0,No,1.0,1.0,1.0,False,False
1860,0.29667896032333374,1.9159112932392152e-16,0.6348912720180949,0.0003162305013314196,OFFLOADED,1.0,No,0.0,1.0,1.0,False,False
1861,0.8625287413597107,0.9820175763867552,0.750689430907339,0.12696068099410865,OFFLOADED,0.0,Yes,0.0,0.0,0.0,True,False
1862,0.3831711411476135,2.4499429794106465e-08,0.7163546234745748,0.04550527110729686,OFFLOADED,1.0,No,1.0,1.0,1.0,False,False
1863,0.3415633738040924,8.207453000713578e-11,0.6604515997170501,0.0020011771108865506,OFFLOADED,1.0,No,1.0,1.0,1.0,False,False
1864,0.4488295018672943,2.745698153531288e-05,0.8063627622846653,0.3583217186642334,OFFLOADED,1.0,No,1.0,1.0,1.0,False,True
1865,0.29759666323661804,2.2494660886238424e-16,0.8865817146447692,0.9569433245621001,OFFLOADED,1.0,No,1.0,0.0,0.0,False,True
1866,0.2557794749736786,6.948441742264128e-29,0.9048223309616884,0.9850287107719847,OFFLOADED,1.0,No,1.0,0.0,0.0,False,True
1867,0.39918068051338196,1.7772167494332925e-07,0.5455295407781087,2.1944564796344834e-07,OFFLOADED,1.0,No,0.0,1.0,1.0,False,False
1868,0.2741568386554718,5.920018080050282e-22,0.3764166217020223,3.3646380158816654e-15,OFFLOADED,1.0,No,1.0,1.0,1.0,False,False
1869,0.27778202295303345,4.217556059803402e-21,0.6803628747062513,0.008036212469592066,OFFLOADED,1.0,No,1.0,1.0,1.0,False,False
1870,0.3092190623283386,2.7037383152585296e-14,0.2036268487355756,2.455679166287951e-21,OFFLOADED,1.0,No,1.0,1.0,1.0,False,False
1871,0.7268246412277222,0.47812769547144823,0.693921078270689,0.01467422828797572,OFFLOADED,0.0,Yes,0.0,0.0,0.0,False,False
1872,0.3052549958229065,5.6619151069967225e-15,0.5102721718727351,5.4963242210162705e-09,OFFLOADED,1.0,No,1.0,1.0,1.0,False,False
1873,0.31969591975212097,4.724283474023703e-13,0.28786142131183856,4.557677315306456e-19,OFFLOADED,1.0,No,1.0,1.0,1.0,False,False
1874,0.29238712787628174,1.737508526520806e-17,0.6489625137552845,0.000861017689167998,OFFLOADED,1.0,No,1.0,1.0,0.0,False,False
1875,0.32311779260635376,9.622870739282684e-13,0.9813399710531979,0.9999905392977478,OFFLOADED,1.0,No,0.0,1.0,0.0,False,True
1876,0.27426931262016296,4.338340227772989e-22,0.6185265060833744,7.791543697589183e-05,OFFLOADED,1.0,No,1.0,1.0,1.0,False,False
1877,0.8983446955680847,0.9960764423605489,0.4646894463361369,2.984526702707193e-11,OFFLOADED,1.0,No,1.0,1.0,1.0,True,False
1878,0.44289740920066833,1.7530941546288404e-05,0.5693496057275524,2.331303491177264e-06,OFFLOADED,0.0,Yes,0.0,0.0,0.0,False,False
1879,0.2572537362575531,3.370896842885446e-28,0.2779194707946427,1.8241819724710703e-19,OFFLOADED,1.0,No,1.0,1.0,1.0,False,False
1880,0.6522990465164185,0.1425212751684548,0.7797815840242998,0.19932306167397185,OFFLOADED,0.0,Yes,0.0,0.0,0.0,False,False
1881,0.4122188687324524,9.024833236426369e-07,0.6885099522407515,0.013143442051758629,OFFLOADED,1.0,No,1.0,1.0,1.0,False,False
1882,0.8231130838394165,0.9219683822044553,0.7991442402844369,0.3062562639435776,OFFLOADED,1.0,No,1.0,1.0,1.0,True,False
1883,0.4574398994445801,5.1781229646949404e-05,0.5550230998289548,4.653372049412645e-07,OFFLOADED,1.0,No,1.0,1.0,1.0,False,False
1884,0.43107759952545166,6.619605602042522e-06,0.9082957380555606,0.9886904398287143,OFFLOADED,1.0,No,1.0,0.0,0.0,False,True
1885,0.46215003728866577,6.637104971071785e-05,0.6735752364438967,0.004651737588505197,OFFLOADED,1.0,No,1.0,1.0,1.0,False,False
1886,0.9208424687385559,0.9979737033714516,0.9860592222798071,0.9999957791908582,ACCEPTED,1.0,No,1.0,1.0,1.0,True,True
1887,0.8601704239845276,0.9797693588646388,0.945987341307587,0.9995769875400583,ACCEPTED,0.0,Yes,0.0,0.0,0.0,True,True
1888,0.8790652751922607,0.9918417798351211,0.9060519322696287,0.9875363176253544,ACCEPTED,1.0,No,1.0,1.0,1.0,True,True
1889,0.2619071900844574,2.858134971220397e-26,0.1768489073449157,7.823537744300682e-22,OFFLOADED,1.0,No,1.0,1.0,1.0,False,False
1890,0.7841425538063049,0.7914694862820314,0.7087542628073319,0.027200129514861403,OFFLOADED,1.0,No,1.0,1.0,1.0,True,False
1891,0.8916154503822327,0.9939737962853538,0.987573648089562,0.9999964284763775,ACCEPTED,0.0,Yes,0.0,0.0,0.0,True,True
1892,0.913720428943634,0.9973760755426957,0.981188882729773,0.9999902001655661,ACCEPTED,0.0,Yes,0.0,0.0,0.0,True,True
1893,0.31003978848457336,2.6754015873170837e-14,0.18809940585340224,8.986219134993193e-22,OFFLOADED,1.0,No,0.0,1.0,1.0,False,False
1894,0.5101207494735718,0.0010978948283563064,0.8879050380534727,0.9630480651953875,OFFLOADED,0.0,Yes,0.0,0.0,0.0,False,True
1895,0.7773427963256836,0.7584767139408942,0.9761600792898028,0.9999826874395356,ACCEPTED,1.0,No,1.0,1.0,0.0,True,True
1896,0.6655153632164001,0.18484194117805697,0.7580170455742054,0.14164423111951627,OFFLOADED,0.0,Yes,0.0,0.0,0.0,True,False
1897,0.2546761631965637,8.226143272170771e-30,0.45825784563475186,1.2676713357526716e-11,OFFLOADED,1.0,No,1.0,1.0,1.0,False,False
1898,0.2526474893093109,1.5281002762459317e-30,0.6683817473935957,0.0028100920918361547,OFFLOADED,1.0,No,1.0,1.0,1.0,False,False
1899,0.3021734058856964,1.1754324033208112e-15,0.4880474006553418,3.184721108547475e-10,OFFLOADED,1.0,No,1.0,1.0,1.0,False,False
1900,0.5361061096191406,0.0034375130847804306,0.9155933472466323,0.993888989224702,OFFLOADED,1.0,No,1.0,1.0,0.0,False,True
1901,0.5715348124504089,0.013521460251823167,0.3614548877545098,4.2533054056999963e-16,OFFLOADED,1.0,No,1.0,1.0,1.0,False,False
1902,0.28061431646347046,1.7300927979055328e-20,0.26874077111354344,5.057689003439841e-20,OFFLOADED,1.0,No,1.0,1.0,1.0,False,False
1903,0.2617642879486084,1.9556158137464076e-26,0.28986265773202124,2.8045263334645897e-19,OFFLOADED,1.0,No,1.0,1.0,1.0,False,False
1904,0.7778996825218201,0.7520743254209292,0.6178300334052583,5.984648748418452e-05,OFFLOADED,1.0,No,1.0,1.0,1.0,True,False
1905,0.6246306896209717,0.0794883686602388,0.7772962932001983,0.1969401494575869,OFFLOADED,1.0,No,1.0,1.0,0.0,False,False
1906,0.8739684820175171,0.9891101120242595,1.0,1.0,ACCEPTED,0.0,Yes,0.0,0.0,0.0,True,True
1907,0.29817238450050354,1.5303695612356625e-16,0.9042744434772257,0.9855834050378397,OFFLOADED,1.0,No,1.0,1.0,1.0,False,True
1908,0.32992643117904663,5.479054103242247e-12,0.8335258859421973,0.5745333913547045,OFFLOADED,1.0,No,1.0,1.0,1.0,False,False
1909,0.8093304634094238,0.8719217605345014,0.973402937221285,0.9999689686754271,ACCEPTED,0.0,Yes,0.0,0.0,0.0,True,True
1910,0.41440197825431824,8.869141085879409e-07,0.43597767002778365,9.623736059854027e-13,OFFLOADED,1.0,No,1.0,1.0,1.0,False,False
1911,0.8726500868797302,0.9896599580744084,0.8420645173469725,0.6421660357177275,OFFLOADED,1.0,No,1.0,1.0,1.0,True,False
1912,0.2661516070365906,5.7882188421325e-25,0.6249999855936043,8.395909396436258e-05,OFFLOADED,1.0,No,1.0,1.0,1.0,False,False
1913,0.29439446330070496,2.435903187520052e-17,1.0,1.0,OFFLOADED,1.0,No,1.0,0.0,1.0,False,True
1914,0.34732598066329956,1.0288878833290198e-10,0.6600771671032156,0.0013126675793831317,OFFLOADED,1.0,No,1.0,1.0,1.0,False,False
1915,0.5278726816177368,0.0019629135804735552,0.983612809777438,0.9999929173696237,OFFLOADED,0.0,Yes,0.0,0.0,0.0,False,True
1916,0.3848240077495575,2.1651381786787086e-08,0.791848604809878,0.23621629264090122,OFFLOADED,1.0,No,1.0,1.0,0.0,False,True
1917,0.8113230466842651,0.8843507202910036,0.8265202699314211,0.4790897682129397,ACCEPTED,0.0,Yes,0.0,0.0,0.0,True,True
1918,0.33360791206359863,1.1577684100882758e-11,0.943494772758395,0.9994158385148874,OFFLOADED,0.0,Yes,0.0,0.0,0.0,False,True
1919,0.8859841823577881,0.9933444456341255,0.9702158559991617,0.999960437009714,ACCEPTED,0.0,Yes,0.0,0.0,0.0,True,True
1920,0.7533962726593018,0.6463531268419852,0.38279625459538635,2.6118198577097127e-15,OFFLOADED,1.0,No,1.0,1.0,1.0,True,False
1921,0.288407564163208,1.0044519055751801e-18,0.27879295336929716,7.581209634230428e-20,OFFLOADED,1.0,No,1.0,1.0,1.0,False,False
1922,0.3078424036502838,8.928716097368416e-15,0.5612657485337678,6.282580627860343e-07,OFFLOADED,1.0,No,1.0,1.0,1.0,False,False
1923,0.3105347752571106,2.3390396188057245e-14,0.29667678194605235,2.7279457878124703e-19,OFFLOADED,1.0,No,0.0,1.0,1.0,False,False
1924,0.250276654958725,4.944228709890347e-31,0.8808592575741706,0.9387676071286476,OFFLOADED,1.0,No,1.0,1.0,1.0,False,True
1925,0.7909018397331238,0.7977468441656068,0.935854169376815,0.9988535258650477,ACCEPTED,0.0,Yes,0.0,0.0,0.0,True,True
1926,0.25456786155700684,2.977579237298499e-30,0.35020965005757915,8.128493603065436e-17,OFFLOADED,1.0,No,1.0,1.0,1.0,False,False
1927,0.4234849214553833,2.5295291144532016e-06,0.514639486143138,4.2302751636172934e-09,OFFLOADED,1.0,No,0.0,1.0,1.0,False,False
1928,0.0,0.0,0.5920300507842916,9.10795908929172e-06,OFFLOADED,0.0,Yes,0.0,0.0,0.0,False,False
1929,0.26842790842056274,2.6699970025895573e-24,0.6427129153987857,0.0003560129956820763,OFFLOADED,1.0,No,1.0,1.0,0.0,False,False
1930,0.31074997782707214,2.269368566499617e-14,0.38492345938853056,2.832874208086392e-15,OFFLOADED,1.0,No,1.0,1.0,1.0,False,False
1931,0.8986697793006897,0.9961475077867824,0.6813248414228231,0.006662823395928029,OFFLOADED,1.0,No,1.0,1.0,1.0,True,False
1932,0.45871132612228394,4.745624075569093e-05,0.7371955588472073,0.08715084690220759,OFFLOADED,1.0,No,1.0,1.0,1.0,False,False
1933,0.9268431663513184,0.9983890635852718,1.0,1.0,ACCEPTED,0.0,Yes,0.0,0.0,0.0,True,True
1934,0.4179633557796478,1.2381106054871808e-06,0.7544878003344033,0.12058511799169855,OFFLOADED,1.0,No,0.0,0.0,1.0,False,False
1935,0.26052355766296387,2.449307463142891e-27,0.7843579574496473,0.2022184762181005,OFFLOADED,1.0,No,1.0,1.0,0.0,False,False
1936,0.2963867485523224,3.9988122930590884e-17,0.9708830608504296,0.9999649029857883,OFFLOADED,1.0,No,1.0,0.0,0.0,False,True
1937,0.37049615383148193,2.5959843313988497e-09,0.44570305016775597,1.7454520944276081e-12,OFFLOADED,1.0,No,1.0,1.0,1.0,False,False
1938,0.8064746260643005,0.8758396986048675,0.7455583934445565,0.10258708649681676,OFFLOADED,1.0,No,1.0,1.0,1.0,True,False
1939,0.25558406114578247,6.586438674191946e-30,0.5637911142904464,6.934925100143228e-07,OFFLOADED,1.0,No,1.0,1.0,0.0,False,False
1940,0.29088032245635986,2.607974748795699e-18,0.636976279083765,0.00016548402420259235,OFFLOADED,1.0,No,1.0,1.0,0.0,False,False
1941,0.6597622632980347,0.16758866395851768,0.40999607074338335,3.6175045244174935e-14,OFFLOADED,1.0,No,1.0,1.0,1.0,False,False
1942,0.8533322811126709,0.9715314124097051,0.980487953948765,0.9999905689244456,ACCEPTED,0.0,Yes,0.0,0.0,0.0,True,True
1943,0.833173394203186,0.9369392170059717,0.6538178984165696,0.0006796113502466223,OFFLOADED,1.0,No,1.0,1.0,1.0,True,False
1944,0.28704237937927246,2.4101450319774307e-19,0.79377521137979,0.23032541700752915,OFFLOADED,0.0,Yes,0.0,0.0,0.0,False,False
1945,0.33746978640556335,2.0949463529667262e-11,0.6676725526403546,0.001856405656076726,OFFLOADED,1.0,No,1.0,1.0,0.0,False,False
1946,0.2573229968547821,6.719265715032034e-29,0.44344288817127536,1.0082106631349675e-12,OFFLOADED,1.0,No,1.0,1.0,1.0,False,False
1947,0.6905675530433655,0.2796274416075966,0.8059608001100814,0.3190365186838762,OFFLOADED,1.0,No,1.0,0.0,0.0,False,True
1948,0.7684497237205505,0.7012062480445898,0.8912432857245238,0.967664188389903,ACCEPTED,0.0,Yes,0.0,0.0,0.0,True,True
1949,0.31674647331237793,1.003593624195266e-13,0.750071073399131,0.11666417197679228,OFFLOADED,1.0,No,1.0,1.0,1.0,False,False
1950,0.2780951261520386,9.838368164035769e-22,0.40750540923193634,2.346095818563286e-14,OFFLOADED,1.0,No,1.0,1.0,1.0,False,False
1951,0.2584117352962494,1.9794952973479976e-28,0.5883099517709335,5.137791097911489e-06,OFFLOADED,1.0,No,1.0,1.0,1.0,False,False
1952,0.2697300910949707,3.7607493079350975e-24,0.2911039824901569,7.35569589035855e-20,OFFLOADED,1.0,No,1.0,1.0,1.0,False,False
1953,0.2518247365951538,1.8006289031311599e-31,0.11238533594298616,4.7813643746373306e-23,OFFLOADED,1.0,No,1.0,1.0,1.0,False,False
1954,0.6749317049980164,0.20474715747654815,0.9046059063691292,0.9844653971896522,OFFLOADED,0.0,Yes,0.0,0.0,0.0,False,True
1955,0.8196374177932739,0.9057987059906061,0.9068348981305647,0.987289556371839,OFFLOADED,0.0,Yes,0.0,0.0,0.0,False,True
1956,0.25573039054870605,5.197053270070976e-30,0.4347233542344866,3.404144254623209e-13,OFFLOADED,1.0,No,1.0,0.0,0.0,False,False
1957,0.6138924360275269,0.054143546601706456,0.49291216292358797,2.3112181270313453e-10,OFFLOADED,1.0,No,0.0,0.0,1.0,False,False
1958,0.29383498430252075,8.597773836660067e-18,0.4131852994927808,3.996407503771159e-14,OFFLOADED,1.0,No,1.0,1.0,1.0,False,False
1959,0.9061084389686584,0.9971600189820629,0.8783549610130582,0.9302943710614704,ACCEPTED,1.0,No,1.0,1.0,1.0,True,True
1960,0.2750926911830902,1.5342554961528979e-22,0.6897167412334133,0.009499253351261826,OFFLOADED,1.0,No,1.0,0.0,0.0,False,False
1961,0.0,0.0,0.8156514841727168,0.40446123593349853,OFFLOADED,0.0,Yes,0.0,0.0,0.0,False,False
1962,0.458051472902298,3.920788538639254e-05,0.4924295354453868,2.5298786092773724e-10,OFFLOADED,1.0,No,1.0,1.0,1.0,False,False
1963,0.2548631429672241,1.2097515544062216e-30,0.32339693651928036,1.9957045510297096e-18,OFFLOADED,1.0,No,1.0,1.0,1.0,False,False
1964,0.26551541686058044,1.0937246927734169e-25,0.8256601087682889,0.5017825407340243,OFFLOADED,1.0,No,1.0,1.0,1.0,False,False
1965,0.30307111144065857,6.09409231236113e-16,0.3950266446976442,5.452797010272247e-15,OFFLOADED,1.0,No,1.0,1.0,1.0,False,False
1966,0.2786436080932617,1.2195960119637448e-21,0.6865308105612494,0.00850413310889409,OFFLOADED,1.0,No,1.0,1.0,1.0,False,False
1967,0.2863527834415436,1.2646302362915123e-19,0.357819164101515,7.602691792422554e-17,OFFLOADED,1.0,No,1.0,1.0,1.0,False,False
1968,0.42716681957244873,2.918115296711954e-06,0.5452593135043342,7.009250078918603e-08,OFFLOADED,1.0,No,1.0,1.0,1.0,False,False
1969,0.3175499141216278,1.054597460664188e-13,0.6580958172619085,0.0008381979060579162,OFFLOADED,1.0,No,1.0,1.0,1.0,False,False
1970,0.250632643699646,8.460923461784737e-32,0.2201745866881535,3.325686892202276e-22,OFFLOADED,1.0,No,1.0,1.0,1.0,False,False
1971,0.4666638672351837,7.301001829887704e-05,0.7730671466570274,0.16239703946064682,OFFLOADED,1.0,No,1.0,0.0,1.0,False,False
1972,0.251313179731369,7.645327578415859e-32,0.25550973471434296,2.6737657312619317e-21,OFFLOADED,1.0,No,1.0,1.0,1.0,False,False
1973,0.3889290988445282,2.3481258108807182e-08,0.2715126648793473,1.083303933384779e-20,OFFLOADED,1.0,No,1.0,1.0,1.0,False,False
1974,0.28849872946739197,3.250392633280194e-19,0.6361783574085438,0.00013240950998472917,OFFLOADED,1.0,No,1.0,1.0,1.0,False,False
1975,0.38966962695121765,2.4472950492627233e-08,0.5681684088603026,8.342112136680786e-07,OFFLOADED,1.0,No,1.0,1.0,1.0,False,False
1976,0.26049545407295227,6.669665691057088e-28,0.34451139611628057,1.3102984156384734e-17,OFFLOADED,1.0,No,0.0,1.0,1.0,False,False
1977,0.31898799538612366,1.2027690799346542e-13,0.3480811756949853,1.978205088960926e-17,OFFLOADED,1.0,No,1.0,1.0,1.0,False,False
1978,0.8921532034873962,0.9948641395104248,0.9700076062003535,0.9999689420270752,ACCEPTED,0.0,Yes,0.0,0.0,0.0,True,True
1979,0.28837892413139343,2.5605521871932733e-19,0.5935630128218945,6.595900876274056e-06,OFFLOADED,1.0,No,1.0,1.0,1.0,False,False
1980,0.32140740752220154,1.988199680265909e-13,0.6253976585252553,4.9059153830633804e-05,OFFLOADED,1.0,No,1.0,1.0,1.0,False,False
1981,0.7673038840293884,0.7153650261257426,0.8936798889003659,0.9737042691879676,ACCEPTED,1.0,No,1.0,1.0,1.0,True,True
1982,0.2938292622566223,4.685298554575601e-18,0.22824881813456332,3.24984368149916e-22,OFFLOADED,1.0,No,1.0,1.0,1.0,False,False
1983,0.5028122067451477,0.0007123753844299276,0.6143522494536001,2.213966093525968e-05,OFFLOADED,1.0,No,1.0,1.0,0.0,False,False
1984,0.5817643404006958,0.016887942065830813,0.8122180897192487,0.38254554925814666,OFFLOADED,0.0,Yes,0.0,0.0,0.0,False,False
1985,0.26231876015663147,2.99888519604147e-27,0.45011713459612906,1.4349978809322974e-12,OFFLOADED,1.0,No,1.0,1.0,1.0,False,False
1986,0.6256616115570068,0.07227466605061365,0.5641406866632549,4.2752840741664514e-07,OFFLOADED,1.0,No,1.0,1.0,1.0,False,False
1987,0.2622225284576416,2.4485345123606497e-27,0.23628037117296902,4.197092663334309e-22,OFFLOADED,1.0,No,1.0,1.0,1.0,False,False
1988,0.0,0.0,0.9275463211910244,0.9978044020013892,OFFLOADED,0.0,Yes,0.0,0.0,0.0,False,True
1989,0.2676542401313782,2.6124347358599716e-25,0.46438734183875496,6.1003534309582505e-12,OFFLOADED,1.0,No,1.0,1.0,1.0,False,False
1990,0.5000652074813843,0.0006056074080608659,0.8024699872743696,0.3231776292507794,OFFLOADED,0.0,Yes,0.0,0.0,0.0,False,False
1991,0.288413405418396,2.160757505065099e-19,0.7956941894347113,0.28529774072624114,OFFLOADED,0.0,Yes,0.0,0.0,0.0,False,False
1992,0.4463333189487457,1.5135865696678536e-05,0.6563346224631997,0.0008213297236635603,OFFLOADED,1.0,No,0.0,1.0,1.0,False,False
1993,0.9337573647499084,0.9987511908742469,0.7844158289790021,0.2334080687852585,OFFLOADED,1.0,No,1.0,1.0,0.0,True,False
1994,0.2785382568836212,5.461260315624794e-22,0.4105084981010067,1.64760879902182e-14,OFFLOADED,1.0,No,1.0,1.0,1.0,False,False
1995,0.27773168683052063,2.696741870711665e-22,0.4336630913741755,1.8589280334835043e-13,OFFLOADED,1.0,No,1.0,1.0,1.0,False,False
1996,0.7677063941955566,0.7040573056409821,0.8448378841438657,0.6756906625907979,OFFLOADED,1.0,No,1.0,1.0,1.0,False,False
1997,0.2983893156051636,4.010997229933271e-17,0.5284193569523238,7.149480081365015e-09,OFFLOADED,1.0,No,1.0,1.0,1.0,False,False
1998,0.25319209694862366,5.65758545647398e-32,0.20228670159153114,6.041865692712048e-23,OFFLOADED,1.0,No,1.0,1.0,1.0,False,False
1999,0.9447492361068726,0.998991636646491,1.0,1.0,ACCEPTED,0.0,Yes,0.0,0.0,0.0,True,True
2000,0.39423269033432007,3.7980409706416784e-08,0.9707364335415569,0.9999731196008929,OFFLOADED,0.0,Yes,0.0,0.0,0.0,False,True
2001,0.2533212900161743,6.29295301813188e-32,0.10969404138238144,1.1283068633011764e-23,OFFLOADED,1.0,No,1.0,1.0,1.0,False,False
2002,0.3037337362766266,4.956574194657762e-16,1.0,1.0,OFFLOADED,1.0,No,0.0,0.0,1.0,False,True
2003,0.25205934047698975,2.978436937907129e-32,0.4532963492706548,1.5639785682802577e-12,OFFLOADED,1.0,No,1.0,1.0,1.0,False,False
2004,0.5908887982368469,0.022789339310361475,0.8502643367033959,0.7146838152603551,OFFLOADED,0.0,Yes,0.0,0.0,0.0,False,True
2005,0.8360371589660645,0.9394838241940584,0.8140771842967506,0.42238748396387865,OFFLOADED,0.0,Yes,0.0,0.0,0.0,True,False
2006,0.2573713958263397,1.3039384975566555e-29,0.5905691752037865,4.671119101637592e-06,OFFLOADED,1.0,No,1.0,1.0,0.0,False,False
2007,0.2923078238964081,1.9760674151039953e-18,0.32092318092525757,4.625055989865681e-19,OFFLOADED,1.0,No,0.0,1.0,0.0,False,False
2008,0.4645836651325226,5.8042320471470315e-05,0.6065870652777793,1.320734258104163e-05,OFFLOADED,1.0,No,1.0,1.0,1.0,False,False
2009,0.3966255486011505,5.581436824459863e-08,0.9628936046683639,0.9999419623304324,OFFLOADED,0.0,Yes,0.0,0.0,0.0,False,True
2010,0.370476633310318,1.7190416972272042e-09,0.7459063198036215,0.11800777388776626,OFFLOADED,1.0,No,1.0,1.0,1.0,False,False
2011,0.28430089354515076,2.4038772813807303e-20,0.6792116887473589,0.005424169526162939,OFFLOADED,1.0,No,1.0,1.0,1.0,False,False
2012,0.340909481048584,2.3525022231293736e-11,0.7617076834403351,0.1508022394873351,OFFLOADED,1.0,No,1.0,0.0,0.0,False,False
2013,0.25058943033218384,2.0234979410841283e-32,0.4154749629609328,1.796250040771421e-14,OFFLOADED,1.0,No,1.0,1.0,1.0,False,False
2014,0.27405136823654175,2.319972906857129e-23,0.2669411979216878,2.1335035122247506e-21,OFFLOADED,1.0,No,0.0,1.0,1.0,False,False
2015,0.7833897471427917,0.7568178602598804,0.8109898807813214,0.41462378268396965,ACCEPTED,1.0,No,1.0,1.0,1.0,True,True
2016,0.3081086575984955,3.078127695993135e-15,0.9823882426030827,0.9999955061565172,OFFLOADED,1.0,No,0.0,1.0,0.0,False,True
2017,0.2831783592700958,1.0692617785433453e-20,0.4482939731178233,6.972348871516876e-13,OFFLOADED,1.0,No,0.0,1.0,1.0,False,False
2018,0.2726392149925232,6.807780988498173e-24,0.25031259601382416,4.756835581588073e-22,OFFLOADED,1.0,No,1.0,1.0,1.0,False,False
2019,0.3259182870388031,7.10329875422616e-13,0.5758752848063523,1.1947110305444528e-06,OFFLOADED,1.0,No,1.0,1.0,1.0,False,False
2020,0.846595048904419,0.9615284617393153,0.523307372576984,3.0879806455986056e-09,OFFLOADED,1.0,No,1.0,1.0,1.0,True,False
2021,0.3441656529903412,3.3840292014648674e-11,0.4697984016462922,7.980934816174255e-12,OFFLOADED,1.0,No,1.0,1.0,1.0,False,False
2022,0.40661755204200745,1.9059378085208213e-07,0.39110174217532967,8.894768582889066e-16,OFFLOADED,1.0,No,1.0,1.0,1.0,False,False
2023,0.2683541178703308,2.179552812396884e-25,0.3289090209324242,7.702838521189238e-19,OFFLOADED,1.0,No,1.0,1.0,1.0,False,False
2024,0.8556160926818848,0.9735336895719923,0.305822748053829,4.4416832182372544e-20,OFFLOADED,1.0,No,1.0,1.0,1.0,True,False
2025,0.3016233742237091,1.334400486748426e-16,0.5064608720788779,5.65109081968685e-10,OFFLOADED,1.0,No,1.0,1.0,1.0,False,False
2026,0.2506502568721771,1.1092335168387195e-32,0.42098215386818894,2.167440992491475e-14,OFFLOADED,1.0,No,1.0,0.0,0.0,False,False
2027,0.38841885328292847,1.8484467025427157e-08,0.8543245726764844,0.7679761374266995,OFFLOADED,0.0,Yes,0.0,0.0,0.0,False,True
2028,0.3984159231185913,7.068684185290668e-08,0.6723865890164571,0.002825853652403505,OFFLOADED,1.0,No,0.0,0.0,1.0,False,False
2029,0.30010223388671875,6.148366554767654e-17,0.7986108820471887,0.3125844226860015,OFFLOADED,1.0,No,1.0,1.0,1.0,False,True
2030,0.34071192145347595,1.8785605512503753e-11,0.8833297557691652,0.9485629669134192,OFFLOADED,0.0,Yes,0.0,0.0,0.0,False,True
2031,0.27723246812820435,9.701193370091276e-23,0.7205972347304258,0.045915526762571934,OFFLOADED,1.0,No,1.0,1.0,1.0,False,False
2032,0.5473201870918274,0.0046835525319776,0.9339149016541589,0.9990063808239233,OFFLOADED,0.0,Yes,0.0,0.0,0.0,False,True
2033,0.30412256717681885,4.622090668823417e-16,0.7225512315098825,0.04822528635909627,OFFLOADED,1.0,No,1.0,1.0,1.0,False,False
2034,0.25132739543914795,1.0043384223102177e-32,0.8327444249176228,0.5714153495421932,OFFLOADED,1.0,No,1.0,0.0,0.0,False,True
2035,0.37418583035469055,2.6583253057567875e-09,0.420054505991388,1.972862262590102e-14,OFFLOADED,1.0,No,1.0,1.0,1.0,False,False
2036,0.2897794544696808,2.8613785274555994e-19,0.5343172546210038,9.592949390119641e-09,OFFLOADED,1.0,No,1.0,1.0,1.0,False,False
2037,0.6624446511268616,0.16002948237100267,0.7371370574313316,0.08586881277052871,OFFLOADED,1.0,No,1.0,1.0,0.0,True,False
2038,0.25099891424179077,7.937711045042902e-33,0.26123658617161877,6.067374443218422e-22,OFFLOADED,1.0,No,1.0,1.0,1.0,False,False
2039,0.2843523323535919,1.3216730181452814e-20,0.834360769057674,0.5963930455743071,OFFLOADED,1.0,No,0.0,1.0,1.0,False,False
2040,0.26850005984306335,1.6549684605665789e-25,0.7771170119940295,0.18258523683559788,OFFLOADED,1.0,No,0.0,1.0,1.0,False,False
2041,0.28988754749298096,2.770136426030712e-19,0.31026772105010636,5.068563217596151e-20,OFFLOADED,1.0,No,1.0,1.0,1.0,False,False
2042,0.2564978301525116,1.0893628213146349e-30,0.3515544016586236,7.02875961434703e-18,OFFLOADED,1.0,No,1.0,1.0,1.0,False,False
2043,0.27616816759109497,3.694212750827886e-23,0.24337274165910877,1.2317888110643236e-22,OFFLOADED,1.0,No,1.0,1.0,1.0,False,False
2044,0.5362733602523804,0.002799310973794765,0.7778308672364718,0.1762710201964584,OFFLOADED,1.0,No,1.0,1.0,0.0,False,False
2045,0.8215690851211548,0.9015824547469906,0.8844891898345509,0.9536915643187377,ACCEPTED,0.0,Yes,0.0,0.0,0.0,True,True
2046,0.3679873049259186,9.373910138493474e-10,0.557029401353109,9.7719393173468e-08,OFFLOADED,1.0,No,1.0,1.0,1.0,False,False
2047,0.260109543800354,5.818624025075705e-29,0.5388926564485086,1.2560952867761286e-08,OFFLOADED,1.0,No,1.0,1.0,1.0,False,False
2048,0.31568318605422974,2.8951371468762365e-14,0.9880360006602624,0.9999984204133718,OFFLOADED,1.0,No,0.0,0.0,1.0,False,True
2049,0.6284773349761963,0.07002683936748781,0.8910207865118918,0.9723300811780485,OFFLOADED,0.0,Yes,0.0,0.0,0.0,False,True
2050,0.45922139286994934,3.553965504399469e-05,0.8662882438009515,0.8737197664719221,OFFLOADED,0.0,Yes,0.0,0.0,0.0,False,True
2051,0.3338509798049927,5.247169012390607e-12,0.8966356969581549,0.9821983458459164,OFFLOADED,1.0,No,1.0,0.0,1.0,False,True
2052,0.8430647253990173,0.9534660445988244,0.8910176818081651,0.9761427333063226,ACCEPTED,0.0,Yes,0.0,0.0,0.0,True,True
2053,0.93678218126297,0.9988176198715941,0.9440830828840989,0.9997114754935661,ACCEPTED,0.0,Yes,0.0,0.0,0.0,True,True
2054,0.5646384954452515,0.008866109015508305,0.8617659048927119,0.8427937736663768,OFFLOADED,1.0,No,1.0,1.0,1.0,False,True
2055,0.7235689163208008,0.43414242285589544,0.7584377341919484,0.1224670035874825,OFFLOADED,0.0,Yes,0.0,0.0,0.0,True,False
2056,0.4162915349006653,6.878913144389138e-07,0.5833579387300275,1.793792206781809e-06,OFFLOADED,1.0,No,1.0,1.0,1.0,False,False
2057,0.8641904592514038,0.984418493197064,0.47912887099417495,1.463442245005764e-11,OFFLOADED,1.0,No,1.0,1.0,1.0,True,False
2058,0.47451192140579224,0.0001261405644322527,0.8646977018418173,0.8646160157968962,OFFLOADED,0.0,Yes,0.0,0.0,0.0,False,True
2059,0.481387197971344,0.00021773968659111396,0.8005428496490267,0.3048775139064017,OFFLOADED,1.0,No,0.0,1.0,1.0,False,False
2060,0.7041760683059692,0.33465107046609305,0.9714600936987746,0.9999862488468341,OFFLOADED,0.0,Yes,0.0,0.0,0.0,False,True
2061,0.3272230923175812,8.122262663848488e-13,0.6124877872356506,1.3558595266634922e-05,OFFLOADED,1.0,No,1.0,1.0,1.0,False,False
2062,0.3239755630493164,2.574551597789641e-13,0.6750628892276045,0.002958012485913868,OFFLOADED,1.0,No,1.0,1.0,1.0,False,False
2063,0.475395143032074,0.00013876551851737867,0.504511194197469,2.5102283898177537e-10,OFFLOADED,1.0,No,1.0,1.0,1.0,False,False
2064,0.2606618404388428,9.15124164843615e-29,0.5143841973624782,6.539714426789679e-10,OFFLOADED,1.0,No,1.0,1.0,0.0,False,False
2065,0.25374770164489746,1.3901337948399292e-32,0.7523143692355342,0.1098761154099552,OFFLOADED,1.0,No,1.0,0.0,1.0,False,False
2066,0.28466030955314636,9.898212774979099e-21,0.3180232084842112,7.510228434133539e-20,OFFLOADED,1.0,No,1.0,1.0,1.0,False,False
2067,0.9076589941978455,0.9970886307201439,0.9499368321478519,0.9998429262474157,ACCEPTED,0.0,Yes,0.0,0.0,0.0,True,True
2068,0.3054567873477936,5.390708560199096e-16,0.4169803974692462,7.261145959127158e-15,OFFLOADED,1.0,No,1.0,1.0,1.0,False,False
2069,0.8961910605430603,0.9955994805359647,0.9781190777854912,0.99999501871856,ACCEPTED,0.0,Yes,0.0,0.0,0.0,True,True
2070,0.26495596766471863,4.635449029820043e-27,0.7870407068132204,0.2120389271116112,OFFLOADED,1.0,No,1.0,0.0,0.0,False,False
2071,0.5068268775939941,0.0008662863111750124,0.8756143369198215,0.9318978418956585,OFFLOADED,0.0,Yes,0.0,0.0,0.0,False,True
2072,0.28500062227249146,1.1065485076043238e-20,0.6174792874046026,1.8836110510189067e-05,OFFLOADED,1.0,No,0.0,1.0,1.0,False,False
2073,0.8822290897369385,0.9927983036372078,0.935912144533263,0.9994624653934905,ACCEPTED,0.0,Yes,0.0,0.0,0.0,True,True
2074,0.3208152949810028,9.890487100196681e-14,0.6502044230113743,0.00036050874400688805,OFFLOADED,1.0,No,1.0,1.0,1.0,False,False
2075,0.36053818464279175,3.1134497723214866e-10,0.8635077686672102,0.863479489712049,OFFLOADED,0.0,Yes,0.0,0.0,0.0,False,True
2076,0.295245885848999,3.705367791254078e-18,0.35106765674513546,3.567541435064425e-18,OFFLOADED,1.0,No,0.0,1.0,1.0,False,False
2077,0.2896920442581177,1.5322873414513048e-19,0.7072163170243805,0.01902866308038568,OFFLOADED,1.0,No,1.0,1.0,1.0,False,False
2078,0.47751960158348083,0.00016309627093562067,0.838014389099541,0.6242006474814058,OFFLOADED,0.0,Yes,0.0,0.0,0.0,False,True
2079,0.4794635474681854,0.00019908995081722956,0.7296907360161723,0.06281491671548335,OFFLOADED,1.0,No,0.0,0.0,1.0,False,False
2080,0.3248435854911804,3.5122145999659607e-13,0.9559678130687328,0.9999386243641325,OFFLOADED,0.0,Yes,0.0,0.0,0.0,False,True
2081,0.8870992064476013,0.994405477442303,0.7821822191516916,0.20818129067675864,OFFLOADED,1.0,No,1.0,1.0,1.0,True,False
2082,0.31995731592178345,8.516334348009732e-14,0.17205378428630397,3.0865716811389292e-24,OFFLOADED,1.0,No,1.0,1.0,1.0,False,False
2083,0.3002364933490753,4.2008941203506976e-17,0.6421329024996109,0.0001675295615344676,OFFLOADED,1.0,No,1.0,0.0,0.0,False,False
2084,0.32752132415771484,8.882439221955116e-13,0.47012746265066097,3.667805186606197e-12,OFFLOADED,1.0,No,1.0,1.0,1.0,False,False
2085,0.2525582015514374,2.9955202324180487e-33,0.40235233962331896,1.4024233426718336e-15,OFFLOADED,1.0,No,1.0,1.0,1.0,False,False
2086,0.8025879859924316,0.8559936800748174,0.7946266774333339,0.26628414439730963,OFFLOADED,1.0,No,1.0,1.0,1.0,True,False
2087,0.31933191418647766,6.497672024305467e-14,0.7465279995893415,0.10238296228584724,OFFLOADED,1.0,No,1.0,1.0,1.0,False,False
2088,0.8014546036720276,0.8440462626899154,0.9787884316592512,0.9999966716346739,OFFLOADED,0.0,Yes,0.0,0.0,0.0,False,True
2089,0.33939090371131897,1.545659090453875e-11,0.3759819097956375,4.677265410640759e-17,OFFLOADED,1.0,No,1.0,1.0,1.0,False,False
2090,0.3459388017654419,3.581493092372297e-11,0.47075389529937234,3.4586539527995208e-12,OFFLOADED,1.0,No,1.0,1.0,1.0,False,False
2091,0.6766448020935059,0.2194690867937235,0.7131281279050686,0.02441696029228579,OFFLOADED,1.0,No,1.0,1.0,0.0,False,False
2092,0.9112734794616699,0.9976537064388972,1.0,1.0,ACCEPTED,0.0,Yes,0.0,0.0,0.0,True,True
2093,0.2582020163536072,3.453584243879406e-30,0.3657296446730268,1.3328225010290068e-17,OFFLOADED,1.0,No,1.0,1.0,1.0,False,False
2094,0.2550210952758789,3.44624742061192e-32,0.6207307448853984,1.8855341209536498e-05,OFFLOADED,1.0,No,1.0,1.0,1.0,False,False
2095,0.408397376537323,2.1676359402124634e-07,0.6848526519386182,0.005466061825481286,OFFLOADED,0.0,Yes,0.0,0.0,0.0,False,False
2096,0.25831180810928345,3.9199917926824295e-30,0.2955430121011281,3.7455148320375264e-21,OFFLOADED,1.0,No,1.0,1.0,1.0,False,False
2097,0.9422472715377808,0.9991774524162942,0.8769612452434536,0.9437164114535284,ACCEPTED,1.0,No,1.0,1.0,1.0,True,True
2098,0.0,0.0,0.940740984915851,0.9996887665538071,OFFLOADED,0.0,Yes,0.0,0.0,0.0,False,True
2099,0.27275556325912476,1.6097707461890639e-24,0.42263289598166276,9.487185999297755e-15,OFFLOADED,1.0,No,0.0,1.0,0.0,False,False
2100,0.874096155166626,0.9905348481222662,0.9850669782252431,0.999998846961588,ACCEPTED,1.0,No,1.0,1.0,1.0,True,True
2101,0.0,0.0,0.6182055491648848,1.561509616095273e-05,OFFLOADED,0.0,Yes,0.0,0.0,0.0,False,False
2102,0.42945531010627747,3.1084916687200303e-06,0.7319261214684352,0.06175453735637938,OFFLOADED,1.0,No,1.0,1.0,1.0,False,False
2103,0.6178401112556458,0.05635604133832645,0.6089067169185777,8.394455374973101e-06,OFFLOADED,1.0,No,1.0,1.0,1.0,False,False
2104,0.5379267334938049,0.002846915747437972,0.6066774056080515,6.733418514493917e-06,OFFLOADED,1.0,No,1.0,1.0,1.0,False,False
2105,0.2581636905670166,2.4694285799180252e-30,0.4101736598079185,2.14358405191172e-15,OFFLOADED,1.0,No,1.0,1.0,1.0,False,False
2106,0.3086201250553131,1.5424480787917929e-15,0.49755764527012264,7.367212873858054e-11,OFFLOADED,1.0,No,1.0,1.0,1.0,False,False
2107,0.9495055675506592,0.9992268599338838,0.6938830570757433,0.008675638358644726,OFFLOADED,0.0,Yes,0.0,0.0,0.0,True,False
2108,0.30772000551223755,9.554870876530173e-16,0.4040314052226633,1.0369902654521363e-15,OFFLOADED,1.0,No,1.0,1.0,1.0,False,False
2109,0.27555719017982483,8.075376876566655e-24,0.46830163781055995,1.971854706113547e-12,OFFLOADED,1.0,No,0.0,1.0,1.0,False,False
2110,0.7329455614089966,0.5034911917383179,0.8722168053479473,0.9196972728749695,ACCEPTED,0.0,Yes,0.0,0.0,0.0,True,True
2111,0.2728955149650574,1.2497642336158629e-24,0.19318860972809568,2.251880464273294e-24,OFFLOADED,1.0,No,1.0,1.0,1.0,False,False
2112,0.2522636950016022,1.088079800237565e-33,0.15285058037948224,8.907713466173697e-25,OFFLOADED,1.0,No,1.0,1.0,1.0,False,False
2113,0.3594745099544525,2.452114091295005e-10,0.3870455125996104,1.0613492940802345e-16,OFFLOADED,1.0,No,1.0,1.0,0.0,False,False
2114,0.8867992162704468,0.9938633351896068,1.0,1.0,ACCEPTED,0.0,Yes,0.0,0.0,0.0,True,True
2115,0.8330402374267578,0.9392212087507179,0.8771069047363984,0.9439510436179787,ACCEPTED,1.0,No,1.0,1.0,1.0,True,True
2116,0.6475484371185303,0.11915720702861406,0.8896861804579529,0.9767878789678872,OFFLOADED,0.0,Yes,0.0,0.0,0.0,False,True
2117,0.6539459228515625,0.14329594193478895,0.7102242840876436,0.018905938649319946,OFFLOADED,1.0,No,1.0,1.0,1.0,False,False
2118,0.3920336067676544,2.5794438220083515e-08,0.7692687008386586,0.14321244652296225,OFFLOADED,1.0,No,1.0,0.0,0.0,False,False
2119,0.3091032803058624,1.576064052312039e-15,0.7372865699460447,0.07404347933687194,OFFLOADED,1.0,No,1.0,0.0,0.0,False,False
2120,0.3571893274784088,1.4809058416154166e-10,0.5700542771086375,3.7050094038947397e-07,OFFLOADED,1.0,No,1.0,0.0,0.0,False,False
2121,0.321918785572052,7.991321820490355e-14,0.8876829048280542,0.9744585152842782,OFFLOADED,0.0,Yes,0.0,0.0,0.0,False,True
2122,0.5685492157936096,0.009443046640162992,0.5472240799485123,2.6154606635757524e-08,OFFLOADED,1.0,No,1.0,1.0,1.0,False,False
2123,0.9136235117912292,0.9978658828314867,0.7867848939623331,0.2134208981102619,OFFLOADED,0.0,Yes,0.0,0.0,0.0,True,False
2124,0.7989727258682251,0.8381269405528007,1.0,1.0,OFFLOADED,0.0,Yes,0.0,0.0,0.0,False,True
2125,0.4909316599369049,0.00036741863349192385,0.7448147158445538,0.1011310820731104,OFFLOADED,1.0,No,1.0,1.0,1.0,False,False
2126,0.8676278591156006,0.9869388103539736,0.7981265941529394,0.28617175771468273,OFFLOADED,0.0,Yes,0.0,0.0,0.0,True,False
2127,0.4685969054698944,6.543748149904915e-05,0.8046305527640044,0.3493138362214907,OFFLOADED,1.0,No,1.0,1.0,0.0,False,True
2128,0.8975009918212891,0.9965196975980362,0.8848864741509944,0.9687102381407057,ACCEPTED,0.0,Yes,0.0,0.0,0.0,True,True
2129,0.2685213088989258,2.7867535449447093e-26,0.8325589647638219,0.5831509153444392,OFFLOADED,1.0,No,0.0,1.0,1.0,False,True
2130,0.3494921922683716,3.281062541551036e-11,0.36240045338948823,5.828901719952832e-18,OFFLOADED,1.0,No,1.0,1.0,1.0,False,False
2131,0.28610140085220337,6.194578844819605e-21,0.48929364961176036,2.597622452221089e-11,OFFLOADED,1.0,No,1.0,1.0,1.0,False,False
2132,0.25388893485069275,2.6009932995173975e-33,0.44820163380041705,1.5626731347398512e-13,OFFLOADED,1.0,No,1.0,1.0,1.0,False,False
2133,0.0,0.0,0.8917822122206606,0.9827381388054252,OFFLOADED,0.0,Yes,0.0,0.0,0.0,False,True
2134,0.8746674060821533,0.9916071511676132,0.6188530819936862,1.6775330731834397e-05,OFFLOADED,1.0,No,1.0,1.0,1.0,True,False
2135,0.2582269012928009,1.2259798903265194e-30,0.27190706830937394,2.465281066677655e-22,OFFLOADED,1.0,No,1.0,1.0,1.0,False,False
2136,0.8366056680679321,0.9460127585512426,0.7216813074430979,0.03816244222653692,OFFLOADED,1.0,No,1.0,1.0,1.0,True,False
2137,0.2824130952358246,7.188240893858738e-22,0.5530614191968592,4.0069128972894136e-08,OFFLOADED,1.0,No,0.0,1.0,1.0,False,False
2138,0.8549141883850098,0.9740624334754886,0.7309254997073621,0.05839447216745169,OFFLOADED,1.0,No,1.0,1.0,1.0,True,False
2139,0.4831978380680084,0.00018950302995784232,0.49017683730495754,2.1834098848444926e-11,OFFLOADED,1.0,No,1.0,1.0,1.0,False,False
2140,0.5020787715911865,0.0005908895091115276,0.7159810209833207,0.02496054259822205,OFFLOADED,1.0,No,1.0,1.0,0.0,False,False
2141,0.30558353662490845,2.0889446072788976e-16,0.888436591121671,0.9787056517578325,OFFLOADED,1.0,No,1.0,0.0,0.0,False,True
2142,0.2926768958568573,2.793716654822635e-19,0.7306593353398602,0.053355389602404046,OFFLOADED,1.0,No,1.0,0.0,0.0,False,False
2143,0.2507595717906952,3.399439239874211e-34,0.3455811976875737,4.705258321557158e-19,OFFLOADED,1.0,No,1.0,1.0,1.0,False,False
2144,0.42179280519485474,8.146602161314054e-07,0.37967052194752665,2.6260062761652967e-17,OFFLOADED,1.0,No,1.0,1.0,1.0,False,False
2145,0.3526410460472107,4.470185034310429e-11,0.7503912073359105,0.10625337731332322,OFFLOADED,1.0,No,0.0,1.0,1.0,False,True
2146,0.9102606177330017,0.9977472550708533,0.8524884790256977,0.7678121794004821,ACCEPTED,0.0,Yes,0.0,0.0,0.0,True,True
2147,0.42217326164245605,8.09214710269553e-07,0.9782386911798954,0.9999974061484342,OFFLOADED,0.0,Yes,0.0,0.0,0.0,False,True
2148,0.2907872498035431,8.985915650106483e-20,0.7441549211010451,0.08570226147857804,OFFLOADED,1.0,No,1.0,0.0,0.0,False,False
2149,0.2548031210899353,5.0546798232262614e-33,0.18430997044304193,8.32704453171e-25,OFFLOADED,1.0,No,1.0,1.0,1.0,False,False
2150,0.29929661750793457,8.046176756434868e-18,0.7966566374888558,0.27147864915774006,OFFLOADED,1.0,No,1.0,0.0,0.0,False,False
2151,0.2926900386810303,2.314301262121203e-19,0.4980592525253043,6.54847428155631e-11,OFFLOADED,1.0,No,1.0,1.0,1.0,False,False
2152,0.30716589093208313,3.993492255671475e-16,0.6198150121846804,1.605897866807203e-05,OFFLOADED,1.0,No,1.0,1.0,1.0,False,False
2153,0.26150479912757874,2.656994030555359e-29,0.3843703893111896,4.232557341903208e-17,OFFLOADED,1.0,No,1.0,1.0,1.0,False,False
2154,0.3166631758213043,1.369548189151993e-14,0.7963968219063506,0.28118553394634443,OFFLOADED,1.0,No,1.0,0.0,0.0,False,False
2155,0.28674450516700745,4.850899515918235e-21,0.4847593132179695,1.0878726714998966e-11,OFFLOADED,1.0,No,1.0,1.0,1.0,False,False
2156,0.28269532322883606,4.498494536566417e-22,0.2930779637887137,9.594232471886578e-22,OFFLOADED,1.0,No,1.0,1.0,1.0,False,False
2157,0.3494530916213989,2.568270370679538e-11,0.7679284820023442,0.16173162982901987,OFFLOADED,1.0,No,1.0,1.0,1.0,False,False
2158,0.30701911449432373,3.1289234337266225e-16,0.46549485071029256,7.991803627680758e-13,OFFLOADED,1.0,No,1.0,1.0,1.0,False,False
2159,0.4287855625152588,1.8763563639003684e-06,0.71093693797069,0.019021928589646603,OFFLOADED,1.0,No,1.0,1.0,0.0,False,False
2160,0.9024688005447388,0.9970601665438894,0.7656568837017701,0.14798706774242293,OFFLOADED,0.0,Yes,0.0,0.0,0.0,True,False
2161,0.29442930221557617,4.633713688391076e-19,0.7010113259745049,0.011518074249110818,OFFLOADED,1.0,No,1.0,1.0,0.0,False,False
2162,0.31262877583503723,3.1189801239045933e-15,0.9823298721525652,0.9999986894971684,OFFLOADED,0.0,Yes,0.0,0.0,0.0,False,True
2163,0.27339139580726624,4.509689795228284e-25,0.43631008789632086,2.2611495418242626e-14,OFFLOADED,1.0,No,1.0,1.0,1.0,False,False
2164,0.2679254412651062,5.12350249855186e-27,0.7813100066571539,0.20323298100556378,OFFLOADED,1.0,No,1.0,0.0,0.0,False,True
2165,0.30441388487815857,8.439640797817233e-17,0.3877467424554992,5.498149779424542e-17,OFFLOADED,1.0,No,1.0,1.0,1.0,False,False
2166,0.7848396301269531,0.7700231261921632,0.5506146854036669,2.7269392091903968e-08,OFFLOADED,1.0,No,1.0,1.0,1.0,True,False
2167,0.38237306475639343,4.362117141070114e-09,0.5826812219784194,9.739816516417862e-07,OFFLOADED,1.0,No,0.0,1.0,0.0,False,False
2168,0.7172093987464905,0.4147426264665191,0.7159243883196463,0.026902780006867102,OFFLOADED,1.0,No,1.0,1.0,1.0,True,False
2169,0.5706552863121033,0.009335704880693503,0.7261581248851512,0.0491844476140278,OFFLOADED,1.0,No,1.0,1.0,1.0,False,False
2170,0.2833867371082306,4.717617325130431e-22,0.36346485584716987,2.155207608088939e-18,OFFLOADED,1.0,No,1.0,1.0,1.0,False,False
2171,0.27896276116371155,1.8073810725010154e-23,0.7536335742983468,0.1259725486749067,OFFLOADED,1.0,No,1.0,1.0,1.0,False,False
2172,0.2680228352546692,3.775850717961587e-27,0.3231370155349537,1.4541588858246414e-20,OFFLOADED,1.0,No,1.0,1.0,1.0,False,False
2173,0.7899922132492065,0.7813459666912022,0.9886859634873278,0.999999561318689,OFFLOADED,0.0,Yes,0.0,0.0,0.0,False,True
2174,0.27615347504615784,1.911144495620969e-24,0.15439031687720717,1.7906034663755016e-25,OFFLOADED,1.0,No,1.0,1.0,1.0,False,False
2175,0.5554616451263428,0.005113284278878111,0.4572628515185272,2.03810502612716e-13,OFFLOADED,1.0,No,1.0,1.0,1.0,False,False
2176,0.788276195526123,0.7815808045202476,0.9627731630407306,0.999981561413753,ACCEPTED,0.0,Yes,0.0,0.0,0.0,True,True
2177,0.26807108521461487,3.405918415680399e-27,0.7278245087524884,0.04863676119537081,OFFLOADED,1.0,No,1.0,1.0,1.0,False,False
2178,0.2609151005744934,4.877965929206063e-30,0.8472449112542526,0.7271800591246627,OFFLOADED,1.0,No,1.0,1.0,1.0,False,True
2179,0.774853527545929,0.7322313063845155,0.7932562033957047,0.26295584132730787,OFFLOADED,0.0,Yes,0.0,0.0,0.0,False,False
2180,0.30798813700675964,3.9388571018951526e-16,0.5243631897896578,8.665165020594745e-10,OFFLOADED,1.0,No,1.0,1.0,1.0,False,False
2181,0.3929787874221802,1.6982961904517475e-08,0.9089659092328201,0.9947306120020174,OFFLOADED,1.0,No,0.0,1.0,1.0,False,True
2182,0.25861141085624695,2.912243311778889e-31,0.7280462050124442,0.04782845652591562,OFFLOADED,1.0,No,1.0,0.0,0.0,False,False
2183,0.26039037108421326,2.018909996713421e-30,0.6789733495730029,0.003148689214868584,OFFLOADED,1.0,No,1.0,1.0,1.0,False,False
2184,0.3303103744983673,6.173589155512223e-13,0.40971273086120713,5.987166995229276e-16,OFFLOADED,1.0,No,1.0,1.0,1.0,False,False
2185,0.5292826294898987,0.0014883426383469095,0.9599709168662056,0.9999722468270699,OFFLOADED,1.0,No,0.0,0.0,1.0,False,True
2186,0.37305355072021484,8.848405903528113e-10,0.4371150029409749,1.616990188676163e-14,OFFLOADED,1.0,No,1.0,1.0,1.0,False,False
2187,0.32452866435050964,7.911849772751733e-14,0.49230511683620715,1.689317997938742e-11,OFFLOADED,1.0,No,1.0,1.0,0.0,False,False
2188,0.9448707699775696,0.9993708568348106,1.0,1.0,ACCEPTED,0.0,Yes,0.0,0.0,0.0,True,True
2189,0.7302954792976379,0.5032394458813125,1.0,1.0,OFFLOADED,0.0,Yes,0.0,0.0,0.0,False,True
2190,0.47442197799682617,7.490520201153174e-05,0.41986634804923095,1.5780568622730702e-15,OFFLOADED,1.0,No,1.0,1.0,1.0,False,False
2191,0.25008198618888855,4.473709587236021e-35,0.9032035260903473,0.9919039774919166,OFFLOADED,1.0,No,1.0,0.0,0.0,False,True
2192,0.32561448216438293,1.0982591802726849e-13,0.6434198045240574,0.0001384577854956699,OFFLOADED,1.0,No,1.0,0.0,0.0,False,False
2193,0.6378945708274841,0.09510358371006564,0.6620246344007474,0.0006274766477546967,OFFLOADED,1.0,No,1.0,1.0,1.0,False,False
2194,0.804509162902832,0.8769682464651616,0.8353766781723957,0.6099264284311017,ACCEPTED,0.0,Yes,0.0,0.0,0.0,True,True
2195,0.4174772799015045,3.57889953905353e-07,0.9523753494421483,0.9999380523943888,OFFLOADED,1.0,No,0.0,1.0,1.0,False,True
2196,0.3455291986465454,8.55576712734258e-12,0.9024806995899081,0.9922786532922685,OFFLOADED,1.0,No,1.0,1.0,1.0,False,True
2197,0.27937087416648865,1.2738460343115266e-23,0.32895624018505054,2.2637310047825242e-20,OFFLOADED,1.0,No,1.0,1.0,1.0,False,False
2198,0.5657340884208679,0.007015048156669711,0.88430655317876,0.9719711158250551,OFFLOADED,1.0,No,1.0,0.0,0.0,False,True
2199,0.2556288242340088,2.1038379644055605e-33,0.2547427523958933,8.619248708937274e-24,OFFLOADED,1.0,No,1.0,1.0,1.0,False,False
2200,0.877040684223175,0.9923658651779141,0.977751057245374,0.9999976881531789,ACCEPTED,0.0,Yes,0.0,0.0,0.0,True,True
2201,0.32264941930770874,2.8417121222363656e-14,0.5068172472806115,1.2424408173163469e-10,OFFLOADED,1.0,No,1.0,1.0,1.0,False,False
2202,0.2502070963382721,2.682420005332393e-35,0.2862572310680093,1.7362018073637072e-22,OFFLOADED,1.0,No,1.0,1.0,1.0,False,False
2203,0.25704094767570496,1.870074873818637e-32,0.6699045397634826,0.0012654008601472137,OFFLOADED,1.0,No,1.0,1.0,1.0,False,False
2204,0.26156312227249146,4.2771152030632916e-30,0.31728476341201417,3.63978527228438e-21,OFFLOADED,1.0,No,1.0,1.0,1.0,False,False
2205,0.2610877454280853,2.4418117903008575e-30,0.11061801004745406,4.877633043546045e-26,OFFLOADED,1.0,No,1.0,1.0,1.0,False,False
2206,0.3562808632850647,4.572540709798582e-11,0.3205426981481353,5.453581155599334e-21,OFFLOADED,1.0,No,1.0,1.0,1.0,False,False
2207,0.27074092626571655,1.4581865841087802e-26,0.7966598080270217,0.3075738103834896,OFFLOADED,1.0,No,1.0,1.0,1.0,False,True
2208,0.26100796461105347,1.8617168042777263e-30,0.7023406460763159,0.010132474492205432,OFFLOADED,1.0,No,1.0,1.0,1.0,False,False
2209,0.27065134048461914,1.2845669337234561e-26,0.6812326039149372,0.0031525020580021176,OFFLOADED,1.0,No,0.0,1.0,1.0,False,False
2210,0.9599460959434509,0.9996694977663724,0.9793246309943273,0.9999982751475208,ACCEPTED,0.0,Yes,0.0,0.0,0.0,True,True
2211,0.818505048751831,0.9179843641334277,0.6392533151033352,7.323150320332463e-05,OFFLOADED,0.0,Yes,0.0,0.0,0.0,True,False
2212,0.5685710310935974,0.007454680428023003,0.7446797339232081,0.09398939533337466,OFFLOADED,1.0,No,1.0,1.0,1.0,False,True
2213,0.33388903737068176,9.11720742702908e-13,0.8275941217745129,0.5448744453122312,OFFLOADED,1.0,No,0.0,1.0,1.0,False,False
2214,0.2981104552745819,1.0472267663061034e-18,0.5367698516561794,2.974748767974964e-09,OFFLOADED,1.0,No,1.0,1.0,1.0,False,False
2215,0.3552379608154297,3.397211360748461e-11,0.8340824763795968,0.5910279217459079,OFFLOADED,1.0,No,1.0,1.0,1.0,False,True
2216,0.2593713700771332,1.7256634687109847e-31,0.38639618019894495,1.5101656444749764e-17,OFFLOADED,1.0,No,1.0,1.0,1.0,False,False
2217,0.8587245345115662,0.9816995438843389,0.7631325916652922,0.1343907560195005,OFFLOADED,0.0,Yes,0.0,0.0,0.0,True,False
2218,0.2840272784233093,2.4169220561069525e-22,0.35570787783150304,3.6448996502278514e-19,OFFLOADED,1.0,No,1.0,1.0,1.0,False,False
2219,0.9004141092300415,0.9977844330388221,0.8423551319224045,0.6620820593446923,ACCEPTED,1.0,No,1.0,1.0,1.0,True,True
2220,0.0,0.0,0.3942854495148223,4.955367220059338e-17,OFFLOADED,0.0,Yes,0.0,0.0,0.0,False,False
2221,0.2554244101047516,6.513183225655653e-34,0.5823934196292135,6.01792532880695e-07,OFFLOADED,1.0,No,0.0,1.0,1.0,False,False
2222,0.3420259654521942,4.071587224085026e-12,0.6116367218667899,5.388177701111345e-06,OFFLOADED,0.0,Yes,0.0,0.0,0.0,False,False
2223,0.2850674092769623,4.398205648052686e-22,0.3588221752783631,5.242108752224971e-19,OFFLOADED,1.0,No,1.0,1.0,1.0,False,False
2224,0.2574296295642853,1.4933803667626322e-32,0.42777641579281295,2.8012412987497027e-15,OFFLOADED,1.0,No,1.0,1.0,1.0,False,False
2225,0.8187199831008911,0.9234384721063642,0.5686444726409869,1.6535800850387538e-07,OFFLOADED,0.0,Yes,0.0,0.0,0.0,True,False
2226,0.3765571713447571,1.0773475427861515e-09,0.5387168570951311,3.850609415329191e-09,OFFLOADED,1.0,No,1.0,1.0,1.0,False,False
2227,0.32419711351394653,3.74587340077701e-14,0.6100671145866273,5.132688505399171e-06,OFFLOADED,1.0,No,1.0,0.0,0.0,False,False
2228,0.2696716785430908,3.70722047324945e-27,0.33848711481179306,3.875128426986481e-20,OFFLOADED,1.0,No,1.0,1.0,1.0,False,False
2229,0.584198534488678,0.016092195911336732,0.9812278869759133,0.9999986304601256,OFFLOADED,0.0,Yes,0.0,0.0,0.0,False,True
2230,0.27604958415031433,5.08816359809459e-25,0.6968590250707117,0.006817933253385353,OFFLOADED,1.0,No,1.0,1.0,1.0,False,False
2231,0.37248602509498596,6.032176822793814e-10,0.6144425872486133,6.842278289725217e-06,OFFLOADED,1.0,No,1.0,1.0,1.0,False,False
2232,0.9297907948493958,0.999256606125054,0.8623952704831098,0.8566976092183268,ACCEPTED,1.0,No,1.0,1.0,1.0,True,True
2233,0.6359419822692871,0.08754062347892487,0.8708249629656105,0.9132240023079914,OFFLOADED,0.0,Yes,0.0,0.0,0.0,False,True
2234,0.340616911649704,3.469978432938001e-12,0.7281492282798713,0.04501324525095556,OFFLOADED,1.0,No,1.0,1.0,1.0,False,False
2235,0.8374537825584412,0.9573099560753026,0.7927780424874691,0.248454889240241,ACCEPTED,0.0,Yes,0.0,0.0,0.0,True,True
2236,0.29526740312576294,2.0596667977271682e-19,0.590034488933833,1.0868155069278169e-06,OFFLOADED,1.0,No,1.0,1.0,1.0,False,False
2237,0.2514410614967346,8.209820280615829e-36,0.4072890519498234,2.1852958057169736e-16,OFFLOADED,1.0,No,1.0,1.0,1.0,False,False
2238,0.2546316087245941,1.2437759062432068e-34,0.6712139006796187,0.0010235452601791576,OFFLOADED,1.0,No,1.0,1.0,1.0,False,False
2239,0.2912065088748932,1.8518311201511996e-20,0.9236141291337563,0.9984142108175004,OFFLOADED,1.0,No,1.0,0.0,1.0,False,True
2240,0.9118000864982605,0.9986793892455654,0.9857799487133645,0.9999994613400116,ACCEPTED,0.0,Yes,0.0,0.0,0.0,True,True
2241,0.251101016998291,6.763148760284732e-36,0.7510048039934683,0.10693601944331597,OFFLOADED,1.0,No,1.0,1.0,1.0,False,False
2242,0.25189095735549927,7.002420402068186e-36,0.29260858068973106,1.0725415909235195e-22,OFFLOADED,1.0,No,1.0,1.0,1.0,False,False
2243,0.3374049663543701,1.919874312618798e-12,0.7285905222135978,0.04323903556056708,OFFLOADED,1.0,No,1.0,0.0,0.0,False,False
2244,0.2695688009262085,2.559740667242119e-27,0.3467073194897743,7.460559875222948e-20,OFFLOADED,1.0,No,1.0,1.0,1.0,False,False
2245,0.2509612739086151,5.329315151922698e-36,0.33089699445498366,1.1087549765821249e-20,OFFLOADED,1.0,No,1.0,1.0,1.0,False,False
2246,0.3196621239185333,8.228005713472325e-15,0.7039587301797722,0.008916707945796866,OFFLOADED,1.0,No,1.0,0.0,0.0,False,False
2247,0.0,0.0,0.6410669092935675,8.215660480017181e-05,OFFLOADED,0.0,Yes,0.0,0.0,0.0,False,False
2248,0.28837504982948303,2.345187419794467e-21,0.6044492302213872,3.2737085310241733e-06,OFFLOADED,1.0,No,1.0,1.0,1.0,False,False
2249,0.3896312415599823,8.574895253729448e-09,0.5965832935957218,1.7564106563059266e-06,OFFLOADED,1.0,No,1.0,1.0,1.0,False,False
2250,0.32572561502456665,5.799715678776633e-14,0.27747144068661517,2.531305912571925e-23,OFFLOADED,1.0,No,1.0,1.0,1.0,False,False
2251,0.25330057740211487,1.287808538658907e-35,0.5450796631934857,7.1386223661737374e-09,OFFLOADED,1.0,No,1.0,1.0,1.0,False,False
2252,0.28499314188957214,2.3526701830355173e-22,0.21034640057685977,1.444555416739226e-25,OFFLOADED,1.0,No,1.0,1.0,1.0,False,False
2253,0.0,0.0,0.924654199904015,0.9986763618331911,OFFLOADED,0.0,Yes,0.0,0.0,0.0,False,True
2254,0.7093973159790039,0.3893656215366325,0.5715114481959942,1.9441903036829293e-07,OFFLOADED,1.0,No,1.0,1.0,1.0,True,False
2255,0.2856229543685913,3.0932633140824896e-22,0.6471010357363197,0.00013876916040685619,OFFLOADED,1.0,No,1.0,0.0,0.0,False,False
2256,0.7373314499855042,0.5610580404199248,0.6632006664009628,0.0004927949325914355,OFFLOADED,1.0,No,1.0,1.0,1.0,True,False
2257,0.25129297375679016,3.184865331504344e-36,0.21559952373488717,1.6485347739860849e-25,OFFLOADED,1.0,No,1.0,1.0,1.0,False,False
2258,0.2681979238986969,4.471796175579317e-28,0.34475760997936183,4.676085739785491e-20,OFFLOADED,1.0,No,1.0,1.0,1.0,False,False
2259,0.9266870021820068,0.99918700358786,0.96777215326101,0.9999909705948644,ACCEPTED,0.0,Yes,0.0,0.0,0.0,True,True
2260,0.4267273545265198,9.955879904898888e-07,0.5296487171646871,8.867321703202177e-10,OFFLOADED,1.0,No,1.0,1.0,1.0,False,False
2261,0.618310809135437,0.05315865675646489,0.6726759445975952,0.001193546460175783,OFFLOADED,1.0,No,1.0,1.0,1.0,False,False
2262,0.2775397300720215,6.473690885481913e-25,0.7976915602929845,0.28817677754858845,OFFLOADED,1.0,No,0.0,1.0,1.0,False,True
2263,0.8516573905944824,0.9768741152081544,0.8205642218249882,0.4526431033994344,ACCEPTED,0.0,Yes,0.0,0.0,0.0,True,True
2264,0.7318857312202454,0.5129414841023733,0.7227924023461104,0.03193059439323846,OFFLOADED,0.0,Yes,0.0,0.0,0.0,True,False
2265,0.0,0.0,0.9853766821127492,0.9999995119270358,OFFLOADED,0.0,Yes,0.0,0.0,0.0,False,True
2266,0.29776978492736816,4.868253930422991e-19,0.7890654193403753,0.23415774543977477,OFFLOADED,1.0,No,0.0,1.0,1.0,False,True
2267,0.2997044324874878,1.4008560216899137e-18,0.51244321806122,1.0601511690810949e-10,OFFLOADED,1.0,No,1.0,1.0,0.0,False,False
2268,0.2713419795036316,5.385822859073211e-27,0.40572294797935293,1.2111296046049742e-16,OFFLOADED,1.0,No,1.0,1.0,1.0,False,False
2269,0.3184560537338257,4.428735981839099e-15,0.5774294770504687,3.0916747338904345e-07,OFFLOADED,1.0,No,1.0,1.0,1.0,False,False
2270,0.27213630080223083,9.47466957011522e-27,0.561009000837906,4.3787389728821706e-08,OFFLOADED,1.0,No,1.0,0.0,0.0,False,False
2271,0.2986283600330353,6.848812024611586e-19,0.9066121314004479,0.9935372380321417,OFFLOADED,1.0,No,0.0,1.0,1.0,False,True
2272,0.6542746424674988,0.134811890717569,0.9773789248062356,0.9999979085487846,OFFLOADED,0.0,Yes,0.0,0.0,0.0,False,True
2273,0.8029941916465759,0.8888516395922702,0.4787186785297526,1.3525661621767828e-12,OFFLOADED,1.0,No,1.0,1.0,1.0,False,False
2274,0.26058611273765564,1.7278519906452132e-31,0.3689503513484683,8.71819752591009e-19,OFFLOADED,1.0,No,1.0,1.0,1.0,False,False
2275,0.8877192735671997,0.9962546877406565,0.8164449089221909,0.4250306527363992,ACCEPTED,0.0,Yes,0.0,0.0,0.0,True,True
2276,0.3129848539829254,8.013666699808464e-16,0.6940884565760126,0.006150972837849467,OFFLOADED,1.0,No,1.0,1.0,1.0,False,False
2277,0.4719010293483734,5.360327697564148e-05,0.9126074113954893,0.9956732024564302,OFFLOADED,0.0,Yes,0.0,0.0,0.0,False,True
2278,0.7380474209785461,0.5642230568965412,0.7970615450456324,0.28214123430904614,OFFLOADED,0.0,Yes,0.0,0.0,0.0,True,False
2279,0.35849836468696594,5.6050186343931935e-11,0.9167074435613848,0.9971458140688109,OFFLOADED,1.0,No,1.0,0.0,0.0,False,True
2280,0.41556045413017273,2.607987549455233e-07,0.6012232596423104,2.198411367972179e-06,OFFLOADED,1.0,No,1.0,0.0,0.0,False,False
2281,0.33812615275382996,1.7102481103868813e-12,0.6074929737803595,3.7483604280766527e-06,OFFLOADED,1.0,No,1.0,1.0,1.0,False,False
2282,0.8186726570129395,0.9288604064382575,0.9485184688583543,0.9999110812628248,ACCEPTED,0.0,Yes,0.0,0.0,0.0,True,True
2283,0.26003706455230713,6.562158410895347e-32,0.4878912795741101,3.98968738559486e-12,OFFLOADED,1.0,No,1.0,1.0,1.0,False,False
2284,0.4157080352306366,2.526691649480273e-07,0.8229395145810913,0.49989115392398303,OFFLOADED,1.0,No,1.0,0.0,0.0,False,False
2285,0.8036730885505676,0.8931334316459887,0.29738589677119315,8.682320897290221e-23,OFFLOADED,1.0,No,1.0,1.0,1.0,True,False
2286,0.3228381872177124,1.3337085791163703e-14,0.7789043182000044,0.1956770531887597,OFFLOADED,1.0,No,1.0,1.0,1.0,False,False
2287,0.8742247819900513,0.993867991441664,0.9014398744319072,0.9916123001691928,ACCEPTED,0.0,Yes,0.0,0.0,0.0,True,True
2288,0.5081090927124023,0.0005887271773882221,0.900768515207535,0.9918007239175313,OFFLOADED,1.0,No,0.0,1.0,1.0,False,True
2289,0.5734319090843201,0.01022124839341319,0.5109558306011855,8.428339532795682e-11,OFFLOADED,1.0,No,1.0,1.0,1.0,False,False
2290,0.7757636308670044,0.7667178184503768,1.0,1.0,ACCEPTED,0.0,Yes,0.0,0.0,0.0,True,True
2291,0.5434405207633972,0.0026860087916839408,0.5886711221715348,7.839320788410526e-07,OFFLOADED,1.0,No,0.0,0.0,1.0,False,False
2292,0.7557750344276428,0.6902193942903833,0.6445142488353305,0.00010916192078287636,OFFLOADED,1.0,No,1.0,1.0,1.0,True,False
2293,0.3122393488883972,4.0266620495706027e-16,0.6741677105656303,0.0013357274779789076,OFFLOADED,1.0,No,1.0,1.0,1.0,False,False
2294,0.32854580879211426,9.910262734548478e-14,0.9243717554761675,0.9988531243417833,OFFLOADED,1.0,No,1.0,1.0,1.0,False,True
2295,0.2663351595401764,2.8869810147661445e-29,0.716633921447374,0.02213861901232169,OFFLOADED,0.0,Yes,0.0,0.0,0.0,False,False
2296,0.451282262802124,9.599337934561535e-06,0.47608069401265113,8.259715477757228e-13,OFFLOADED,1.0,No,0.0,1.0,1.0,False,False
2297,0.6945640444755554,0.3078928972769516,0.7192736566243008,0.027780811566714424,OFFLOADED,1.0,No,1.0,1.0,0.0,False,False
2298,0.9526191353797913,0.9997167430012546,0.7687162273811287,0.15444374317861992,ACCEPTED,0.0,Yes,0.0,0.0,0.0,True,True
2299,0.0,0.0,0.8195982979347539,0.4877840656378801,OFFLOADED,0.0,Yes,0.0,0.0,0.0,False,True
2300,0.2587636709213257,9.435414663374692e-33,0.8145189433758458,0.4552016910281946,OFFLOADED,1.0,No,1.0,1.0,1.0,False,False
2301,0.2903916835784912,2.9944655934849212e-21,0.870000913996092,0.920126964884724,OFFLOADED,1.0,No,1.0,1.0,1.0,False,True
2302,0.3076324462890625,4.151815804768763e-17,0.36601486413787826,4.72483071348621e-19,OFFLOADED,1.0,No,1.0,1.0,1.0,False,False
2303,0.25719237327575684,1.0356413821260501e-33,0.22770337827596546,1.5976928298396906e-25,OFFLOADED,1.0,No,1.0,1.0,1.0,False,False
2304,0.254281222820282,9.223007789385854e-36,0.2568600615023716,1.2096581663227182e-24,OFFLOADED,1.0,No,1.0,1.0,1.0,False,False
2305,0.360350638628006,5.1184279963830455e-11,0.7148332874582735,0.020348823403235187,OFFLOADED,1.0,No,1.0,1.0,1.0,False,False
2306,0.3100872337818146,1.320438332802386e-16,0.7579670635880922,0.13141453366608116,OFFLOADED,1.0,No,1.0,1.0,1.0,False,False
2307,0.2607698440551758,9.160751441447234e-32,0.6373874116239227,4.517783610282031e-05,OFFLOADED,1.0,No,1.0,1.0,1.0,False,False
2308,0.5132791996002197,0.0005726940395303812,0.9681570483206547,0.9999925607319592,OFFLOADED,0.0,Yes,0.0,0.0,0.0,False,True
2309,0.30921757221221924,8.76035512529792e-17,0.5965225634734673,1.2391232811141663e-06,OFFLOADED,1.0,No,1.0,0.0,0.0,False,False
2310,0.2974786162376404,1.4782643546210185e-19,0.5282538188585861,5.764692405860808e-10,OFFLOADED,1.0,No,1.0,1.0,1.0,False,False
2311,0.26187920570373535,3.2524971242153724e-31,0.7085452121810438,0.011406619240149667,OFFLOADED,1.0,No,1.0,1.0,1.0,False,False
2312,0.4510234594345093,9.03068138416695e-06,0.8564625855381023,0.8106775746793525,OFFLOADED,1.0,No,1.0,1.0,1.0,False,False
2313,0.28060072660446167,2.6477354157287785e-24,0.48590049698973625,2.0946283709388835e-12,OFFLOADED,1.0,No,1.0,1.0,1.0,False,False
2314,0.4540279805660248,1.0848263995445174e-05,0.762185440142228,0.1336115638744921,OFFLOADED,0.0,Yes,0.0,0.0,0.0,False,False
2315,0.0,0.0,1.0,1.0,OFFLOADED,0.0,Yes,0.0,0.0,0.0,False,True
2316,0.2551855444908142,2.6262380773756393e-35,0.6369920005285861,3.997714072967454e-05,OFFLOADED,1.0,No,1.0,0.0,0.0,False,False
2317,0.772892415523529,0.7528722263740305,0.9513572554470573,0.9999308037183543,OFFLOADED,0.0,Yes,0.0,0.0,0.0,False,True
2318,0.32632189989089966,3.7835162044116074e-14,0.20232803650605116,3.1165005355129766e-26,OFFLOADED,1.0,No,1.0,1.0,1.0,False,False
2319,0.7967615127563477,0.862752162829779,0.5136955336337035,9.659283625626096e-11,OFFLOADED,1.0,No,1.0,1.0,1.0,True,False
2320,0.29752060770988464,1.3567843927629942e-19,0.7884132024971431,0.23735454409697332,OFFLOADED,1.0,No,1.0,1.0,1.0,False,True
2321,0.0,0.0,0.9144158661475672,0.9963456031939406,OFFLOADED,0.0,Yes,0.0,0.0,0.0,False,True
2322,0.8982047438621521,0.997994366222543,1.0,1.0,ACCEPTED,0.0,Yes,0.0,0.0,0.0,True,True
2323,0.8095952868461609,0.9050749400825115,0.9817345315559064,0.9999992729167362,OFFLOADED,1.0,No,1.0,1.0,1.0,False,True
2324,0.3758753538131714,6.484696132826777e-10,0.8720710392959088,0.9211815387444647,OFFLOADED,1.0,No,0.0,1.0,0.0,False,True
2325,0.6130857467651367,0.04410325097477945,0.6063820242573429,2.5897505316721045e-06,OFFLOADED,1.0,No,1.0,1.0,1.0,False,False
2326,0.7805799245834351,0.7790455924104577,0.885687660146746,0.9717463287871403,ACCEPTED,0.0,Yes,0.0,0.0,0.0,True,True
2327,0.6193448901176453,0.05227612771052578,0.5262076512465923,3.886421618800201e-10,OFFLOADED,1.0,No,1.0,1.0,0.0,False,False
2328,0.30974307656288147,8.804770892959688e-17,0.5844383750119791,4.481362080370095e-07,OFFLOADED,1.0,No,1.0,1.0,0.0,False,False
2329,0.9428384304046631,0.9996553946042295,0.8104388078803982,0.388435918840855,ACCEPTED,1.0,No,1.0,1.0,1.0,True,True
2330,0.6342706680297852,0.08036013817175972,0.6991577224618338,0.006190637228496871,OFFLOADED,1.0,No,1.0,1.0,1.0,False,False
2331,0.40624183416366577,4.6173466704604326e-08,0.3491103108367109,2.7166954906763553e-20,OFFLOADED,1.0,No,1.0,1.0,1.0,False,False
2332,0.5922096371650696,0.018882057092173308,0.7625977028795647,0.12999556932579523,OFFLOADED,1.0,No,0.0,0.0,1.0,False,False
2333,0.7742812633514404,0.7652952275572484,0.9401956094421183,0.9997919201121475,ACCEPTED,0.0,Yes,0.0,0.0,0.0,True,True
2334,0.910494327545166,0.9989687597848093,1.0,1.0,ACCEPTED,0.0,Yes,0.0,0.0,0.0,True,True
2335,0.8965482115745544,0.9980370099010911,0.5724663443393853,1.3527599123123403e-07,OFFLOADED,1.0,No,1.0,1.0,1.0,True,False
2336,0.40467560291290283,3.5341781646184646e-08,0.8731148173210261,0.923107371610046,OFFLOADED,1.0,No,1.0,0.0,0.0,False,True
2337,0.2718820571899414,1.4304888078064745e-27,1.0,1.0,OFFLOADED,1.0,No,1.0,0.0,0.0,False,True
2338,0.8799247145652771,0.9954928693401852,0.7577848955452383,0.12471038149896169,OFFLOADED,0.0,Yes,0.0,0.0,0.0,True,False
2339,0.8764539361000061,0.9950880333057374,0.7728714249707072,0.17019474924390812,OFFLOADED,1.0,No,1.0,1.0,1.0,True,False
2340,0.3742518126964569,3.474927529183165e-10,0.8155228618455193,0.4268166043208829,OFFLOADED,1.0,No,1.0,0.0,0.0,False,False
2341,0.31389355659484863,3.333867492516468e-16,0.9527734709550193,0.9999527638523946,OFFLOADED,1.0,No,1.0,1.0,1.0,False,True
2342,0.39984768629074097,1.8252402492713906e-08,0.8419197351341667,0.657839316737585,OFFLOADED,1.0,No,0.0,0.0,1.0,False,True
2343,0.25378844141960144,1.3159259152848955e-36,0.1970491181801668,1.6234467022603835e-26,OFFLOADED,1.0,No,1.0,1.0,1.0,False,False
2344,0.6853238344192505,0.25000834197009664,0.5031385298861345,2.0754676188122427e-11,OFFLOADED,1.0,No,1.0,1.0,1.0,False,False
2345,0.773828387260437,0.770571260843419,0.9313973722954418,0.999513963594547,OFFLOADED,0.0,Yes,0.0,0.0,0.0,False,True
2346,0.35913071036338806,2.4168743883224358e-11,0.5187713625332517,1.3386157056041833e-10,OFFLOADED,1.0,No,1.0,1.0,1.0,False,False
2347,0.2503780424594879,1.6815833950761478e-37,0.3625843292855547,1.4965961995506857e-19,OFFLOADED,1.0,No,1.0,1.0,1.0,False,False
2348,0.7158650159835815,0.4148424496047195,1.0,1.0,OFFLOADED,0.0,Yes,0.0,0.0,0.0,False,True
2349,0.33025091886520386,8.661497248148e-14,0.5409171227233897,2.5273315480807705e-09,OFFLOADED,1.0,No,1.0,1.0,1.0,False,False
2350,0.6150317192077637,0.04022093646869552,0.8818981982223083,0.9642971834417795,ACCEPTED,1.0,No,1.0,1.0,1.0,True,True
2351,0.25555554032325745,1.745828623514713e-35,0.3765115699364137,8.308607191702005e-19,OFFLOADED,1.0,No,1.0,1.0,1.0,False,False
2352,0.25601062178611755,3.6521305388929953e-35,0.9020991923613931,0.9915994500741129,OFFLOADED,1.0,No,1.0,0.0,0.0,False,True
2353,0.4257427155971527,5.536841247950621e-07,0.86332056136617,0.8681288138795703,OFFLOADED,0.0,Yes,0.0,0.0,0.0,False,False
2354,0.812529981136322,0.9211334650786757,0.7690151701954148,0.16116141285453214,OFFLOADED,1.0,No,1.0,1.0,1.0,True,False
2355,0.2786567509174347,2.304981732140889e-25,0.16860958021384137,4.8353810453884716e-27,OFFLOADED,1.0,No,1.0,1.0,1.0,False,False
2356,0.7858646512031555,0.8222587245245428,0.5731641390017518,1.3887964412964368e-07,OFFLOADED,1.0,No,1.0,1.0,1.0,False,False
2357,0.25964030623435974,5.99285466440392e-33,0.666904295301262,0.0004802713531540411,OFFLOADED,1.0,No,0.0,1.0,1.0,False,False
2358,0.2983004152774811,1.0175933602990835e-19,0.46662728434221157,8.324962362108074e-14,OFFLOADED,1.0,No,1.0,1.0,1.0,False,False
2359,0.2821689546108246,3.385918838041232e-24,0.4970367823156726,5.92337248469598e-12,OFFLOADED,1.0,No,1.0,1.0,1.0,False,False
2360,0.864788830280304,0.9895384165407857,0.690315708313696,0.004153638644142171,OFFLOADED,1.0,No,1.0,1.0,1.0,True,False
2361,0.27419233322143555,7.044466709772368e-27,0.5125953763403681,4.2040790023901456e-11,OFFLOADED,1.0,No,0.0,1.0,1.0,False,False
2362,0.9068957567214966,0.9986601385787015,0.8153398901369522,0.4451880136703017,ACCEPTED,0.0,Yes,0.0,0.0,0.0,True,True
2363,0.45391687750816345,8.769316000435014e-06,0.8660441134718083,0.898699222465756,OFFLOADED,0.0,Yes,0.0,0.0,0.0,False,True
2364,0.25205758213996887,1.2939588432828873e-37,0.17476625503545556,3.881062619501063e-27,OFFLOADED,1.0,No,1.0,1.0,1.0,False,False
2365,0.9376891255378723,0.9995716648510236,0.7008801472845554,0.00681717312638937,OFFLOADED,1.0,No,1.0,1.0,1.0,True,False
2366,0.3481954336166382,3.134597210585404e-12,0.5344133914445268,7.273946460787478e-10,OFFLOADED,1.0,No,1.0,1.0,1.0,False,False
2367,0.8416589498519897,0.9645274729467951,0.9064841737658405,0.9947352930585207,ACCEPTED,0.0,Yes,0.0,0.0,0.0,True,True
2368,0.27027642726898193,2.1578672833285692e-28,0.8190441159185445,0.49701811211615915,OFFLOADED,1.0,No,1.0,1.0,0.0,False,True
2369,0.41213834285736084,9.149227314233783e-08,0.9716689844040434,0.9999969707842414,OFFLOADED,0.0,Yes,0.0,0.0,0.0,False,True
2370,0.2605949640274048,1.7326160843427973e-32,0.5211352475319908,1.1068577163547422e-10,OFFLOADED,1.0,No,1.0,1.0,1.0,False,False
2371,0.2589706778526306,2.0028679503624344e-33,0.7005901670351606,0.00614722734148456,OFFLOADED,1.0,No,1.0,1.0,1.0,False,False
2372,0.3618798553943634,4.434514019380775e-11,0.31552236294903313,1.1630257113600222e-22,OFFLOADED,1.0,No,1.0,1.0,1.0,False,False
2373,0.2639206647872925,7.326240605536583e-31,0.6825226900937452,0.002027076872029838,OFFLOADED,1.0,No,0.0,1.0,1.0,False,False
2374,0.2673434019088745,1.3576141808407538e-29,0.5109253412025022,2.436915816065288e-11,OFFLOADED,1.0,No,1.0,1.0,1.0,False,False
2375,0.7020369172096252,0.3336467838277692,0.912520672808659,0.9968620068312414,OFFLOADED,0.0,Yes,0.0,0.0,0.0,False,True
2376,0.2770495116710663,4.725753114387983e-26,0.14200880105237582,1.3061979029936385e-27,OFFLOADED,1.0,No,1.0,1.0,1.0,False,False
2377,0.8026837110519409,0.8860297834813972,0.9900489735752889,0.9999998746253403,ACCEPTED,0.0,Yes,0.0,0.0,0.0,True,True
2378,0.9098610877990723,0.9990012104481685,0.6859798927990951,0.0025458028779669576,OFFLOADED,1.0,No,1.0,1.0,1.0,True,False
2379,0.47069284319877625,3.6096098749472976e-05,0.33588104473593516,1.6266969171083222e-21,OFFLOADED,1.0,No,1.0,1.0,1.0,False,False
2380,0.2679578363895416,2.116980208584931e-29,0.5885393839437877,4.1358197116188523e-07,OFFLOADED,1.0,No,1.0,1.0,1.0,False,False
2381,0.3017929494380951,7.997332369376527e-19,0.509129470261141,1.677129509847099e-11,OFFLOADED,1.0,No,1.0,1.0,1.0,False,False
2382,0.5881466269493103,0.015137975556143915,0.8077890430005387,0.37547949756626187,OFFLOADED,1.0,No,1.0,1.0,1.0,False,False
2383,0.25759080052375793,2.1676453369512163e-34,0.6766303256774068,0.0010267018612262302,OFFLOADED,1.0,No,1.0,1.0,1.0,False,False
2384,0.6263106465339661,0.058479169587616474,0.8071384734602919,0.3560481944523478,OFFLOADED,1.0,No,1.0,1.0,1.0,False,False
2385,0.2879953682422638,1.4269624096255207e-22,0.3175292983350273,8.983971433431191e-23,OFFLOADED,1.0,No,1.0,1.0,1.0,False,False
2386,0.329545259475708,5.556059217324844e-14,0.7669100558809312,0.13786988751270804,OFFLOADED,1.0,No,1.0,1.0,1.0,False,False
2387,0.31191688776016235,1.0740295824962571e-16,0.6368734660489204,2.2845232284262526e-05,OFFLOADED,1.0,No,1.0,1.0,1.0,False,False
2388,0.2853417694568634,1.992380828791555e-23,0.4594433636378664,1.1678923195998847e-14,OFFLOADED,1.0,No,1.0,1.0,1.0,False,False
2389,0.6411762833595276,0.09078447033353454,0.5074039490183188,1.0270008742461558e-11,OFFLOADED,1.0,No,1.0,1.0,1.0,False,False
2390,0.8579745888710022,0.9853858267393766,0.8622488722293117,0.8604915973780838,ACCEPTED,0.0,Yes,0.0,0.0,0.0,True,True
2391,0.2996603846549988,1.6028958512903967e-19,0.36366204064267177,4.1763214771880243e-20,OFFLOADED,1.0,No,1.0,1.0,1.0,False,False
2392,0.28306061029434204,3.982522330889959e-24,0.7890392028201169,0.2127712702572041,OFFLOADED,1.0,No,1.0,1.0,1.0,False,True
2393,0.2515459358692169,3.5242624086392095e-38,0.5979370856984202,6.58316780307305e-07,OFFLOADED,1.0,No,1.0,1.0,1.0,False,False
2394,0.3668203055858612,8.532863547472871e-11,0.16284743403076768,7.733691026685598e-28,OFFLOADED,1.0,No,1.0,1.0,1.0,False,False
2395,0.6037018299102783,0.023200537175805953,0.9159770471422874,0.9978089845743514,OFFLOADED,1.0,No,1.0,1.0,1.0,False,True
2396,0.5736039876937866,0.005925824439554379,0.5311289491641238,2.380750428670996e-10,OFFLOADED,1.0,No,1.0,1.0,1.0,False,False
2397,0.0,0.0,0.9253027435031518,0.9991513453020969,OFFLOADED,0.0,Yes,0.0,0.0,0.0,False,True
2398,0.7790193557739258,0.798380250156802,0.9876532978710347,0.999999840084838,ACCEPTED,0.0,Yes,0.0,0.0,0.0,True,True
2399,0.3026640713214874,7.749301736567029e-19,0.26799099855670466,2.901106494618512e-25,OFFLOADED,1.0,No,1.0,1.0,1.0,False,False
2400,0.290005087852478,3.5383578611204326e-22,0.8791837256662823,0.9574491656416272,OFFLOADED,1.0,No,1.0,0.0,0.0,False,True
2401,0.34570980072021484,1.5130726550296073e-12,0.2423209106327531,2.804512061506857e-26,OFFLOADED,1.0,No,1.0,1.0,1.0,False,False
2402,0.25641387701034546,1.4259724754397468e-35,0.5402010964518101,8.779534135667277e-10,OFFLOADED,1.0,No,1.0,1.0,1.0,False,False
2403,0.6271428465843201,0.05338222307999478,0.9844879351499147,0.9999997289991275,OFFLOADED,0.0,Yes,0.0,0.0,0.0,False,True
2404,0.2645149528980255,4.563190279469083e-31,0.5272840964637857,1.2248233850083252e-10,OFFLOADED,1.0,No,1.0,1.0,1.0,False,False
2405,0.2565673887729645,1.7897819331579775e-35,0.4283393754544546,1.4874460029208804e-16,OFFLOADED,1.0,No,1.0,1.0,1.0,False,False
2406,0.3313681483268738,8.022738030930462e-14,0.661143774027587,0.00016139491159977248,OFFLOADED,1.0,No,1.0,1.0,1.0,False,False
2407,0.2992241680622101,8.615845989150488e-20,0.7573008738219785,0.10599168771629783,OFFLOADED,1.0,No,1.0,1.0,1.0,False,False
2408,0.3949112594127655,7.264579443501929e-09,0.39761105446111805,2.923900476510427e-18,OFFLOADED,1.0,No,1.0,1.0,1.0,False,False
2409,0.4302558898925781,8.508530477781245e-07,0.6006503353772278,6.886664846508151e-07,OFFLOADED,0.0,Yes,0.0,0.0,0.0,False,False
2410,0.26006314158439636,1.8740149045008446e-33,0.5682885829239849,3.6204977304883575e-08,OFFLOADED,1.0,No,1.0,1.0,1.0,False,False
2411,0.6235909461975098,0.04915535490125047,0.5669547107705817,2.926551906952178e-08,OFFLOADED,1.0,No,1.0,1.0,1.0,False,False
2412,0.25656893849372864,1.3449053240847806e-35,0.22089022406258896,4.079408451229745e-27,OFFLOADED,1.0,No,1.0,1.0,1.0,False,False
2413,0.8947612047195435,0.9979663468662103,0.5687807003144257,3.477058922559483e-08,OFFLOADED,0.0,Yes,0.0,0.0,0.0,True,False
2414,0.29255184531211853,1.510065752800206e-21,0.26356589411399406,1.1899460537835084e-25,OFFLOADED,1.0,No,1.0,1.0,1.0,False,False
2415,0.30127596855163574,2.890047286536276e-19,0.7956149044804555,0.24295360567734167,OFFLOADED,1.0,No,0.0,1.0,0.0,False,False
2416,0.26046106219291687,2.775254925522679e-33,0.3022138258856079,5.936070851778421e-24,OFFLOADED,1.0,No,1.0,1.0,1.0,False,False
2417,0.8129473924636841,0.9246493608067743,0.3962297431605779,2.2260218151517272e-18,OFFLOADED,1.0,No,1.0,1.0,1.0,True,False
2418,0.5923834443092346,0.01412947977973009,0.4277973088972598,1.104706189294294e-16,OFFLOADED,1.0,No,1.0,1.0,1.0,False,False
2419,0.313113272190094,1.0798225135917822e-16,0.31972496193869787,4.618511050756421e-23,OFFLOADED,1.0,No,1.0,1.0,1.0,False,False
2420,0.4610765278339386,1.0785612416346712e-05,0.5994986047494039,6.327377710583718e-07,OFFLOADED,1.0,No,1.0,1.0,1.0,False,False
2421,0.29962605237960815,7.961928373280236e-20,0.41232796384730036,1.5221739827361222e-17,OFFLOADED,1.0,No,1.0,1.0,1.0,False,False
2422,0.3262237310409546,9.704880108290669e-15,0.38448683996622224,2.9308661019026797e-19,OFFLOADED,1.0,No,1.0,1.0,1.0,False,False
2423,0.6630123853683472,0.15206696426107996,0.5938207553186976,3.893883426976517e-07,OFFLOADED,1.0,No,1.0,1.0,1.0,False,False
2424,0.2793227434158325,8.026082001595004e-26,0.5872859955378592,1.9906460603038483e-07,OFFLOADED,1.0,No,1.0,1.0,1.0,False,False
2425,0.2738751769065857,1.064218982289944e-27,0.5409975850444716,6.798753676692739e-10,OFFLOADED,1.0,No,0.0,1.0,0.0,False,False
2426,0.8374067544937134,0.9623600322825792,0.6705504750479586,0.0003634083843264561,OFFLOADED,1.0,No,1.0,1.0,1.0,True,False
2427,0.2886376678943634,6.412166411988267e-23,0.5183345465744734,2.161750107260034e-11,OFFLOADED,1.0,No,1.0,1.0,1.0,False,False
2428,0.2978833019733429,2.1496480315959162e-20,0.7726502082425639,0.12916412890836068,OFFLOADED,1.0,No,1.0,0.0,0.0,False,False
2429,0.3657814860343933,5.0634874325733734e-11,0.5836770002568231,1.3193546989479e-07,OFFLOADED,1.0,No,1.0,1.0,1.0,False,False
2430,0.8678790330886841,0.9917934927596743,0.9574909397660678,0.9999808867806987,ACCEPTED,0.0,Yes,0.0,0.0,0.0,True,True
2431,0.5412436723709106,0.0011824520131736766,0.5159754542857766,1.443714792628855e-11,OFFLOADED,1.0,No,1.0,1.0,1.0,False,False
2432,0.28167858719825745,3.918376606406196e-25,0.2081765782944821,8.457282705895924e-28,OFFLOADED,1.0,No,1.0,1.0,1.0,False,False
2433,0.8911100625991821,0.9975594157580642,0.9850637113051437,0.9999997828468584,ACCEPTED,0.0,Yes,0.0,0.0,0.0,True,True
2434,0.5216132402420044,0.0004230793844863108,0.8298918559320851,0.5393694914284451,OFFLOADED,1.0,No,0.0,1.0,0.0,False,True
2435,0.8434160947799683,0.970306067328751,0.5917229612711681,2.770020003437021e-07,OFFLOADED,1.0,No,1.0,1.0,1.0,True,False
2436,0.7483442425727844,0.6481987223970018,0.7346266007615849,0.04768796824399375,OFFLOADED,0.0,Yes,0.0,0.0,0.0,False,False
2437,0.3986099660396576,9.317450472323206e-09,0.894696353697927,0.9896144998876691,OFFLOADED,1.0,No,1.0,0.0,0.0,False,True
2438,0.3086814880371094,9.809402571822156e-18,0.5872447951962125,1.7295838750865338e-07,OFFLOADED,1.0,No,0.0,1.0,1.0,False,False
2439,0.2586776614189148,1.0519682808953743e-34,0.35096605355303906,1.9304696012346526e-21,OFFLOADED,1.0,No,1.0,1.0,1.0,False,False
2440,0.42467203736305237,3.272555048345376e-07,0.7635336732334039,0.11473364340344688,OFFLOADED,1.0,No,0.0,1.0,1.0,False,False
2441,0.4195004105567932,1.55585777971666e-07,0.6426621014508187,3.290442926625431e-05,OFFLOADED,1.0,No,1.0,1.0,1.0,False,False
2442,0.3014962375164032,1.5550568051705618e-19,0.5483979164886051,1.517390044547576e-09,OFFLOADED,1.0,No,1.0,1.0,1.0,False,False
2443,0.2729296088218689,2.2702482481069996e-28,0.3018116654198117,1.9332408708503988e-24,OFFLOADED,1.0,No,1.0,1.0,1.0,False,False
2444,0.40197810530662537,1.338468835948862e-08,0.38550653411874897,1.7692396262143883e-19,OFFLOADED,1.0,No,1.0,1.0,1.0,False,False
2445,0.3533603549003601,3.1070066009877306e-12,0.8354632912728901,0.577404020452464,OFFLOADED,1.0,No,1.0,0.0,0.0,False,False
2446,0.6805153489112854,0.2198878057540891,0.6131699329626358,1.6405235622251195e-06,OFFLOADED,0.0,Yes,0.0,0.0,0.0,False,False
2447,0.47464993596076965,2.964822100460868e-05,0.9689241763318375,0.9999966263120859,OFFLOADED,1.0,No,1.0,1.0,1.0,False,True
2448,0.2640925645828247,5.811348173044551e-32,0.22309320935283208,1.3723017499716896e-27,OFFLOADED,1.0,No,1.0,1.0,1.0,False,False
2449,0.4703157842159271,1.9635014462927998e-05,0.5805899830493848,8.382443878869421e-08,OFFLOADED,0.0,Yes,0.0,0.0,0.0,False,False
2450,0.3838687837123871,8.222359615378425e-10,0.6653488220885827,0.00020486412432687634,OFFLOADED,1.0,No,0.0,0.0,1.0,False,False
2451,0.25944599509239197,1.7227224381285894e-34,0.3012969557890533,1.9950175503406783e-24,OFFLOADED,1.0,No,1.0,1.0,1.0,False,False
2452,0.3758644163608551,1.948927313529341e-10,0.7105264449660021,0.009128836713427464,OFFLOADED,1.0,No,1.0,1.0,1.0,False,False
2453,0.8250682950019836,0.9429546040385838,0.9072270221081481,0.9956603367654511,ACCEPTED,1.0,No,1.0,1.0,0.0,True,True
2454,0.7525436878204346,0.6886108272284611,0.6439120633384062,3.548659557542071e-05,OFFLOADED,1.0,No,1.0,1.0,1.0,False,False
2455,0.3090549409389496,8.09780852691461e-18,0.6680217271996118,0.00026100157845182324,OFFLOADED,1.0,No,1.0,1.0,1.0,False,False
2456,0.3151552081108093,1.0650174251500387e-16,0.7685111720352201,0.12120751872704237,OFFLOADED,1.0,No,1.0,1.0,1.0,False,False
2457,0.4638376533985138,1.1196470430654847e-05,0.715788302913861,0.013268862658255234,OFFLOADED,1.0,No,1.0,1.0,0.0,False,False
2458,0.28976142406463623,5.773634987786198e-23,0.967613290053954,0.9999954192955048,OFFLOADED,1.0,No,1.0,1.0,0.0,False,True
2459,0.8460763692855835,0.9709560979146944,0.8582689689585407,0.8278521745443501,OFFLOADED,0.0,Yes,0.0,0.0,0.0,True,False
2460,0.2610777020454407,1.4237685375969085e-33,0.2030415429645202,3.3357716948277646e-28,OFFLOADED,1.0,No,1.0,1.0,1.0,False,False
2461,0.39093488454818726,2.191976927854591e-09,0.5625081440208696,9.133934971224119e-09,OFFLOADED,1.0,No,1.0,1.0,1.0,False,False
2462,0.3108234703540802,1.6269490606607366e-17,0.40223766183602533,1.8916525546119486e-18,OFFLOADED,1.0,No,1.0,1.0,1.0,False,False
2463,0.268657386302948,2.499323085399458e-30,0.6913240300848147,0.002319872606552216,OFFLOADED,1.0,No,1.0,1.0,1.0,False,False
2464,0.8648588061332703,0.9903384458769788,0.8808338934331076,0.965844162443991,OFFLOADED,0.0,Yes,0.0,0.0,0.0,False,True
2465,0.3153480589389801,9.64388296167293e-17,0.5570919535633687,3.5890761150577587e-09,OFFLOADED,1.0,No,1.0,0.0,0.0,False,False
2466,0.2699878215789795,7.734464953986496e-30,0.3606656181472727,4.6026566340842586e-21,OFFLOADED,1.0,No,1.0,1.0,1.0,False,False
2467,0.6530613303184509,0.1196551122263406,0.9354807072630568,0.999797456171683,OFFLOADED,0.0,Yes,0.0,0.0,0.0,False,True
2468,0.7161003947257996,0.4394344309338176,0.6749161005956873,0.0005059949939357572,OFFLOADED,0.0,Yes,0.0,0.0,0.0,True,False
2469,0.2775489091873169,4.269973850883005e-27,0.8409527448501687,0.6521467935390872,OFFLOADED,1.0,No,0.0,1.0,0.0,False,True
2470,0.4348447918891907,1.0706358343039264e-06,0.909991186743463,0.9965402514139401,OFFLOADED,1.0,No,0.0,1.0,1.0,False,True
2471,0.2599583864212036,1.551637270328467e-34,0.30641233422274117,2.242772667766939e-24,OFFLOADED,1.0,No,1.0,1.0,1.0,False,False
2472,0.4754382073879242,3.214050099220527e-05,0.5469522238110313,1.0473268268294677e-09,OFFLOADED,1.0,No,1.0,1.0,1.0,False,False
2473,0.2835259735584259,6.239962678888105e-25,0.30503941764709896,1.7000855474033033e-24,OFFLOADED,1.0,No,1.0,1.0,1.0,False,False
2474,0.2592935860157013,5.526260711726986e-35,0.310984457999293,3.684959882327327e-24,OFFLOADED,1.0,No,1.0,1.0,1.0,False,False
2475,0.45665454864501953,6.331634513911359e-06,0.9334148832215676,0.9997287592148949,OFFLOADED,1.0,No,1.0,0.0,0.0,False,True
2476,0.8539128303527832,0.9828359347719322,0.8366730509650661,0.5954570717720502,ACCEPTED,0.0,Yes,0.0,0.0,0.0,True,True
2477,0.4028429090976715,1.2462237596662903e-08,0.5361820866479237,1.8726497989534913e-10,OFFLOADED,1.0,No,0.0,0.0,1.0,False,False
2478,0.27994778752326965,2.9622380150025685e-26,0.4347403864195106,1.476077418632304e-16,OFFLOADED,1.0,No,1.0,1.0,1.0,False,False
2479,0.3621154725551605,1.2234588213755324e-11,0.4398567902395057,2.887737986793083e-16,OFFLOADED,1.0,No,1.0,1.0,0.0,False,False
2480,0.2897856533527374,3.798391367849834e-23,0.4352497550089681,1.4235455561105817e-16,OFFLOADED,1.0,No,1.0,1.0,1.0,False,False
2481,0.3790602684020996,2.49767507264772e-10,0.832678557234846,0.5682880778854176,OFFLOADED,1.0,No,1.0,0.0,0.0,False,True
2482,0.4951013922691345,0.00014846114509476288,0.48515216273769673,1.2284936007879952e-13,OFFLOADED,1.0,No,0.0,1.0,1.0,False,False
2483,0.6099053025245667,0.028582202573233993,0.8058679455394626,0.31727423060662147,OFFLOADED,1.0,No,1.0,1.0,0.0,False,False
2484,0.6491671204566956,0.11629616790923143,0.630995733470248,7.333022683966094e-06,OFFLOADED,0.0,Yes,0.0,0.0,0.0,False,False
2485,0.29711851477622986,3.420187375827108e-21,0.3357091535091003,1.2480374071037866e-22,OFFLOADED,1.0,No,1.0,1.0,1.0,False,False
2486,0.3122130036354065,1.9238194589275244e-17,0.549954811296775,1.6605276495923165e-09,OFFLOADED,1.0,No,1.0,1.0,1.0,False,False
2487,0.2513958513736725,7.087282476428942e-40,0.39791181272399917,8.012100603402291e-19,OFFLOADED,1.0,No,1.0,1.0,1.0,False,False
2488,0.28794193267822266,7.546293991514772e-24,0.48199889452784733,7.510963618756506e-14,OFFLOADED,1.0,No,1.0,1.0,1.0,False,False
2489,0.30151936411857605,5.765196925502342e-20,0.6575787322102126,8.639872464890025e-05,OFFLOADED,1.0,No,1.0,1.0,1.0,False,False
2490,0.6989799737930298,0.3473063057303527,0.971118398740539,0.9999975179703822,OFFLOADED,0.0,Yes,0.0,0.0,0.0,False,True
2491,0.746933102607727,0.6658665084655748,0.8949162926722924,0.9911838834986005,ACCEPTED,0.0,Yes,0.0,0.0,0.0,True,True
2492,0.35086944699287415,1.0867815453621657e-12,0.8682185718582847,0.920178940063583,OFFLOADED,1.0,No,1.0,0.0,0.0,False,True
2493,0.6901515126228333,0.31358592781372757,0.8317695796401372,0.5685474057891506,ACCEPTED,1.0,No,1.0,1.0,1.0,True,True
2494,0.37874123454093933,2.1175807446141315e-10,0.7182837868743147,0.015121366911903595,OFFLOADED,1.0,No,1.0,1.0,1.0,False,False
2495,0.25542908906936646,5.976961548555029e-38,0.6514404402441747,4.69163594301588e-05,OFFLOADED,1.0,No,1.0,1.0,1.0,False,False
2496,0.3431771993637085,2.911673011314329e-13,0.4506027519811934,7.962484492106325e-16,OFFLOADED,1.0,No,1.0,1.0,1.0,False,False
2497,0.3646546006202698,1.594310927492731e-11,0.5452303432760632,6.420806040614889e-10,OFFLOADED,1.0,No,1.0,1.0,1.0,False,False
2498,0.7049257755279541,0.392152082297719,0.9658769930869469,0.9999953559578872,OFFLOADED,0.0,Yes,0.0,0.0,0.0,False,True
2499,0.9097155332565308,0.9992305921832363,1.0,1.0,ACCEPTED,0.0,Yes,0.0,0.0,0.0,True,True
2500,0.5248136520385742,0.000543695413185429,0.7192071975522321,0.015425389297992795,OFFLOADED,1.0,No,1.0,1.0,0.0,False,False
2501,0.8926109075546265,0.9982470747067448,0.8471284520479034,0.7104753379048669,OFFLOADED,1.0,No,1.0,1.0,1.0,True,False
2502,0.27151504158973694,1.0300282483423324e-29,0.5558623220502587,2.5459861487473204e-09,OFFLOADED,1.0,No,1.0,1.0,1.0,False,False
2503,0.25021663308143616,4.015311113539965e-40,0.19244653835678968,6.201180816837684e-29,OFFLOADED,1.0,No,1.0,1.0,1.0,False,False
2504,0.2842344045639038,4.196516224243209e-25,0.5582580558531156,3.572014342418503e-09,OFFLOADED,1.0,No,1.0,1.0,1.0,False,False
2505,0.3660891652107239,1.9510138363617793e-11,0.7674706040652698,0.10636237602408684,OFFLOADED,1.0,No,1.0,0.0,0.0,False,False
2506,0.7771518230438232,0.815761584928336,0.9780354901764383,0.9999993639581929,OFFLOADED,0.0,Yes,0.0,0.0,0.0,False,True
2507,0.40859001874923706,2.500049834120595e-08,0.6160650955625421,1.4838347638760261e-06,OFFLOADED,1.0,No,1.0,1.0,1.0,False,False
2508,0.2660177946090698,5.130626189296096e-32,0.33967043766338173,9.743486799547488e-23,OFFLOADED,1.0,No,1.0,1.0,1.0,False,False
2509,0.28475406765937805,5.017977482220336e-25,0.6424582398171528,2.0363756389048002e-05,OFFLOADED,1.0,No,1.0,1.0,1.0,False,False
2510,0.25425904989242554,5.085360467605417e-39,0.2413596454153156,1.0460417004814184e-27,OFFLOADED,1.0,No,1.0,1.0,1.0,False,False
2511,0.2872343957424164,2.7855337580674844e-24,0.5508234379600894,1.0940491921846895e-09,OFFLOADED,1.0,No,1.0,1.0,0.0,False,False
2512,0.2909029722213745,4.7573068006660903e-23,0.8246419796016343,0.48088260571017943,OFFLOADED,1.0,No,1.0,1.0,0.0,False,True
2513,0.36860543489456177,2.942813391903536e-11,0.8318734323124113,0.5352705189187424,OFFLOADED,1.0,No,0.0,0.0,1.0,False,True
2514,0.3194851875305176,1.8399816494498015e-16,0.3671559794084707,4.480507549794975e-21,OFFLOADED,1.0,No,1.0,1.0,1.0,False,False
2515,0.3213110566139221,3.1091187624395616e-16,0.28196640463048395,5.458477006747732e-26,OFFLOADED,1.0,No,1.0,1.0,1.0,False,False
2516,0.8950591683387756,0.9984367966583355,0.9148161495469862,0.9978436072807334,ACCEPTED,0.0,Yes,0.0,0.0,0.0,True,True
2517,0.3707805871963501,4.340879391512502e-11,0.6259124132438276,3.346113013040267e-06,OFFLOADED,1.0,No,1.0,1.0,1.0,False,False
2518,0.5476473569869995,0.0018440843273667532,0.6751106127412383,0.00048116426505416917,OFFLOADED,0.0,Yes,0.0,0.0,0.0,False,False
2519,0.7634219527244568,0.774622647930473,0.8098304668721654,0.3326133286479684,OFFLOADED,1.0,No,1.0,1.0,1.0,False,False
2520,0.859377920627594,0.9889662064573366,0.7945352077566111,0.20709139996930487,OFFLOADED,0.0,Yes,0.0,0.0,0.0,True,False
2521,0.2687491476535797,4.587981189242714e-31,0.35180913059130353,4.770002150827301e-22,OFFLOADED,1.0,No,1.0,1.0,1.0,False,False
2522,0.3545605540275574,1.5964479045015917e-12,1.0,1.0,OFFLOADED,1.0,No,1.0,0.0,0.0,False,True
2523,0.351290762424469,7.306693145752477e-13,0.8306005836166324,0.5326702771495615,OFFLOADED,1.0,No,1.0,1.0,0.0,False,False
2524,0.9132489562034607,0.9993951292759076,0.9834767395460522,0.9999997856573564,ACCEPTED,0.0,Yes,0.0,0.0,0.0,True,True
2525,0.48713597655296326,8.171275981646493e-05,0.5594758302183288,3.765090572071821e-09,OFFLOADED,1.0,No,1.0,1.0,1.0,False,False
2526,0.2919805943965912,6.665836082746215e-23,0.6373835546287514,1.1156545002211263e-05,OFFLOADED,1.0,No,1.0,1.0,1.0,False,False
2527,0.304918110370636,2.1220180421924034e-19,0.5246400703759773,1.653362366809966e-11,OFFLOADED,1.0,No,1.0,1.0,1.0,False,False
2528,0.3082219958305359,1.1967528591331857e-18,0.6424123930867167,1.8978677464910996e-05,OFFLOADED,1.0,No,1.0,1.0,1.0,False,False
2529,0.5776817202568054,0.0077109601739163945,0.9622811289693457,0.9999928044712082,OFFLOADED,0.0,Yes,0.0,0.0,0.0,False,True
2530,0.40250328183174133,1.0373336145687853e-08,0.73327053198152,0.04060604319493589,OFFLOADED,1.0,No,1.0,1.0,1.0,False,False
2531,0.26424533128738403,4.3912599765266936e-33,0.7704210005453036,0.11366926048543527,OFFLOADED,1.0,No,0.0,1.0,1.0,False,False
2532,0.859070897102356,0.9894132186921963,0.9062580944023384,0.995541903653211,ACCEPTED,0.0,Yes,0.0,0.0,0.0,True,True
2533,0.31393516063690186,1.795250565418189e-17,0.9609051146292463,0.9999919739340172,OFFLOADED,1.0,No,0.0,1.0,1.0,False,True
2534,0.27069708704948425,1.878821030803814e-30,0.16778040753430493,1.1767082956569192e-29,OFFLOADED,1.0,No,1.0,1.0,1.0,False,False
2535,0.5455693602561951,0.0018204722303242925,0.4660210155980902,2.7519654067583375e-15,OFFLOADED,1.0,No,1.0,1.0,1.0,False,False
2536,0.867300271987915,0.994165964111016,0.9005028966432016,0.9938246089644438,ACCEPTED,0.0,Yes,0.0,0.0,0.0,True,True
2537,0.4486928880214691,2.991651910959688e-06,0.8126602549843726,0.3432157198999344,OFFLOADED,1.0,No,1.0,1.0,1.0,False,False
2538,0.34545546770095825,2.156149629216547e-13,0.39553241375736004,1.7549299015020271e-19,OFFLOADED,1.0,No,1.0,1.0,1.0,False,False
2539,0.4070298373699188,1.646274826907092e-08,0.3798933957979373,1.4314981725326605e-20,OFFLOADED,1.0,No,1.0,1.0,1.0,False,False
2540,0.7395358681678772,0.6374616642384648,0.8106777874874206,0.3104805702403535,OFFLOADED,0.0,Yes,0.0,0.0,0.0,False,False
2541,0.299770325422287,5.666813002458883e-21,0.34160648610296357,5.49001345795087e-23,OFFLOADED,1.0,No,1.0,1.0,1.0,False,False
2542,0.8050133585929871,0.911550495257883,0.8072707880009586,0.29026463474228165,OFFLOADED,1.0,No,1.0,1.0,1.0,True,False
2543,0.6774982213973999,0.24240893778159586,0.6080896775565647,5.108391751144689e-07,OFFLOADED,1.0,No,1.0,1.0,0.0,False,False
2544,0.26427161693573,2.762301484711245e-33,0.4175357991805338,3.143194886375273e-18,OFFLOADED,1.0,No,1.0,1.0,1.0,False,False
2545,0.4605637788772583,6.984986278004893e-06,0.5527516464466987,8.995144843118597e-10,OFFLOADED,1.0,No,1.0,1.0,1.0,False,False
2546,0.8266159892082214,0.9489740876125405,0.6955889329375469,0.002108156734475271,OFFLOADED,0.0,Yes,0.0,0.0,0.0,True,False
2547,0.2528581917285919,1.784159898542067e-40,0.3730966208040357,5.045363747503857e-21,OFFLOADED,1.0,No,1.0,1.0,1.0,False,False
2548,0.27757710218429565,3.846018306133848e-28,0.3330845167618527,1.463771366622017e-23,OFFLOADED,1.0,No,1.0,1.0,1.0,False,False
2549,0.2520439028739929,7.88254425002979e-41,0.6473163347812416,2.58771622678726e-05,OFFLOADED,1.0,No,1.0,1.0,1.0,False,False
2550,0.256287157535553,4.2607828895880274e-38,0.4208175639495073,4.34595153826507e-18,OFFLOADED,1.0,No,1.0,1.0,1.0,False,False
2551,0.8700988292694092,0.9955210745330084,0.8025730213851644,0.24756045425942336,OFFLOADED,1.0,No,1.0,1.0,1.0,True,False
2552,0.7961855530738831,0.8800206747029885,0.9895409284649338,0.9999999375534906,ACCEPTED,0.0,Yes,0.0,0.0,0.0,True,True
2553,0.3276192545890808,2.2870497882635038e-15,0.3459084703406894,6.683540216662847e-23,OFFLOADED,1.0,No,1.0,1.0,1.0,False,False
2554,0.25533178448677063,6.563964566454172e-39,0.3337545861675687,1.1999747761419283e-23,OFFLOADED,1.0,No,1.0,1.0,1.0,False,False
2555,0.7644559741020203,0.7790382103894512,0.1405478245773346,3.1652238551832326e-30,OFFLOADED,1.0,No,1.0,1.0,1.0,True,False
2556,0.26660871505737305,1.888362789892294e-32,0.5481024442207554,4.21627201573791e-10,OFFLOADED,1.0,No,1.0,1.0,1.0,False,False
2557,0.2999759614467621,5.286678115334043e-21,0.6237218094343543,1.8806432119958172e-06,OFFLOADED,1.0,No,0.0,1.0,1.0,False,False
2558,0.26549774408340454,6.687134139683659e-33,0.6677961316917184,0.00016574375268853166,OFFLOADED,1.0,No,0.0,1.0,1.0,False,False
2559,0.29772070050239563,1.0242549791040663e-21,0.9375608548207356,0.9998730156319484,OFFLOADED,1.0,No,1.0,1.0,0.0,False,True
2560,0.4519747495651245,3.4638266856791344e-06,0.6797683376434277,0.0006786492679306764,OFFLOADED,1.0,No,1.0,1.0,1.0,False,False
2561,0.26763951778411865,4.096721533094587e-32,0.6240047746890155,1.6312808162871156e-06,OFFLOADED,1.0,No,0.0,0.0,1.0,False,False
2562,0.8333139419555664,0.9610732833169974,0.8016996080469544,0.2311416037509841,OFFLOADED,1.0,No,1.0,1.0,1.0,True,False
2563,0.25858405232429504,1.060727577042228e-36,0.4688500165675719,2.716928639869432e-15,OFFLOADED,1.0,No,1.0,1.0,1.0,False,False
2564,0.7070838212966919,0.4148860620941195,0.7450129447669993,0.05034399727222308,OFFLOADED,0.0,Yes,0.0,0.0,0.0,False,True
2565,0.257392942905426,1.8840666047814943e-37,0.32104574189942153,1.3057042540403467e-24,OFFLOADED,1.0,No,1.0,1.0,1.0,False,False
2566,0.2892027795314789,3.329862949131372e-24,0.6974835324215716,0.0023142958348659477,OFFLOADED,1.0,No,0.0,1.0,1.0,False,False
2567,0.6193205118179321,0.044239175445647275,0.7694431143815778,0.09561183426287496,OFFLOADED,1.0,No,1.0,1.0,1.0,False,True
2568,0.631045401096344,0.0686814301106185,0.242243525310255,1.7886948488628323e-28,OFFLOADED,1.0,No,1.0,1.0,1.0,False,False
2569,0.28837481141090393,1.4985599485337254e-24,0.41362985000356134,1.0917481780907215e-18,OFFLOADED,1.0,No,1.0,1.0,1.0,False,False
2570,0.28508684039115906,1.2810188642466057e-25,0.578619170434155,2.3505138128471153e-08,OFFLOADED,1.0,No,1.0,1.0,1.0,False,False
2571,0.26042404770851135,1.0155308402153048e-35,0.3035264350510789,7.637753783531482e-26,OFFLOADED,1.0,No,1.0,1.0,1.0,False,False
2572,0.2561265230178833,1.2621009407851427e-38,0.3293854008540371,4.079385167800863e-24,OFFLOADED,1.0,No,1.0,1.0,1.0,False,False
2573,0.32895252108573914,3.1774081203631036e-15,0.6303990724644575,3.2002707364403947e-06,OFFLOADED,1.0,No,1.0,1.0,1.0,False,False
2574,0.32438015937805176,4.47507048356851e-16,0.8337126594998413,0.5258862743105593,OFFLOADED,1.0,No,1.0,1.0,0.0,False,False
2575,0.25088340044021606,1.9572953552798812e-41,0.7369268267837596,0.03700486779216901,OFFLOADED,1.0,No,1.0,1.0,0.0,False,False
2576,0.26285117864608765,2.572095315689385e-34,0.2075363593853734,1.0224759300192624e-29,OFFLOADED,1.0,No,1.0,1.0,1.0,False,False
2577,0.27547696232795715,4.443766248404275e-29,0.2248157875716849,3.082264041758638e-29,OFFLOADED,1.0,No,1.0,1.0,1.0,False,False
2578,0.6139965057373047,0.0318271579790358,0.5690523331257862,6.752968290827401e-09,OFFLOADED,1.0,No,1.0,1.0,0.0,True,False
2579,0.901215136051178,0.9990433755569732,1.0,1.0,ACCEPTED,0.0,Yes,0.0,0.0,0.0,True,True
2580,0.46867430210113525,1.2800078739829131e-05,0.4289730225183671,6.662995955581521e-18,OFFLOADED,1.0,No,1.0,1.0,1.0,False,False
2581,0.2627153992652893,1.7550937248754004e-34,0.43949927388477616,3.430434584768472e-17,OFFLOADED,1.0,No,1.0,1.0,1.0,False,False
2582,0.3100684881210327,1.4379845634875754e-18,0.7648307096250302,0.0794622412898039,OFFLOADED,1.0,No,0.0,1.0,1.0,False,False
2583,0.2623540461063385,1.0042122168992211e-34,0.40760388520269203,3.1328540159964387e-19,OFFLOADED,1.0,No,1.0,1.0,1.0,False,False
2584,0.37211593985557556,3.1307247749045565e-11,0.5563764611840231,7.942978297416819e-10,OFFLOADED,1.0,No,1.0,1.0,1.0,False,False
2585,0.25921615958213806,9.114859126746459e-37,0.9860593191722596,0.9999998849681825,OFFLOADED,1.0,No,1.0,0.0,0.0,False,True
2586,0.768425703048706,0.787298733777476,0.4932284634403996,5.970385143741808e-14,OFFLOADED,0.0,Yes,0.0,0.0,0.0,False,False
2587,0.47513508796691895,2.190901994353595e-05,0.7862509152423927,0.1279147237070376,OFFLOADED,1.0,No,1.0,1.0,1.0,False,False
2588,0.2813495397567749,4.767127336292328e-27,1.0,1.0,OFFLOADED,1.0,No,1.0,0.0,0.0,False,True
2589,0.26470205187797546,1.1349222880493456e-33,0.532867498466552,1.9634288768279018e-11,OFFLOADED,1.0,No,1.0,1.0,1.0,False,False
2590,0.2526838183403015,1.9627870445252212e-41,0.2708498280925943,1.4095847346952832e-27,OFFLOADED,1.0,No,1.0,1.0,1.0,False,False
2591,0.27539026737213135,2.834283517740558e-29,0.7349960826652292,0.02871870486033594,OFFLOADED,1.0,No,1.0,1.0,0.0,False,False
2592,0.8543767333030701,0.9872406167959406,0.9389232733638349,0.9998762180760817,ACCEPTED,0.0,Yes,0.0,0.0,0.0,True,True
2593,0.250379353761673,8.195902623934182e-42,0.5083438264149116,4.743709445685723e-13,OFFLOADED,1.0,No,1.0,1.0,1.0,False,False
2594,0.25204867124557495,9.76116024263639e-42,0.261032754821083,3.6769078692385792e-28,OFFLOADED,1.0,No,1.0,1.0,1.0,False,False
2595,0.38941651582717896,7.027193260425578e-10,0.739898915429134,0.03396733126596004,OFFLOADED,1.0,No,0.0,1.0,0.0,False,False
2596,0.3027137219905853,1.8387046940741475e-20,0.27603246561483796,2.0685534738704296e-27,OFFLOADED,1.0,No,1.0,0.0,0.0,False,False
2597,0.7995123863220215,0.8984467708911363,0.9892210475497382,0.9999999385301461,OFFLOADED,0.0,Yes,0.0,0.0,0.0,False,True
2598,0.6895352005958557,0.3122375642085828,0.9782209702833912,0.9999994695147706,OFFLOADED,0.0,Yes,0.0,0.0,0.0,False,True
2599,0.3629366159439087,4.420094339562001e-12,0.6288265449559517,1.8780489380154337e-06,OFFLOADED,1.0,No,1.0,1.0,1.0,False,False
2600,0.26597368717193604,3.0836439698554414e-33,0.44139184123266606,2.838328333855089e-17,OFFLOADED,1.0,No,1.0,1.0,1.0,False,False
2601,0.46556320786476135,8.542997998592317e-06,0.8120027128016682,0.28416127661283264,OFFLOADED,1.0,No,1.0,1.0,0.0,False,False
2602,0.2677566111087799,1.5648263803300668e-32,0.5818255263065538,1.894647557663128e-08,OFFLOADED,1.0,No,0.0,1.0,1.0,False,False
2603,0.25904029607772827,4.016188834177766e-37,0.22518388938498254,1.2924398269901823e-29,OFFLOADED,1.0,No,1.0,1.0,1.0,False,False
2604,0.33777785301208496,3.0767325229271346e-14,0.6286572437050127,1.6630613749699364e-06,OFFLOADED,1.0,No,1.0,1.0,0.0,False,False
2605,0.6160841584205627,0.0350638856305058,1.0,1.0,OFFLOADED,0.0,Yes,0.0,0.0,0.0,False,True
2606,0.3914468586444855,9.40545326488933e-10,0.6411334904630579,7.04854366489313e-06,OFFLOADED,1.0,No,0.0,1.0,1.0,False,False
2607,0.4330384135246277,4.642718704841122e-07,0.822012616837964,0.37852144979638636,OFFLOADED,0.0,Yes,0.0,0.0,0.0,False,False
2608,0.33763349056243896,2.980763944286829e-14,0.7433799085017849,0.03626786520249907,OFFLOADED,1.0,No,1.0,0.0,0.0,False,False
2609,0.27494296431541443,1.5610309699808675e-29,0.3578052750364258,1.0508624872554363e-22,OFFLOADED,1.0,No,1.0,1.0,1.0,False,False
2610,0.2504524290561676,4.508092119118379e-42,0.30232614267514146,2.15397240047728e-26,OFFLOADED,1.0,No,1.0,1.0,1.0,False,False
2611,0.2528975307941437,1.3372987507450658e-41,0.4244683449814389,1.7893915819813355e-18,OFFLOADED,1.0,No,1.0,1.0,1.0,False,False
2612,0.2842620611190796,3.6711043819768845e-26,0.7003752390261915,0.001912701877509338,OFFLOADED,1.0,No,1.0,1.0,0.0,False,False
2613,0.2862994372844696,1.44135122659115e-25,0.38351047266013544,3.6740122971372044e-21,OFFLOADED,1.0,No,0.0,1.0,1.0,False,False
2614,0.26599735021591187,2.105621833492388e-33,0.5596596329920525,9.368223989794045e-10,OFFLOADED,1.0,No,1.0,1.0,1.0,False,False
2615,0.7425242066383362,0.6802946844222386,1.0,1.0,ACCEPTED,0.0,Yes,0.0,0.0,0.0,True,True
2616,0.2522071599960327,4.859885407419722e-42,0.23928057407166128,2.617311944606087e-29,OFFLOADED,1.0,No,1.0,1.0,1.0,False,False
2617,0.3124951422214508,3.3155246194985795e-18,0.6758993864104342,0.00029220517893051236,OFFLOADED,1.0,No,1.0,1.0,1.0,False,False
2618,0.28653010725975037,1.599955415078345e-25,0.5690215020191522,3.6996930998499782e-09,OFFLOADED,1.0,No,1.0,1.0,0.0,False,False
2619,0.2996772825717926,1.7215774485021026e-21,0.4726928198227917,1.7386962944365945e-15,OFFLOADED,1.0,No,1.0,1.0,1.0,False,False
2620,0.33420330286026,1.185333795283884e-14,0.3377979568032053,2.8729565731641253e-24,OFFLOADED,1.0,No,1.0,1.0,1.0,False,False
2621,0.6871359944343567,0.31728934611325005,0.6562791866155564,2.9538643842347574e-05,OFFLOADED,0.0,Yes,0.0,0.0,0.0,False,False
2622,0.6771916151046753,0.26053788963046376,0.81612457607668,0.3330461811004708,OFFLOADED,1.0,No,1.0,1.0,1.0,False,True
2623,0.30897173285484314,4.933316285544685e-19,0.9726343732064978,0.9999984014132798,OFFLOADED,1.0,No,1.0,0.0,0.0,False,True
2624,0.3074372708797455,1.8970507610872094e-19,0.5631693233799827,1.4700923420401013e-09,OFFLOADED,1.0,No,1.0,0.0,0.0,False,False
2625,0.25528430938720703,3.823479473466196e-40,0.6728562307950878,0.00017642171296056573,OFFLOADED,1.0,No,1.0,1.0,1.0,False,False
2626,0.2611788809299469,6.604556358473986e-36,0.10857457047365571,1.6580771622523781e-31,OFFLOADED,1.0,No,1.0,1.0,1.0,False,False
2627,0.4974675476551056,0.00015135148911931168,0.7304528876674594,0.020568492543603913,OFFLOADED,1.0,No,1.0,1.0,1.0,False,False
2628,0.25195515155792236,2.319815495129641e-42,0.12951685298052998,1.9276259173375215e-31,OFFLOADED,1.0,No,1.0,1.0,1.0,False,False
2629,0.3224545121192932,1.1435438133060485e-16,0.3127027596878254,5.427471940078307e-26,OFFLOADED,1.0,No,1.0,1.0,1.0,False,False
2630,0.5136001706123352,0.00031200595598978675,0.7380908465051406,0.02889750449120476,OFFLOADED,1.0,No,1.0,1.0,0.0,False,False
2631,0.8453205823898315,0.9810853762931275,0.49217240525389955,2.4098707654004804e-14,OFFLOADED,1.0,No,1.0,1.0,1.0,True,False
2632,0.2854142189025879,4.4316573941402985e-26,0.5416348106046357,4.109037358932848e-11,OFFLOADED,1.0,No,1.0,1.0,1.0,False,False
2633,0.38267478346824646,1.8709036094360964e-10,0.5140305189857085,5.306520298737877e-13,OFFLOADED,1.0,No,0.0,1.0,1.0,False,False
2634,0.8988326191902161,0.9991066117512999,0.9793044252188591,0.9999996087774439,ACCEPTED,0.0,Yes,0.0,0.0,0.0,True,True
2635,0.7800600528717041,0.8491130780798446,0.5675433376485455,2.495624958685911e-09,OFFLOADED,1.0,No,1.0,1.0,1.0,True,False
2636,0.6018843650817871,0.0211571483891594,0.7122416259485946,0.00402666746545855,OFFLOADED,0.0,Yes,0.0,0.0,0.0,False,False
2637,0.26720336079597473,3.57847952551557e-33,0.2133271397163616,1.9189114595778828e-30,OFFLOADED,1.0,No,1.0,1.0,1.0,False,False
2638,0.0,0.0,0.7421150785255067,0.032648802821259065,OFFLOADED,0.0,Yes,0.0,0.0,0.0,False,False
2639,0.8996662497520447,0.9991626449180072,0.977644008937691,0.999999473454737,ACCEPTED,0.0,Yes,0.0,0.0,0.0,True,True
2640,0.2592642903327942,1.9288525706821084e-37,0.7962657204897767,0.1609686642565579,OFFLOADED,1.0,No,1.0,1.0,1.0,False,False
2641,0.31643247604370117,1.3371819057866799e-17,0.8681815755301572,0.9055982749257714,OFFLOADED,1.0,No,1.0,0.0,0.0,False,True
2642,0.2534657120704651,1.0267808214426003e-41,0.47010719603163614,7.919626607483477e-16,OFFLOADED,1.0,No,1.0,0.0,0.0,False,False
2643,0.9043830037117004,0.999403232764251,0.8702825034461787,0.9218530924048586,ACCEPTED,1.0,No,1.0,1.0,1.0,True,True
2644,0.2764163911342621,1.9079735521436497e-29,0.3591476817384485,6.454634663298998e-23,OFFLOADED,1.0,No,0.0,1.0,1.0,False,False
2645,0.8869292736053467,0.9982693000059214,1.0,1.0,ACCEPTED,0.0,Yes,0.0,0.0,0.0,True,True
2646,0.256242036819458,1.3607149174575471e-39,0.2522537385142677,4.589991072200662e-29,OFFLOADED,1.0,No,1.0,1.0,1.0,False,False
2647,0.32698914408683777,7.366270446731952e-16,0.6440137559002935,8.13133931873852e-06,OFFLOADED,1.0,No,1.0,1.0,1.0,False,False
2648,0.285498708486557,3.9104193941421834e-26,0.5135273404898761,4.3725166219385253e-13,OFFLOADED,1.0,No,1.0,1.0,1.0,False,False
2649,0.2568681538105011,4.422655089633023e-39,0.23565529741216465,8.963119166906608e-30,OFFLOADED,1.0,No,1.0,1.0,1.0,False,False
2650,0.28702080249786377,1.3308578134036426e-25,0.6697311865543105,0.0001032739302244606,OFFLOADED,1.0,No,1.0,1.0,0.0,False,False
2651,0.25718313455581665,6.639890335219118e-39,0.7379835652396275,0.027613243613499486,OFFLOADED,1.0,No,1.0,1.0,0.0,False,False
2652,0.25683435797691345,3.4952160863736774e-39,0.6206939059127908,4.581448913547345e-07,OFFLOADED,1.0,No,1.0,1.0,1.0,False,False
2653,0.28023985028266907,5.631120111565864e-28,0.5030951443131715,8.825688567707657e-14,OFFLOADED,1.0,No,1.0,1.0,1.0,False,False
2654,0.2514610290527344,7.35498837238317e-43,0.3727382559008095,3.584525610034346e-22,OFFLOADED,1.0,No,1.0,1.0,1.0,False,False
2655,0.38656413555145264,4.0223344853599493e-10,0.48765586459047255,7.188712530372595e-15,OFFLOADED,1.0,No,1.0,1.0,1.0,False,False
2656,0.38520047068595886,2.93752482309943e-10,0.636708675606755,2.7959553901324643e-06,OFFLOADED,1.0,No,1.0,0.0,0.0,False,False
2657,0.27104347944259644,1.2340303889851859e-31,0.5710925609154848,3.4288965772086882e-09,OFFLOADED,1.0,No,0.0,1.0,1.0,False,False
2658,0.42006540298461914,8.431973678150777e-08,0.6976254573711992,0.0012962500618743334,OFFLOADED,1.0,No,1.0,0.0,0.0,False,False
2659,0.8268322348594666,0.9557798884981866,0.980728782490737,0.9999997239717439,ACCEPTED,0.0,Yes,0.0,0.0,0.0,True,True
2660,0.8676729202270508,0.9954168268831107,0.9237026685632198,0.9991666535661715,ACCEPTED,0.0,Yes,0.0,0.0,0.0,True,True
2661,0.8481156826019287,0.9835102871436017,0.8802588135889011,0.9613770537034293,ACCEPTED,0.0,Yes,0.0,0.0,0.0,True,True
2662,0.3571583330631256,8.956015491074556e-13,0.4149341309667619,1.8661447007425893e-19,OFFLOADED,1.0,No,1.0,1.0,1.0,False,False
2663,0.0,0.0,0.9265821250294006,0.9995069169593501,OFFLOADED,0.0,Yes,0.0,0.0,0.0,False,True
2664,0.47342196106910706,1.8528836336572153e-05,0.6606220298649588,3.599847180300867e-05,OFFLOADED,1.0,No,1.0,1.0,1.0,False,False
2665,0.27322813868522644,9.196118848295033e-31,0.16354220194287808,1.21922781466994e-31,OFFLOADED,1.0,No,1.0,1.0,1.0,False,False
2666,0.7310299873352051,0.6211269639437111,0.8676260244093021,0.904665518048913,ACCEPTED,0.0,Yes,0.0,0.0,0.0,True,True
2667,0.9276983141899109,0.9997942878381958,0.8234857535481048,0.39100608998219066,OFFLOADED,0.0,Yes,0.0,0.0,0.0,True,False
2668,0.8378291130065918,0.9733059904043471,0.7581242972857961,0.0558855495352171,OFFLOADED,1.0,No,1.0,1.0,1.0,True,False
2669,0.2690076231956482,1.3904180007302934e-32,0.9584314343539552,0.9999901122001237,OFFLOADED,1.0,No,1.0,1.0,1.0,False,True
2670,0.3570624887943268,7.972873112001528e-13,0.40368459880593666,3.627236553281598e-20,OFFLOADED,0.0,Yes,0.0,0.0,0.0,False,False
2671,0.3423365652561188,5.0506539977165824e-14,0.5258675662286072,2.410389511881071e-12,OFFLOADED,1.0,No,1.0,1.0,1.0,False,False
2672,0.250314861536026,4.2243601375516015e-43,1.0,1.0,OFFLOADED,0.0,Yes,0.0,0.0,0.0,False,True
2673,0.2978367209434509,2.055964219093173e-22,0.8117285659461314,0.27145531594127026,OFFLOADED,1.0,No,1.0,1.0,1.0,False,True
2674,0.2761499583721161,8.450937227060753e-30,0.4337156175990903,2.6572448099194906e-18,OFFLOADED,1.0,No,1.0,0.0,1.0,False,False
2675,0.9684339761734009,0.9999447291354382,1.0,1.0,ACCEPTED,0.0,Yes,0.0,0.0,0.0,True,True
2676,0.2583620250225067,2.228402180811517e-38,0.21348483681787017,9.674348649043228e-31,OFFLOADED,1.0,No,1.0,1.0,1.0,False,False
2677,0.8729499578475952,0.9970466471466537,0.8660982369502287,0.8994166329042669,OFFLOADED,0.0,Yes,0.0,0.0,0.0,True,False
2678,0.45140013098716736,2.3544092504427693e-06,0.8573566898317225,0.8064207723670492,OFFLOADED,1.0,No,1.0,0.0,0.0,False,False
2679,0.2523772120475769,5.918071050133962e-43,0.6896038251700578,0.0008497500321911258,OFFLOADED,1.0,No,1.0,1.0,1.0,False,False
2680,0.6219483613967896,0.05004126563098062,0.9717360875009873,0.9999987294640427,OFFLOADED,1.0,No,1.0,1.0,1.0,False,True
2681,0.2739110589027405,1.3551159776582236e-30,0.3434485077090452,2.708215509888609e-24,OFFLOADED,1.0,No,1.0,1.0,1.0,False,False
2682,0.466716468334198,8.353434054755235e-06,0.7252965248392749,0.01218424052775268,OFFLOADED,0.0,Yes,0.0,0.0,0.0,False,False
2683,0.2822471559047699,1.9542452845284486e-27,0.4941489875249881,1.772047459964711e-14,OFFLOADED,1.0,No,1.0,1.0,1.0,False,False
2684,0.3275291621685028,6.37008994706405e-16,0.5587502913569965,4.5971057972251157e-10,OFFLOADED,1.0,No,1.0,1.0,1.0,False,False
2685,0.3026350736618042,5.823519457619274e-21,0.6790260612452326,0.0003206746412751152,OFFLOADED,1.0,No,1.0,1.0,1.0,False,False
2686,0.26429784297943115,5.575734474158636e-35,0.6121077383152596,2.0324616585126018e-07,OFFLOADED,1.0,No,1.0,1.0,1.0,False,False
2687,0.0,0.0,0.8886347176078775,0.9875119242995553,OFFLOADED,0.0,Yes,0.0,0.0,0.0,False,True
2688,0.5015724301338196,0.0001705271723647292,0.7882546483537854,0.11432866778916737,OFFLOADED,1.0,No,0.0,1.0,1.0,False,True
2689,0.3269208073616028,4.344835356158616e-16,0.6200431429852566,3.573371090097596e-07,OFFLOADED,1.0,No,1.0,0.0,1.0,False,False
2690,0.31003615260124207,3.8470874417254715e-19,0.6521653954351426,1.403072708451659e-05,OFFLOADED,1.0,No,0.0,1.0,1.0,False,False
2691,0.8329735994338989,0.9661230730518656,0.9739743968332684,0.9999991228076274,ACCEPTED,1.0,No,1.0,1.0,0.0,True,True
2692,0.42802226543426514,2.144000503236003e-07,0.8387609107836272,0.5664229466927381,OFFLOADED,1.0,No,0.0,0.0,1.0,False,False
2693,0.4687997102737427,1.0487421742029901e-05,0.5568168034606957,2.587688863302939e-10,OFFLOADED,1.0,No,1.0,0.0,0.0,False,False
2694,0.32072168588638306,2.803732306796513e-17,0.5660490291347551,1.3636161393517225e-09,OFFLOADED,1.0,No,1.0,1.0,1.0,False,False
2695,0.28461286425590515,7.838017197164495e-27,0.5372789697360854,1.1690844261415396e-11,OFFLOADED,1.0,No,1.0,1.0,1.0,False,False
2696,0.6830730438232422,0.2934277887854796,0.5008556606294906,4.188438250550463e-14,OFFLOADED,1.0,No,1.0,1.0,1.0,False,False
2697,0.6721401810646057,0.21838721774916878,0.8990983300190021,0.9947943293425878,OFFLOADED,1.0,No,1.0,1.0,1.0,False,False
2698,0.8046995401382446,0.9174351419107816,0.9739465557372927,0.9999990422383717,OFFLOADED,0.0,Yes,0.0,0.0,0.0,False,True
2699,0.7170723676681519,0.5174462118277458,0.7919496489337734,0.12813345848294774,OFFLOADED,0.0,Yes,0.0,0.0,0.0,True,False
2700,0.3754645586013794,2.76283166622958e-11,0.7312113413408999,0.018979645080320573,OFFLOADED,1.0,No,1.0,1.0,1.0,False,False
2701,0.8112709522247314,0.9371001537155039,0.8956297889835441,0.993370225659031,ACCEPTED,0.0,Yes,0.0,0.0,0.0,True,True
2702,0.8411275744438171,0.9773868289894008,0.9498917557038431,0.9999746411345851,ACCEPTED,0.0,Yes,0.0,0.0,0.0,True,True
2703,0.9059992432594299,0.9996131491445436,0.4591810188459323,6.574424613632969e-17,OFFLOADED,0.0,Yes,0.0,0.0,0.0,True,False
2704,0.2792520523071289,7.753802095652744e-29,0.25912442678715447,3.5541829090328004e-29,OFFLOADED,1.0,No,1.0,1.0,1.0,False,False
2705,0.8280971646308899,0.9644172705330581,0.8637581286995978,0.8911533246687835,ACCEPTED,1.0,No,1.0,1.0,1.0,True,True
2706,0.25093787908554077,1.4207789119409765e-43,0.2635606286628384,5.551590110296065e-29,OFFLOADED,1.0,No,1.0,1.0,1.0,False,False
2707,0.7979070544242859,0.9089692190404339,0.49338182505576905,1.0608432575968417e-14,OFFLOADED,0.0,Yes,0.0,0.0,0.0,True,False
2708,0.0,0.0,0.7198015191206468,0.007721869234473733,OFFLOADED,0.0,Yes,0.0,0.0,0.0,False,False
2709,0.8298735022544861,0.9660836615159842,0.8030775563409398,0.19664229487856538,OFFLOADED,0.0,Yes,0.0,0.0,0.0,True,False
2710,0.2524331212043762,2.420183731153443e-43,0.7838645456449713,0.1050480004545474,OFFLOADED,1.0,No,0.0,0.0,1.0,False,False
2711,0.25156232714653015,1.3504818597416371e-43,0.2894302495374695,1.2625996265885064e-27,OFFLOADED,1.0,No,1.0,1.0,1.0,False,False
2712,0.31077802181243896,4.225815191968887e-19,0.9701674600123338,0.9999984710898144,OFFLOADED,1.0,No,1.0,0.0,0.0,False,True
2713,0.6129499673843384,0.03107334688226881,0.8412532387712834,0.6147147401780875,OFFLOADED,0.0,Yes,0.0,0.0,0.0,False,True
2714,0.29976212978363037,4.312055279105729e-22,0.632448476938497,1.8225138356666334e-06,OFFLOADED,1.0,No,1.0,1.0,1.0,False,False
2715,0.9670711159706116,0.9999586814453167,0.7546283414643941,0.0534599742863037,OFFLOADED,1.0,No,1.0,1.0,0.0,True,False
2716,0.7572101354598999,0.7790939688921482,0.6330035326311136,1.7399243112754223e-06,OFFLOADED,1.0,No,1.0,1.0,1.0,True,False
2717,0.2591380774974823,2.2070841125404338e-38,0.39346104472410126,6.390305389712211e-21,OFFLOADED,1.0,No,1.0,1.0,1.0,False,False
2718,0.35111576318740845,1.6023327643819848e-13,0.4654318094057733,1.7285186960532288e-16,OFFLOADED,1.0,No,1.0,1.0,1.0,False,False
2719,0.31852543354034424,1.1707331680481624e-17,0.3930614522386064,5.366652141586165e-21,OFFLOADED,1.0,No,1.0,1.0,1.0,False,False
2720,0.2645888030529022,3.50569656557575e-35,0.5642206809510313,9.584373680424979e-10,OFFLOADED,1.0,No,0.0,1.0,1.0,False,False
2721,0.8647140264511108,0.9956065158733861,0.31016848732415064,9.475590606679536e-27,OFFLOADED,1.0,No,1.0,1.0,1.0,True,False
2722,0.5291498899459839,0.0006114431330577048,0.8466618203046504,0.6850656315403663,OFFLOADED,1.0,No,1.0,0.0,1.0,False,True
2723,0.2605379521846771,1.6868834524170012e-37,0.4935015236039683,1.1069885076072092e-14,OFFLOADED,1.0,No,1.0,1.0,1.0,False,False
2724,0.29822269082069397,1.1034521415765144e-22,0.47466444291581755,6.824116353541824e-16,OFFLOADED,1.0,No,1.0,1.0,1.0,False,False
2725,0.5707027316093445,0.004947380338541641,0.7851534487249452,0.11724633129357533,OFFLOADED,1.0,No,1.0,1.0,1.0,False,True
2726,0.2906029224395752,7.529293281795661e-25,0.4669921423358178,1.7211718845572632e-16,OFFLOADED,1.0,No,1.0,0.0,0.0,False,False
2727,0.2663857340812683,1.6511402754129523e-34,0.37847601526884855,3.702164302974059e-22,OFFLOADED,1.0,No,1.0,1.0,1.0,False,False
2728,0.38055866956710815,7.051172996479478e-11,0.5826451856027998,9.805273385733846e-09,OFFLOADED,1.0,No,1.0,1.0,1.0,False,False
2729,0.9127103090286255,0.999712892454986,0.9763994050835647,0.9999995766261844,ACCEPTED,1.0,No,1.0,1.0,0.0,True,True
2730,0.9204317927360535,0.9997642408640262,1.0,1.0,ACCEPTED,0.0,Yes,0.0,0.0,0.0,True,True
2731,0.7353551387786865,0.6581072948895581,0.9900670525723393,0.9999999728772763,ACCEPTED,0.0,Yes,0.0,0.0,0.0,True,True
2732,0.33123475313186646,1.7731439039870483e-15,0.8447406569398481,0.6742164882297734,OFFLOADED,0.0,Yes,0.0,0.0,0.0,False,True
2733,0.2548375725746155,6.48272583248815e-42,0.12913972388156164,2.303734907733222e-32,OFFLOADED,1.0,No,1.0,1.0,1.0,False,False
2734,0.2761996388435364,2.4535044026385364e-30,0.4212267912524416,2.399757120344495e-19,OFFLOADED,1.0,No,1.0,1.0,1.0,False,False
2735,0.0,0.0,0.738767328261062,0.028090400721517837,OFFLOADED,0.0,Yes,0.0,0.0,0.0,False,False
2736,0.5026717185974121,0.00015300066461656462,0.8420298451056367,0.6577363235312659,OFFLOADED,0.0,Yes,0.0,0.0,0.0,False,True
2737,0.41707223653793335,3.8828604134325756e-08,0.39466421721357425,5.4508081236503766e-21,OFFLOADED,1.0,No,1.0,1.0,1.0,False,False
2738,0.0,0.0,0.47066187897151845,3.444746747794057e-16,OFFLOADED,0.0,Yes,0.0,0.0,0.0,False,False
2739,0.25513359904289246,1.0643942616763638e-41,0.46684038353882334,1.9499659307775486e-16,OFFLOADED,1.0,No,1.0,1.0,1.0,False,False
2740,0.5484257340431213,0.0018195559742584795,0.6935710158380504,0.001239135964639562,OFFLOADED,1.0,No,1.0,1.0,1.0,False,False
2741,0.26194462180137634,1.0401056015169257e-36,0.816268607249707,0.36176091433021573,OFFLOADED,1.0,No,1.0,1.0,1.0,False,False
2742,0.3281579613685608,4.961413270754807e-16,0.35793797173769126,1.3553351536373134e-23,OFFLOADED,1.0,No,1.0,1.0,1.0,False,False
2743,0.909714937210083,0.9996864289761624,1.0,1.0,ACCEPTED,0.0,Yes,0.0,0.0,0.0,True,True
2744,0.31295594573020935,8.753046778802734e-19,0.8546129429742729,0.8140680763161698,OFFLOADED,1.0,No,1.0,1.0,1.0,False,True
2745,0.32912278175354004,7.265949905608327e-16,0.6192447803974733,3.222996359972665e-07,OFFLOADED,1.0,No,1.0,1.0,1.0,False,False
2746,0.8129529356956482,0.946962454382034,0.7757457018271079,0.08397288794516312,OFFLOADED,1.0,No,1.0,1.0,0.0,True,False
2747,0.3751015067100525,2.066181703180698e-11,0.7927997220759329,0.1436447544128334,OFFLOADED,1.0,No,1.0,0.0,0.0,False,False
2748,0.3467901051044464,5.10050894169164e-14,0.7300388118511583,0.01838907213719566,OFFLOADED,1.0,No,1.0,0.0,0.0,False,True
2749,0.7231914401054382,0.5888742502253271,0.8985580302910365,0.9949448470396651,ACCEPTED,1.0,No,1.0,1.0,1.0,True,True
2750,0.3363533318042755,6.897018961787495e-15,0.3262890914792573,9.131186243303261e-26,OFFLOADED,1.0,No,0.0,1.0,1.0,False,False
2751,0.2661496102809906,7.801805795712106e-35,0.7113958825244281,0.004356666309502075,OFFLOADED,1.0,No,1.0,1.0,1.0,False,False
2752,0.35752230882644653,5.030468591977082e-13,0.33434761528358836,2.806073100481214e-25,OFFLOADED,1.0,No,1.0,1.0,1.0,False,False
2753,0.253245085477829,1.9624964654245847e-43,0.6365220249975944,2.370128369771185e-06,OFFLOADED,1.0,No,1.0,0.0,0.0,False,False
2754,0.25783661007881165,1.052664106604595e-39,0.34596617566871957,1.6983329056788603e-24,OFFLOADED,1.0,No,1.0,1.0,1.0,False,False
2755,0.26696088910102844,1.5939122184330776e-34,0.7407342102468888,0.03205369116005225,OFFLOADED,1.0,No,1.0,1.0,1.0,False,False
2756,0.38085702061653137,6.496537639997807e-11,0.42689200771631336,4.726927852416241e-19,OFFLOADED,1.0,No,1.0,1.0,1.0,False,False
2757,0.743675947189331,0.7047874388168766,0.9093662917457461,0.9974356075852462,OFFLOADED,0.0,Yes,0.0,0.0,0.0,False,True
2758,0.5003604888916016,0.00013519162214572895,0.45810748632944587,4.621896085851444e-17,OFFLOADED,1.0,No,1.0,1.0,1.0,False,False
2759,0.40022963285446167,2.284406203838578e-09,0.8187781311145701,0.37863693215552047,OFFLOADED,1.0,No,0.0,1.0,0.0,False,False
2760,0.301541805267334,6.605298726057179e-22,0.36374137041418325,2.6003424479276688e-23,OFFLOADED,1.0,No,1.0,1.0,1.0,False,False
2761,0.2598462700843811,1.517142112653644e-38,0.35612612267032173,7.282050963486257e-24,OFFLOADED,1.0,No,1.0,1.0,1.0,False,False
2762,0.29086458683013916,4.376537595252919e-25,0.4968218442877811,1.4827076457804156e-14,OFFLOADED,1.0,No,1.0,1.0,0.0,False,False
2763,0.2635698914527893,3.034685333138361e-36,0.4626222682481303,7.249954489531753e-17,OFFLOADED,1.0,No,1.0,1.0,1.0,False,False
2764,0.4966174066066742,0.00010304933934170157,1.0,1.0,OFFLOADED,1.0,No,1.0,0.0,0.0,False,True
2765,0.3000509738922119,1.9047131243732305e-22,0.8834216029689431,0.9792798782780204,OFFLOADED,1.0,No,1.0,1.0,0.0,False,True
2766,0.7940037846565247,0.8999678401364558,0.59433308873709,3.199726527614797e-08,OFFLOADED,1.0,No,1.0,1.0,0.0,True,False
2767,0.3140319883823395,7.924479180966674e-19,0.497564280690293,1.5018036659398817e-14,OFFLOADED,1.0,No,1.0,1.0,1.0,False,False
2768,0.30239784717559814,1.0425994097392383e-21,0.954267366495437,0.9999851430157267,OFFLOADED,1.0,No,1.0,1.0,0.0,False,True
2769,0.2661930024623871,4.11185931421985e-35,0.4476328696783953,8.150214422825627e-18,OFFLOADED,1.0,No,1.0,0.0,0.0,False,False
2770,0.2523229718208313,1.984281475871937e-44,0.5999041543922339,5.080769436090786e-08,OFFLOADED,1.0,No,0.0,1.0,1.0,False,False
2771,0.359578400850296,6.318960190519435e-13,0.8149417354459201,0.31602165565055923,OFFLOADED,1.0,No,0.0,1.0,1.0,False,False
2772,0.6854695081710815,0.30071089221638353,0.4713886668989281,2.4570422108094174e-16,OFFLOADED,0.0,Yes,0.0,0.0,0.0,True,False
2773,0.4382880926132202,5.174518011103979e-07,0.6984736633030788,0.0012814160842941217,OFFLOADED,1.0,No,1.0,1.0,1.0,False,False
2774,0.8975299000740051,0.9993387407607183,0.9884608034489868,0.9999999635491383,ACCEPTED,0.0,Yes,0.0,0.0,0.0,True,True
2775,0.9006602168083191,0.9994969511923812,1.0,1.0,ACCEPTED,0.0,Yes,0.0,0.0,0.0,True,True
2776,0.271085649728775,7.805225397973623e-33,0.8081977514234115,0.2323171308298103,OFFLOADED,1.0,No,1.0,1.0,1.0,False,False
2777,0.307632714509964,2.1384423823347324e-20,0.2063746735797866,8.031517314560085e-32,OFFLOADED,1.0,No,1.0,1.0,1.0,False,False
2778,0.29881957173347473,5.422720344676084e-23,0.6059942958286259,7.450188170591439e-08,OFFLOADED,1.0,No,1.0,1.0,0.0,False,False
2779,0.2972014844417572,1.5696482483055803e-23,0.35817354253218114,6.488834710637133e-24,OFFLOADED,1.0,No,1.0,1.0,1.0,False,False
2780,0.2817446291446686,1.223593781789533e-28,0.27241176430524017,3.536556556191236e-29,OFFLOADED,1.0,No,1.0,1.0,1.0,False,False
2781,0.2609963119029999,5.523488240493225e-38,0.4770618543307951,4.991495170467426e-16,OFFLOADED,1.0,No,1.0,1.0,1.0,False,False
2782,0.26776519417762756,1.6185560302662285e-34,0.2294743123123582,3.634216024608961e-31,OFFLOADED,1.0,No,1.0,1.0,1.0,False,False
2783,0.47166070342063904,1.096775834851385e-05,0.6285526874775444,7.318896559192089e-07,OFFLOADED,0.0,Yes,0.0,0.0,0.0,False,False
2784,0.7932924032211304,0.8944670977829743,0.942250042805462,0.9999414679183406,ACCEPTED,0.0,Yes,0.0,0.0,0.0,True,True
2785,0.38347211480140686,9.500638498968882e-11,0.7573298780630718,0.04684096728556944,OFFLOADED,1.0,No,0.0,1.0,0.0,False,False
2786,0.2738432288169861,1.0266476575521744e-31,0.5544424533160611,9.753668239827288e-11,OFFLOADED,1.0,No,0.0,1.0,1.0,False,False
2787,0.6020016074180603,0.02237181805240557,0.5751268547613384,2.5762665273228753e-09,OFFLOADED,1.0,No,0.0,1.0,1.0,False,False
2788,0.2992675006389618,6.621908944578398e-23,0.6533986932541239,1.2241273949184508e-05,OFFLOADED,1.0,No,1.0,0.0,0.0,False,False
2789,0.25028282403945923,5.908539144761864e-45,0.3639681917533172,1.507338840734618e-23,OFFLOADED,1.0,No,1.0,1.0,1.0,False,False
2790,0.7962930202484131,0.9086379717053075,0.40153867891453865,6.97433943232362e-21,OFFLOADED,1.0,No,1.0,1.0,1.0,True,False
2791,0.6850832104682922,0.3094160928774691,0.44996957679618943,8.76151957381033e-18,OFFLOADED,1.0,No,1.0,1.0,1.0,False,False
2792,0.2965754568576813,9.250294954589182e-24,0.8109136995937323,0.24634656797461799,OFFLOADED,1.0,No,1.0,0.0,0.0,False,False
2793,0.3876344561576843,2.0339415789964357e-10,0.45970424648265623,3.0778867465103935e-17,OFFLOADED,1.0,No,1.0,1.0,1.0,False,False
2794,0.26781511306762695,1.1680548065410468e-34,0.7123454683442877,0.003684501943323552,OFFLOADED,1.0,No,1.0,0.0,0.0,False,False
2795,0.26548099517822266,8.360603840576013e-36,0.6269392225898648,7.055822175509777e-07,OFFLOADED,1.0,No,1.0,1.0,1.0,False,False
2796,0.3663986623287201,2.204374239767437e-12,0.5760698378771116,3.0761456120938084e-09,OFFLOADED,1.0,No,1.0,1.0,1.0,False,False
2797,0.8698698282241821,0.9966484473281445,0.9274476217516427,0.9996635573015953,ACCEPTED,0.0,Yes,0.0,0.0,0.0,True,True
2798,0.6124804615974426,0.030406156586623156,0.6480680106549771,8.116094944832495e-06,OFFLOADED,1.0,No,1.0,1.0,1.0,False,False
2799,0.30992591381073,6.602465857487266e-20,0.7974946621558278,0.16057045114088525,OFFLOADED,1.0,No,0.0,1.0,1.0,False,True
2800,0.5254048705101013,0.00037158879445492736,0.5910846893010644,1.5920155376829357e-08,OFFLOADED,0.0,Yes,0.0,0.0,0.0,False,False
2801,0.3948410153388977,7.202701367792024e-10,0.745230704757138,0.030064486112723773,OFFLOADED,1.0,No,1.0,1.0,1.0,False,False
2802,0.3300504684448242,4.519123309053674e-16,0.5145963513752485,1.3242766548794655e-13,OFFLOADED,1.0,No,1.0,1.0,0.0,False,False
2803,0.31089305877685547,1.0596390254057324e-19,0.27852474673099936,4.0204957254618715e-29,OFFLOADED,1.0,No,1.0,1.0,1.0,False,False
2804,0.36790183186531067,2.772515377495151e-12,0.7283883848457908,0.013122528644506274,OFFLOADED,1.0,No,1.0,1.0,0.0,False,False
2805,0.5249148011207581,0.00038274790018677854,0.71895964788615,0.0059853837973505766,OFFLOADED,1.0,No,1.0,0.0,0.0,False,False
2806,0.818925678730011,0.9505187919943484,0.8849677439060967,0.9811739101571171,ACCEPTED,1.0,No,1.0,1.0,1.0,True,True
2807,0.30297693610191345,7.231959995853207e-22,0.752474913390354,0.036078214708494795,OFFLOADED,1.0,No,1.0,1.0,1.0,False,False
2808,0.559607744216919,0.0024495004835819118,0.37465852167249214,5.407497441254066e-23,OFFLOADED,1.0,No,1.0,1.0,1.0,False,False
2809,0.9047797918319702,0.9996234353311018,0.6646835087617994,3.51815454972543e-05,OFFLOADED,1.0,No,1.0,1.0,1.0,True,False
2810,0.8488693833351135,0.9849943321321427,0.9747813577135929,0.999999299252579,ACCEPTED,1.0,No,1.0,1.0,0.0,True,True
2811,0.34651419520378113,1.990221947772969e-14,0.4810386876994436,5.749943153954406e-16,OFFLOADED,1.0,No,1.0,1.0,1.0,False,False
2812,0.3020232319831848,3.093116602688703e-22,0.3112347138975187,1.3193961008638096e-27,OFFLOADED,1.0,No,1.0,1.0,1.0,False,False
2813,0.262924462556839,2.355652359350023e-37,0.8840694970977306,0.9779654356201046,OFFLOADED,1.0,No,1.0,0.0,0.0,False,True
2814,0.25485774874687195,2.6704195799374168e-43,0.32479569940854536,1.2739844140994157e-26,OFFLOADED,1.0,No,1.0,1.0,1.0,False,False
2815,0.6369372010231018,0.07984706729303744,0.95045761507881,0.9999779413797514,OFFLOADED,0.0,Yes,0.0,0.0,0.0,False,True
2816,0.37553778290748596,1.2042776100089072e-11,0.37529327251769556,5.003259100668223e-23,OFFLOADED,1.0,No,1.0,1.0,1.0,False,False
2817,0.2823620140552521,7.95435007724998e-29,0.9102836152516932,0.9975254466259682,OFFLOADED,1.0,No,1.0,0.0,0.0,False,True
2818,0.27492839097976685,9.236152759271795e-32,0.6789943777850941,0.00021663084370135503,OFFLOADED,1.0,No,1.0,1.0,1.0,False,False
2819,0.3449164927005768,1.442570472588091e-14,0.16009329362614885,3.447032216425537e-33,OFFLOADED,1.0,No,1.0,1.0,1.0,False,False
2820,0.3950771391391754,6.663605546718183e-10,0.8664137215854542,0.9133175272889037,OFFLOADED,1.0,No,0.0,1.0,0.0,False,True
2821,0.3489268124103546,2.583132787635532e-14,0.6554689381053748,1.2764562748576168e-05,OFFLOADED,1.0,No,1.0,1.0,1.0,False,False
2822,0.30209556221961975,2.5756076829648026e-22,0.6814043640252404,0.0002636058021662091,OFFLOADED,0.0,Yes,0.0,0.0,0.0,False,False
2823,0.2646186053752899,1.2633931203192973e-36,0.40914261428603654,1.1817520729907397e-20,OFFLOADED,1.0,No,1.0,1.0,1.0,False,False
2824,0.3037124276161194,8.436877493256588e-22,0.46649805227032154,5.293066038881637e-17,OFFLOADED,1.0,No,1.0,1.0,1.0,False,False
2825,0.8202510476112366,0.9487078564505554,0.8935154300051554,0.9916920522115371,ACCEPTED,0.0,Yes,0.0,0.0,0.0,True,True
2826,0.8170886635780334,0.9472814318830995,0.5364418850922111,3.778598301903839e-12,OFFLOADED,1.0,No,1.0,1.0,1.0,False,False
2827,0.34923332929611206,2.6090551854726822e-14,0.6215865831705807,2.513860972187902e-07,OFFLOADED,1.0,No,1.0,1.0,1.0,False,False
2828,0.5074765682220459,0.00016008878888112185,0.8432728642359194,0.6485351747099382,OFFLOADED,0.0,Yes,0.0,0.0,0.0,False,True
2829,0.2658933103084564,4.642249979007429e-36,0.9457429443476328,0.9999675643426447,OFFLOADED,1.0,No,1.0,0.0,0.0,False,True
2830,0.2818121314048767,3.8629059233792343e-29,0.535825006235778,3.1049485058466228e-12,OFFLOADED,1.0,No,0.0,0.0,1.0,False,False
2831,0.2761603891849518,1.7235600102639524e-31,0.6406423597035994,2.669478023659038e-06,OFFLOADED,1.0,No,1.0,1.0,1.0,False,False
2832,0.26865652203559875,1.1812899121549897e-34,0.711202327512336,0.002984201788929943,OFFLOADED,1.0,No,0.0,0.0,1.0,False,False
2833,0.2569480538368225,1.0781177422834039e-41,0.5450735593829389,1.527992464966316e-11,OFFLOADED,1.0,No,1.0,1.0,1.0,False,False
2834,0.3060222566127777,3.550174311407026e-21,0.7326489886377671,0.01564738616701172,OFFLOADED,1.0,No,1.0,1.0,0.0,False,False
2835,0.6127349138259888,0.030378121595799848,0.6363701130160677,1.46235267531073e-06,OFFLOADED,0.0,Yes,0.0,0.0,0.0,False,False
2836,0.2505924105644226,1.0335197477161656e-45,0.4149961423887199,2.1138488734076195e-20,OFFLOADED,1.0,No,1.0,1.0,1.0,False,False
2837,0.47683700919151306,1.7692739028465543e-05,0.5399306466010152,6.054352341197146e-12,OFFLOADED,1.0,No,1.0,1.0,0.0,False,False
2838,0.9384981393814087,0.9998795729792699,0.7861062735261481,0.09672978356514222,OFFLOADED,1.0,No,1.0,1.0,1.0,True,False
2839,0.29048773646354675,5.857555404829468e-26,0.3870819541373618,2.2681269600133303e-22,OFFLOADED,1.0,No,1.0,1.0,1.0,False,False
2840,0.5247215628623962,0.0003836472413784632,0.769697045394876,0.053273303622202554,OFFLOADED,1.0,No,1.0,0.0,0.0,False,True
2841,0.26123327016830444,1.1111451676367807e-38,0.6935351854241653,0.0007918001734485678,OFFLOADED,1.0,No,1.0,1.0,1.0,False,False
2842,0.874474823474884,0.9973969699586033,0.952138226868112,0.9999850920903984,ACCEPTED,0.0,Yes,0.0,0.0,0.0,True,True
2843,0.26454591751098633,6.831282825388522e-37,0.4831590821853058,5.6840014765058e-16,OFFLOADED,1.0,No,1.0,1.0,1.0,False,False
2844,0.3257528841495514,3.7835869524093867e-17,0.5569502364792401,9.47600376321975e-11,OFFLOADED,1.0,No,1.0,0.0,0.0,False,False
2845,0.2581138610839844,5.470630692601241e-41,0.48343803335411684,5.936867988035064e-16,OFFLOADED,1.0,No,1.0,1.0,1.0,False,False
2846,0.33471447229385376,1.3289253974379546e-15,0.82365437074609,0.4078226650760056,OFFLOADED,1.0,No,1.0,1.0,1.0,False,False
2847,0.253255695104599,4.9368289280458253e-45,0.4426466260923119,1.2753584649918011e-18,OFFLOADED,1.0,No,1.0,1.0,1.0,False,False
2848,0.8367180228233337,0.9695825521190101,0.9827891122469699,0.9999999058573064,ACCEPTED,0.0,Yes,0.0,0.0,0.0,True,True
2849,0.29495924711227417,1.1827054470758358e-24,0.30330589491453924,1.7725034123468397e-28,OFFLOADED,1.0,No,1.0,1.0,1.0,False,False
2850,0.258737176656723,1.1384166847085234e-40,0.5588331012168869,1.3704579353887263e-10,OFFLOADED,1.0,No,1.0,1.0,1.0,False,False
2851,0.506182849407196,0.00015761430685855697,0.5921911911785509,1.3248220312861364e-08,OFFLOADED,1.0,No,1.0,1.0,1.0,False,False
2852,0.26022177934646606,1.1177147133568634e-39,0.3593818044484162,1.5113024431193766e-24,OFFLOADED,1.0,No,1.0,1.0,0.0,False,False
2853,0.37901774048805237,2.242901235222801e-11,0.7509564682778295,0.03123191422494349,OFFLOADED,1.0,No,1.0,1.0,1.0,False,False
2854,0.8907907009124756,0.999079892267921,0.6108533849301854,7.623816089571362e-08,OFFLOADED,1.0,No,1.0,1.0,1.0,True,False
2855,0.3580942153930664,2.1177619113197996e-13,0.5763237796286467,1.6750808822159908e-09,OFFLOADED,1.0,No,1.0,0.0,0.0,False,False
2856,0.0,0.0,0.7902153731380328,0.10580774459839597,OFFLOADED,0.0,Yes,0.0,0.0,0.0,False,False
2857,0.4156494736671448,2.010669138187065e-08,0.8683410042292391,0.921671477705064,OFFLOADED,1.0,No,1.0,1.0,1.0,False,True
2858,0.4488298296928406,1.0655555617482264e-06,0.411641631725227,8.660002745743648e-21,OFFLOADED,1.0,No,1.0,1.0,1.0,False,False
2859,0.8923914432525635,0.999114319400106,1.0,1.0,ACCEPTED,0.0,Yes,0.0,0.0,0.0,True,True
2860,0.2546326220035553,3.47770621485495e-44,0.3579221785543506,1.054978152852714e-24,OFFLOADED,1.0,No,1.0,1.0,1.0,False,False
2861,0.5080879330635071,0.00016460454482950836,0.7923704678666327,0.12227022397167811,OFFLOADED,0.0,Yes,0.0,0.0,0.0,False,True
2862,0.2576534152030945,1.533722784781337e-41,0.8014366439874927,0.17653062043738643,OFFLOADED,1.0,No,1.0,0.0,0.0,False,False
2863,0.3123548924922943,9.535074757505881e-20,0.6806532975498645,0.00026078228602117185,OFFLOADED,1.0,No,1.0,0.0,0.0,False,False
2864,0.2648361623287201,5.8764789719654416e-37,0.970828010510675,0.9999989449070122,OFFLOADED,1.0,No,1.0,0.0,0.0,False,True
2865,0.2527698874473572,1.0773446389217332e-45,0.3555544794374234,8.104484693214669e-25,OFFLOADED,1.0,No,1.0,1.0,1.0,False,False
2866,0.2597758173942566,3.788551826663913e-40,0.24549320137805886,2.257605997110821e-31,OFFLOADED,1.0,No,1.0,1.0,1.0,False,False
2867,0.25627291202545166,7.818797971765779e-43,0.3227182963087672,3.368065291585044e-27,OFFLOADED,1.0,No,1.0,1.0,1.0,False,False
2868,0.28291720151901245,5.787813672882717e-29,0.44201268038837443,1.1426433602021841e-18,OFFLOADED,1.0,No,0.0,1.0,1.0,False,False
2869,0.8319326043128967,0.9656107858594575,0.9283757067694853,0.9997303539626384,ACCEPTED,0.0,Yes,0.0,0.0,0.0,True,True
2870,0.36395689845085144,7.63595258447802e-13,1.0,1.0,OFFLOADED,1.0,No,1.0,0.0,0.0,False,True
2871,0.6305554509162903,0.06822195518551723,0.7777660116608625,0.07658994156960018,OFFLOADED,0.0,Yes,0.0,0.0,0.0,False,False
2872,0.2943550944328308,5.576188774898474e-25,0.4874749622043313,1.0926851923237765e-15,OFFLOADED,1.0,No,1.0,1.0,1.0,False,False
2873,0.8144962191581726,0.9443294602033541,0.9659618096500072,0.9999979559421586,ACCEPTED,0.0,Yes,0.0,0.0,0.0,True,True
2874,0.2957928478717804,1.372024635351086e-24,0.6361299112044689,1.6739972683767726e-06,OFFLOADED,1.0,No,1.0,1.0,1.0,False,False
2875,0.5143795013427734,0.00023994799484019662,0.5196671893852598,2.1242918676559793e-13,OFFLOADED,1.0,No,1.0,1.0,1.0,False,False
2876,0.0,0.0,0.8753303432196125,0.9516621491293976,OFFLOADED,0.0,Yes,0.0,0.0,0.0,False,True
2877,0.30583956837654114,1.7869782345921393e-21,0.40520056314140773,3.2192658143379403e-21,OFFLOADED,1.0,No,1.0,1.0,1.0,False,False
2878,0.616599977016449,0.04018099610138126,0.619744569108706,2.0044915345622438e-07,OFFLOADED,1.0,No,1.0,1.0,1.0,False,False
2879,0.9529621005058289,0.9999340119905346,0.7998863369807887,0.17922255989897468,OFFLOADED,0.0,Yes,0.0,0.0,0.0,True,False
2880,0.3723420798778534,4.564122279311548e-12,0.4448356739485279,1.4198575489216668e-18,OFFLOADED,1.0,No,1.0,1.0,1.0,False,False
2881,0.2526380717754364,4.683895710134998e-46,0.66956352661208,6.971074294717978e-05,OFFLOADED,1.0,No,1.0,1.0,1.0,False,False
2882,0.300454705953598,3.3499223344925504e-23,0.41378868337875213,9.254367413692771e-21,OFFLOADED,1.0,No,1.0,1.0,1.0,False,False
2883,0.32500967383384705,1.604940771734574e-17,0.4993108458068433,7.44783043255165e-15,OFFLOADED,1.0,No,1.0,1.0,1.0,False,False
2884,0.2687831521034241,4.201633584468906e-35,0.7981278459295446,0.176934222408999,OFFLOADED,1.0,No,0.0,0.0,1.0,False,False
2885,0.31600838899612427,4.35891453388032e-19,0.2941747722015683,2.9889984952092045e-29,OFFLOADED,1.0,No,1.0,1.0,1.0,False,False
2886,0.0,0.0,0.642272930881526,3.564496364143205e-06,OFFLOADED,0.0,Yes,0.0,0.0,0.0,False,False
2887,0.2604975402355194,7.096479717769108e-40,0.9479366419626007,0.9999788117054139,OFFLOADED,1.0,No,0.0,1.0,1.0,False,True
2888,0.28470316529273987,1.3595149816209274e-28,0.3692048732028132,6.366171448846257e-24,OFFLOADED,1.0,No,1.0,1.0,1.0,False,False
2889,0.6817985773086548,0.2773375587658576,0.4998327959866032,8.712989954964682e-15,OFFLOADED,1.0,No,1.0,1.0,1.0,True,False
2890,0.34680649638175964,1.0020321681423826e-14,0.6739892326991421,0.00014011315722326694,OFFLOADED,1.0,No,1.0,1.0,0.0,False,False
2891,0.0,0.0,0.5737326881515549,1.4789982826266892e-09,OFFLOADED,0.0,Yes,0.0,0.0,0.0,False,False
2892,0.2571060359477997,1.8717685384628805e-42,0.5259228094822228,5.753677889646777e-13,OFFLOADED,1.0,No,1.0,1.0,1.0,False,False
2893,0.2543630003929138,6.742906460010485e-45,0.6529511387484637,1.1153305436941176e-05,OFFLOADED,1.0,No,1.0,0.0,0.0,False,False
2894,0.2818729877471924,9.683028855551355e-30,0.7669738492883718,0.06591312983300851,OFFLOADED,1.0,No,1.0,0.0,0.0,False,False
2895,0.28188836574554443,9.271307451260591e-30,0.4580190057729304,9.037488864314446e-18,OFFLOADED,1.0,No,1.0,1.0,1.0,False,False
2896,0.3226756155490875,4.56667875010163e-18,1.0,1.0,OFFLOADED,1.0,No,1.0,1.0,0.0,False,True
2897,0.3302554488182068,1.6471298800675525e-16,0.2608598805545495,5.624291785889649e-31,OFFLOADED,1.0,No,1.0,1.0,0.0,False,False
2898,0.9341960549354553,0.9998846870557643,0.8022909710243514,0.21487059225316166,OFFLOADED,0.0,Yes,0.0,0.0,0.0,True,False
2899,0.8499283194541931,0.9875011870047415,0.8937858361321411,0.9929226860202615,ACCEPTED,0.0,Yes,0.0,0.0,0.0,True,True
2900,0.32985010743141174,1.2727258655573406e-16,0.6003146565054811,3.553163862665114e-08,OFFLOADED,1.0,No,1.0,0.0,0.0,False,False
2901,0.2581004202365875,8.134252522808643e-42,0.1880641036799345,1.8873917624862414e-33,OFFLOADED,1.0,No,1.0,1.0,1.0,False,False
2902,0.2766660749912262,4.741181299050715e-32,0.6598055368584992,2.3422634077693096e-05,OFFLOADED,1.0,No,0.0,1.0,1.0,False,False
2903,0.25839754939079285,1.1909792086891432e-41,0.21843785438575838,1.0108951199457555e-32,OFFLOADED,1.0,No,1.0,1.0,1.0,False,False
2904,0.7016619443893433,0.4151344630448813,0.9618180557957469,0.9999966885328526,OFFLOADED,0.0,Yes,0.0,0.0,0.0,False,True
2905,0.8936823010444641,0.9993665336078286,1.0,1.0,ACCEPTED,0.0,Yes,0.0,0.0,0.0,True,True
2906,0.28374382853507996,4.902119370338479e-29,0.30874242980513233,1.7969870807502595e-28,OFFLOADED,1.0,No,1.0,1.0,1.0,False,False
2907,0.9277596473693848,0.9998835103236109,0.5443158077905292,1.52509866358266e-11,OFFLOADED,1.0,No,1.0,1.0,1.0,True,False
2908,0.25799375772476196,5.638045786634071e-42,0.7087590581351504,0.0031213262446475173,OFFLOADED,1.0,No,1.0,1.0,1.0,False,False
2909,0.2672659754753113,2.9189959081064134e-36,0.3298492135714335,6.812669164033458e-27,OFFLOADED,1.0,No,1.0,1.0,1.0,False,False
2910,0.2601677477359772,1.8807286797453986e-40,0.8672494827874507,0.9194467333684411,OFFLOADED,1.0,No,1.0,0.0,0.0,False,True
2911,0.49373191595077515,7.137861478668856e-05,0.6073287363206475,6.391327412787633e-08,OFFLOADED,0.0,Yes,0.0,0.0,0.0,False,False
2912,0.40671485662460327,4.20519934582145e-09,0.9255531317874862,0.9996827948346918,OFFLOADED,1.0,No,1.0,0.0,0.0,False,True
2913,0.48218777775764465,2.689374533682092e-05,0.9041913830929883,0.9967954760563282,OFFLOADED,0.0,Yes,0.0,0.0,0.0,False,True
2914,0.2501158118247986,4.928570107471998e-47,0.29662814467473236,3.032392141534118e-29,OFFLOADED,1.0,No,1.0,1.0,1.0,False,False
2915,0.2734223008155823,3.124741095326415e-33,0.4631505895730621,1.8080450539195444e-17,OFFLOADED,1.0,No,1.0,1.0,1.0,False,False
2916,0.927463710308075,0.9998754196663113,1.0,1.0,ACCEPTED,0.0,Yes,0.0,0.0,0.0,True,True
2917,0.3846374750137329,7.193331376873345e-11,0.7104370771265607,0.0035381703282630107,OFFLOADED,1.0,No,1.0,1.0,1.0,False,False
2918,0.9253824949264526,0.9998731113723408,0.735089213122359,0.02238067034013213,OFFLOADED,1.0,No,1.0,1.0,1.0,True,False
2919,0.31840652227401733,8.722195710910585e-19,0.7088201853024612,0.0026536845671196406,OFFLOADED,1.0,No,1.0,1.0,1.0,False,False
2920,0.27287113666534424,1.460488423902159e-33,0.3047340676268529,6.430646102324779e-29,OFFLOADED,1.0,No,1.0,1.0,1.0,False,False
2921,0.2632311284542084,2.028340120922292e-38,0.2734340195726389,1.9115083855317033e-30,OFFLOADED,1.0,No,1.0,1.0,1.0,False,False
2922,0.33003050088882446,1.3590305738214476e-16,0.8548233076401915,0.8103949727143285,OFFLOADED,1.0,No,1.0,1.0,0.0,False,True
2923,0.35520806908607483,7.874951240184827e-14,0.6249956946272591,3.3940193443837514e-07,OFFLOADED,1.0,No,0.0,1.0,1.0,False,False
2924,0.2576697766780853,1.882248601998628e-42,0.15560765047750014,2.9212492897537797e-34,OFFLOADED,1.0,No,1.0,1.0,1.0,False,False
2925,0.31479305028915405,1.4989080247972195e-19,0.6521304481405812,8.841451315595702e-06,OFFLOADED,0.0,Yes,0.0,0.0,0.0,False,False
2926,0.7001081109046936,0.41747516805580864,0.7644731603974536,0.06650623410597586,OFFLOADED,0.0,Yes,0.0,0.0,0.0,False,False
2927,0.4840683341026306,3.481011419598325e-05,0.8505042530586059,0.7514315446218234,OFFLOADED,1.0,No,0.0,1.0,1.0,False,True
2928,0.4494444727897644,1.1673733167987432e-06,0.41730859558681704,1.253442879273978e-20,OFFLOADED,1.0,No,1.0,1.0,1.0,False,False
2929,0.9307604432106018,0.9998900279761639,0.8637931034663071,0.8877313998913156,ACCEPTED,0.0,Yes,0.0,0.0,0.0,True,True
2930,0.2820906937122345,7.155891199971178e-30,0.15003197322716724,2.6018549564906418e-34,OFFLOADED,1.0,No,1.0,1.0,1.0,False,False
2931,0.40055015683174133,1.464657527262942e-09,1.0,1.0,OFFLOADED,1.0,No,1.0,1.0,0.0,False,True
2932,0.2964426875114441,7.46279910869963e-25,0.7303052256038062,0.01692349971077779,OFFLOADED,1.0,No,1.0,0.0,0.0,False,False
2933,0.2768756151199341,3.7434381061672107e-32,0.3235424638723911,1.7139286490613976e-27,OFFLOADED,1.0,No,1.0,1.0,1.0,False,False
2934,0.34747132658958435,9.118048266679343e-15,0.45798693578681837,7.327319876768418e-18,OFFLOADED,1.0,No,0.0,1.0,1.0,False,False
2935,0.30103692412376404,2.629501293204341e-23,0.5392040189425494,5.258465031986004e-12,OFFLOADED,1.0,No,1.0,0.0,0.0,False,False
2936,0.5486363172531128,0.0016153880634923754,0.38933479269344257,1.5229884553752324e-22,OFFLOADED,1.0,No,1.0,1.0,1.0,False,False
2937,0.4785619378089905,1.8341353688042398e-05,0.6465074380489969,5.6401052894018846e-06,OFFLOADED,1.0,No,1.0,0.0,0.0,False,False
2938,0.2823190987110138,6.115812093810247e-30,0.9349558655283582,0.9999193008700121,OFFLOADED,1.0,No,1.0,0.0,0.0,False,True
2939,0.278372198343277,1.3881330432438385e-31,0.6437323274833462,4.497557831153431e-06,OFFLOADED,1.0,No,1.0,1.0,1.0,False,False
2940,0.6796430945396423,0.2680471621352475,1.0,1.0,OFFLOADED,0.0,Yes,0.0,0.0,0.0,False,True
2941,0.2867526412010193,3.422407558811127e-28,0.5592232154719033,1.717696385952036e-10,OFFLOADED,1.0,No,1.0,1.0,1.0,False,False
2942,0.9185160994529724,0.9998427283835805,0.8422736811113897,0.6539884544361454,OFFLOADED,1.0,No,1.0,1.0,1.0,True,False
2943,0.26452985405921936,4.316918588573798e-38,0.4987832724079385,6.303653188392166e-15,OFFLOADED,1.0,No,1.0,1.0,1.0,False,False
2944,0.26240718364715576,2.979496438728921e-39,0.9431781905465384,0.9999705084253612,OFFLOADED,1.0,No,1.0,0.0,0.0,False,True
2945,0.3462480306625366,6.342562534944129e-15,0.3960596156490116,3.953935497123659e-22,OFFLOADED,1.0,No,1.0,1.0,1.0,False,False
2946,0.31584879755973816,1.8663350407376674e-19,0.2919411901097175,9.84099687227531e-30,OFFLOADED,1.0,No,1.0,1.0,1.0,False,False
2947,0.31019914150238037,9.47589538382471e-21,0.6151322287250712,1.2737577007152391e-07,OFFLOADED,0.0,Yes,0.0,0.0,0.0,False,False
2948,0.7597053647041321,0.7976754694787387,0.5588612132705911,1.5615310069807447e-10,OFFLOADED,0.0,Yes,0.0,0.0,0.0,True,False
2949,0.2603946030139923,9.087827730588449e-41,0.39746643330803744,5.326175071076571e-22,OFFLOADED,1.0,No,1.0,1.0,1.0,False,False
2950,0.41935834288597107,3.0312313115973386e-08,0.5631332626966805,3.6638934375465176e-10,OFFLOADED,1.0,No,1.0,1.0,1.0,False,False
2951,0.774232804775238,0.8566988955536957,0.9880833734783507,0.9999999846964607,ACCEPTED,0.0,Yes,0.0,0.0,0.0,True,True
2952,0.8698321580886841,0.9976770063784902,0.5384863638218997,4.840720828841394e-12,OFFLOADED,1.0,No,1.0,1.0,1.0,True,False
2953,0.6929482221603394,0.39140577153234046,0.5700846000520235,1.0772463097874922e-09,OFFLOADED,0.0,Yes,0.0,0.0,0.0,True,False
2954,0.2507361173629761,1.242761889492798e-47,0.3864871237725269,6.404070002475074e-23,OFFLOADED,1.0,No,1.0,1.0,1.0,False,False
2955,0.9362282752990723,0.9999162186009869,0.9897298771596547,0.9999999885639025,ACCEPTED,0.0,Yes,0.0,0.0,0.0,True,True
2956,0.2694430351257324,1.8145761007593645e-35,0.810593489977369,0.2772279524258482,OFFLOADED,1.0,No,0.0,1.0,0.0,False,False
2957,0.6224549412727356,0.05526950423742732,0.7770774477741883,0.09081161183784328,OFFLOADED,0.0,Yes,0.0,0.0,0.0,False,False
2958,0.27888229489326477,2.3763765307334924e-31,0.5858682824730834,7.48707792554759e-09,OFFLOADED,1.0,No,0.0,1.0,1.0,False,False
2959,0.7165628671646118,0.5780933498801551,1.0,1.0,OFFLOADED,0.0,Yes,0.0,0.0,0.0,False,True
2960,0.2693067491054535,1.533842118098003e-35,0.30431409951654365,3.8329267686365567e-29,OFFLOADED,1.0,No,1.0,1.0,1.0,False,False
2961,0.27429383993148804,2.6692639500126432e-33,0.7985068472351529,0.19164391183966326,OFFLOADED,1.0,No,1.0,0.0,0.0,False,True
2962,0.8503624796867371,0.9907298162994858,1.0,1.0,ACCEPTED,0.0,Yes,0.0,0.0,0.0,True,True
2963,0.5191273093223572,0.00030524280494234374,0.9201920781962875,0.9992980591990621,OFFLOADED,0.0,Yes,0.0,0.0,0.0,False,True
2964,0.260718435049057,1.7267834801176452e-40,0.7068617950726833,0.0024026082292174763,OFFLOADED,1.0,No,0.0,1.0,1.0,False,False
2965,0.0,0.0,0.46392877826785045,1.6178906971926694e-17,OFFLOADED,0.0,Yes,0.0,0.0,0.0,False,False
2966,0.34148120880126953,3.0889051860183595e-15,0.3401694158158518,1.8956239543190014e-26,OFFLOADED,1.0,No,1.0,1.0,1.0,False,False
2967,0.9085793495178223,0.999801188530868,0.9889213204338267,0.9999999886349038,ACCEPTED,0.0,Yes,0.0,0.0,0.0,True,True
2968,0.27612802386283875,1.1570508404083454e-32,0.5471173001774446,2.1402236454874516e-11,OFFLOADED,1.0,No,1.0,1.0,1.0,False,False
2969,0.4764738082885742,1.742643800268431e-05,0.824274507857122,0.42389495667063753,OFFLOADED,1.0,No,1.0,1.0,1.0,False,True
2970,0.6235311031341553,0.06271111219989722,0.7295911776137014,0.017128660997815393,OFFLOADED,1.0,No,1.0,0.0,0.0,False,False
2971,0.8872182965278625,0.9992553687425036,1.0,1.0,ACCEPTED,0.0,Yes,0.0,0.0,0.0,True,True
2972,0.27218762040138245,2.378874050823823e-34,0.6509376987631422,9.183604448786782e-06,OFFLOADED,1.0,No,1.0,1.0,1.0,False,False
2973,0.5419132709503174,0.0011536556207535223,0.8356676317181724,0.5485019140127548,OFFLOADED,0.0,Yes,0.0,0.0,0.0,False,False
2974,0.8238646388053894,0.9682479871922732,0.848810998870666,0.7152245167112904,ACCEPTED,0.0,Yes,0.0,0.0,0.0,True,True
2975,0.3186315596103668,5.771090326088352e-19,0.565411769565789,5.22958996770871e-10,OFFLOADED,1.0,No,1.0,1.0,1.0,False,False
2976,0.5729418992996216,0.0059669242701500145,0.8222677099886088,0.4096305110321995,OFFLOADED,1.0,No,1.0,1.0,0.0,False,False
2977,0.27235203981399536,2.590642291905498e-34,0.2514408398103976,5.886647914274249e-32,OFFLOADED,1.0,No,1.0,1.0,1.0,False,False
2978,0.4936513900756836,8.553588303296511e-05,0.38099703668804613,1.9617796902797694e-23,OFFLOADED,1.0,No,1.0,1.0,1.0,False,False
2979,0.6888415217399597,0.38160305173788567,0.9852466804547687,0.9999999754072804,OFFLOADED,0.0,Yes,0.0,0.0,0.0,False,True
2980,0.2584390938282013,1.6738381026386374e-42,0.5460671108087005,1.5219167102546215e-11,OFFLOADED,1.0,No,1.0,1.0,1.0,False,False
2981,0.4843546450138092,3.520880134465227e-05,0.3479757174923579,5.760392003365567e-26,OFFLOADED,1.0,No,1.0,1.0,1.0,False,False
2982,0.29904112219810486,3.1832904101781362e-24,0.8002477799144637,0.20656700742534312,OFFLOADED,1.0,No,1.0,1.0,1.0,False,False
2983,0.28852522373199463,1.164783960720528e-27,0.7451962408963106,0.03577843267293426,OFFLOADED,1.0,No,1.0,0.0,0.0,False,False
2984,0.2778209447860718,4.415592232612773e-32,0.580063446712756,3.5857159278731087e-09,OFFLOADED,1.0,No,1.0,1.0,1.0,False,False
2985,0.25724637508392334,1.3911751248434913e-43,0.17688320747843125,2.1541046149311227e-34,OFFLOADED,1.0,No,1.0,1.0,0.0,False,False
2986,0.3201688826084137,8.287852901450374e-19,0.4863701411250661,4.933869286664339e-16,OFFLOADED,1.0,No,0.0,1.0,1.0,False,False
2987,0.30129438638687134,2.069486598939154e-23,0.5044658911873215,1.3377711581379395e-14,OFFLOADED,1.0,No,1.0,1.0,1.0,False,False
2988,0.2873938977718353,3.8525813094884445e-28,0.6928964863838606,0.0008733918955810601,OFFLOADED,1.0,No,1.0,1.0,1.0,False,False
2989,0.264424592256546,1.3214157573128786e-38,0.23423436500496767,7.399440768165368e-33,OFFLOADED,1.0,No,1.0,1.0,1.0,False,False
2990,0.46648991107940674,5.274151150245178e-06,0.897184315215049,0.9949813924251448,OFFLOADED,1.0,No,1.0,1.0,0.0,False,True
2991,0.8419433236122131,0.9860857341671178,0.9165558815678718,0.9989694375364734,ACCEPTED,1.0,No,1.0,1.0,0.0,True,True
2992,0.26697584986686707,2.6350786780249175e-37,0.9838904202560561,0.9999999617743366,OFFLOADED,1.0,No,0.0,1.0,0.0,False,True
2993,0.3386510908603668,1.25809482186071e-15,0.9175662940371735,0.9990107638497445,OFFLOADED,1.0,No,1.0,0.0,0.0,False,True
2994,0.42648380994796753,8.25613514492025e-08,0.6383393725800586,2.006029402629196e-06,OFFLOADED,1.0,No,1.0,1.0,1.0,False,False
2995,0.5323278903961182,0.0006351487371814532,0.6861313761427434,0.0005029037557746514,OFFLOADED,1.0,No,1.0,1.0,1.0,False,False
2996,0.3106801211833954,8.372358959605766e-21,0.8567244491700373,0.816153492034409,OFFLOADED,1.0,No,1.0,0.0,0.0,False,True
2997,0.33094698190689087,9.966320535305644e-17,0.5695567371195883,7.577171538864337e-10,OFFLOADED,1.0,No,1.0,1.0,1.0,False,False
2998,0.30392682552337646,1.07848873651983e-22,0.5567743968381382,7.231947127558384e-11,OFFLOADED,1.0,No,0.0,1.0,1.0,False,False
2999,0.9262691140174866,0.9999097867701857,0.8622282249591904,0.8788385051504544,OFFLOADED,0.0,Yes,0.0,0.0,0.0,True,False
3000,0.8611716628074646,0.9959572604443754,0.8057542652421215,0.23200435534474848,ACCEPTED,1.0,No,1.0,1.0,1.0,True,True
3001,0.2739807665348053,6.417728875545983e-34,0.4634744799471026,7.96200956349662e-18,OFFLOADED,1.0,No,1.0,1.0,1.0,False,False
3002,0.5311334729194641,0.0005584011720631206,0.7221517467368963,0.010541320384879344,OFFLOADED,1.0,No,1.0,1.0,1.0,False,False
3003,0.5981156229972839,0.021230338340984804,0.864128942942751,0.903506994654812,OFFLOADED,1.0,No,1.0,1.0,1.0,False,True
3004,0.5507476925849915,0.0017874549506225724,0.7476094772563051,0.03947990536513054,OFFLOADED,0.0,Yes,0.0,0.0,0.0,False,False
3005,0.8831899762153625,0.9990423251764785,0.9806178983305119,0.9999999193761842,ACCEPTED,0.0,Yes,0.0,0.0,0.0,True,True
3006,0.34587594866752625,3.9839709408263316e-15,0.7285800443232457,0.017053707748739474,OFFLOADED,1.0,No,1.0,1.0,1.0,False,False
3007,0.8885295391082764,0.9993702044084314,0.9546754129559407,0.9999930577368102,ACCEPTED,0.0,Yes,0.0,0.0,0.0,True,True
3008,0.2883121371269226,4.73165696196976e-28,0.5131001525694552,3.210738627559069e-14,OFFLOADED,1.0,No,1.0,1.0,1.0,False,False
3009,0.0,0.0,0.7816100197549352,0.10649742160638895,OFFLOADED,0.0,Yes,0.0,0.0,0.0,False,True
3010,0.5114094018936157,0.00020081813424154465,0.7090458885228728,0.0027044980356727157,OFFLOADED,1.0,No,1.0,0.0,0.0,False,False
3011,0.3034396171569824,5.930261027779339e-23,0.6007715885060562,2.9497468990024953e-08,OFFLOADED,1.0,No,1.0,1.0,1.0,False,False
3012,0.255080908536911,5.136791121014412e-46,0.42489180927652026,1.8180644228788786e-20,OFFLOADED,1.0,No,1.0,1.0,1.0,False,False
3013,0.40665340423583984,2.4525535387291485e-09,0.5802183473236278,2.730341916980076e-09,OFFLOADED,1.0,No,1.0,1.0,0.0,False,False
3014,0.92449551820755,0.9999134161389591,0.8391927092395552,0.610928048411846,ACCEPTED,0.0,Yes,0.0,0.0,0.0,True,True
3015,0.2527126669883728,5.005006193447629e-48,0.3718894309881059,2.0350276673807272e-24,OFFLOADED,1.0,No,1.0,1.0,1.0,False,False
3016,0.9173084497451782,0.9998904678342959,1.0,1.0,ACCEPTED,1.0,No,1.0,1.0,1.0,True,True
3017,0.845573365688324,0.987962077179487,0.7208323191897822,0.009632128211343481,OFFLOADED,1.0,No,1.0,1.0,0.0,True,False
3018,0.28184452652931213,9.541288827882494e-31,0.7783606226772917,0.10361381936200516,OFFLOADED,1.0,No,1.0,1.0,0.0,False,False
3019,0.3325228691101074,1.3870412478286605e-16,0.6764529980999064,0.00015690883167886955,OFFLOADED,1.0,No,1.0,1.0,1.0,False,False
3020,0.8736662864685059,0.9983426787385307,0.6613161753748908,1.8136199381887506e-05,OFFLOADED,1.0,No,1.0,1.0,1.0,True,False
3021,0.37388360500335693,3.0939259717891046e-12,0.6082578008056635,4.677397393286806e-08,OFFLOADED,1.0,No,1.0,0.0,0.0,False,False
3022,0.38540974259376526,4.340180829701815e-11,0.9413735313836423,0.9999691077025855,OFFLOADED,1.0,No,0.0,1.0,1.0,False,True
3023,0.26431214809417725,3.518045064146974e-39,0.3067465357480824,1.5135232895121143e-29,OFFLOADED,1.0,No,1.0,1.0,1.0,False,False
3024,0.2910897135734558,4.2227079993202465e-27,0.32882669881817483,9.072859988117834e-28,OFFLOADED,1.0,No,1.0,1.0,1.0,False,False
3025,0.2688605487346649,1.197372301431788e-36,0.2596569626943787,4.0048512621435975e-32,OFFLOADED,1.0,No,1.0,1.0,1.0,False,False
3026,0.2785537838935852,3.023825836942518e-32,0.31194573564428024,3.637902294038241e-29,OFFLOADED,1.0,No,1.0,1.0,1.0,False,False
3027,0.3282219171524048,1.6544820558462292e-17,0.5817607907881466,2.6542304416483515e-09,OFFLOADED,1.0,No,1.0,1.0,0.0,False,False
3028,0.6757198572158813,0.28432707073619395,0.9415460819819531,0.9999679444690757,OFFLOADED,0.0,Yes,0.0,0.0,0.0,False,True
3029,0.8977629542350769,0.9996500810686703,0.5649960064015442,2.4241431415760586e-10,OFFLOADED,1.0,No,1.0,1.0,1.0,True,False
3030,0.8151929974555969,0.9602248011717135,0.8567127890062414,0.8296993464739021,ACCEPTED,0.0,Yes,0.0,0.0,0.0,True,True
3031,0.2757989168167114,1.5048521584556084e-33,0.4421668620282149,2.1727604642213896e-19,OFFLOADED,1.0,No,1.0,1.0,1.0,False,False
3032,0.2553081214427948,4.235092133675634e-46,0.6840053561043532,0.0003601249762204155,OFFLOADED,1.0,No,1.0,0.0,0.0,False,False
3033,0.4430251121520996,4.984463963509317e-07,0.6067774841211085,4.5256596347806475e-08,OFFLOADED,1.0,No,1.0,1.0,1.0,False,False
3034,0.7213296294212341,0.6407450891077721,0.9670012513771419,0.9999990689131504,ACCEPTED,0.0,Yes,0.0,0.0,0.0,True,True
3035,0.613474428653717,0.04098573449022671,0.7702514295776324,0.08111737414635424,OFFLOADED,0.0,Yes,0.0,0.0,0.0,False,False
3036,0.2726019322872162,6.232034746744358e-35,0.3772972478754094,3.414599049643315e-24,OFFLOADED,1.0,No,1.0,1.0,1.0,False,False
3037,0.5005446672439575,0.00011849976181110016,0.7853445164220867,0.12736111484383333,OFFLOADED,0.0,Yes,0.0,0.0,0.0,False,False
3038,0.38999664783477783,1.252123130819994e-10,0.7977535101982666,0.19567332223648573,OFFLOADED,1.0,No,1.0,0.0,0.0,False,False
3039,0.2779214382171631,1.31368840308791e-32,0.4035911797452386,4.74236583817127e-22,OFFLOADED,1.0,No,1.0,1.0,1.0,False,False
3040,0.25852543115615845,2.5184876255965516e-43,0.3221764886617966,2.020764466202322e-28,OFFLOADED,1.0,No,1.0,1.0,1.0,False,False
3041,0.7425531148910522,0.7744183894172191,0.7239288609031154,0.013588948037494275,OFFLOADED,0.0,Yes,0.0,0.0,0.0,True,False
3042,0.7279296517372131,0.7075093718011495,0.6417746932320055,3.1029850745945185e-06,OFFLOADED,1.0,No,1.0,1.0,1.0,True,False
3043,0.5765296220779419,0.008172620699413243,0.9776221189386521,0.9999998810294596,OFFLOADED,0.0,Yes,0.0,0.0,0.0,False,True
3044,0.0,0.0,0.7236585796132462,0.014066517764157582,OFFLOADED,0.0,Yes,0.0,0.0,0.0,False,False
3045,0.39108020067214966,1.523412627644659e-10,0.7131623196366381,0.0056107815768860975,OFFLOADED,1.0,No,1.0,1.0,1.0,False,False
3046,0.27668067812919617,2.9927366368197207e-33,0.6520915716912176,9.53243365979559e-06,OFFLOADED,0.0,Yes,0.0,0.0,0.0,False,False
3047,0.2651973366737366,8.572140767896128e-39,1.0,1.0,OFFLOADED,1.0,No,1.0,0.0,0.0,False,True
3048,0.2843211889266968,8.754875224497055e-30,0.4551308584956957,1.9224925319031245e-18,OFFLOADED,1.0,No,1.0,1.0,1.0,False,False
3049,0.25584444403648376,1.0464339954173288e-45,0.8122207525022547,0.30027718638581874,OFFLOADED,1.0,No,1.0,0.0,0.0,False,True
3050,0.9086914658546448,0.9998307008462453,0.9607726518142542,0.9999976729154347,ACCEPTED,1.0,No,1.0,1.0,1.0,True,True
3051,0.8722863793373108,0.9982456742433088,0.5810422090521662,2.976986235752087e-09,OFFLOADED,0.0,Yes,0.0,0.0,0.0,True,False
3052,0.29927122592926025,1.3283670697766998e-24,0.6437822315850719,4.079364757758724e-06,OFFLOADED,1.0,No,1.0,0.0,0.0,False,False
3053,0.31222525238990784,1.1605849222091655e-20,0.4511504510866807,1.186353149031224e-18,OFFLOADED,1.0,No,1.0,1.0,0.0,False,False
3054,0.3383110463619232,7.147579778716534e-16,0.8042232393370377,0.2503348881237571,OFFLOADED,1.0,No,0.0,0.0,1.0,False,False
3055,0.34739258885383606,4.303333821631226e-15,0.8928335900751478,0.9938900715565658,OFFLOADED,1.0,No,0.0,0.0,1.0,False,True
3056,0.25777801871299744,4.629629305580314e-44,0.7431603981131742,0.04550443219313508,OFFLOADED,1.0,No,0.0,1.0,1.0,False,False
3057,0.7414287328720093,0.7698749061932272,0.9868625023384224,0.9999999888253025,ACCEPTED,0.0,Yes,0.0,0.0,0.0,True,True
3058,0.2608840763568878,1.5737191491000778e-41,0.32893006705953776,8.179602470270558e-28,OFFLOADED,1.0,No,1.0,1.0,1.0,False,False
3059,0.4346083998680115,2.3122846485738173e-07,0.8519948429857163,0.7935626618861147,OFFLOADED,1.0,No,1.0,1.0,1.0,False,True
3060,0.2966323792934418,1.3467860023008571e-25,0.9315379568200626,0.9998989366160367,OFFLOADED,0.0,Yes,0.0,0.0,0.0,False,True
3061,0.27450332045555115,3.6048283360661542e-34,0.7357218319016029,0.029996252845548035,OFFLOADED,1.0,No,0.0,0.0,1.0,False,False
3062,0.3370237350463867,4.4311506513941676e-16,0.4128141641785416,2.1015421944153547e-21,OFFLOADED,1.0,No,1.0,1.0,1.0,False,False
3063,0.32439613342285156,1.986873564871793e-18,0.5173352466812963,7.922570523610057e-14,OFFLOADED,1.0,No,1.0,1.0,1.0,False,False
3064,0.8083931803703308,0.956721788751265,0.8667994850657622,0.9272376308841074,ACCEPTED,0.0,Yes,0.0,0.0,0.0,True,True
3065,0.6427663564682007,0.14073660431679072,0.6105067911780152,8.989784152273556e-08,OFFLOADED,0.0,Yes,0.0,0.0,0.0,False,False
3066,0.9302072525024414,0.9999336360368554,0.6344856790732025,1.3724184074566174e-06,OFFLOADED,0.0,Yes,0.0,0.0,0.0,True,False
3067,0.8661309480667114,0.9975727533369904,1.0,1.0,ACCEPTED,0.0,Yes,0.0,0.0,0.0,True,True
3068,0.361345112323761,1.761519542625198e-13,1.0,1.0,OFFLOADED,0.0,Yes,0.0,0.0,0.0,False,True
3069,0.272848516702652,5.606695243672734e-35,0.8046500489515348,0.26089612631439496,OFFLOADED,1.0,No,1.0,0.0,0.0,False,False
3070,0.34981194138526917,8.080241364872937e-15,0.5550014794397489,6.019707412250825e-11,OFFLOADED,1.0,No,1.0,1.0,1.0,False,False
3071,0.32488369941711426,2.6038443938194576e-18,0.2809490808995667,5.580186753868043e-31,OFFLOADED,1.0,No,1.0,1.0,1.0,False,False
3072,0.9127207398414612,0.9998820224785101,0.9597383277992694,0.9999975184253859,ACCEPTED,0.0,Yes,0.0,0.0,0.0,True,True
3073,0.53863924741745,0.0011288835722277932,0.6244054602178837,4.050496936773995e-07,OFFLOADED,1.0,No,1.0,1.0,1.0,False,False
3074,0.2576078176498413,2.2069947385626368e-44,0.2250696966557813,8.93542048821114e-34,OFFLOADED,1.0,No,1.0,1.0,1.0,False,False
3075,0.2500547170639038,2.7974828942913027e-49,0.46827691791060216,1.8790957172711748e-17,OFFLOADED,1.0,No,1.0,1.0,1.0,False,False
3076,0.27873465418815613,2.255152343361843e-32,0.5865756333247704,7.595092293196692e-09,OFFLOADED,1.0,No,1.0,1.0,1.0,False,False
3077,0.27024927735328674,2.505107670316996e-36,0.2470304607425962,6.37621930166082e-33,OFFLOADED,1.0,No,1.0,1.0,1.0,False,False
3078,0.6284596920013428,0.08905508201223361,0.4559928878140505,2.0927152386345215e-18,OFFLOADED,1.0,No,1.0,1.0,1.0,False,False
3079,0.28106504678726196,2.1698530553515196e-31,0.8031899268009278,0.26503659365236765,OFFLOADED,1.0,No,1.0,1.0,1.0,False,False
3080,0.48854631185531616,5.2846645191956605e-05,0.7648389589552955,0.09053387306065913,OFFLOADED,0.0,Yes,0.0,0.0,0.0,False,False
3081,0.2560631036758423,6.66972237615559e-46,0.4710620401792688,2.950234343923063e-17,OFFLOADED,1.0,No,1.0,1.0,1.0,False,False
3082,0.34368255734443665,1.9055121099307346e-15,0.3583593223639311,9.73759474228439e-26,OFFLOADED,1.0,No,1.0,1.0,1.0,False,False
3083,0.8741673827171326,0.998779392935049,1.0,1.0,ACCEPTED,0.0,Yes,0.0,0.0,0.0,True,True
3084,0.8549304008483887,0.9947631015074679,1.0,1.0,ACCEPTED,0.0,Yes,0.0,0.0,0.0,True,True
3085,0.6439865827560425,0.1491214473788763,0.9551619741716791,0.9999954460232882,OFFLOADED,0.0,Yes,0.0,0.0,0.0,False,True
3086,0.3363942801952362,3.503153833711667e-16,0.9545305630683498,0.9999952308002303,OFFLOADED,0.0,Yes,0.0,0.0,0.0,False,True
3087,0.746319055557251,0.8047575880705464,0.9183910663300265,0.9993397270311987,ACCEPTED,1.0,No,1.0,1.0,0.0,True,True
3088,0.939369261264801,0.9999625453442264,0.8128239950577139,0.32909767955530206,OFFLOADED,0.0,Yes,0.0,0.0,0.0,True,False
3089,0.0,0.0,0.5734202196448311,1.4406284504996826e-09,OFFLOADED,0.0,Yes,0.0,0.0,0.0,False,False
3090,0.2861955165863037,2.819530484196034e-29,0.8680869540820609,0.9384989233257608,OFFLOADED,1.0,No,1.0,1.0,1.0,False,True
3091,0.4402579367160797,4.3896403197879905e-07,0.5681727243544872,6.888280665575144e-10,OFFLOADED,1.0,No,1.0,1.0,1.0,False,False
3092,0.3124820291996002,8.801091045818679e-21,0.7719041025653508,0.11563612443060632,OFFLOADED,1.0,No,1.0,1.0,1.0,False,False
3093,0.3596944212913513,1.1594102823406697e-13,0.7501838614212287,0.05959888449626068,OFFLOADED,0.0,Yes,0.0,0.0,0.0,False,False
3094,0.3757830560207367,4.154229200324324e-12,0.5398258441750478,3.642925504051194e-12,OFFLOADED,1.0,No,1.0,1.0,1.0,False,False
3095,0.28166425228118896,3.2054734512878954e-31,0.25097898760521614,7.55438097582271e-33,OFFLOADED,1.0,No,1.0,1.0,1.0,False,False
3096,0.2626786530017853,1.2320200604812641e-40,0.5026704178972357,6.4599534149027884e-15,OFFLOADED,1.0,No,1.0,0.0,0.0,False,False
3097,0.37690070271492004,5.271560316826566e-12,0.5866948728505572,7.673547184963633e-09,OFFLOADED,1.0,No,0.0,1.0,1.0,False,False
3098,0.7101850509643555,0.5802364705723795,0.47566673460191805,5.790722855433346e-17,OFFLOADED,1.0,No,1.0,1.0,1.0,True,False
3099,0.8985268473625183,0.9997606075438805,0.8541046244585647,0.8152376062690406,OFFLOADED,1.0,No,1.0,1.0,1.0,True,False
3100,0.2671829164028168,3.243177306852602e-38,0.6940011594131438,0.0011832913305563568,OFFLOADED,1.0,No,1.0,1.0,1.0,False,False
3101,0.32193857431411743,5.054746303890947e-19,0.6504264077165236,9.445725721505207e-06,OFFLOADED,1.0,No,1.0,1.0,1.0,False,False
3102,0.2503228485584259,1.3361590825212704e-49,0.5234073507758399,1.6946800151286865e-13,OFFLOADED,1.0,No,1.0,1.0,0.0,False,False
3103,0.9278693795204163,0.9999407461409845,0.7403174399589245,0.04284475108858838,OFFLOADED,1.0,No,1.0,1.0,0.0,True,False
3104,0.2606033980846405,3.10138681276691e-42,0.5263098679282348,2.5892068816550216e-13,OFFLOADED,1.0,No,0.0,1.0,1.0,False,False
3105,0.5608141422271729,0.0035024831865210896,0.5984250629866472,2.5037745096078752e-08,OFFLOADED,1.0,No,1.0,1.0,1.0,False,False
3106,0.3964962661266327,3.8819623681304114e-10,0.784534752100752,0.1520710074823621,OFFLOADED,0.0,Yes,0.0,0.0,0.0,False,False
3107,0.8965631723403931,0.9997079585980716,0.8609680708736384,0.8752690595156215,ACCEPTED,0.0,Yes,0.0,0.0,0.0,True,True
3108,0.25063076615333557,1.1959156150752842e-49,0.1776997411772929,2.1914772575620522e-35,OFFLOADED,1.0,No,1.0,1.0,1.0,False,False
3109,0.261385440826416,1.5589987995211692e-41,0.8240956153505996,0.4593814505001692,OFFLOADED,1.0,No,1.0,1.0,1.0,False,True
3110,0.9214738607406616,0.9999224628525751,0.8767280445421313,0.9660078640947276,ACCEPTED,0.0,Yes,0.0,0.0,0.0,True,True
3111,0.2604663372039795,1.9380181765299453e-42,0.3031635903781289,2.989432054613478e-30,OFFLOADED,1.0,No,1.0,1.0,1.0,False,False
3112,0.27521252632141113,3.5335619212592197e-34,0.6068968186935302,5.846226487464622e-08,OFFLOADED,1.0,No,1.0,1.0,1.0,False,False
3113,0.3051738142967224,8.533847878658233e-23,0.7814092507122622,0.14315870945385725,OFFLOADED,1.0,No,1.0,1.0,0.0,False,False
3114,0.2848609387874603,6.226196805985279e-30,0.6678233876674556,5.092091512790365e-05,OFFLOADED,1.0,No,1.0,1.0,1.0,False,False
3115,0.5578790903091431,0.002898732474135309,0.6773871875929274,0.00022247294210016354,OFFLOADED,1.0,No,1.0,1.0,1.0,False,False
3116,0.2520338296890259,1.1429192413967916e-49,0.9097724546063872,0.9983568067837261,OFFLOADED,1.0,No,1.0,0.0,0.0,False,True
3117,0.8052933812141418,0.9521810846649489,0.8095225992919957,0.29544371497550953,OFFLOADED,0.0,Yes,0.0,0.0,0.0,True,False
3118,0.5771759152412415,0.008875191902332841,0.41484140333019637,1.1833523461545474e-21,OFFLOADED,1.0,No,1.0,1.0,1.0,False,False
3119,0.252536803483963,1.9819609217313863e-49,0.6484752231771123,6.1530446686932635e-06,OFFLOADED,1.0,No,1.0,1.0,0.0,False,False
3120,0.26052504777908325,1.5978440043451532e-42,0.34661764904317305,5.472598006061808e-27,OFFLOADED,1.0,No,1.0,1.0,1.0,False,False
3121,0.28394943475723267,2.489316410008899e-30,0.5083721987016164,8.455582147899347e-15,OFFLOADED,1.0,No,1.0,1.0,1.0,False,False
3122,0.2761631906032562,5.551564979460122e-34,0.5467757005039992,7.43046392688354e-12,OFFLOADED,1.0,No,1.0,1.0,1.0,False,False
3123,0.9528079628944397,0.9999772784864831,1.0,1.0,ACCEPTED,0.0,Yes,0.0,0.0,0.0,True,True
3124,0.2706104815006256,1.6052242955085663e-36,0.4678868717578488,6.7941789123307174e-18,OFFLOADED,1.0,No,1.0,1.0,1.0,False,False
3125,0.8695181012153625,0.9983973017297463,0.7133316380436361,0.005988238027387446,OFFLOADED,1.0,No,1.0,1.0,1.0,True,False
3126,0.3298327624797821,2.2821031177457244e-17,0.6548741184980367,1.1297258815473133e-05,OFFLOADED,1.0,No,1.0,1.0,1.0,False,False
3127,0.3145841658115387,1.884848060113642e-20,0.312564523942841,8.216025353307065e-30,OFFLOADED,1.0,No,1.0,1.0,1.0,False,False
3128,0.748801052570343,0.7991192688354302,1.0,1.0,ACCEPTED,0.0,Yes,0.0,0.0,0.0,True,True
3129,0.25719165802001953,2.1626431794889716e-45,0.2819018577049875,1.2953968581998957e-31,OFFLOADED,1.0,No,1.0,1.0,1.0,False,False
3130,0.2805675268173218,6.703385911216306e-32,0.8279244599163005,0.4919300842484788,OFFLOADED,1.0,No,1.0,1.0,0.0,False,False
3131,0.2565816044807434,5.3980806029738184e-46,0.10397004448526455,1.9802540650176316e-36,OFFLOADED,1.0,No,1.0,1.0,1.0,False,False
3132,0.2822258770465851,3.216251419881207e-31,0.4243665726277936,4.239517603342957e-21,OFFLOADED,1.0,No,1.0,1.0,1.0,False,False
3133,0.9104093313217163,0.9998920548516955,0.7593696439545029,0.07959729177164253,OFFLOADED,0.0,Yes,0.0,0.0,0.0,True,False
3134,0.536162257194519,0.0007285919566101988,0.9753532820981872,0.9999998446074498,OFFLOADED,1.0,No,1.0,0.0,0.0,False,True
3135,0.5849020481109619,0.013069288950348935,0.6367698267141444,1.3317002175679493e-06,OFFLOADED,0.0,Yes,0.0,0.0,0.0,False,False
3136,0.26269659399986267,4.855968574756255e-41,0.7118728872798509,0.004904310496810661,OFFLOADED,1.0,No,1.0,0.0,0.0,False,False
3137,0.7800621390342712,0.9021055441207673,0.8436297811533122,0.6854674704738701,ACCEPTED,1.0,No,1.0,1.0,0.0,True,True
3138,0.2927991449832916,5.8905409322627214e-27,0.3022350111344761,1.2946230453989295e-30,OFFLOADED,1.0,No,1.0,1.0,1.0,False,False
3139,0.2756079435348511,2.483415702410312e-34,0.27506639860102244,5.428709317678203e-32,OFFLOADED,1.0,No,1.0,1.0,1.0,False,False
3140,0.3069758117198944,2.0182685445123613e-22,0.3742111616131908,6.681422743736487e-25,OFFLOADED,1.0,No,1.0,1.0,1.0,False,False
3141,0.25271734595298767,1.259167204129586e-49,0.11509618670835975,1.9706124148191094e-36,OFFLOADED,1.0,No,1.0,1.0,1.0,False,False
3142,0.2566209137439728,4.211798126088303e-46,0.8619548789567596,0.8836986954098875,OFFLOADED,1.0,No,1.0,0.0,1.0,False,True
3143,0.25327709317207336,3.716854638146624e-49,0.4990231390237785,1.5607087697017314e-15,OFFLOADED,1.0,No,0.0,1.0,1.0,False,False
3144,0.6388692855834961,0.12751540848671905,0.6570134008502476,1.3818097256658726e-05,OFFLOADED,0.0,Yes,0.0,0.0,0.0,False,False
3145,0.8833097219467163,0.9993409500222709,1.0,1.0,ACCEPTED,0.0,Yes,0.0,0.0,0.0,True,True
3146,0.7736172676086426,0.8858048468015542,1.0,1.0,ACCEPTED,0.0,Yes,0.0,0.0,0.0,True,True
3147,0.7777410745620728,0.8988230880534379,1.0,1.0,ACCEPTED,0.0,Yes,0.0,0.0,0.0,True,True
3148,0.74888014793396,0.8154590818605028,0.6705203312735746,7.295526579348624e-05,OFFLOADED,1.0,No,1.0,1.0,1.0,True,False
3149,0.358047753572464,6.403585774514048e-14,0.6719781631136811,9.042263036634529e-05,OFFLOADED,1.0,No,1.0,1.0,0.0,False,False
3150,0.2932789623737335,7.424265763213529e-27,0.8528398688584323,0.788276098907148,OFFLOADED,1.0,No,1.0,1.0,0.0,False,True
3151,0.8564313650131226,0.9956485088509294,0.9848516807715914,0.9999999854775063,ACCEPTED,0.0,Yes,0.0,0.0,0.0,True,True
3152,0.8305695652961731,0.981567273338339,0.9194552844587977,0.9993872319982907,ACCEPTED,0.0,Yes,0.0,0.0,0.0,True,True
3153,0.2604755461215973,6.561844364523725e-43,0.14694640902675485,2.7046344808657426e-36,OFFLOADED,1.0,No,1.0,1.0,1.0,False,False
3154,0.2524053156375885,4.975071468952267e-50,0.6040368557085062,3.28093722138413e-08,OFFLOADED,1.0,No,1.0,1.0,1.0,False,False
3155,0.0,0.0,0.6115162586909509,6.981532476692408e-08,OFFLOADED,0.0,Yes,0.0,0.0,0.0,False,False
3156,0.31900742650032043,1.276141796637673e-19,0.5763750421055575,1.2470250124595075e-09,OFFLOADED,1.0,No,1.0,1.0,1.0,False,False
3157,0.2713371217250824,1.947456425317349e-36,0.6588205813668512,1.4840601480146638e-05,OFFLOADED,1.0,No,0.0,1.0,0.0,False,False
3158,0.2503785789012909,1.8433422113727123e-50,0.5263302639660709,1.469486991116366e-13,OFFLOADED,1.0,No,1.0,1.0,1.0,False,False
3159,0.2511540949344635,1.8004554528721426e-50,0.6263137108131761,3.2532177934624023e-07,OFFLOADED,1.0,No,0.0,0.0,1.0,False,False
3160,0.2911100387573242,1.296212525437883e-27,0.4849599780631206,9.227849767251041e-17,OFFLOADED,1.0,No,1.0,1.0,1.0,False,False
3161,0.2567291855812073,3.978773795761643e-46,0.49984245730256893,1.4654001023521662e-15,OFFLOADED,1.0,No,1.0,1.0,1.0,False,False
3162,0.7490348815917969,0.8081070984438847,0.9391560116451999,0.9999689566750153,ACCEPTED,0.0,Yes,0.0,0.0,0.0,True,True
3163,0.4389559030532837,3.140606870255812e-07,0.39326680222663435,1.6802869148233786e-23,OFFLOADED,1.0,No,1.0,1.0,1.0,False,False
3164,0.5502260327339172,0.0020427220351174253,0.7852362146480317,0.15415522937089066,OFFLOADED,0.0,Yes,0.0,0.0,0.0,False,False
3165,0.6793375611305237,0.34302435252138985,0.6815503397421812,0.00036915779800568584,OFFLOADED,0.0,Yes,0.0,0.0,0.0,False,False
3166,0.2778104543685913,1.9792265395909736e-33,0.558365721110171,6.023510451091314e-11,OFFLOADED,1.0,No,1.0,1.0,1.0,False,False
3167,0.2586333155632019,1.8018532165192278e-44,0.4348421630822541,2.2990892576359167e-20,OFFLOADED,1.0,No,1.0,0.0,0.0,False,False
3168,0.2859315276145935,9.395567965314508e-30,1.0,1.0,OFFLOADED,1.0,No,0.0,0.0,1.0,False,True
3169,0.7315824031829834,0.7381223344207974,0.5674982998149998,3.374961310756132e-10,OFFLOADED,1.0,No,1.0,1.0,1.0,True,False
3170,0.43270036578178406,1.5807014746315215e-07,0.7999518673770832,0.24262533947020415,OFFLOADED,1.0,No,0.0,1.0,1.0,False,False
3171,0.2549212574958801,5.0269207368139587e-48,0.3049753695372229,1.173889464167891e-30,OFFLOADED,1.0,No,1.0,1.0,0.0,False,False
3172,0.26225367188453674,1.3632344796807496e-41,0.344044991829184,1.547680801255605e-27,OFFLOADED,1.0,No,1.0,1.0,1.0,False,False
3173,0.2612968683242798,3.141109545232723e-42,0.6979136344972642,0.001381789273993751,OFFLOADED,1.0,No,1.0,0.0,0.0,False,False
3174,0.2977573871612549,1.2616408685042684e-25,0.13456526112136274,1.4722929647022124e-36,OFFLOADED,1.0,No,1.0,1.0,1.0,False,False
3175,0.5625320672988892,0.003828062954464837,0.6041642233347961,3.7397427941997445e-08,OFFLOADED,1.0,No,1.0,1.0,1.0,False,False
3176,0.4100073575973511,4.034533029448899e-09,0.8632838223340309,0.8979898790792397,OFFLOADED,1.0,No,1.0,0.0,0.0,False,True
3177,0.25010380148887634,8.402318190531434e-51,0.3688229836083905,1.7034794996262302e-25,OFFLOADED,1.0,No,1.0,1.0,1.0,False,False
3178,0.27461373805999756,5.524662994734286e-35,0.28438763146086216,8.499940764199379e-32,OFFLOADED,1.0,No,1.0,1.0,1.0,False,False
3179,0.2878412902355194,4.8860932675555355e-29,0.4778300592889288,2.5818770848298945e-17,OFFLOADED,1.0,No,1.0,1.0,1.0,False,False
3180,0.8800240159034729,0.9993572604340161,0.9886201673952792,0.9999999954637719,ACCEPTED,0.0,Yes,0.0,0.0,0.0,True,True
3181,0.8441267013549805,0.9908963152746989,0.8179934864429154,0.3722702924941183,ACCEPTED,0.0,Yes,0.0,0.0,0.0,True,True
3182,0.4051152467727661,1.5509665352266269e-09,0.6947545537314946,0.00124151260658042,OFFLOADED,1.0,No,1.0,1.0,1.0,False,False
3183,0.8846309781074524,0.9995867406726269,0.4812387590789672,4.095991882078759e-17,OFFLOADED,1.0,No,1.0,1.0,1.0,True,False
3184,0.41872701048851013,1.6754144074772878e-08,0.8072307514215055,0.2849047563248814,OFFLOADED,1.0,No,0.0,1.0,1.0,False,False
3185,0.635775625705719,0.12463922554998695,0.9075253368423735,0.9981390795410386,OFFLOADED,0.0,Yes,0.0,0.0,0.0,False,True
3186,0.8071190714836121,0.9626400893782754,0.5293890736913595,2.4699031411781273e-13,OFFLOADED,1.0,No,1.0,1.0,1.0,True,False
3187,0.35860711336135864,5.832476082340493e-14,0.33157389000834764,1.4899816749210275e-28,OFFLOADED,1.0,No,1.0,1.0,1.0,False,False
3188,0.3335520625114441,8.391333552697682e-17,0.38676113585945776,3.377014549766304e-24,OFFLOADED,1.0,No,0.0,1.0,1.0,False,False
3189,0.41292309761047363,6.162961582190694e-09,0.8741594387221747,0.9603701339106288,OFFLOADED,1.0,No,1.0,0.0,0.0,False,True
3190,0.5962468981742859,0.025113122594867355,0.8068707675722482,0.27152527973179996,OFFLOADED,1.0,No,1.0,1.0,1.0,False,False
3191,0.862747848033905,0.9976877433962559,0.7209791329336931,0.0120601722303179,OFFLOADED,1.0,No,1.0,1.0,1.0,True,False
3192,0.2562920153141022,5.042440440578198e-47,0.8925169232056217,0.9946075734580907,OFFLOADED,1.0,No,0.0,1.0,1.0,False,True
3193,0.9112749099731445,0.999916534605847,0.8157656931509525,0.3438004825213074,OFFLOADED,0.0,Yes,0.0,0.0,0.0,True,False
3194,0.6991577744483948,0.5107058720593546,0.5723126389830518,6.159074498232577e-10,OFFLOADED,1.0,No,1.0,1.0,1.0,False,False
3195,0.6208372712135315,0.06649748442087224,0.8489103090046302,0.7345682062340464,OFFLOADED,1.0,No,1.0,1.0,0.0,False,True
3196,0.3521203100681305,7.635792939207108e-15,0.6041789868773441,3.084171945777433e-08,OFFLOADED,0.0,Yes,0.0,0.0,0.0,False,False
3197,0.2900703549385071,2.762316822578689e-28,0.24789296325923438,4.657894524343843e-34,OFFLOADED,1.0,No,1.0,1.0,1.0,False,False
3198,0.2532123327255249,6.922877507832601e-50,0.663987897811814,2.593223817031347e-05,OFFLOADED,1.0,No,1.0,0.0,0.0,False,False
3199,0.2617802023887634,3.2836969074126796e-42,0.4553700366939185,3.931865311468349e-19,OFFLOADED,1.0,No,1.0,1.0,1.0,False,False
3200,0.4659213423728943,4.145311297263188e-06,0.6991778059600436,0.0014275140083022898,OFFLOADED,1.0,No,1.0,1.0,0.0,False,False
3201,0.5632739663124084,0.0034301042808157775,0.4552816352426691,3.4570221530652493e-19,OFFLOADED,1.0,No,1.0,1.0,1.0,False,False
3202,0.2595115602016449,2.877720802471496e-44,0.6755718645182949,0.00014952393038662583,OFFLOADED,1.0,No,1.0,1.0,1.0,False,False
3203,0.43241772055625916,1.0939399616346173e-07,0.5670161836660004,2.318689497945326e-10,OFFLOADED,1.0,No,1.0,1.0,1.0,False,False
3204,0.26512765884399414,2.858987716734613e-40,0.35488519516490036,6.477573639232798e-27,OFFLOADED,1.0,No,1.0,1.0,1.0,False,False
3205,0.2601386606693268,7.183672261986059e-44,0.3170886743152268,5.267344920122145e-30,OFFLOADED,1.0,No,1.0,1.0,1.0,False,False
3206,0.4347405731678009,1.352871280517077e-07,0.8151043357815446,0.3434590983902792,OFFLOADED,1.0,No,1.0,1.0,1.0,False,False
3207,0.2954070568084717,1.433276415346756e-26,0.3766719850840645,3.3107019494709626e-25,OFFLOADED,1.0,No,1.0,1.0,1.0,False,False
3208,0.5910971164703369,0.017528489118066187,0.878018926809234,0.9709279328082552,OFFLOADED,1.0,No,0.0,1.0,1.0,False,False
3209,0.3077056407928467,1.3116004142251319e-22,0.4592295595571907,5.050353540660182e-19,OFFLOADED,1.0,No,1.0,1.0,1.0,False,False
3210,0.33620595932006836,1.3064498872982e-16,0.28040644762754596,1.915491086456105e-32,OFFLOADED,1.0,No,1.0,1.0,1.0,False,False
3211,0.2626417279243469,6.844361157748594e-42,0.2607024035427147,1.1530871758077097e-33,OFFLOADED,1.0,No,1.0,1.0,0.0,False,False
3212,0.3284814953804016,4.990183190811434e-18,0.38983974610003463,4.39778603670566e-24,OFFLOADED,1.0,No,1.0,1.0,1.0,False,False
3213,0.4847157895565033,2.762251831392853e-05,0.6981562930020817,0.0011867224731752321,OFFLOADED,1.0,No,1.0,1.0,1.0,False,False
3214,0.49863818287849426,8.596074546383782e-05,0.7148492278625844,0.006097178968594697,OFFLOADED,1.0,No,1.0,1.0,1.0,False,False
3215,0.3194950819015503,5.370904075711749e-20,0.551548396938151,9.889983735096245e-12,OFFLOADED,1.0,No,0.0,1.0,1.0,False,False
3216,0.9012754559516907,0.9998472802960924,0.6443315679490071,2.5703107765895518e-06,OFFLOADED,0.0,Yes,0.0,0.0,0.0,True,False
3217,0.26188141107559204,1.5866717273323012e-42,0.48072611359188566,2.255485039072713e-17,OFFLOADED,1.0,No,1.0,1.0,1.0,False,False
3218,0.256462961435318,2.3383843616175855e-47,0.41414853242519967,2.3168670438402057e-22,OFFLOADED,1.0,No,0.0,1.0,1.0,False,False
3219,0.5775403380393982,0.008301261659034232,0.6935892514289264,0.0007711186729239812,OFFLOADED,1.0,No,1.0,1.0,1.0,False,False
3220,0.2789624035358429,1.9824447529292574e-33,0.5328217057404964,2.9228940929882635e-13,OFFLOADED,1.0,No,1.0,1.0,1.0,False,False
3221,0.278297483921051,7.56113641572187e-34,0.5031569311384476,1.4477278363347692e-15,OFFLOADED,1.0,No,1.0,1.0,1.0,False,False
3222,0.5187492966651917,0.00021228263061585643,0.18550197684392747,1.1373494695343417e-36,OFFLOADED,1.0,No,1.0,1.0,1.0,False,False
3223,0.269435852766037,3.725788562109188e-38,0.5759420463588758,8.237316477301439e-10,OFFLOADED,1.0,No,0.0,1.0,1.0,False,False
3224,0.26363512873649597,1.5152271981424132e-41,0.7386124340762746,0.03497936601365371,OFFLOADED,1.0,No,1.0,0.0,1.0,False,False
3225,0.33389022946357727,4.289752691673857e-17,0.459856842158005,3.7512478615508204e-19,OFFLOADED,1.0,No,1.0,1.0,1.0,False,False
3226,0.272882342338562,1.7683187603603516e-36,0.8280524129897107,0.458357311029601,OFFLOADED,1.0,No,1.0,0.0,0.0,False,False
3227,0.26914501190185547,2.273000271976372e-38,0.7891243831586368,0.16806146068791208,OFFLOADED,1.0,No,0.0,0.0,1.0,False,False
3228,0.25974297523498535,1.0672862768842854e-44,0.587257817749084,4.025817863785283e-09,OFFLOADED,1.0,No,0.0,1.0,1.0,False,False
3229,0.29843366146087646,6.214738027094977e-26,0.4165683751148743,2.8219960022885863e-22,OFFLOADED,1.0,No,1.0,1.0,1.0,False,False
3230,0.8431226015090942,0.9898991793218802,0.9740203291977384,0.9999998250168805,ACCEPTED,0.0,Yes,0.0,0.0,0.0,True,True
3231,0.2912415564060211,3.146472797442643e-28,0.9615314456377391,0.9999986193645386,OFFLOADED,1.0,No,1.0,1.0,1.0,False,True
3232,0.3215430974960327,1.0117339354692007e-19,0.6057118042098717,3.4841444777690294e-08,OFFLOADED,1.0,No,1.0,1.0,1.0,False,False
3233,0.6340118050575256,0.11308700875735045,0.7838546299052391,0.15281669770804027,OFFLOADED,0.0,Yes,0.0,0.0,0.0,False,False
3234,0.2708040475845337,1.33111467268387e-37,0.24237608793550433,7.37135889219533e-35,OFFLOADED,1.0,No,1.0,1.0,1.0,False,False
3235,0.25515079498291016,5.346630633645279e-49,0.3288198420209015,2.653904356797359e-29,OFFLOADED,1.0,No,1.0,1.0,0.0,False,False
3236,0.36986052989959717,3.995640360219823e-13,0.6118037193461738,7.017673869410703e-08,OFFLOADED,1.0,No,0.0,1.0,0.0,False,False
3237,0.2715498208999634,2.7338969283414045e-37,0.45863058222811753,2.7272977029435527e-19,OFFLOADED,1.0,No,1.0,1.0,1.0,False,False
3238,0.2600562274456024,1.287510186531049e-44,0.44731414892717514,4.5420454515508223e-20,OFFLOADED,1.0,No,0.0,1.0,1.0,False,False
3239,0.7922422289848328,0.930725589562317,0.9478693229461542,0.9999899310548105,ACCEPTED,0.0,Yes,0.0,0.0,0.0,True,True
3240,0.2869406044483185,4.420559151509765e-30,0.2853001035228641,1.487581181059806e-32,OFFLOADED,1.0,No,1.0,1.0,1.0,False,False
3241,0.32204321026802063,1.199641711921295e-19,1.0,1.0,OFFLOADED,1.0,No,1.0,0.0,0.0,False,True
3242,0.0,0.0,1.0,1.0,OFFLOADED,0.0,Yes,0.0,0.0,0.0,False,True
3243,0.259611576795578,5.059420224853446e-45,0.4771602633428506,9.641145185956734e-18,OFFLOADED,1.0,No,1.0,1.0,1.0,False,False
3244,0.9516612887382507,0.9999851273960694,0.77255072075671,0.12078175522864312,OFFLOADED,0.0,Yes,0.0,0.0,0.0,True,False
3245,0.2571290135383606,3.705140176235071e-47,0.7640864825846119,0.10621174564396742,OFFLOADED,1.0,No,1.0,1.0,1.0,False,True
3246,0.342205286026001,4.2764449817596664e-16,0.4589914733944226,2.563777968618435e-19,OFFLOADED,1.0,No,1.0,1.0,1.0,False,False
3247,0.43315428495407104,8.414956454505705e-08,0.7102588138595693,0.0040080536274281105,OFFLOADED,1.0,No,1.0,1.0,1.0,False,False
3248,0.3858502507209778,1.6215683170361636e-11,0.9615586701475795,0.9999986400107996,OFFLOADED,1.0,No,0.0,1.0,0.0,False,True
3249,0.2832725942134857,1.070587415839383e-31,0.6238129393522932,2.171771030920561e-07,OFFLOADED,1.0,No,1.0,1.0,1.0,False,False
3250,0.25009506940841675,3.277476613640021e-52,0.5832130193960279,1.812981880680102e-09,OFFLOADED,1.0,No,1.0,1.0,0.0,False,False
3251,0.3107466697692871,4.483629973603373e-22,0.3890857304843728,1.3107739216689275e-24,OFFLOADED,1.0,No,1.0,1.0,1.0,False,False
3252,0.28183072805404663,1.6376420785447973e-32,0.39828837746750156,7.498758704475734e-24,OFFLOADED,1.0,No,1.0,1.0,1.0,False,False
3253,0.2743770182132721,4.9176929919656264e-36,0.9431496051703259,0.9999832985405144,OFFLOADED,1.0,No,1.0,1.0,0.0,False,True
3254,0.26439452171325684,1.5202645975791777e-41,0.4316263788146363,2.8052137673494972e-21,OFFLOADED,1.0,No,1.0,1.0,1.0,False,False
3255,0.45749977231025696,1.2278604275158353e-06,0.9843826771833232,0.999999986000611,OFFLOADED,0.0,Yes,0.0,0.0,0.0,False,True
3256,0.30554133653640747,1.4948514222652714e-23,0.8168148050487726,0.3730886138978402,OFFLOADED,1.0,No,1.0,0.0,1.0,False,False
3257,0.25014159083366394,2.4485173005309794e-52,0.2962816981292306,3.2075748922868597e-32,OFFLOADED,1.0,No,1.0,1.0,1.0,False,False
3258,0.26562440395355225,8.465414597391916e-41,0.33982955454085634,8.994109578557485e-29,OFFLOADED,1.0,No,1.0,1.0,1.0,False,False
3259,0.2570861279964447,1.9001157450768753e-47,0.18920357052261202,4.697287942783878e-37,OFFLOADED,1.0,No,1.0,1.0,1.0,False,False
3260,0.3577379882335663,1.9671784124553334e-14,0.7196158869643273,0.011436040542024566,OFFLOADED,1.0,No,1.0,1.0,1.0,False,False
3261,0.8048313856124878,0.9590851386374004,0.8210960106192722,0.4295497447260964,OFFLOADED,1.0,No,1.0,1.0,1.0,True,False
3262,0.8987698554992676,0.9998344199504879,0.7642117932000765,0.10060932469377268,OFFLOADED,0.0,Yes,0.0,0.0,0.0,True,False
3263,0.2544375956058502,4.0814419522721166e-50,0.33910786691682926,7.282070834687602e-29,OFFLOADED,1.0,No,1.0,1.0,1.0,False,False
3264,0.8469308614730835,0.9925346906954071,0.9451561659292869,0.9999859487428021,ACCEPTED,0.0,Yes,0.0,0.0,0.0,True,True
3265,0.25008735060691833,1.8245295058540244e-52,0.2639120809839333,3.822309089985815e-34,OFFLOADED,1.0,No,1.0,1.0,1.0,False,False
3266,0.7102479934692383,0.5723105317036088,0.9384535207753154,0.9999693524490205,ACCEPTED,0.0,Yes,0.0,0.0,0.0,True,True
3267,0.278842568397522,7.024755417025286e-34,0.6281176981456255,3.780399786399943e-07,OFFLOADED,1.0,No,0.0,1.0,1.0,False,False
3268,0.32169216871261597,8.234001245146729e-20,0.583733610105975,1.736696843294424e-09,OFFLOADED,1.0,No,1.0,1.0,1.0,False,False
3269,0.30311253666877747,2.233422454792509e-24,0.5642609015827391,7.92804143210352e-11,OFFLOADED,1.0,No,0.0,1.0,1.0,False,False
3270,0.26069507002830505,2.7825911489676683e-44,0.3769997761754158,7.751054333008583e-26,OFFLOADED,1.0,No,1.0,1.0,1.0,False,False
3271,0.29738762974739075,1.4461133808912863e-26,0.6034777222137784,2.1645377735875484e-08,OFFLOADED,1.0,No,1.0,1.0,1.0,False,False
3272,0.7925704717636108,0.9354186878809052,0.825579861877942,0.45786414928985747,OFFLOADED,1.0,No,0.0,0.0,1.0,False,True
3273,0.4899914860725403,4.2476798140734396e-05,0.7371095615222109,0.04159111851167268,OFFLOADED,1.0,No,1.0,1.0,1.0,False,False
3274,0.37408655881881714,8.608351640616823e-13,0.5799552884258546,9.303001168443909e-10,OFFLOADED,1.0,No,1.0,1.0,1.0,False,False
3275,0.2865849435329437,1.5017175766937859e-30,0.773271256053326,0.13063910060177886,OFFLOADED,1.0,No,0.0,1.0,1.0,False,False
3276,0.29990559816360474,1.1995644237307091e-25,0.5882431269348296,2.811906261100233e-09,OFFLOADED,1.0,No,1.0,1.0,1.0,False,False
3277,0.3873582184314728,2.2843297493567455e-11,0.3971462677206881,3.469159778053922e-24,OFFLOADED,1.0,No,1.0,1.0,1.0,False,False
3278,0.33599531650543213,6.413821978526693e-17,0.8878965518838187,0.9905025986993896,OFFLOADED,1.0,No,0.0,1.0,0.0,False,True
3279,0.0,0.0,0.6910412257727058,0.0006411853225322525,OFFLOADED,0.0,Yes,0.0,0.0,0.0,False,False
3280,0.3965246379375458,1.5440800031067745e-10,0.5647471727048846,6.839809878319e-11,OFFLOADED,1.0,No,1.0,1.0,1.0,False,False
3281,0.9548935294151306,0.999987974754853,1.0,1.0,ACCEPTED,0.0,Yes,0.0,0.0,0.0,True,True
3282,0.7163149118423462,0.627621993271657,1.0,1.0,ACCEPTED,0.0,Yes,0.0,0.0,0.0,True,True
3283,0.3752041161060333,9.594290459730452e-13,0.41291891707427475,5.208036289332298e-23,OFFLOADED,1.0,No,1.0,1.0,1.0,False,False
3284,0.25174349546432495,1.0734582346449893e-52,0.7682824378148354,0.11065850602250005,OFFLOADED,1.0,No,0.0,1.0,0.0,False,False
3285,0.25181859731674194,1.064729433969163e-52,0.5803853167972796,8.373754990582724e-10,OFFLOADED,1.0,No,1.0,1.0,1.0,False,False
3286,0.2592032551765442,5.8463115342422115e-46,0.5975622645379097,9.680251439257137e-09,OFFLOADED,1.0,No,1.0,1.0,0.0,False,False
3287,0.857358455657959,0.9967281162854683,0.9135488171602303,0.9989256904590641,ACCEPTED,0.0,Yes,0.0,0.0,0.0,True,True
3288,0.30656710267066956,1.8007713495679994e-23,0.31734134514865614,5.101407243137591e-31,OFFLOADED,1.0,No,1.0,1.0,1.0,False,False
3289,0.9383082389831543,0.9999813266897225,0.6339417101524225,7.497947763404854e-07,OFFLOADED,0.0,Yes,0.0,0.0,0.0,True,False
3290,0.25396421551704407,7.15981649100799e-51,0.2646065220303581,1.8744985638747918e-34,OFFLOADED,1.0,No,1.0,1.0,1.0,False,False
3291,0.26863399147987366,2.0914709324553063e-39,0.13014645858247592,2.721403236358153e-38,OFFLOADED,1.0,No,0.0,1.0,1.0,False,False
3292,0.2879166603088379,4.372900157139628e-30,0.6877882566553304,0.0005075332517082218,OFFLOADED,1.0,No,0.0,1.0,1.0,False,False
3293,0.29212304949760437,2.295629105266356e-28,0.17322097830711108,7.394492696193506e-38,OFFLOADED,1.0,No,1.0,1.0,1.0,False,False
3294,0.9311417937278748,0.9999759137690378,1.0,1.0,ACCEPTED,0.0,Yes,0.0,0.0,0.0,True,True
3295,0.2618575096130371,1.2851913114452838e-43,0.6996694167645042,0.0011557792830058401,OFFLOADED,1.0,No,1.0,1.0,1.0,False,False
3296,0.6819522976875305,0.38157987992326825,0.8307773937240556,0.523931060795559,OFFLOADED,1.0,No,1.0,1.0,1.0,False,True
3297,0.3360997140407562,5.471015126615046e-17,0.5991589143162045,9.951447388458279e-09,OFFLOADED,1.0,No,1.0,1.0,1.0,False,False
3298,0.25824689865112305,6.705603771542589e-47,0.579795300747901,5.936567918445023e-10,OFFLOADED,1.0,No,1.0,0.0,0.0,False,False
3299,0.7520589232444763,0.8262271717221547,0.8328209224141145,0.536993436993164,OFFLOADED,0.0,Yes,0.0,0.0,0.0,True,False
3300,0.36758121848106384,1.5886632184855592e-13,0.40481617598203573,1.0975916687663716e-23,OFFLOADED,1.0,No,1.0,1.0,1.0,False,False
3301,0.8336230516433716,0.9855900843286339,0.7935842774989944,0.2078560016012965,OFFLOADED,1.0,No,1.0,1.0,1.0,True,False
3302,0.5210714936256409,0.00023928393511753903,0.3455879429159247,9.187655585447008e-29,OFFLOADED,1.0,No,1.0,1.0,1.0,False,False
3303,0.4037705659866333,5.372133755541733e-10,0.9107609699231095,0.9986195420047742,OFFLOADED,1.0,No,1.0,0.0,0.0,False,True
3304,0.25956180691719055,6.5807111457244014e-46,0.16646212675726368,4.2634129905934357e-38,OFFLOADED,1.0,No,1.0,1.0,1.0,False,False
3305,0.25454461574554443,1.0753607412415012e-50,0.296059086777368,8.788587364672904e-33,OFFLOADED,1.0,No,1.0,1.0,1.0,False,False
3306,0.269173800945282,3.005869708564938e-39,0.48923363844988116,3.3594597145582026e-17,OFFLOADED,1.0,No,1.0,1.0,1.0,False,False
3307,0.3704606890678406,2.6855977717936004e-13,0.9443803612930816,0.9999870249502552,OFFLOADED,1.0,No,1.0,1.0,1.0,False,True
3308,0.6932001113891602,0.46714001789272575,0.5133875931851597,2.851736002176653e-15,OFFLOADED,1.0,No,1.0,1.0,1.0,True,False
3309,0.8943737745285034,0.9998002078460906,1.0,1.0,ACCEPTED,0.0,Yes,0.0,0.0,0.0,True,True
3310,0.4264412522315979,2.8057755516609584e-08,0.4466642827417862,1.2597129082562494e-20,OFFLOADED,1.0,No,1.0,1.0,1.0,False,False
3311,0.5020138025283813,8.475603511385486e-05,0.7860385207458931,0.15991217852007328,OFFLOADED,1.0,No,1.0,0.0,0.0,False,False
3312,0.2600332200527191,1.1626590709591846e-45,0.2561339632539735,3.3687861139655734e-35,OFFLOADED,1.0,No,1.0,1.0,1.0,False,False
3313,0.25195619463920593,3.562532737053674e-53,0.6906838279956913,0.0005682378150258277,OFFLOADED,0.0,Yes,0.0,0.0,0.0,False,False
3314,0.0,0.0,0.7673787533087927,0.10321811187171531,OFFLOADED,0.0,Yes,0.0,0.0,0.0,False,False
3315,0.45973873138427734,1.30466943095321e-06,0.7922118320817272,0.20381614919152533,OFFLOADED,1.0,No,0.0,0.0,1.0,False,False
3316,0.27544084191322327,3.3456096569165567e-36,0.7417569359205551,0.04904840190266938,OFFLOADED,1.0,No,1.0,1.0,1.0,False,False
3317,0.2837003469467163,3.750822944525517e-32,0.5901879690357754,3.49835872052105e-09,OFFLOADED,1.0,No,1.0,1.0,1.0,False,False
3318,0.6735863089561462,0.3038196355202999,0.7266899425112647,0.020002784994243065,OFFLOADED,1.0,No,1.0,1.0,1.0,False,False
3319,0.33422794938087463,1.6100368972662733e-17,0.4663960539491154,4.3268308606920643e-19,OFFLOADED,1.0,No,1.0,1.0,1.0,False,False
3320,0.8248408436775208,0.9781841784917478,0.5958895672518395,7.060172213857558e-09,OFFLOADED,1.0,No,1.0,1.0,1.0,True,False
3321,0.3715522587299347,2.6153539359275695e-13,0.35318203677688687,3.496033919779642e-28,OFFLOADED,1.0,No,1.0,1.0,1.0,False,False
3322,0.6990017294883728,0.4895767856845484,0.5455727734586775,1.115665877724033e-12,OFFLOADED,1.0,No,1.0,1.0,1.0,False,False
3323,0.8630236387252808,0.9976441200946146,0.8957707550488039,0.99542827314099,ACCEPTED,0.0,Yes,0.0,0.0,0.0,True,True
3324,0.8330808281898499,0.9824193003582586,0.9540344488429452,0.9999963320463202,ACCEPTED,0.0,Yes,0.0,0.0,0.0,True,True
3325,0.5562193989753723,0.0019707016916721415,0.7256782552686043,0.017555104716548996,OFFLOADED,1.0,No,1.0,1.0,1.0,False,False
3326,0.26398786902427673,1.121163543431287e-42,0.41608339445633635,4.568834468324557e-23,OFFLOADED,1.0,No,1.0,1.0,1.0,False,False
3327,0.48665690422058105,2.0970244636814364e-05,0.7379042511655935,0.036582203258783114,OFFLOADED,1.0,No,1.0,1.0,0.0,False,False
3328,0.2628122568130493,2.0333331913479257e-43,0.5982219965889024,7.604394250152399e-09,OFFLOADED,1.0,No,1.0,0.0,1.0,False,False
3329,0.29520946741104126,9.772306442629659e-28,1.0,1.0,OFFLOADED,1.0,No,1.0,0.0,0.0,False,True
3330,0.27420657873153687,5.75665410161409e-37,0.8252731945812012,0.46465374720822117,OFFLOADED,1.0,No,1.0,1.0,0.0,False,True
3331,0.868255615234375,0.9986477391513401,0.6250008787186365,1.7695368778133084e-07,OFFLOADED,0.0,Yes,0.0,0.0,0.0,True,False
3332,0.25704529881477356,1.302428321224128e-48,0.20884747341988422,2.351824285713671e-37,OFFLOADED,1.0,No,1.0,1.0,1.0,False,False
3333,0.8149425387382507,0.9685535853086724,0.9517750443234487,0.99999516129179,ACCEPTED,0.0,Yes,0.0,0.0,0.0,True,True
3334,0.28320783376693726,1.489600106250022e-32,0.5756185843295517,3.2545392905026656e-10,OFFLOADED,1.0,No,0.0,1.0,1.0,False,False
3335,0.2923584282398224,1.059363554922485e-28,0.412670809423762,2.2342352412101846e-23,OFFLOADED,1.0,No,1.0,1.0,1.0,False,False
3336,0.26932457089424133,1.3710860077253144e-39,0.3807766163533061,4.55812713368845e-26,OFFLOADED,1.0,No,1.0,1.0,1.0,False,False
3337,0.8271026015281677,0.9805194848972724,0.9550351400951248,0.9999971285207245,ACCEPTED,0.0,Yes,0.0,0.0,0.0,True,True
3338,0.7424328923225403,0.7844581136127934,0.4336048439404386,1.2592592921171248e-21,OFFLOADED,1.0,No,1.0,1.0,1.0,True,False
3339,0.25643882155418396,2.2163488612163783e-49,0.689737415811078,0.00048124591874535653,OFFLOADED,1.0,No,0.0,1.0,0.0,False,False
3340,0.41437894105911255,2.4942195539150793e-09,0.45696342993473077,4.7862739097246046e-20,OFFLOADED,1.0,No,1.0,1.0,1.0,False,False
3341,0.2542438507080078,1.4386882613036527e-51,0.48328848823107706,7.764034030089877e-18,OFFLOADED,1.0,No,0.0,1.0,1.0,False,False
3342,0.31730085611343384,3.900316732910786e-21,0.46189380873495534,1.137247608590018e-19,OFFLOADED,1.0,No,1.0,1.0,0.0,False,False
3343,0.2802453637123108,4.451323693468059e-34,0.8145330398812372,0.34717305920271296,OFFLOADED,1.0,No,1.0,1.0,1.0,False,True
3344,0.3112679123878479,1.5719937577415446e-22,0.25920411684209105,2.100089696438246e-35,OFFLOADED,1.0,No,1.0,1.0,1.0,False,False
3345,0.25006040930747986,6.673458827375853e-54,0.4165582928915387,3.267421906390978e-23,OFFLOADED,1.0,No,1.0,1.0,1.0,False,False
3346,0.3056034743785858,3.2450609048244127e-24,0.4953799663654026,7.827973062783484e-17,OFFLOADED,1.0,No,0.0,0.0,1.0,False,False
3347,0.33065247535705566,2.8353843561648694e-18,0.337095136287344,6.919338166739523e-30,OFFLOADED,1.0,No,1.0,1.0,1.0,False,False
3348,0.753451943397522,0.8212841277996626,0.7544818000641775,0.06836356352125032,OFFLOADED,0.0,Yes,0.0,0.0,0.0,True,False
3349,0.29382744431495667,2.430931017213134e-28,0.6135261656803072,5.04682310789266e-08,OFFLOADED,1.0,No,1.0,1.0,1.0,False,False
3350,0.5431825518608093,0.0009008725383602903,0.8323796694918931,0.5303104643754284,OFFLOADED,0.0,Yes,0.0,0.0,0.0,False,False
3351,0.7470734119415283,0.8030798647554742,0.9854695580867452,0.9999999934036492,ACCEPTED,0.0,Yes,0.0,0.0,0.0,True,True
3352,0.27089011669158936,6.399319339371673e-39,0.18307053389201794,2.5409595153056507e-38,OFFLOADED,1.0,No,1.0,1.0,1.0,False,False
3353,0.2623738646507263,4.628546463400443e-44,0.26040846405084894,2.2755754080069915e-35,OFFLOADED,1.0,No,1.0,1.0,1.0,False,False
3354,0.2521221935749054,9.743918040003714e-54,0.3557166098765261,2.6906306749589574e-28,OFFLOADED,1.0,No,1.0,1.0,1.0,False,False
3355,0.7251375317573547,0.684844084201563,0.80600773215129,0.2725779705689259,OFFLOADED,0.0,Yes,0.0,0.0,0.0,True,False
3356,0.2761424779891968,2.5574350222399477e-36,0.5863047611383314,1.4244197858261869e-09,OFFLOADED,1.0,No,1.0,1.0,1.0,False,False
3357,0.3552166223526001,3.8560446428527034e-15,0.3407242964303617,1.1885620602714334e-29,OFFLOADED,1.0,No,1.0,1.0,1.0,False,False
3358,0.31279200315475464,3.512747848024067e-22,0.5751263834384845,2.602836362955891e-10,OFFLOADED,1.0,No,1.0,1.0,1.0,False,False
3359,0.25579068064689636,2.5518540684449356e-50,0.9735452771548196,0.9999998626984102,OFFLOADED,1.0,No,1.0,0.0,0.0,False,True
3360,0.8051131963729858,0.9617968388649741,0.7535058781435878,0.07444835871249243,OFFLOADED,1.0,No,1.0,1.0,1.0,True,False
3361,0.25686705112457275,3.721645684535962e-49,0.15247040993169167,5.322446514893789e-39,OFFLOADED,1.0,No,1.0,1.0,1.0,False,False
3362,0.32933664321899414,1.3208265716128183e-18,0.23823563856433502,1.288305693374548e-36,OFFLOADED,1.0,No,1.0,1.0,1.0,False,False
3363,0.4377508759498596,1.0790047976681855e-07,0.6539172949679769,5.864542000883703e-06,OFFLOADED,1.0,No,1.0,1.0,1.0,False,False
3364,0.2949923574924469,5.022101364237592e-28,0.3561483993939016,2.279084233922308e-28,OFFLOADED,1.0,No,1.0,1.0,1.0,False,False
3365,0.2548084259033203,1.796364663160036e-51,0.6827862266648456,0.0002484787227402538,OFFLOADED,1.0,No,1.0,1.0,1.0,False,False
3366,0.2857028543949127,8.464868096367453e-32,0.5955940899148089,5.013495806720891e-09,OFFLOADED,1.0,No,1.0,1.0,1.0,False,False
3367,0.49086880683898926,3.4151402498943184e-05,0.6799296513685283,0.00016240137532568815,OFFLOADED,1.0,No,1.0,0.0,0.0,False,False
3368,0.28038689494132996,2.8161580336808062e-34,0.5906010822926037,2.4134277758026126e-09,OFFLOADED,1.0,No,1.0,0.0,0.0,False,False
3369,0.2802967131137848,2.41961451695482e-34,0.378289309960018,1.5794165547125912e-26,OFFLOADED,1.0,No,0.0,1.0,1.0,False,False
3370,0.7922400236129761,0.9360845995032648,0.8814838337769908,0.9789662639181892,ACCEPTED,1.0,No,1.0,1.0,0.0,True,True
3371,0.25007304549217224,2.276031815634313e-54,0.3537699330493137,1.3550623454426078e-28,OFFLOADED,1.0,No,1.0,1.0,1.0,False,False
3372,0.32431718707084656,7.57843395768688e-20,0.9207858151888659,0.9995784964206992,OFFLOADED,1.0,No,1.0,0.0,0.0,False,True
3373,0.3170569837093353,2.5368153130092426e-21,0.5555578137920221,5.019778547643872e-12,OFFLOADED,1.0,No,1.0,0.0,1.0,False,False
3374,0.25570857524871826,1.1084538784083438e-50,0.42927698099632006,3.617017453644742e-22,OFFLOADED,1.0,No,1.0,0.0,0.0,False,False
3375,0.38034117221832275,1.915913651161123e-12,1.0,1.0,OFFLOADED,0.0,Yes,0.0,0.0,0.0,False,True
3376,0.8070588111877441,0.9599299621638813,0.9781265409595737,0.9999999594454256,ACCEPTED,0.0,Yes,0.0,0.0,0.0,True,True
3377,0.2869667410850525,2.739853961817299e-31,0.8482965275320228,0.7283087621548973,OFFLOADED,1.0,No,1.0,0.0,0.0,False,True
3378,0.2726920545101166,2.8590551142543656e-38,0.23918574084040098,1.2030719102915094e-36,OFFLOADED,1.0,No,1.0,1.0,1.0,False,False
3379,0.26010456681251526,1.6048892258628129e-46,0.783767124421978,0.1670092842963852,OFFLOADED,1.0,No,0.0,1.0,1.0,False,False
3380,0.6494117975234985,0.1797974544449071,0.7322004405004581,0.023991894967295105,OFFLOADED,0.0,Yes,0.0,0.0,0.0,False,False
3381,0.9481363892555237,0.99999063931755,0.6302819938801938,3.70395649981792e-07,OFFLOADED,1.0,No,1.0,1.0,1.0,True,False
3382,0.2636072635650635,1.467174305110045e-43,0.8151712107052438,0.3615411770068364,OFFLOADED,1.0,No,0.0,1.0,1.0,False,False
3383,0.26481661200523376,8.946236351219032e-43,0.4766250083442194,1.940244450864947e-18,OFFLOADED,1.0,No,1.0,0.0,1.0,False,False
3384,0.47717931866645813,7.477899965244867e-06,0.8468978206193423,0.7158355834749461,OFFLOADED,0.0,Yes,0.0,0.0,0.0,False,True
3385,0.7730104923248291,0.8998812894014487,0.7568073871492987,0.07716714125825204,OFFLOADED,1.0,No,1.0,1.0,0.0,True,False
3386,0.27603864669799805,1.2696142863190308e-36,0.519613282108444,5.689677861189906e-15,OFFLOADED,1.0,No,1.0,1.0,1.0,False,False
3387,0.7494986057281494,0.8222646251279273,0.9875160085266336,0.9999999971094156,ACCEPTED,0.0,Yes,0.0,0.0,0.0,True,True
3388,0.9137367606163025,0.9999593332516263,1.0,1.0,ACCEPTED,0.0,Yes,0.0,0.0,0.0,True,True
3389,0.26070478558540344,8.117788396744583e-46,0.3775992071419007,1.3115391113395487e-26,OFFLOADED,1.0,No,1.0,1.0,1.0,False,False
3390,0.37733668088912964,1.006820060960018e-12,0.6457686268743352,2.1901342932038997e-06,OFFLOADED,1.0,No,0.0,1.0,1.0,False,False
3391,0.7857066988945007,0.9210873899587417,0.982484589780001,0.999999987098126,ACCEPTED,0.0,Yes,0.0,0.0,0.0,True,True
3392,0.665695309638977,0.2585288476775554,0.47657416105127764,1.747623060036579e-18,OFFLOADED,1.0,No,1.0,1.0,0.0,False,False
3393,0.8283024430274963,0.9837982347746594,1.0,1.0,ACCEPTED,0.0,Yes,0.0,0.0,0.0,True,True
3394,0.25929152965545654,2.3913169211346325e-47,0.31775905005529004,8.070023777208395e-32,OFFLOADED,1.0,No,1.0,1.0,1.0,False,False
3395,0.2790466248989105,5.31959433616252e-35,0.785343698465793,0.16079142299088023,OFFLOADED,1.0,No,1.0,1.0,1.0,False,False
3396,0.27273428440093994,2.5733167709879556e-38,0.4733610948279777,9.259570340231721e-19,OFFLOADED,1.0,No,1.0,1.0,1.0,False,False
3397,0.25281643867492676,9.935333124864725e-54,0.8780180358061106,0.9713067624526015,OFFLOADED,1.0,No,1.0,0.0,0.0,False,True
3398,0.30347856879234314,4.720375434590751e-25,0.5890323630816747,1.5610684461831225e-09,OFFLOADED,1.0,No,0.0,1.0,1.0,False,False
3399,0.25447845458984375,3.282187233449915e-52,0.46273853652348396,7.929646387622174e-20,OFFLOADED,1.0,No,1.0,1.0,1.0,False,False
3400,0.27273300290107727,2.2858883373124346e-38,0.1898585282880247,1.1194442809151377e-38,OFFLOADED,1.0,No,1.0,1.0,1.0,False,False
3401,0.2850112318992615,3.2919309404961495e-32,0.9806099457292944,0.9999999810587452,OFFLOADED,1.0,No,1.0,0.0,0.0,False,True
3402,0.3487059772014618,4.920838669476101e-16,0.41880004523862807,3.2913875707819094e-23,OFFLOADED,1.0,No,1.0,1.0,1.0,False,False
3403,0.2617260217666626,4.3227045968010025e-45,0.40016154477797117,1.0246619915622234e-24,OFFLOADED,1.0,No,1.0,1.0,0.0,False,False
3404,0.9361366033554077,0.9999871628969602,1.0,1.0,ACCEPTED,0.0,Yes,0.0,0.0,0.0,True,True
3405,0.28410160541534424,1.2577508831589178e-32,0.813245307935149,0.3252063777080278,OFFLOADED,1.0,No,1.0,1.0,1.0,False,False
3406,0.8891279101371765,0.9997957204800041,0.7203287768320982,0.007887767296105649,OFFLOADED,1.0,No,1.0,1.0,0.0,True,False
3407,0.8141114711761475,0.9736747975992378,0.9600035574091175,0.9999987797591057,ACCEPTED,0.0,Yes,0.0,0.0,0.0,True,True
3408,0.2734021246433258,4.893303546320402e-38,0.3889537382493677,9.055811449730312e-26,OFFLOADED,1.0,No,1.0,1.0,1.0,False,False
3409,0.2740705609321594,1.0174614960778104e-37,0.709720583274794,0.0021946888504476587,OFFLOADED,1.0,No,1.0,0.0,1.0,False,False
3410,0.3216594159603119,1.72019808596058e-20,0.8156799060830362,0.340355680713442,OFFLOADED,1.0,No,1.0,0.0,0.0,False,False
3411,0.43934014439582825,1.2966246147403542e-07,0.6495965254022101,2.9459696397920155e-06,OFFLOADED,1.0,No,1.0,1.0,1.0,False,False
3412,0.2575048506259918,3.2421486235548327e-49,0.5783897434748831,2.6288119479056487e-10,OFFLOADED,1.0,No,1.0,1.0,1.0,False,False
3413,0.2764735817909241,1.2202778851465062e-36,0.6964763368645464,0.0006688746867099404,OFFLOADED,1.0,No,1.0,1.0,1.0,False,False
3414,0.8397350311279297,0.9912812745864567,0.8121351233468797,0.31445122019075533,OFFLOADED,0.0,Yes,0.0,0.0,0.0,True,False
3415,0.2603364586830139,1.047855266079335e-46,0.15295244579346517,1.5750246604369095e-39,OFFLOADED,1.0,No,1.0,1.0,1.0,False,False
3416,0.2576158940792084,3.562818354349885e-49,0.31676487685764354,3.659816443696854e-32,OFFLOADED,1.0,No,1.0,1.0,1.0,False,False
3417,0.25512588024139404,6.831725410702156e-52,0.9508507192667293,0.9999957445226944,OFFLOADED,1.0,No,1.0,0.0,0.0,False,True
3418,0.2623484432697296,8.207178140951635e-45,0.5260114487730198,1.2774267087116163e-14,OFFLOADED,1.0,No,0.0,1.0,1.0,False,False
3419,0.3560236990451813,4.046654415880047e-15,0.9716790384181967,0.9999998591258537,OFFLOADED,1.0,No,1.0,0.0,1.0,False,True
3420,0.0,0.0,0.636239183503402,5.954895901698734e-07,OFFLOADED,0.0,Yes,0.0,0.0,0.0,False,False
3421,0.2632618546485901,3.566725637968615e-44,0.38172938761419256,1.5819425689146488e-26,OFFLOADED,1.0,No,1.0,1.0,1.0,False,False
3422,0.6804196238517761,0.3361831430510473,0.9513999092135618,0.9999963075128473,ACCEPTED,1.0,No,0.0,0.0,1.0,True,True
3423,0.5287835597991943,0.0003251579657061013,0.5484302739563361,1.0380041058179453e-12,OFFLOADED,1.0,No,1.0,1.0,1.0,False,False
3424,0.9113490581512451,0.9999634281094109,0.9887090063426265,0.999999998564274,ACCEPTED,0.0,Yes,0.0,0.0,0.0,True,True
3425,0.2515396773815155,3.557535484334303e-55,0.7974725283996018,0.22545935520043003,OFFLOADED,1.0,No,1.0,0.0,0.0,False,False
3426,0.8583539128303528,0.9978987696978258,0.5927254604441808,2.7710850668562827e-09,OFFLOADED,1.0,No,1.0,1.0,1.0,True,False
3427,0.7812382578849792,0.9167654911128021,0.8238828068866262,0.4566901601026309,ACCEPTED,1.0,No,1.0,1.0,1.0,True,True
3428,0.8382952213287354,0.9901901675515353,0.9752014035559678,0.999999938888557,ACCEPTED,1.0,No,1.0,1.0,1.0,True,True
3429,0.2667215168476105,4.193291494370609e-42,0.16408127796903293,1.7128096213762457e-39,OFFLOADED,1.0,No,1.0,1.0,1.0,False,False
3430,0.6772800087928772,0.2980296470773504,1.0,1.0,OFFLOADED,0.0,Yes,0.0,0.0,0.0,False,True
3431,0.26575738191604614,1.2348345507176685e-42,0.18233299835298483,4.006304393197541e-39,OFFLOADED,1.0,No,1.0,1.0,1.0,False,False
3432,0.6596747636795044,0.22035587792036188,0.9573719636249988,0.9999985487268428,ACCEPTED,0.0,Yes,0.0,0.0,0.0,True,True
3433,0.2827474772930145,2.3531200130402315e-33,0.21678766555829096,4.3523308316848377e-38,OFFLOADED,1.0,No,0.0,1.0,1.0,False,False
3434,0.25529494881629944,6.733018739720835e-52,0.1510781207581197,9.580758250498602e-40,OFFLOADED,1.0,No,1.0,1.0,1.0,False,False
3435,0.9297993779182434,0.9999830817050521,0.8902497785215798,0.993123775980201,ACCEPTED,0.0,Yes,0.0,0.0,0.0,True,True
3436,0.2580886483192444,6.878787272118849e-49,0.0773629767748003,3.1099263269835124e-40,OFFLOADED,1.0,No,1.0,1.0,1.0,False,False
3437,0.312444806098938,1.6725704429615319e-22,0.36197290727501985,2.9519121505420326e-28,OFFLOADED,1.0,No,1.0,1.0,1.0,False,False
3438,0.3346899151802063,1.1250055078787754e-17,0.5679330107315979,4.28160316470362e-11,OFFLOADED,1.0,No,1.0,1.0,1.0,False,False
3439,0.3380696773529053,3.484256025446315e-17,0.709741210183291,0.00251421554853918,OFFLOADED,1.0,No,1.0,1.0,1.0,False,False
3440,0.36013177037239075,1.266365719949555e-14,0.47292998180888446,5.351564894557424e-19,OFFLOADED,1.0,No,1.0,1.0,1.0,False,False
3441,0.2782704830169678,7.919606520028351e-36,0.8641220741749575,0.9179869425597288,OFFLOADED,0.0,Yes,0.0,0.0,0.0,False,True
3442,0.31058961153030396,4.3791270885846874e-23,0.2694836294869874,1.8546011943667633e-35,OFFLOADED,1.0,No,1.0,1.0,1.0,False,False
3443,0.4891647398471832,2.7798503935421147e-05,0.7391621612993012,0.03431647211414274,OFFLOADED,1.0,No,1.0,1.0,1.0,False,False
3444,0.8466756939888,0.9941917391062929,0.7595401473024649,0.07883385791548862,OFFLOADED,1.0,No,1.0,1.0,0.0,True,False
3445,0.7967100739479065,0.9460563941491508,0.6622637209468506,9.395127588586432e-06,OFFLOADED,1.0,No,1.0,1.0,1.0,True,False
3446,0.26292529702186584,1.2279445043603966e-44,0.32958386258586675,3.2113551368888053e-31,OFFLOADED,1.0,No,1.0,1.0,1.0,False,False
3447,0.2557418644428253,1.3279791327265825e-51,0.5193158112721195,2.568328481677664e-15,OFFLOADED,1.0,No,0.0,1.0,1.0,False,False
3448,0.8510814905166626,0.9953697305053832,0.9643691262265449,0.9999995869743812,ACCEPTED,0.0,Yes,0.0,0.0,0.0,True,True
3449,0.8153189420700073,0.9734859335300179,0.5828958083628323,3.754605342561643e-10,OFFLOADED,1.0,No,1.0,1.0,1.0,True,False
3450,0.8217512965202332,0.9774428654824387,0.5580056377941014,4.1148829405193425e-12,OFFLOADED,1.0,No,1.0,1.0,1.0,True,False
3451,0.5461118221282959,0.0012381845335412143,0.8235712808840997,0.43843306866496917,OFFLOADED,0.0,Yes,0.0,0.0,0.0,False,False
3452,0.8698172569274902,0.998911216786714,0.9896573571470157,0.999999999012251,ACCEPTED,1.0,No,1.0,1.0,1.0,True,True
3453,0.3803260624408722,1.9595829536187808e-12,0.6063747566017901,1.2292951547376618e-08,OFFLOADED,1.0,No,1.0,0.0,0.0,False,False
3454,0.2708224654197693,8.211521293898245e-40,0.2109536297764118,1.3832070825695916e-38,OFFLOADED,1.0,No,1.0,1.0,1.0,False,False
3455,0.2730521559715271,1.4307810517737096e-38,0.4270336228937778,7.76758726953699e-23,OFFLOADED,1.0,No,1.0,1.0,1.0,False,False
3456,0.33322402834892273,5.0503884694444735e-18,0.6191197480805598,5.238443719612679e-08,OFFLOADED,1.0,No,0.0,0.0,1.0,False,False
3457,0.27540314197540283,2.237751034059564e-37,0.5685331944798883,4.063220116815288e-11,OFFLOADED,1.0,No,1.0,1.0,1.0,False,False
3458,0.4113115668296814,1.279267493835503e-09,0.8257870478430981,0.47446006617339315,OFFLOADED,0.0,Yes,0.0,0.0,0.0,False,True
3459,0.32009926438331604,5.612640896271716e-21,0.7770249403509142,0.1275245273135974,OFFLOADED,1.0,No,1.0,0.0,0.0,False,False
3460,0.852970540523529,0.9956895288858068,0.7270911272283419,0.01619372368705482,OFFLOADED,1.0,No,1.0,1.0,1.0,True,False
3461,0.8869173526763916,0.9996532209030147,0.9779113503691819,0.9999999779541092,ACCEPTED,0.0,Yes,0.0,0.0,0.0,True,True
3462,0.4955551028251648,4.8774634833641714e-05,0.9268547234505219,0.9998930852874103,OFFLOADED,0.0,Yes,0.0,0.0,0.0,False,True
3463,0.35662028193473816,4.427773769778916e-15,0.9286174234213973,0.999922922943364,OFFLOADED,1.0,No,1.0,1.0,1.0,False,True
3464,0.2508029043674469,1.2459519436430358e-55,0.5831326864608076,4.347615946293718e-10,OFFLOADED,1.0,No,1.0,1.0,1.0,False,False
3465,0.3805372416973114,2.191890702350317e-12,0.8531526424355519,0.8162243998584267,OFFLOADED,1.0,No,1.0,0.0,1.0,False,True
3466,0.0,0.0,0.8606827370445597,0.8998465690645173,OFFLOADED,0.0,Yes,0.0,0.0,0.0,False,True
3467,0.8754770755767822,0.9992536977565115,0.961182539793889,0.999999421063243,ACCEPTED,0.0,Yes,0.0,0.0,0.0,True,True
3468,0.7337870597839355,0.7496033289523079,0.9479369850800194,0.9999953051304058,OFFLOADED,0.0,Yes,0.0,0.0,0.0,False,True
3469,0.31605425477027893,8.62245090212924e-22,0.5648796824839288,1.770863880954366e-11,OFFLOADED,1.0,No,1.0,1.0,1.0,False,False
3470,0.8958708643913269,0.9998547101929136,0.8257964180886261,0.5005967450105386,OFFLOADED,0.0,Yes,0.0,0.0,0.0,True,False
3471,0.6463075280189514,0.17663646138128128,0.8732347328885263,0.968973383848374,ACCEPTED,0.0,Yes,0.0,0.0,0.0,True,True
3472,0.7039822936058044,0.5453140663429987,0.920278107581965,0.9997314689768215,ACCEPTED,0.0,Yes,0.0,0.0,0.0,True,True
3473,0.26650553941726685,1.732497778562201e-42,0.29931205000845074,6.109743400700072e-34,OFFLOADED,1.0,No,1.0,1.0,1.0,False,False
3474,0.261595755815506,8.252974315962498e-46,0.39341177177304804,1.1410882634545364e-25,OFFLOADED,1.0,No,1.0,1.0,1.0,False,False
3475,0.39165183901786804,3.321444862398137e-11,0.9441657936067264,0.9999933225745116,OFFLOADED,0.0,Yes,0.0,0.0,0.0,False,True
3476,0.8629466891288757,0.9980935170762848,0.985415723394469,0.9999999983163123,ACCEPTED,1.0,No,1.0,1.0,1.0,True,True
3477,0.4951203465461731,5.477198574624699e-05,0.8556289359320398,0.8637784501069575,OFFLOADED,1.0,No,1.0,0.0,0.0,False,True
3478,0.6872456669807434,0.4212222546151439,0.82161860717893,0.4766094564485348,ACCEPTED,1.0,No,1.0,0.0,0.0,True,True
3479,0.2553732395172119,3.2186162905924226e-52,0.309392591379091,3.356117903044539e-33,OFFLOADED,1.0,No,1.0,1.0,1.0,False,False
3480,0.6179860830307007,0.05941552232635,0.7314001426069143,0.023163579757578965,OFFLOADED,1.0,No,1.0,0.0,0.0,False,False
3481,0.2877412736415863,2.758301426971763e-31,0.5695386122306616,5.253356777114188e-11,OFFLOADED,1.0,No,0.0,1.0,1.0,False,False
3482,0.7239515781402588,0.7024124561925822,0.7917699868309085,0.22914557462675408,OFFLOADED,1.0,No,1.0,1.0,1.0,True,False
3483,0.3021751642227173,7.535761315955951e-26,0.5653219238638443,1.8951893241814287e-11,OFFLOADED,1.0,No,1.0,1.0,1.0,False,False
3484,0.3128618001937866,1.3150975376651886e-22,0.455323387931861,8.497952128840544e-21,OFFLOADED,1.0,No,1.0,0.0,1.0,False,False
3485,0.9169510006904602,0.9999647526676795,1.0,1.0,ACCEPTED,0.0,Yes,0.0,0.0,0.0,True,True
3486,0.27955684065818787,2.8250402411125494e-35,0.7792315338405948,0.14852008069258485,OFFLOADED,1.0,No,1.0,0.0,1.0,False,False
3487,0.8697324991226196,0.9987943747269588,1.0,1.0,ACCEPTED,0.0,Yes,0.0,0.0,0.0,True,True
3488,0.8691362142562866,0.9988030391641598,0.9863892723118192,0.9999999987994802,ACCEPTED,1.0,No,1.0,1.0,1.0,True,True
3489,0.30785390734672546,4.522005236800868e-24,0.45298685566923225,6.5910919132062204e-21,OFFLOADED,1.0,No,1.0,1.0,1.0,False,False
3490,0.4151739180088043,2.6787585389824074e-09,0.632231084896059,3.803232723508672e-07,OFFLOADED,1.0,No,1.0,1.0,1.0,False,False
3491,0.9153304100036621,0.9999642007077238,0.6563980074728586,5.852359770152247e-06,OFFLOADED,0.0,Yes,0.0,0.0,0.0,True,False
3492,0.37717974185943604,7.446307060484443e-13,0.809981292884159,0.353311419275031,OFFLOADED,1.0,No,0.0,0.0,1.0,False,True
3493,0.2515451908111572,6.589727403033557e-56,0.1828892140166548,1.4383851480940201e-39,OFFLOADED,1.0,No,1.0,1.0,1.0,False,False
3494,0.2536276578903198,3.974931670180709e-54,1.0,1.0,OFFLOADED,1.0,No,1.0,0.0,0.0,False,True
3495,0.8213998675346375,0.9759278144602588,0.45578683357608135,1.0135153329898692e-20,OFFLOADED,1.0,No,1.0,1.0,1.0,True,False
3496,0.8151966333389282,0.9693047856280576,0.5171285180280757,1.5497115604134276e-15,OFFLOADED,1.0,No,1.0,1.0,1.0,True,False
3497,0.34433358907699585,1.1671237716383158e-16,0.7328243126132217,0.02777377509353552,OFFLOADED,1.0,No,0.0,1.0,0.0,False,False
3498,0.2510617673397064,4.896283129645327e-56,0.12489424992480713,1.7294755636412875e-40,OFFLOADED,1.0,No,1.0,1.0,1.0,False,False
3499,0.4484224319458008,3.327312523214731e-07,0.7061171380632396,0.0017297442582101005,OFFLOADED,1.0,No,1.0,1.0,0.0,False,False
3500,0.2673945724964142,3.1543915792425425e-42,0.5259283783159966,7.029102348426618e-15,OFFLOADED,1.0,No,1.0,1.0,0.0,False,False
3501,0.27837809920310974,4.154128096517295e-36,0.2893230174699677,1.0685797990169911e-34,OFFLOADED,1.0,No,1.0,1.0,1.0,False,False
3502,0.8096532821655273,0.9604899202417003,0.8010297584332557,0.29680565505525663,OFFLOADED,1.0,No,1.0,1.0,1.0,True,False
3503,0.41962939500808716,5.287863079286569e-09,0.33176395044479207,2.665625274049169e-31,OFFLOADED,1.0,No,1.0,1.0,1.0,False,False
3504,0.3827533423900604,2.925637010864914e-12,0.45005552560150386,2.8107110380292463e-21,OFFLOADED,1.0,No,1.0,1.0,1.0,False,False
3505,0.2500156760215759,3.300814614452867e-56,0.4944584968457482,1.7961356147326572e-17,OFFLOADED,1.0,No,0.0,1.0,1.0,False,False
3506,0.40019357204437256,1.417826099998497e-10,0.8031400164695109,0.2994517259490286,OFFLOADED,1.0,No,1.0,1.0,0.0,False,False
3507,0.8734787106513977,0.9990014627592054,0.7774600771138094,0.14058381775151726,OFFLOADED,0.0,Yes,0.0,0.0,0.0,True,False
3508,0.7935140132904053,0.9294512429614467,0.8947079084532064,0.9970904134534192,ACCEPTED,1.0,No,1.0,1.0,0.0,True,True
3509,0.2540838420391083,6.531973912437605e-54,0.32011311503589435,1.8943546449597317e-32,OFFLOADED,1.0,No,1.0,1.0,1.0,False,False
3510,0.2611912190914154,1.4589301570467807e-46,0.22187127036462123,1.4758776271862098e-38,OFFLOADED,1.0,No,1.0,1.0,1.0,False,False
3511,0.2967087924480438,3.2466152763495774e-28,0.5841566121662903,5.098673689690269e-10,OFFLOADED,1.0,No,1.0,1.0,1.0,False,False
3512,0.8216604590415955,0.970210266547009,0.950773856207641,0.999997815089161,ACCEPTED,0.0,Yes,0.0,0.0,0.0,True,True
3513,0.41035038232803345,9.308679621356896e-10,0.6507137536707398,2.969344964689966e-06,OFFLOADED,1.0,No,1.0,0.0,0.0,False,False
3514,0.283674031496048,1.7143603389006667e-33,0.8727418488186247,0.9710283292175081,OFFLOADED,1.0,No,1.0,1.0,1.0,False,True
3515,0.7337650060653687,0.7478994899736336,0.7491502098584037,0.06068923715998237,OFFLOADED,1.0,No,1.0,1.0,1.0,True,False
3516,0.4522136151790619,4.921646185143855e-07,0.8111397860305507,0.35975430666954666,OFFLOADED,1.0,No,1.0,0.0,1.0,False,True
3517,0.2567250430583954,3.425662415919609e-51,0.4648281082848447,4.278967925482219e-20,OFFLOADED,1.0,No,1.0,1.0,0.0,False,False
3518,0.6773984432220459,0.31186670369968156,0.31131186467322497,2.5610343363939176e-33,OFFLOADED,0.0,Yes,0.0,0.0,0.0,False,False
3519,0.25968608260154724,2.3199377954414677e-48,0.36364503594954806,1.3764574224506634e-28,OFFLOADED,1.0,No,1.0,1.0,1.0,False,False
3520,0.8426048159599304,0.9887161405013964,0.7515637662250703,0.06576347110028813,OFFLOADED,1.0,No,1.0,1.0,0.0,True,False
3521,0.7133287787437439,0.6017059497696565,0.7918862003038352,0.22441426568003048,OFFLOADED,0.0,Yes,0.0,0.0,0.0,True,False
3522,0.31895968317985535,1.838574844529294e-21,0.5381380840431914,7.328001042081766e-14,OFFLOADED,1.0,No,1.0,1.0,1.0,False,False
3523,0.5174328088760376,0.00017698432869160782,0.47550767316178427,3.97616962559434e-19,OFFLOADED,1.0,No,1.0,1.0,1.0,False,False
3524,0.3681918680667877,4.973180356251356e-14,0.6988594548979189,0.0007308766676036958,OFFLOADED,1.0,No,1.0,1.0,1.0,False,False
3525,0.3140234649181366,1.3191088443065122e-22,0.6796074424100177,0.0001260374322251071,OFFLOADED,1.0,No,1.0,1.0,1.0,False,False
3526,0.5851022601127625,0.01303195344815111,0.5316959417182058,1.884099322004292e-14,OFFLOADED,1.0,No,1.0,1.0,1.0,False,False
3527,0.28685736656188965,3.33208007834859e-32,0.59814673072896,4.631654567815785e-09,OFFLOADED,0.0,Yes,0.0,0.0,0.0,False,False
3528,0.39277952909469604,2.4324572073067312e-11,0.5522783567521825,1.1041741838300235e-12,OFFLOADED,0.0,Yes,0.0,0.0,0.0,False,False
3529,0.2984921336174011,9.95720158736342e-28,0.44025534003708633,3.9793021111797294e-22,OFFLOADED,1.0,No,1.0,1.0,0.0,False,False
3530,0.5825979709625244,0.010869840497871113,0.8824582630307006,0.9871917775554943,OFFLOADED,1.0,No,1.0,1.0,1.0,False,False
3531,0.6712086200714111,0.29611122157404673,0.775366490025125,0.14507110608452148,OFFLOADED,1.0,No,1.0,1.0,1.0,False,False
3532,0.34180960059165955,3.86035366815047e-17,0.34824865738295757,3.877036882538335e-30,OFFLOADED,1.0,No,1.0,1.0,1.0,False,False
3533,0.8308926820755005,0.9796707697968765,0.9115801400802227,0.9992335064921215,ACCEPTED,0.0,Yes,0.0,0.0,0.0,True,True
3534,0.474362313747406,4.522746941640104e-06,0.7052119399383491,0.0012988041672005385,OFFLOADED,1.0,No,1.0,1.0,1.0,False,False
3535,0.26862695813179016,7.827303457244195e-42,0.36398655876879166,9.909468204299193e-29,OFFLOADED,1.0,No,1.0,1.0,1.0,False,False
3536,0.9159376621246338,0.999963091105052,0.8027774554494278,0.2995186839202328,OFFLOADED,0.0,Yes,0.0,0.0,0.0,True,False
3537,0.27444782853126526,1.5918392539397692e-38,0.7494672772204328,0.059070872670723945,OFFLOADED,1.0,No,1.0,1.0,1.0,False,True
3538,0.3052760660648346,2.810244850286772e-25,0.7990992233421275,0.2830297573160504,OFFLOADED,0.0,Yes,0.0,0.0,0.0,False,False
3539,0.7281714677810669,0.7127974669764523,0.8831612966717061,0.987844645178675,ACCEPTED,0.0,Yes,0.0,0.0,0.0,True,True
3540,0.929233193397522,0.9999827922237265,1.0,1.0,ACCEPTED,0.0,Yes,0.0,0.0,0.0,True,True
3541,0.25410571694374084,2.7494765071948205e-54,0.6919715922988849,0.0003748805190967031,OFFLOADED,1.0,No,1.0,1.0,0.0,False,False
3542,0.25008994340896606,1.113421966106814e-56,0.7520644438244203,0.06527451739679575,OFFLOADED,1.0,No,0.0,1.0,1.0,False,False
3543,0.3127290606498718,4.545412006820518e-23,0.7940476149080987,0.2576969707095729,OFFLOADED,1.0,No,1.0,0.0,0.0,False,False
3544,0.2811265289783478,4.965357123048894e-35,0.32548244746611077,3.0975254226140835e-32,OFFLOADED,1.0,No,1.0,1.0,1.0,False,False
3545,0.6615263819694519,0.2411432704810015,0.7798962787794632,0.17249178696648437,OFFLOADED,1.0,No,1.0,1.0,1.0,False,False
3546,0.2757061719894409,5.625173936678004e-38,0.5419029447105582,1.2393208830576944e-13,OFFLOADED,1.0,No,1.0,1.0,0.0,False,False
3547,0.2603859305381775,5.608045364533731e-48,0.08517165534984453,2.7769529725297894e-41,OFFLOADED,1.0,No,1.0,1.0,1.0,False,False
3548,0.2706482708454132,9.217906946869087e-41,0.26515034229264695,1.1811544883764581e-36,OFFLOADED,1.0,No,0.0,1.0,1.0,False,False
3549,0.25529441237449646,3.03573553783513e-53,0.4621942393573088,1.4163538455346284e-20,OFFLOADED,1.0,No,1.0,1.0,1.0,False,False
3550,0.8399388790130615,0.987358669857686,0.6036130965868607,8.078524301042365e-09,OFFLOADED,1.0,No,1.0,1.0,1.0,True,False
3551,0.7027685642242432,0.5302809554698047,0.4476521947587632,8.676070760850063e-22,OFFLOADED,1.0,No,1.0,1.0,1.0,False,False
3552,0.3099380135536194,6.930831344527498e-24,0.9520377362950939,0.9999983959880746,OFFLOADED,1.0,No,1.0,0.0,0.0,False,True
3553,0.2766232490539551,1.4735160405189485e-37,0.36995712147257487,2.412035601496159e-28,OFFLOADED,1.0,No,1.0,1.0,1.0,False,False
3554,0.3027965724468231,3.6394137654425e-26,0.8286501508304476,0.5828249041647398,OFFLOADED,1.0,No,1.0,0.0,0.0,False,False
3555,0.6364184617996216,0.12180715935906339,0.5451054828363623,2.0538172858688184e-13,OFFLOADED,1.0,No,1.0,1.0,1.0,False,False
3556,0.2690085768699646,8.209085574157196e-42,0.6469438535498309,1.4984661460491503e-06,OFFLOADED,0.0,Yes,0.0,0.0,0.0,False,False
3557,0.3108001947402954,1.1001065939310629e-23,0.3758273711380179,6.732161366447676e-28,OFFLOADED,1.0,No,1.0,1.0,1.0,False,False
3558,0.267465740442276,7.880609329855743e-43,0.3864527285837544,6.68805693114174e-27,OFFLOADED,1.0,No,1.0,1.0,1.0,False,False
3559,0.31919431686401367,1.2285797918012613e-21,0.6873928187589752,0.00023717636229771746,OFFLOADED,1.0,No,0.0,1.0,0.0,False,False
3560,0.25615960359573364,2.033262120521724e-52,0.8089204839702147,0.37870767370725084,OFFLOADED,1.0,No,1.0,0.0,1.0,False,True
3561,0.5672014355659485,0.0028779080203105846,0.943619769802268,0.9999942022442901,OFFLOADED,0.0,Yes,0.0,0.0,0.0,False,True
3562,0.2710128128528595,1.002084386936243e-40,0.8016426414783602,0.33379718306189926,OFFLOADED,1.0,No,1.0,0.0,1.0,False,False
3563,0.6764920949935913,0.29636130307819414,0.5513216588568006,8.172117329626437e-13,OFFLOADED,1.0,No,1.0,1.0,0.0,False,False
3564,0.5517493486404419,0.0014032522527120872,0.5781471387029861,1.560638765174717e-10,OFFLOADED,1.0,No,1.0,1.0,0.0,False,False
3565,0.2597391903400421,6.776327678748335e-49,0.23575825973775733,1.7396508011904941e-38,OFFLOADED,1.0,No,1.0,1.0,1.0,False,False
3566,0.5978515148162842,0.018035565347834074,0.3934275689409542,3.0494485151459573e-26,OFFLOADED,1.0,No,0.0,1.0,1.0,False,False
3567,0.2616136372089386,6.942219782427732e-47,0.542798550354124,1.2348262975735056e-13,OFFLOADED,1.0,No,0.0,1.0,1.0,False,False
3568,0.31672683358192444,3.476886637673593e-22,0.4145017694627539,1.4821655159041889e-24,OFFLOADED,1.0,No,1.0,1.0,1.0,False,False
3569,0.26970627903938293,1.506202382333053e-41,0.8016450091382478,0.34691849126526925,OFFLOADED,1.0,No,1.0,1.0,1.0,False,True
3570,0.26611530780792236,8.078282529404195e-44,0.3057744200232672,2.1042737088563143e-34,OFFLOADED,1.0,No,1.0,1.0,1.0,False,False
3571,0.5018472671508789,4.993555273123732e-05,0.7573130406866604,0.08407830025707855,OFFLOADED,0.0,Yes,0.0,0.0,0.0,False,False
3572,0.36670246720314026,2.394682187307024e-14,0.8339510875803795,0.671105348895353,OFFLOADED,1.0,No,1.0,0.0,0.0,False,True
3573,0.38377782702445984,2.2650517589434838e-12,0.778710394797783,0.17485976062889677,OFFLOADED,1.0,No,1.0,1.0,1.0,False,False
3574,0.532522976398468,0.00031415255325598274,0.8808979956081024,0.9866791765700235,OFFLOADED,1.0,No,1.0,1.0,0.0,False,True
3575,0.6950280666351318,0.4358603044203328,0.6916257624213568,0.00033889986564222086,OFFLOADED,0.0,Yes,0.0,0.0,0.0,False,False
3576,0.6299554109573364,0.08712843584351417,0.6246673596983228,1.0103989093960906e-07,OFFLOADED,1.0,No,1.0,1.0,1.0,False,False
3577,0.33802470564842224,8.717446236620274e-18,0.381499989737883,1.5404744024116414e-27,OFFLOADED,1.0,No,1.0,1.0,1.0,False,False
3578,0.4029981195926666,1.2995026726882507e-10,0.9315586002933035,0.9999640383518817,OFFLOADED,1.0,No,1.0,0.0,1.0,False,True
3579,0.2599126398563385,5.342679193325028e-49,0.33219034954722904,5.758335943398832e-32,OFFLOADED,1.0,No,1.0,1.0,1.0,False,False
3580,0.5336997509002686,0.00032115269908287433,0.5890136492290441,1.009381768537013e-09,OFFLOADED,1.0,No,1.0,1.0,0.0,False,False
3581,0.2608211934566498,7.163225777637855e-48,0.47762574911153804,3.146429314145753e-19,OFFLOADED,1.0,No,1.0,1.0,1.0,False,False
3582,0.25132015347480774,2.09964315815466e-57,0.279368608077907,4.26786803989308e-36,OFFLOADED,1.0,No,1.0,1.0,1.0,False,False
3583,0.34546542167663574,4.6723286627153787e-17,0.6472533836602978,1.727676920989004e-06,OFFLOADED,1.0,No,1.0,1.0,1.0,False,False
3584,0.8764091730117798,0.9991888019651899,0.9389482465519756,0.9999894706882635,ACCEPTED,1.0,No,1.0,1.0,1.0,True,True
3585,0.2789873480796814,1.6731158079841643e-36,0.5794059142288494,1.5857597912744981e-10,OFFLOADED,1.0,No,1.0,1.0,1.0,False,False
3586,0.27731871604919434,1.5901888867715395e-37,0.43766839434980676,1.1423890472740538e-22,OFFLOADED,1.0,No,1.0,1.0,1.0,False,False
3587,0.2619830369949341,6.612480558803416e-47,0.5206620138907437,1.0580369191864674e-15,OFFLOADED,1.0,No,1.0,1.0,1.0,False,False
3588,0.5531643629074097,0.001276903041849391,0.723766284447483,0.01214255298316614,OFFLOADED,1.0,No,0.0,1.0,0.0,False,False
3589,0.7441090941429138,0.7996120945711593,0.5846716122847185,3.494353259832021e-10,OFFLOADED,1.0,No,1.0,1.0,1.0,True,False
3590,0.26139143109321594,1.9992770300765392e-47,0.3579989062877593,6.57048332136063e-30,OFFLOADED,1.0,No,1.0,1.0,1.0,False,False
3591,0.2636173963546753,9.959997147849578e-46,0.18122069122658566,6.603027783394431e-41,OFFLOADED,1.0,No,1.0,1.0,1.0,False,False
3592,0.7871367335319519,0.9084722384956686,1.0,1.0,ACCEPTED,1.0,No,1.0,1.0,0.0,True,True
3593,0.3049395680427551,9.215688055152345e-26,0.46634389241811175,1.9687782778392977e-20,OFFLOADED,1.0,No,1.0,1.0,1.0,False,False
3594,0.9025698900222778,0.9998908987630415,0.938748468689598,0.9999884782115847,ACCEPTED,0.0,Yes,0.0,0.0,0.0,True,True
3595,0.5269458889961243,0.000174662562329313,0.8777204694313206,0.9817670477856506,OFFLOADED,1.0,No,0.0,0.0,1.0,False,True
3596,0.440131813287735,6.075367545647623e-08,0.48052517679604617,3.8230148151065824e-19,OFFLOADED,1.0,No,1.0,1.0,1.0,False,False
3597,0.2605276107788086,1.379455367815194e-48,0.15989772519625783,1.924484313055488e-41,OFFLOADED,1.0,No,1.0,1.0,1.0,False,False
3598,0.327127605676651,4.552455887450208e-20,0.2203577844970623,1.1217231108899246e-39,OFFLOADED,1.0,No,1.0,1.0,1.0,False,False
3599,0.8287497162818909,0.9760155438035921,0.6228976324753777,6.683320637106439e-08,OFFLOADED,1.0,No,1.0,1.0,1.0,True,False
3600,0.3678828179836273,1.9555133753866707e-14,0.8733032795863443,0.9751576554247718,OFFLOADED,1.0,No,1.0,0.0,0.0,False,True
3601,0.8961324691772461,0.9997999342859168,0.9837623165529051,0.9999999980358194,ACCEPTED,1.0,No,0.0,0.0,1.0,True,True
3602,0.5517740249633789,0.0010944291259046863,0.4503388970596237,6.41190071511786e-22,OFFLOADED,1.0,No,1.0,1.0,1.0,False,False
3603,0.2504473626613617,7.853252424281686e-58,0.23048283292778832,3.055098199520489e-39,OFFLOADED,1.0,No,1.0,1.0,1.0,False,False
3604,0.4884450435638428,1.2817004482678081e-05,0.8843383486577948,0.9914987468977101,OFFLOADED,1.0,No,1.0,0.0,0.0,False,True
3605,0.7298424243927002,0.7072178581619359,0.9408893908394201,0.9999933548228882,ACCEPTED,0.0,Yes,0.0,0.0,0.0,True,True
3606,0.35863521695137024,1.5707179140426607e-15,0.46134469750449436,4.959273418802389e-21,OFFLOADED,1.0,No,1.0,1.0,1.0,False,False
3607,0.3220115303993225,1.807538323016747e-21,0.4051149642320435,1.3348968770356785e-25,OFFLOADED,1.0,No,1.0,1.0,1.0,False,False
3608,0.3472425639629364,4.6383305697053363e-17,0.8070904705403865,0.3771822454843593,OFFLOADED,1.0,No,1.0,0.0,0.0,False,True
3609,0.30064016580581665,1.4321330001890525e-27,0.624799641958421,8.582703238917126e-08,OFFLOADED,1.0,No,1.0,1.0,1.0,False,False
3610,0.2703133821487427,9.654593605729459e-42,0.3039262963854883,5.175262507748595e-35,OFFLOADED,1.0,No,1.0,1.0,1.0,False,False
3611,0.34780922532081604,5.199229817136553e-17,0.7516520492803399,0.06747222577341523,OFFLOADED,1.0,No,0.0,1.0,1.0,False,False
3612,0.44041550159454346,5.41297939307407e-08,0.8630489240226651,0.9442983727206377,OFFLOADED,1.0,No,1.0,0.0,0.0,False,True
3613,0.5349462628364563,0.0002907925622327099,1.0,1.0,OFFLOADED,0.0,Yes,0.0,0.0,0.0,False,True
3614,0.2551858425140381,1.7486879096202138e-54,0.665303196666944,1.0838947416373374e-05,OFFLOADED,1.0,No,0.0,1.0,1.0,False,False
3615,0.5921716690063477,0.012544035586843838,0.7813284425392655,0.18722313380048317,OFFLOADED,1.0,No,1.0,1.0,1.0,False,False
3616,0.2591063976287842,2.306385554130977e-50,0.39328633449847333,9.041444879534598e-27,OFFLOADED,1.0,No,1.0,1.0,1.0,False,False
3617,0.8185628056526184,0.9649550538355846,0.7145999408067821,0.0037536485310198722,OFFLOADED,1.0,No,1.0,1.0,0.0,True,False
3618,0.5795214772224426,0.006024699277016493,0.8097460517499954,0.4123119401282598,OFFLOADED,1.0,No,0.0,1.0,1.0,False,False
3619,0.7509642839431763,0.8166882146755648,0.8461432735483726,0.7989172837003403,OFFLOADED,0.0,Yes,0.0,0.0,0.0,True,False
3620,0.8654085993766785,0.9974789362650359,0.952570448712332,0.9999991163285579,ACCEPTED,0.0,Yes,0.0,0.0,0.0,True,True
3621,0.2546539008617401,3.5194698816098956e-55,0.5870953604693258,3.914391846719142e-10,OFFLOADED,1.0,No,0.0,1.0,1.0,False,False
3622,0.37674009799957275,1.6093664102154134e-13,0.4083467106325778,1.6609889140285954e-25,OFFLOADED,1.0,No,1.0,1.0,1.0,False,False
3623,0.34888699650764465,5.602725122905802e-17,0.7114939453673715,0.002320591531678128,OFFLOADED,0.0,Yes,0.0,0.0,0.0,False,False
3624,0.2664060592651367,2.715538736332776e-44,0.4920773935043782,2.9507101673781173e-18,OFFLOADED,1.0,No,1.0,1.0,1.0,False,False
3625,0.29552796483039856,1.4166785208375278e-29,0.6412489401656912,6.98560325007087e-07,OFFLOADED,1.0,No,0.0,0.0,1.0,False,False
3626,0.2679932117462158,2.7118557794829846e-43,0.2562680305771581,3.164900813309345e-38,OFFLOADED,1.0,No,1.0,1.0,1.0,False,False
3627,0.31167420744895935,5.029560410087222e-24,0.6286101702377119,1.3135328337628212e-07,OFFLOADED,1.0,No,1.0,1.0,0.0,False,False
3628,0.2513519525527954,3.321199875445551e-58,0.24301541871367713,5.5488638432173e-39,OFFLOADED,1.0,No,1.0,1.0,1.0,False,False
3629,0.45681047439575195,3.4081690976503816e-07,0.45338979355783304,7.505261626761203e-22,OFFLOADED,1.0,No,1.0,1.0,1.0,False,False
3630,0.9315634965896606,0.9999815824368132,1.0,1.0,ACCEPTED,0.0,Yes,0.0,0.0,0.0,True,True
3631,0.35191217064857483,1.6649989295010494e-16,0.9892102189669676,0.9999999996543791,OFFLOADED,1.0,No,1.0,0.0,1.0,False,True
3632,0.8311429619789124,0.977520046920339,1.0,1.0,ACCEPTED,0.0,Yes,0.0,0.0,0.0,True,True
3633,0.706479012966156,0.5481138506097862,0.758444821332879,0.08411121245977954,OFFLOADED,1.0,No,1.0,1.0,1.0,True,False
3634,0.2514045238494873,2.7738841696649658e-58,0.6589026744419177,4.180742171148505e-06,OFFLOADED,1.0,No,1.0,1.0,1.0,False,False
3635,0.25513753294944763,8.331192594701918e-55,0.3499418922237146,4.79777615285806e-31,OFFLOADED,1.0,No,1.0,1.0,0.0,False,False
3636,0.26836591958999634,3.8550230155966e-43,0.5676075385008283,9.587453183904431e-12,OFFLOADED,1.0,No,0.0,0.0,1.0,False,False
3637,0.37542030215263367,9.322992111850845e-14,0.5743235343528489,3.767056231972608e-11,OFFLOADED,1.0,No,0.0,1.0,1.0,False,False
3638,0.29383501410484314,2.703089957283651e-30,0.7048828943512003,0.001014805828556242,OFFLOADED,0.0,Yes,0.0,0.0,0.0,False,False
3639,0.2751998007297516,3.6991515730965604e-39,0.6210100014689782,3.8384805897099467e-08,OFFLOADED,1.0,No,1.0,1.0,1.0,False,False
3640,0.2725389897823334,1.08905083861368e-40,0.7788955366665242,0.15520319379241443,OFFLOADED,1.0,No,1.0,1.0,1.0,False,False
3641,0.3043172061443329,2.166561172918411e-26,0.5554316612945804,7.035091076889542e-13,OFFLOADED,1.0,No,1.0,1.0,0.0,False,False
3642,0.26722824573516846,4.943242033616617e-44,0.40560201606259905,7.085691259835115e-26,OFFLOADED,1.0,No,1.0,1.0,1.0,False,False
3643,0.7406529188156128,0.7779057185326278,0.822595073642497,0.5483974757923643,OFFLOADED,0.0,Yes,0.0,0.0,0.0,True,False
3644,0.37552204728126526,9.17602433486963e-14,0.5796290779239109,8.65661529845609e-11,OFFLOADED,1.0,No,0.0,1.0,1.0,False,False
3645,0.25800034403800964,1.1517321795620282e-51,0.5931913902456055,1.174264999878925e-09,OFFLOADED,1.0,No,1.0,1.0,1.0,False,False
3646,0.7924169898033142,0.9220866027308132,0.3880172548256101,1.3468371918667984e-27,OFFLOADED,1.0,No,1.0,1.0,1.0,True,False
3647,0.8667141199111938,0.9979295139898219,0.5504039473136176,2.355376612691671e-13,OFFLOADED,1.0,No,1.0,1.0,1.0,True,False
3648,0.8475311398506165,0.9904269919713777,0.7387586741386695,0.02894087521001317,OFFLOADED,1.0,No,1.0,1.0,1.0,True,False
3649,0.8610608577728271,0.9962354885384903,0.7363181677089746,0.02357600797833861,OFFLOADED,0.0,Yes,0.0,0.0,0.0,True,False
3650,0.29206663370132446,6.289147769828939e-31,0.4250004107247118,2.910209526803878e-24,OFFLOADED,1.0,No,1.0,1.0,1.0,False,False
3651,0.2985156178474426,9.401214021329071e-29,0.6335434667029888,2.484785270288307e-07,OFFLOADED,1.0,No,1.0,1.0,0.0,False,False
3652,0.25762903690338135,3.988596429144326e-52,0.6337237367457427,2.4088989817289624e-07,OFFLOADED,1.0,No,1.0,1.0,0.0,False,False
3653,0.544571042060852,0.0006164525852674517,0.7103062836232944,0.0019517397030553065,OFFLOADED,1.0,No,0.0,1.0,1.0,False,False
3654,0.0,0.0,0.762346236823644,0.0904056307206097,OFFLOADED,0.0,Yes,0.0,0.0,0.0,False,False
3655,0.2541741132736206,4.0982585886104255e-56,0.47823377332122696,9.825417017699111e-20,OFFLOADED,1.0,No,0.0,1.0,1.0,False,False
3656,0.8107094764709473,0.9539996816364751,0.29998574509967446,7.612890704306903e-36,OFFLOADED,1.0,No,1.0,1.0,1.0,True,False
3657,0.8620465993881226,0.9965495143276839,0.9288197381929817,0.9999603836879483,ACCEPTED,0.0,Yes,0.0,0.0,0.0,True,True
3658,0.8526815176010132,0.9931171259188719,0.6093082887551531,9.253700734724715e-09,OFFLOADED,1.0,No,1.0,1.0,1.0,True,False
3659,0.2995885908603668,2.3918987993246302e-28,0.9522110040521301,0.9999991920763867,OFFLOADED,1.0,No,1.0,0.0,0.0,False,True
3660,0.3514591455459595,1.109437882026606e-16,0.651888078470974,2.1077813664016727e-06,OFFLOADED,1.0,No,1.0,1.0,0.0,False,False
3661,0.2654764950275421,2.8012239661479153e-45,0.44474378157481487,7.129602460110985e-23,OFFLOADED,1.0,No,1.0,1.0,1.0,False,False
3662,0.8809026479721069,0.9992504544626554,0.9849359189849342,0.9999999991485038,ACCEPTED,0.0,Yes,0.0,0.0,0.0,True,True
3663,0.2607186436653137,4.5860908467317146e-49,0.5068282742647037,2.8313971788566906e-17,OFFLOADED,1.0,No,0.0,1.0,1.0,False,False
3664,0.7548546195030212,0.8351822333242687,0.557375822937798,7.125868860064158e-13,OFFLOADED,1.0,No,1.0,1.0,1.0,True,False
3665,0.27677398920059204,1.5452809580177206e-38,0.29995236669863706,5.3364524407220515e-36,OFFLOADED,1.0,No,1.0,1.0,1.0,False,False
3666,0.45878487825393677,3.5799544845154e-07,0.8597597155757564,0.9280902611786843,OFFLOADED,1.0,No,1.0,1.0,1.0,False,True
3667,0.26356515288352966,1.1240852787917774e-46,0.45906932060021466,8.90124453073231e-22,OFFLOADED,1.0,No,1.0,1.0,1.0,False,False
3668,0.7455553412437439,0.7951119461215358,0.733611370572953,0.02213585734465869,OFFLOADED,1.0,No,1.0,1.0,0.0,True,False
3669,0.40617606043815613,1.0869850346473127e-10,0.8049005950728071,0.3586301493578594,OFFLOADED,1.0,No,0.0,1.0,1.0,False,False
3670,0.27471452951431274,1.1296703714092527e-39,0.5185461363533916,2.016066361913436e-16,OFFLOADED,1.0,No,1.0,1.0,1.0,False,False
3671,0.31105417013168335,1.8790337030263683e-24,0.39366405889778605,2.1889040239338376e-27,OFFLOADED,1.0,No,1.0,1.0,1.0,False,False
3672,0.2867395281791687,1.837515872616552e-33,0.9510993086600247,0.9999990033727708,OFFLOADED,1.0,No,1.0,0.0,0.0,False,True
3673,0.33115971088409424,1.5808047072763984e-19,0.5901704743384265,4.606713239832577e-10,OFFLOADED,1.0,No,1.0,0.0,0.0,False,False
3674,0.29184678196907043,3.077678067338443e-31,0.5976931641396637,1.5922959770932566e-09,OFFLOADED,1.0,No,0.0,1.0,1.0,False,False
3675,0.31606635451316833,4.2038498487965456e-23,0.6792268529999511,7.634329429078327e-05,OFFLOADED,1.0,No,0.0,1.0,1.0,False,False
3676,0.632905900478363,0.09019594017449692,0.8442784623376403,0.789379566907354,OFFLOADED,1.0,No,1.0,1.0,1.0,False,True
3677,0.946893036365509,0.9999888768711442,0.9677490860007826,0.9999999392333208,ACCEPTED,0.0,Yes,0.0,0.0,0.0,True,True
3678,0.2521911859512329,1.3592004179576932e-58,0.3767902653784242,3.525525975334179e-29,OFFLOADED,1.0,No,1.0,1.0,1.0,False,False
3679,0.7054250240325928,0.5136959924392919,0.7586502940224505,0.07708566524435684,OFFLOADED,1.0,No,1.0,1.0,1.0,False,False
3680,0.4550762474536896,2.1409347872376956e-07,0.6139397990229336,1.0986631440770433e-08,OFFLOADED,1.0,No,1.0,1.0,0.0,False,False
3681,0.30635973811149597,4.835660757586327e-26,0.4049897439786025,2.0295317978154913e-26,OFFLOADED,1.0,No,1.0,1.0,0.0,False,False
3682,0.7206381559371948,0.6267609483653436,0.5492065800321723,9.88866674706759e-14,OFFLOADED,1.0,No,1.0,1.0,1.0,False,False
3683,0.32618749141693115,8.100621649007297e-21,0.5158802952923505,8.749402598765596e-17,OFFLOADED,1.0,No,0.0,1.0,1.0,False,False
3684,0.2515042722225189,4.00705681207533e-59,0.4091847570159069,3.9179351140538095e-26,OFFLOADED,1.0,No,1.0,1.0,1.0,False,False
3685,0.8704103827476501,0.9980740771003673,0.8937711514998694,0.9972532770571897,ACCEPTED,1.0,No,1.0,1.0,1.0,True,True
3686,0.396806925535202,1.532429278241875e-11,0.9224620661616378,0.9998581322246373,OFFLOADED,1.0,No,1.0,0.0,0.0,False,True
3687,0.2622915804386139,5.467817885595543e-48,0.28136902726837354,2.1100636866037954e-37,OFFLOADED,1.0,No,1.0,1.0,1.0,False,False
3688,0.2689371407032013,2.3242517107891902e-43,0.48086238170012946,7.852657288756947e-20,OFFLOADED,1.0,No,1.0,1.0,1.0,False,False
3689,0.7807230353355408,0.8727808868718337,0.7531075731071057,0.054830291226446615,OFFLOADED,1.0,No,1.0,1.0,1.0,False,True
3690,0.7609961032867432,0.8192071960182679,0.7898152778687886,0.2164189752226113,OFFLOADED,0.0,Yes,0.0,0.0,0.0,True,False
3691,0.25380921363830566,5.056664423369541e-57,0.5107626221935564,2.962675764700798e-17,OFFLOADED,1.0,No,1.0,1.0,1.0,False,False
3692,0.518843412399292,7.203700017307477e-05,0.3007763700741375,2.380413204665768e-36,OFFLOADED,1.0,No,1.0,1.0,1.0,False,False
3693,0.251748263835907,3.5855113935760713e-59,0.7264151053363741,0.010831918528249943,OFFLOADED,1.0,No,1.0,1.0,1.0,False,False
3694,0.281910240650177,4.267172001565788e-36,0.6546762840437499,2.0206677178940023e-06,OFFLOADED,1.0,No,0.0,0.0,1.0,False,False
3695,0.26921749114990234,2.9596483758549547e-43,0.5253289683361944,5.767105608499845e-16,OFFLOADED,1.0,No,1.0,1.0,1.0,False,False
3696,0.2970580756664276,1.005051522059597e-29,0.8193379788610352,0.5107321527886093,OFFLOADED,1.0,No,1.0,0.0,0.0,False,False
3697,0.2513469159603119,2.0746885752813594e-59,0.464668371348222,1.871069493669544e-21,OFFLOADED,1.0,No,1.0,1.0,1.0,False,False
3698,0.2834537625312805,2.988252993420559e-35,0.5002922688920624,4.407799320397333e-18,OFFLOADED,1.0,No,1.0,1.0,0.0,False,False
3699,0.4958762228488922,1.824976366749983e-05,0.5594646644937284,8.59144139698363e-13,OFFLOADED,1.0,No,1.0,1.0,1.0,False,False
3700,0.32480043172836304,2.8740341090933933e-21,0.44590341970510755,3.241762907265433e-23,OFFLOADED,1.0,No,0.0,1.0,1.0,False,False
3701,0.25877878069877625,8.23993026581048e-52,0.3063691007356578,5.1770863167768744e-36,OFFLOADED,1.0,No,1.0,1.0,1.0,False,False
3702,0.8831544518470764,0.9992558620310602,0.76100901638016,0.08285829194620842,OFFLOADED,0.0,Yes,0.0,0.0,0.0,True,False
3703,0.3533494174480438,1.2342928075231586e-16,0.8009083243008275,0.3274727701653508,OFFLOADED,0.0,Yes,0.0,0.0,0.0,False,False
3704,0.3565926253795624,3.218012224705762e-16,0.8136510034519949,0.46155283826454757,OFFLOADED,1.0,No,1.0,0.0,0.0,False,False
3705,0.3159131407737732,2.3147377601593788e-23,0.5953087772075217,1.0574612034716226e-09,OFFLOADED,1.0,No,1.0,1.0,1.0,False,False
3706,0.884080171585083,0.999348428944994,0.8793058967222445,0.9870124643847448,ACCEPTED,1.0,No,1.0,1.0,1.0,True,True
3707,0.27169761061668396,5.998495280527919e-42,0.9479844548400463,0.999998166273937,OFFLOADED,1.0,No,1.0,0.0,0.0,False,True
3708,0.28690025210380554,9.460851132387098e-34,0.8327004211330208,0.6896501105681004,OFFLOADED,1.0,No,1.0,1.0,1.0,False,True
3709,0.27860626578330994,5.514960120737628e-38,0.6924432425118914,0.00028668722213848495,OFFLOADED,1.0,No,1.0,1.0,1.0,False,False
3710,0.39592429995536804,1.0783784902166537e-11,0.3168520943849941,4.971986565194632e-35,OFFLOADED,1.0,No,1.0,1.0,1.0,False,False
3711,0.25388219952583313,2.6096729581464915e-57,0.6728970335346378,2.438223899922311e-05,OFFLOADED,1.0,No,1.0,0.0,1.0,False,False
3712,0.2716861963272095,4.6859018107174215e-42,0.7503358163561863,0.05348214155944123,OFFLOADED,1.0,No,1.0,1.0,1.0,False,False
3713,0.29750967025756836,1.0578427275118233e-29,0.7396064529986511,0.028449506054573484,OFFLOADED,1.0,No,1.0,1.0,1.0,False,False
3714,0.35002970695495605,3.6859273997035075e-17,0.9481167491537021,0.9999982342142066,OFFLOADED,1.0,No,1.0,0.0,0.0,False,True
3715,0.26911330223083496,1.1989866356193616e-43,0.4451498978086628,2.4596877272876226e-23,OFFLOADED,1.0,No,1.0,1.0,0.0,False,False
3716,0.9430787563323975,0.9999863560591468,0.7204002592701194,0.0054032204801021805,OFFLOADED,0.0,Yes,0.0,0.0,0.0,True,False
3717,0.8372253775596619,0.9770403896227109,0.8227878243360527,0.572614833744779,OFFLOADED,0.0,Yes,0.0,0.0,0.0,True,False
3718,0.4728488028049469,1.4858121944399451e-06,0.8403831060685442,0.7635448939462643,OFFLOADED,0.0,Yes,0.0,0.0,0.0,False,False
3719,0.8983411192893982,0.9998063663851203,0.7821809866944993,0.1887202518403273,OFFLOADED,1.0,No,1.0,1.0,1.0,True,False
3720,0.7667759656906128,0.8451473837087186,0.7401129044474175,0.027802802733190923,OFFLOADED,1.0,No,1.0,1.0,0.0,False,False
3721,0.0,0.0,0.7693670305364662,0.11528238965234118,OFFLOADED,0.0,Yes,0.0,0.0,0.0,False,False
3722,0.8946542143821716,0.9997062711568443,0.7769326887034959,0.15249429541065818,OFFLOADED,1.0,No,1.0,1.0,0.0,True,False
3723,0.2578679323196411,7.039913188883563e-53,0.4580683749158087,2.8604818463562904e-22,OFFLOADED,1.0,No,1.0,1.0,1.0,False,False
3724,0.8640105724334717,0.9964772219958254,0.7265496366854026,0.010192672135312547,OFFLOADED,0.0,Yes,0.0,0.0,0.0,True,False
3725,0.32101255655288696,2.756104931173569e-22,0.5284080863472838,1.1154669332053475e-15,OFFLOADED,1.0,No,1.0,0.0,1.0,False,False
3726,0.6046487092971802,0.019719408964053494,0.9161940568961003,0.999684655238854,ACCEPTED,0.0,Yes,0.0,0.0,0.0,True,True
3727,0.3027472198009491,1.715213354461349e-27,0.5365823798495425,6.076248599766533e-15,OFFLOADED,1.0,No,0.0,1.0,1.0,False,False
3728,0.26008254289627075,7.503229696337097e-51,0.17321837945116866,8.281289517860705e-43,OFFLOADED,1.0,No,1.0,1.0,1.0,False,False
3729,0.2523440420627594,3.3617891889617453e-59,0.3709821396350092,4.932986309160639e-30,OFFLOADED,1.0,No,1.0,1.0,1.0,False,False
3730,0.41979697346687317,1.297178883044817e-09,0.9835826507849822,0.9999999990043694,OFFLOADED,1.0,No,1.0,0.0,1.0,False,True
3731,0.8707853555679321,0.9981321479527747,0.866292325489518,0.9621047712269493,ACCEPTED,1.0,No,1.0,1.0,1.0,True,True
3732,0.25880542397499084,4.2541556491979805e-52,0.5361381732988978,5.308781754000134e-15,OFFLOADED,1.0,No,1.0,1.0,1.0,False,False
3733,0.8010931611061096,0.920908888486065,0.9734362354879191,0.9999999833167413,ACCEPTED,0.0,Yes,0.0,0.0,0.0,True,True
3734,0.25377750396728516,1.2278212118713112e-57,0.9607480808102311,0.9999998286701128,OFFLOADED,0.0,Yes,0.0,0.0,0.0,False,True
3735,0.269625723361969,2.217510856170478e-43,0.24551146104128962,4.199325532644193e-40,OFFLOADED,1.0,No,1.0,1.0,1.0,False,False
3736,0.2554428279399872,7.733644481247444e-56,0.49353969772350403,8.667349269402589e-19,OFFLOADED,1.0,No,1.0,1.0,1.0,False,False
3737,0.2528514564037323,1.2078441090131109e-58,0.802953011686705,0.36222522224831527,OFFLOADED,1.0,No,1.0,1.0,1.0,False,False
3738,0.0,0.0,0.5588547372796979,6.537590179319987e-13,OFFLOADED,0.0,Yes,0.0,0.0,0.0,False,False
3739,0.2802431285381317,3.509707373168242e-37,0.6226363404366607,2.884430788414854e-08,OFFLOADED,1.0,No,1.0,0.0,0.0,False,False
3740,0.25832319259643555,1.3623389549082496e-52,0.17709462972707563,8.377566636382666e-43,OFFLOADED,1.0,No,1.0,1.0,1.0,False,False
3741,0.3264352083206177,6.755051695540344e-21,0.2245977833207006,3.740685779056348e-41,OFFLOADED,1.0,No,1.0,1.0,1.0,False,False
3742,0.258434921503067,1.5549426414106442e-52,0.4978102002856803,2.172770771503197e-18,OFFLOADED,1.0,No,1.0,1.0,1.0,False,False
3743,0.28645554184913635,3.787211791632172e-34,0.20393022468582192,5.083461886770992e-42,OFFLOADED,1.0,No,1.0,1.0,1.0,False,False
3744,0.27574458718299866,7.0359332416883714e-40,0.4771193741212591,2.5311952326986266e-20,OFFLOADED,1.0,No,1.0,1.0,1.0,False,False
3745,0.7693536281585693,0.848332886571627,0.901893434584938,0.9983833181768066,ACCEPTED,0.0,Yes,0.0,0.0,0.0,True,True
3746,0.27309951186180115,2.4644781663278634e-41,0.6828841087338288,0.00010252056609078856,OFFLOADED,1.0,No,1.0,1.0,1.0,False,False
3747,0.28141117095947266,1.1233098886775428e-36,0.5552694501141183,3.041560540327737e-13,OFFLOADED,1.0,No,1.0,0.0,0.0,False,False
3748,0.251385897397995,3.672769363971958e-60,0.057218696640374746,4.535451534325838e-44,OFFLOADED,1.0,No,1.0,1.0,1.0,False,False
3749,0.25698715448379517,3.453429599635726e-54,0.7259709120675376,0.009870117339300068,OFFLOADED,1.0,No,1.0,0.0,1.0,False,False
3750,0.2907308042049408,3.931322051154162e-32,0.47478279801693274,1.6113980878049e-20,OFFLOADED,1.0,No,1.0,1.0,1.0,False,False
3751,0.425059974193573,3.4231303414788097e-09,0.3761907904321955,1.0369649599026459e-29,OFFLOADED,1.0,No,1.0,1.0,1.0,False,False
3752,0.615556001663208,0.03515179814463633,0.9128270379620056,0.9995468428988349,OFFLOADED,1.0,No,0.0,0.0,1.0,False,True
3753,0.2921227216720581,1.1973373189201224e-31,0.3505634675883101,4.452581995202084e-32,OFFLOADED,1.0,No,1.0,1.0,1.0,False,False
3754,0.48559999465942383,6.1270598946724965e-06,0.7671825424748803,0.10494186755633082,OFFLOADED,1.0,No,1.0,0.0,0.0,False,False
3755,0.6765937209129333,0.26278544743868265,0.7836012959891321,0.1878129835159725,OFFLOADED,0.0,Yes,0.0,0.0,0.0,False,False
3756,0.2563651502132416,4.382760932666497e-55,0.15133226211074507,1.9336678367035596e-43,OFFLOADED,1.0,No,1.0,1.0,1.0,False,False
3757,0.43892425298690796,2.4594150118411858e-08,0.6001213833336089,2.02838821518871e-09,OFFLOADED,1.0,No,1.0,1.0,1.0,False,False
3758,0.4040943682193756,4.6651872891134e-11,0.6163796459428539,1.625431956330002e-08,OFFLOADED,1.0,No,1.0,1.0,1.0,False,False
3759,0.6749691367149353,0.26548978388865113,0.8848100212924612,0.9922241783452135,OFFLOADED,0.0,Yes,0.0,0.0,0.0,False,True
3760,0.45329198241233826,1.5720687678440583e-07,0.6452304544752614,8.515889126545333e-07,OFFLOADED,0.0,Yes,0.0,0.0,0.0,False,False
3761,0.25719577074050903,4.194581249758763e-54,0.4904567850184267,4.756268357347844e-19,OFFLOADED,1.0,No,1.0,1.0,1.0,False,False
3762,0.354819118976593,1.610542530436422e-16,0.9209403181443967,0.9998611824026128,OFFLOADED,1.0,No,1.0,1.0,1.0,False,True
3763,0.40208500623703003,3.339622747518724e-11,0.6831158639555698,0.00011672265641729296,OFFLOADED,1.0,No,1.0,1.0,0.0,False,False
3764,0.730972945690155,0.7046766553667276,0.9072059129873244,0.9991859808056525,ACCEPTED,0.0,Yes,0.0,0.0,0.0,True,True
3765,0.31123587489128113,7.13820600349935e-25,0.5777732258437113,3.380273672214425e-11,OFFLOADED,1.0,No,1.0,0.0,0.0,False,False
3766,0.3200395703315735,1.1737468487636424e-22,0.25684835774882686,1.337627686100066e-39,OFFLOADED,1.0,No,1.0,1.0,1.0,False,False
3767,0.3013986647129059,3.0846278409932163e-28,0.39627895337063923,1.2399637750668444e-27,OFFLOADED,1.0,No,1.0,1.0,1.0,False,False
3768,0.6335648894309998,0.09286385244763927,0.88930368343868,0.9959229081230054,OFFLOADED,0.0,Yes,0.0,0.0,0.0,False,True
3769,0.8121076822280884,0.9529958876210234,0.8071747497205299,0.3949238714274578,ACCEPTED,0.0,Yes,0.0,0.0,0.0,True,True
3770,0.321732759475708,2.8784715093920335e-22,0.9876036871621677,0.9999999998012631,OFFLOADED,1.0,No,1.0,0.0,0.0,False,True
3771,0.2559259831905365,8.829501170940263e-56,0.26076069323408085,2.32080716058988e-39,OFFLOADED,1.0,No,1.0,1.0,1.0,False,False
3772,0.6429464817047119,0.1413145820391549,0.7082679093835552,0.0014318220763422642,OFFLOADED,1.0,No,1.0,1.0,1.0,False,False
3773,0.317390501499176,3.04942157902551e-23,0.8725601117718886,0.9763921940007482,OFFLOADED,1.0,No,1.0,0.0,0.0,False,True
3774,0.8197149634361267,0.9646719948838208,0.6446466614372931,7.834060734013999e-07,OFFLOADED,1.0,No,1.0,1.0,1.0,True,False
3775,0.2870013117790222,3.8203295325676626e-34,0.32113833662024077,7.074522306628419e-35,OFFLOADED,1.0,No,1.0,1.0,1.0,False,False
3776,0.2517692446708679,1.9308196962339486e-60,0.20282807249365764,2.6385879231476242e-42,OFFLOADED,1.0,No,1.0,1.0,1.0,False,False
3777,0.29542791843414307,1.1497344544059978e-30,0.9087190597666228,0.999441182579698,OFFLOADED,1.0,No,1.0,0.0,0.0,False,True
3778,0.4209851920604706,1.4904782351742757e-09,0.626660772537992,5.697104154170001e-08,OFFLOADED,1.0,No,1.0,1.0,1.0,False,False
3779,0.8974955081939697,0.9997930006901398,0.9292372006776104,0.9999743226347572,ACCEPTED,0.0,Yes,0.0,0.0,0.0,True,True
3780,0.2528556287288666,2.5088644882075896e-59,0.4451769623347388,1.6953681271256204e-23,OFFLOADED,1.0,No,0.0,1.0,1.0,False,False
3781,0.2585483491420746,6.618152977006052e-53,0.6334183781038917,1.6604047746805313e-07,OFFLOADED,1.0,No,0.0,1.0,1.0,False,False
3782,0.26948657631874084,5.335528622265056e-44,0.6316237116065692,1.1780154548467166e-07,OFFLOADED,1.0,No,1.0,1.0,1.0,False,False
3783,0.2563779950141907,2.004621848442478e-55,0.5007320044143153,3.628889789846003e-18,OFFLOADED,1.0,No,1.0,1.0,1.0,False,False
3784,0.6783204078674316,0.3002230191191534,0.5363720717594038,4.833989347534774e-15,OFFLOADED,1.0,No,0.0,0.0,1.0,False,False
3785,0.38042107224464417,1.8748105911220272e-13,0.485992039219146,1.286955024226127e-19,OFFLOADED,1.0,No,1.0,1.0,1.0,False,False
3786,0.3210753798484802,1.5474945148937735e-22,0.20753154758429482,2.7251040914121196e-42,OFFLOADED,1.0,No,1.0,1.0,0.0,False,False
3787,0.3991643488407135,1.598804691868037e-11,0.9563204617494313,0.9999997812819974,OFFLOADED,1.0,No,1.0,0.0,0.0,False,True
3788,0.251505970954895,7.750968053414346e-61,0.4661992390506739,1.424349343734751e-21,OFFLOADED,1.0,No,0.0,1.0,1.0,False,False
3789,0.26802802085876465,3.9368439550368407e-45,0.7149520725740148,0.0034641703713701242,OFFLOADED,1.0,No,1.0,0.0,0.0,False,False
3790,0.2593451738357544,2.6290510144141978e-52,0.18077025829741278,3.3612146309265e-43,OFFLOADED,1.0,No,1.0,1.0,1.0,False,False
3791,0.5739808082580566,0.0034044946588714306,0.7711268816834035,0.13479778174056128,OFFLOADED,0.0,Yes,0.0,0.0,0.0,False,False
3792,0.9098845720291138,0.9999354969155163,0.8268768989435147,0.6377200076324248,ACCEPTED,0.0,Yes,0.0,0.0,0.0,True,True
3793,0.31524646282196045,6.638264239958759e-24,0.6105333963998049,7.030058436319589e-09,OFFLOADED,1.0,No,1.0,1.0,0.0,False,False
3794,0.26053115725517273,5.716925363277424e-51,0.3438837153468748,5.65731474171334e-33,OFFLOADED,1.0,No,1.0,1.0,1.0,False,False
3795,0.4837232232093811,5.301010566270178e-06,0.9425212501910535,0.999997471058054,OFFLOADED,1.0,No,1.0,1.0,0.0,False,True
3796,0.269467294216156,3.7082122600780864e-44,0.8294467619889155,0.6756244683462361,OFFLOADED,1.0,No,1.0,0.0,0.0,False,True
3797,0.32219254970550537,2.7227591325478516e-22,0.2661061985734657,3.668589382228943e-39,OFFLOADED,1.0,No,1.0,1.0,0.0,False,False
3798,0.26986345648765564,6.207731339086327e-44,0.7060683749392538,0.0012268086936270105,OFFLOADED,1.0,No,1.0,1.0,1.0,False,False
3799,0.3241139054298401,9.339587691673534e-22,0.38781616563572197,1.041483360828212e-28,OFFLOADED,1.0,No,1.0,1.0,1.0,False,False
3800,0.2508464753627777,3.870758690780741e-61,0.3374471040761985,1.3773410321190435e-33,OFFLOADED,1.0,No,1.0,1.0,1.0,False,False
3801,0.25409722328186035,2.096622758252881e-58,0.36826792212100223,1.2349371270413515e-30,OFFLOADED,1.0,No,1.0,1.0,1.0,False,False
3802,0.5807338953018188,0.00597634237806544,0.4929295325096739,6.181279909465906e-19,OFFLOADED,1.0,No,1.0,1.0,1.0,False,False
3803,0.26109373569488525,2.3920483210208584e-50,0.48147062976124044,4.372964960952983e-20,OFFLOADED,1.0,No,1.0,1.0,1.0,False,False
3804,0.8472995758056641,0.9890733390770918,0.9357160431807323,0.9999922585991045,ACCEPTED,0.0,Yes,0.0,0.0,0.0,True,True
3805,0.5010125041007996,2.6636177498048984e-05,0.527155928249755,7.869796345596075e-16,OFFLOADED,1.0,No,1.0,1.0,1.0,False,False
3806,0.25238272547721863,1.842665104161851e-60,0.5913806756077581,3.896982963087333e-10,OFFLOADED,1.0,No,1.0,1.0,1.0,False,False
3807,0.8041410446166992,0.9390297361746254,0.9331249140638639,0.9999886064801905,ACCEPTED,0.0,Yes,0.0,0.0,0.0,True,True
3808,0.29883185029029846,1.094023691759061e-29,0.44485286121780193,9.654133031051564e-24,OFFLOADED,1.0,No,1.0,1.0,1.0,False,False
3809,0.8837500214576721,0.9994545370293357,0.723492395180284,0.010554292891076606,OFFLOADED,0.0,Yes,0.0,0.0,0.0,True,False
3810,0.2833606004714966,3.5057245413101675e-36,0.7118300835691899,0.0027840496941527403,OFFLOADED,1.0,No,1.0,1.0,1.0,False,False
3811,0.2597130835056305,3.1439924685972644e-52,0.6007115103408388,1.575736411447386e-09,OFFLOADED,1.0,No,1.0,1.0,0.0,False,False
3812,0.6363900303840637,0.10062695666122272,0.8074321562043411,0.4340449560367833,OFFLOADED,0.0,Yes,0.0,0.0,0.0,False,True
3813,0.0,0.0,0.8282248906000307,0.6845671721858503,OFFLOADED,0.0,Yes,0.0,0.0,0.0,False,True
3814,0.3181576430797577,2.6953339174529524e-23,0.6827548199755896,0.00011816976450345948,OFFLOADED,1.0,No,1.0,0.0,0.0,False,False
3815,0.8533782362937927,0.9939093524720285,0.6554524550412734,2.9419960847282854e-06,OFFLOADED,1.0,No,1.0,1.0,1.0,True,False
3816,0.9290774464607239,0.9999819344362301,0.6381493659411055,3.599551302598676e-07,OFFLOADED,0.0,Yes,0.0,0.0,0.0,True,False
3817,0.3974120318889618,9.912324379266925e-12,0.7827453892275061,0.22249324614496765,OFFLOADED,0.0,Yes,0.0,0.0,0.0,False,False
3818,0.26215603947639465,1.824203705834162e-49,0.4175212689928595,5.79917906087294e-26,OFFLOADED,1.0,No,0.0,1.0,1.0,False,False
3819,0.255539208650589,6.410943373833704e-57,0.32317012918896143,4.829575810618156e-35,OFFLOADED,1.0,No,1.0,1.0,1.0,False,False
3820,0.3223051428794861,2.625537344126293e-22,0.7985098894048057,0.38335194584004256,OFFLOADED,1.0,No,0.0,1.0,1.0,False,False
3821,0.891314685344696,0.9997032390434849,0.9339934354257561,0.9999912324026793,ACCEPTED,0.0,Yes,0.0,0.0,0.0,True,True
3822,0.8752596378326416,0.9990006058242878,0.9249002482210844,0.9999541761234776,ACCEPTED,0.0,Yes,0.0,0.0,0.0,True,True
3823,0.927617073059082,0.99998355874313,0.9361714826650088,0.9999946250112609,ACCEPTED,0.0,Yes,0.0,0.0,0.0,True,True
3824,0.8875494599342346,0.9996413266723305,1.0,1.0,ACCEPTED,0.0,Yes,0.0,0.0,0.0,True,True
3825,0.49244919419288635,1.3371504751185855e-05,0.6111996613107842,7.608349388642962e-09,OFFLOADED,1.0,No,1.0,1.0,1.0,False,False
3826,0.35862600803375244,3.6142670281746163e-16,0.29966777593614385,2.501278291084561e-37,OFFLOADED,1.0,No,1.0,1.0,1.0,False,False
3827,0.9191066026687622,0.9999749104834259,1.0,1.0,ACCEPTED,0.0,Yes,0.0,0.0,0.0,True,True
3828,0.33307889103889465,1.2871022674867588e-19,0.5091822915842648,1.594245318092627e-17,OFFLOADED,1.0,No,1.0,1.0,1.0,False,False
3829,0.29680630564689636,1.3011102449676416e-30,0.4598708349505224,1.9342587234061532e-22,OFFLOADED,1.0,No,1.0,1.0,1.0,False,False
3830,0.6815605759620667,0.3167307406588554,0.5712651302517425,8.679930090437779e-12,OFFLOADED,0.0,Yes,0.0,0.0,0.0,True,False
3831,0.39956849813461304,1.5874606131547866e-11,0.5377388429265595,6.768534120186193e-15,OFFLOADED,1.0,No,1.0,1.0,1.0,False,False
3832,0.9174281358718872,0.9999741489302866,0.8978885825519191,0.9986345083200445,ACCEPTED,1.0,No,1.0,1.0,1.0,True,True
3833,0.25691887736320496,2.5691283142029942e-55,0.6709058340942229,2.018660213677246e-05,OFFLOADED,1.0,No,1.0,0.0,0.0,False,False
3834,0.25493985414505005,7.198278605822472e-58,0.7316435411194507,0.02197102672285721,OFFLOADED,1.0,No,0.0,1.0,1.0,False,False
3835,0.3526805639266968,5.341910899270247e-17,0.4380005386148423,2.786548975687295e-24,OFFLOADED,1.0,No,0.0,1.0,1.0,False,False
3836,0.5301855206489563,0.00017080820186014304,0.5655996839950092,2.7366096704241073e-12,OFFLOADED,1.0,No,0.0,1.0,1.0,False,False
3837,0.6064692139625549,0.025394004647643402,0.6374826246590898,3.50146773735942e-07,OFFLOADED,1.0,No,1.0,1.0,1.0,False,False
3838,0.9352911710739136,0.9999902815346884,0.7696877673336826,0.14926599809615101,ACCEPTED,1.0,No,1.0,1.0,1.0,True,True
3839,0.48387253284454346,4.179866179648223e-06,0.765260982066914,0.12523740026666888,OFFLOADED,1.0,No,1.0,1.0,1.0,False,False
3840,0.7000192403793335,0.4779154274712692,0.7661727044117371,0.12241441831689022,OFFLOADED,0.0,Yes,0.0,0.0,0.0,False,False
3841,0.5688334703445435,0.0023708540159374123,0.772691696124627,0.15600988637630334,OFFLOADED,1.0,No,1.0,1.0,1.0,False,False
3842,0.29373008012771606,9.281638691987204e-32,0.3166734282918366,6.013583782869614e-36,OFFLOADED,1.0,No,1.0,1.0,1.0,False,False
3843,0.25984543561935425,2.1400183578801873e-52,0.7013917025742923,0.0006266489241478459,OFFLOADED,1.0,No,1.0,1.0,1.0,False,False
3844,0.7830712795257568,0.89712583394387,0.9492797736309219,0.9999994180316807,ACCEPTED,0.0,Yes,0.0,0.0,0.0,True,True
3845,0.8438597321510315,0.9887568944779055,0.8708569299712214,0.9769978482163776,ACCEPTED,1.0,No,1.0,1.0,0.0,True,True
3846,0.3197302222251892,3.458893106268448e-23,0.6106057173063381,5.394292220300482e-09,OFFLOADED,1.0,No,1.0,0.0,1.0,False,False
3847,0.2623277008533478,1.2246000348081994e-49,0.37597559340656994,2.584963381971255e-30,OFFLOADED,1.0,No,1.0,1.0,1.0,False,False
3848,0.3094569146633148,5.698694543766906e-26,0.4172350910025495,3.1315828425752774e-26,OFFLOADED,1.0,No,1.0,1.0,0.0,False,False
3849,0.2574310004711151,5.689663544400954e-55,0.24806559522976127,6.057646801887812e-41,OFFLOADED,1.0,No,1.0,1.0,1.0,False,False
3850,0.270513653755188,5.98721540682298e-44,0.7917377942956493,0.29512294684592205,OFFLOADED,1.0,No,1.0,1.0,1.0,False,False
3851,0.74671870470047,0.8097923830284027,1.0,1.0,ACCEPTED,1.0,No,1.0,0.0,0.0,True,True
3852,0.32084110379219055,6.150207367579817e-23,0.6470332983123003,8.812632058490743e-07,OFFLOADED,1.0,No,0.0,1.0,1.0,False,False
3853,0.341869056224823,1.841734422258756e-18,0.39708692887807195,3.826160191173659e-28,OFFLOADED,1.0,No,0.0,1.0,1.0,False,False
3854,0.5395405888557434,0.00035219007730078215,0.4346518734629953,1.0775712563509837e-24,OFFLOADED,1.0,No,1.0,1.0,1.0,False,False
3855,0.3740472197532654,1.6271358425350305e-14,0.44655436655097264,8.531991702249232e-24,OFFLOADED,1.0,No,0.0,1.0,0.0,False,False
3856,0.2685559391975403,1.98865361336593e-45,0.9091385555879012,0.9995026438891375,OFFLOADED,1.0,No,0.0,1.0,1.0,False,True
3857,0.26896315813064575,3.9983737591704476e-45,0.2884119475930375,2.208245185945579e-38,OFFLOADED,1.0,No,1.0,1.0,1.0,False,False
3858,0.3221639096736908,1.136995244492508e-22,0.9635636630538658,0.9999999528892086,OFFLOADED,0.0,Yes,0.0,0.0,0.0,False,True
3859,0.7427550554275513,0.7851868127802599,0.8472205869786968,0.8445198600145748,OFFLOADED,0.0,Yes,0.0,0.0,0.0,False,True
3860,0.2613591253757477,1.1582128779178542e-50,0.6961600943813422,0.00033472987849791057,OFFLOADED,1.0,No,1.0,1.0,1.0,False,False
3861,0.31822651624679565,1.3270823208649935e-23,0.4421319455680606,3.2370782243051603e-24,OFFLOADED,1.0,No,1.0,0.0,0.0,False,False
3862,0.2502041757106781,4.695795700326684e-62,0.31062062880366026,1.0890001306484603e-36,OFFLOADED,1.0,No,1.0,1.0,1.0,False,False
3863,0.9199110269546509,0.999976462477259,0.8983820589463467,0.9985087251257591,ACCEPTED,1.0,No,1.0,1.0,0.0,True,True
3864,0.26404517889022827,1.5688221953696655e-48,0.3019704995594298,1.4131675499617196e-37,OFFLOADED,1.0,No,1.0,1.0,1.0,False,False
3865,0.8263255953788757,0.9744837165827975,1.0,1.0,ACCEPTED,0.0,Yes,0.0,0.0,0.0,True,True
3866,0.8013749718666077,0.9438527426227308,0.6667553830139625,7.940419812755326e-06,OFFLOADED,0.0,Yes,0.0,0.0,0.0,True,False
3867,0.37092071771621704,7.257354309004128e-15,0.31969090325430005,8.511887818476772e-36,OFFLOADED,1.0,No,1.0,1.0,1.0,False,False
3868,0.36189061403274536,6.490958987440222e-16,0.6432475323613169,5.644547320326383e-07,OFFLOADED,0.0,Yes,0.0,0.0,0.0,False,False
3869,0.7462575435638428,0.8116804797951598,0.3183572938131027,6.082115240202011e-36,OFFLOADED,1.0,No,1.0,1.0,1.0,True,False
3870,0.7901599407196045,0.9166974832122021,0.6235738899554705,2.7450481241003484e-08,OFFLOADED,1.0,No,1.0,1.0,1.0,True,False
3871,0.265369713306427,1.3518982415507852e-47,0.46657277179700823,8.420892869872104e-22,OFFLOADED,1.0,No,1.0,1.0,1.0,False,False
3872,0.2572666108608246,1.878166812651647e-55,0.5162024818337998,4.7455399867211914e-17,OFFLOADED,1.0,No,0.0,1.0,1.0,False,False
3873,0.2636374235153198,6.943286474399917e-49,0.2595874697885148,1.5714150805528646e-40,OFFLOADED,1.0,No,1.0,1.0,1.0,False,False
3874,0.2541331946849823,2.4778218520833372e-59,0.20535675409537085,2.6756340663117688e-43,OFFLOADED,1.0,No,1.0,1.0,1.0,False,False
3875,0.39322519302368164,3.0970008240608264e-12,1.0,1.0,OFFLOADED,1.0,No,1.0,0.0,0.0,False,True
3876,0.7666488885879517,0.8648664613148364,0.9666941323929273,0.9999999745658557,OFFLOADED,0.0,Yes,0.0,0.0,0.0,False,True
3877,0.46096622943878174,2.5572306687166527e-07,0.8073320537366833,0.43391424556166924,OFFLOADED,1.0,No,1.0,0.0,0.0,False,False
3878,0.7875743508338928,0.9109969323616052,1.0,1.0,ACCEPTED,0.0,Yes,0.0,0.0,0.0,True,True
3879,0.5394275784492493,0.00033320046219388144,0.9409560790703188,0.9999972375525898,OFFLOADED,0.0,Yes,0.0,0.0,0.0,False,True
3880,0.32178905606269836,8.600512840817092e-23,0.9607293013709252,0.9999999300104088,OFFLOADED,0.0,Yes,0.0,0.0,0.0,False,True
3881,0.8527769446372986,0.9942727407869715,0.9639480954431996,0.999999964941661,ACCEPTED,0.0,Yes,0.0,0.0,0.0,True,True
3882,0.7405678629875183,0.7860902163926793,0.5700454845184318,5.808571677032103e-12,OFFLOADED,0.0,Yes,0.0,0.0,0.0,False,False
3883,0.3478844165802002,6.559666159864854e-18,0.7782505419959244,0.17438716815771793,OFFLOADED,1.0,No,1.0,1.0,1.0,False,False
3884,0.9251631498336792,0.9999854072898877,0.9242061696278481,0.9999389973249813,ACCEPTED,0.0,Yes,0.0,0.0,0.0,True,True
3885,0.3200405538082123,3.040974249946288e-23,0.9477806421630959,0.9999992452377836,OFFLOADED,1.0,No,0.0,1.0,1.0,False,True
3886,0.30039161443710327,2.298937336894123e-29,0.428048410339242,2.3915650106209276e-25,OFFLOADED,1.0,No,1.0,1.0,0.0,False,False
3887,0.4026198983192444,2.2394435068717038e-11,0.8201465493085343,0.6121215995748577,OFFLOADED,0.0,Yes,0.0,0.0,0.0,False,True
3888,0.40073689818382263,1.6026312265737816e-11,0.5564256787055515,2.8070231908531226e-13,OFFLOADED,0.0,Yes,0.0,0.0,0.0,False,False
3889,0.4532102346420288,1.1721672488408024e-07,0.961699576475298,0.9999999489658944,OFFLOADED,0.0,Yes,0.0,0.0,0.0,False,True
3890,0.7080086469650269,0.5639420477199384,0.6662045809621875,7.924558453558746e-06,OFFLOADED,1.0,No,1.0,1.0,1.0,True,False
3891,0.39752569794654846,8.863908069529771e-12,0.8776207159710718,0.9876178571127501,OFFLOADED,1.0,No,1.0,1.0,1.0,False,True
3892,0.26750221848487854,2.9533948528999775e-46,0.597248793297947,7.020012419725856e-10,OFFLOADED,1.0,No,1.0,1.0,1.0,False,False
3893,0.9083431363105774,0.9999590583178998,1.0,1.0,ACCEPTED,0.0,Yes,0.0,0.0,0.0,True,True
3894,0.6502494812011719,0.1753498120006729,0.5003839035121816,1.95873138776037e-18,OFFLOADED,1.0,No,1.0,1.0,1.0,False,False
3895,0.3427084982395172,1.828800452729766e-18,0.821651611269816,0.6414674708108404,OFFLOADED,0.0,Yes,0.0,0.0,0.0,False,True
3896,0.319572776556015,2.439461528780309e-23,0.39642684046667587,2.394655476793105e-28,OFFLOADED,1.0,No,1.0,1.0,1.0,False,False
3897,0.31002679467201233,5.886129912258983e-26,0.6668466678856002,8.314186832830925e-06,OFFLOADED,1.0,No,1.0,1.0,1.0,False,False
3898,0.46596667170524597,4.701433215473205e-07,0.7465935240346876,0.046122191332312705,OFFLOADED,1.0,No,1.0,0.0,0.0,False,False
3899,0.3045932948589325,9.828711616421331e-28,0.6774055821109223,5.0195618195460266e-05,OFFLOADED,1.0,No,1.0,1.0,1.0,False,False
3900,0.3316303491592407,4.044228191016289e-20,0.38666222393700017,1.8512454791418333e-29,OFFLOADED,1.0,No,1.0,1.0,1.0,False,False
3901,0.28176912665367126,1.0538795759993848e-37,0.504858487579735,4.7335093196593446e-18,OFFLOADED,1.0,No,1.0,0.0,0.0,False,False
3902,0.27877795696258545,2.6910205730215197e-39,0.3444843514054394,1.2800395106245197e-33,OFFLOADED,1.0,No,1.0,1.0,1.0,False,False
3903,0.2611560821533203,3.1425433734085723e-51,0.2761047510599202,2.3367350137149715e-39,OFFLOADED,1.0,No,1.0,1.0,1.0,False,False
3904,0.8404356241226196,0.9874585929410286,0.7378950366277083,0.028688125637712617,ACCEPTED,1.0,No,1.0,1.0,0.0,True,True
3905,0.35048428177833557,1.5320787121250927e-17,0.7567845088415245,0.08141161531857745,OFFLOADED,1.0,No,1.0,0.0,0.0,False,False
3906,0.29050883650779724,2.2226842709278127e-33,0.3082017077511029,3.5674968662651524e-37,OFFLOADED,1.0,No,1.0,1.0,1.0,False,False
3907,0.5523922443389893,0.0008306941958346778,0.5243486544402498,2.503340316778201e-16,OFFLOADED,1.0,No,1.0,1.0,1.0,False,False
3908,0.3492318391799927,8.283189337720515e-18,0.37044781879073985,4.448866658473583e-31,OFFLOADED,1.0,No,0.0,1.0,1.0,False,False
3909,0.39299216866493225,2.647681181780214e-12,0.9453022032531123,0.9999987659850684,OFFLOADED,1.0,No,1.0,0.0,1.0,False,True
3910,0.9556481838226318,0.9999960677344623,1.0,1.0,ACCEPTED,1.0,No,1.0,1.0,1.0,True,True
3911,0.25133925676345825,1.5423389180812395e-62,0.18910499263422917,4.0493873614729316e-44,OFFLOADED,1.0,No,1.0,1.0,1.0,False,False
3912,0.808009147644043,0.9563808381644233,0.434619550077922,8.1180712593833405e-25,OFFLOADED,1.0,No,1.0,1.0,1.0,True,False
3913,0.4318489134311676,5.912770289077853e-09,0.6027201855146834,1.486570252599899e-09,OFFLOADED,1.0,No,1.0,1.0,1.0,False,False
3914,0.9362307786941528,0.9999912683947814,0.9787892730347318,0.9999999989534635,ACCEPTED,0.0,Yes,0.0,0.0,0.0,True,True
3915,0.8760641813278198,0.9992137338370488,0.550753269405042,7.684372515588797e-14,OFFLOADED,1.0,No,1.0,1.0,1.0,True,False
3916,0.9212773442268372,0.9999795958218648,0.9810206351265216,0.9999999994238173,ACCEPTED,0.0,Yes,0.0,0.0,0.0,True,True
3917,0.29834413528442383,1.4256400141723232e-30,0.8477516805246705,0.8682955603153997,OFFLOADED,0.0,Yes,0.0,0.0,0.0,False,False
3918,0.2715621888637543,9.455473119110511e-44,0.5727214983510823,7.617436422031552e-12,OFFLOADED,1.0,No,1.0,1.0,1.0,False,False
3919,0.3907119035720825,1.4559106506027784e-12,1.0,1.0,OFFLOADED,1.0,No,1.0,0.0,0.0,False,True
3920,0.2625095546245575,3.579829109398875e-50,0.31205102914899185,6.42225149986552e-37,OFFLOADED,1.0,No,0.0,1.0,1.0,False,False
3921,0.26876768469810486,1.0873298092805872e-45,0.7382543209292157,0.029511095928683624,OFFLOADED,1.0,No,1.0,1.0,1.0,False,False
3922,0.3224148154258728,9.193270462699365e-23,0.9277037370335492,0.9999743556980106,OFFLOADED,0.0,Yes,0.0,0.0,0.0,False,True
3923,0.7721014618873596,0.8864166933020419,0.6571644547061826,2.308137567673579e-06,OFFLOADED,1.0,No,1.0,1.0,1.0,True,False
3924,0.8473045229911804,0.9903329859119372,0.6838550852254497,0.00010692061422478872,OFFLOADED,1.0,No,1.0,1.0,1.0,True,False
3925,0.29258599877357483,1.238997042739252e-32,0.20347109269850153,8.053016200645161e-44,OFFLOADED,1.0,No,1.0,1.0,1.0,False,False
3926,0.2520037293434143,2.8697679273503904e-62,0.6898559765259141,0.0001894545306241918,OFFLOADED,1.0,No,1.0,1.0,1.0,False,False
3927,0.5758546590805054,0.003820978726663253,0.7720758887888028,0.14929274080156316,OFFLOADED,0.0,Yes,0.0,0.0,0.0,False,False
3928,0.4573360085487366,1.5964331757570988e-07,0.5518742622721259,7.434185616764401e-14,OFFLOADED,1.0,No,1.0,1.0,0.0,False,False
3929,0.2586751878261566,1.985718476914149e-54,0.18621079318370734,1.7180596398074593e-44,OFFLOADED,1.0,No,1.0,1.0,1.0,False,False
3930,0.8035064339637756,0.9443066129888941,0.9692304350498607,0.9999999905420042,ACCEPTED,0.0,Yes,0.0,0.0,0.0,True,True
3931,0.2803482711315155,1.3686881213479017e-38,0.9183870617832731,0.9998500607504293,OFFLOADED,1.0,No,0.0,1.0,1.0,False,True
3932,0.38324496150016785,1.9486335947109587e-13,0.4284373791066698,1.368460144690739e-25,OFFLOADED,1.0,No,1.0,1.0,1.0,False,False
3933,0.27042075991630554,1.4220211818513493e-44,0.7738757228072307,0.16452987901017962,OFFLOADED,1.0,No,0.0,1.0,1.0,False,False
3934,0.49075260758399963,8.594330581608718e-06,0.9318775835737917,0.9999882232104911,OFFLOADED,0.0,Yes,0.0,0.0,0.0,False,True
3935,0.31339725852012634,4.430881331617827e-25,0.5722838995050393,5.309958871515921e-12,OFFLOADED,1.0,No,1.0,1.0,1.0,False,False
3936,0.34942638874053955,7.060149062668462e-18,0.44983166209568304,8.323012583113443e-24,OFFLOADED,1.0,No,1.0,1.0,0.0,False,False
3937,0.885409414768219,0.9995875186648538,0.7562358952524026,0.08232405307165794,OFFLOADED,1.0,No,1.0,1.0,1.0,True,False
3938,0.25602421164512634,1.0919744753036324e-57,0.706318124215224,0.0009517416383403239,OFFLOADED,1.0,No,1.0,0.0,0.0,False,False
3939,0.9180052280426025,0.9999734186073492,0.6737618588143353,2.2055924158479575e-05,OFFLOADED,1.0,No,1.0,1.0,0.0,True,False
3940,0.28377100825309753,9.420560163606196e-37,0.26087435457796226,5.000226189707679e-41,OFFLOADED,1.0,No,1.0,1.0,1.0,False,False
3941,0.670222282409668,0.2535642728193604,0.9519419550978926,0.9999997349798482,OFFLOADED,0.0,Yes,0.0,0.0,0.0,False,True
3942,0.2732120156288147,8.942048704592844e-43,0.6002086158245894,7.04498478380014e-10,OFFLOADED,1.0,No,0.0,1.0,1.0,False,False
3943,0.26829588413238525,3.3263694324607515e-46,0.5422095005065786,6.605495227034174e-15,OFFLOADED,1.0,No,1.0,1.0,1.0,False,False
3944,0.9063331484794617,0.9999377776836725,0.5129449132642719,9.754011928836122e-18,OFFLOADED,1.0,No,1.0,1.0,1.0,True,False
3945,0.2505074143409729,5.972976663324147e-63,0.5884117639652104,8.701156788260303e-11,OFFLOADED,1.0,No,0.0,1.0,1.0,False,False
3946,0.2580447196960449,3.0414435102280764e-55,0.6470781266775948,6.001598220647891e-07,OFFLOADED,1.0,No,1.0,1.0,1.0,False,False
3947,0.8646879196166992,0.9975936103713704,0.9021718272329988,0.9989301631382982,ACCEPTED,1.0,No,1.0,1.0,1.0,True,True
3948,0.4031582176685333,2.4154904977456368e-11,0.6696464838914138,9.720246072944183e-06,OFFLOADED,1.0,No,1.0,1.0,1.0,False,False
3949,0.5784373879432678,0.005112726532028487,0.8912400115450139,0.9973869231650633,OFFLOADED,1.0,No,0.0,1.0,1.0,False,True
3950,0.2675907015800476,8.387396013824967e-47,0.2586697885765783,2.2938936819592782e-41,OFFLOADED,1.0,No,1.0,1.0,1.0,False,False
3951,0.25063374638557434,4.4906364487811673e-63,0.38209093542635836,1.9150799190807414e-30,OFFLOADED,1.0,No,1.0,1.0,1.0,False,False
3952,0.26277944445610046,3.3362038684344084e-50,0.2808170953788343,1.0636915731159107e-39,OFFLOADED,1.0,No,1.0,1.0,1.0,False,False
3953,0.7440987825393677,0.798912328006539,0.702237931706124,0.000623459227755201,OFFLOADED,1.0,No,1.0,1.0,1.0,True,False
3954,0.29036417603492737,1.163148049388753e-33,0.692131373004941,0.00020326108899801004,OFFLOADED,1.0,No,1.0,1.0,1.0,False,False
3955,0.25803807377815247,2.0851950949104324e-55,0.4164567207185361,4.7081975957592895e-27,OFFLOADED,1.0,No,1.0,1.0,1.0,False,False
3956,0.0,0.0,0.8436645163433169,0.8474462114347544,OFFLOADED,0.0,Yes,0.0,0.0,0.0,False,True
3957,0.25275975465774536,1.0087108080561432e-61,0.6158690814259598,5.2240833684062305e-09,OFFLOADED,1.0,No,1.0,1.0,1.0,False,False
3958,0.35019296407699585,8.635474689473445e-18,0.6856772764387997,0.00010302100062267979,OFFLOADED,0.0,Yes,0.0,0.0,0.0,False,False
3959,0.29195839166641235,5.776441542087664e-33,0.8625045184435535,0.9592713282907078,OFFLOADED,1.0,No,1.0,0.0,0.0,False,True
3960,0.3538905084133148,3.6950813922172236e-17,0.4772658678861444,3.1172829501730737e-21,OFFLOADED,1.0,No,1.0,1.0,1.0,False,False
3961,0.3279389441013336,2.830305088636051e-21,0.8903657145378533,0.9973184202108366,OFFLOADED,0.0,Yes,0.0,0.0,0.0,False,True
3962,0.4031715393066406,2.1303042246875626e-11,0.6867258300892937,0.0001217681377082206,OFFLOADED,1.0,No,1.0,1.0,1.0,False,False
3963,0.5980547666549683,0.014767020019912256,0.5780950877595028,8.909615755658231e-12,OFFLOADED,0.0,Yes,0.0,0.0,0.0,False,False
3964,0.7301934957504272,0.7170461538233731,0.7167447989974685,0.004336452075765643,OFFLOADED,1.0,No,1.0,1.0,1.0,False,False
3965,0.3286324143409729,4.33501607897333e-21,0.8794717621807029,0.9906387454658002,OFFLOADED,1.0,No,1.0,1.0,1.0,False,True
3966,0.3373147249221802,2.3491986253977837e-19,0.587292741828736,4.557365900610316e-11,OFFLOADED,1.0,No,1.0,1.0,1.0,False,False
3967,0.8638548851013184,0.9970403878804462,0.774229732640542,0.15558106252980042,OFFLOADED,0.0,Yes,0.0,0.0,0.0,True,False
3968,0.3036533296108246,2.0641614368925842e-28,0.6521733529828299,9.026583946132972e-07,OFFLOADED,1.0,No,1.0,1.0,0.0,False,False
3969,0.5464714169502258,0.0005943682190957986,0.7749841158984402,0.1666258650824953,OFFLOADED,1.0,No,1.0,0.0,0.0,False,False
3970,0.26057133078575134,1.0887387409034147e-52,0.40999891171809444,1.036629320372463e-27,OFFLOADED,1.0,No,1.0,1.0,1.0,False,False
3971,0.25486868619918823,1.415086635505258e-59,0.20440565721794413,2.2601208093761137e-44,OFFLOADED,1.0,No,1.0,1.0,1.0,False,False
3972,0.31183090806007385,1.0100080843625057e-25,0.3219956898496794,1.888929308889589e-36,OFFLOADED,1.0,No,1.0,0.0,0.0,False,False
3973,0.31797313690185547,5.205743135888957e-24,0.6210324068016251,9.169552479731995e-09,OFFLOADED,1.0,No,1.0,1.0,1.0,False,False
3974,0.27256402373313904,1.6787544532488552e-43,0.546773343033707,1.1077671734253612e-14,OFFLOADED,1.0,No,0.0,1.0,1.0,False,False
3975,0.2868000566959381,1.4840146079177054e-35,0.8452376518820578,0.8686958251238439,OFFLOADED,1.0,No,1.0,1.0,1.0,False,True
3976,0.7382707595825195,0.7528532215044337,0.9528361529804481,0.9999997742698402,ACCEPTED,0.0,Yes,0.0,0.0,0.0,True,True
3977,0.255337655544281,4.459122745855592e-59,0.45841612541025245,2.0820811447759e-23,OFFLOADED,1.0,No,1.0,1.0,1.0,False,False
3978,0.3760494887828827,1.7728898058489562e-14,0.7181529968325704,0.005300683970123282,OFFLOADED,0.0,Yes,0.0,0.0,0.0,False,False
3979,0.541705310344696,0.00039266133269905883,0.651128040513822,8.128195480928022e-07,OFFLOADED,1.0,No,0.0,1.0,1.0,False,False
3980,0.4979185461997986,1.5788552407099798e-05,0.6598676147194791,2.0528592820293804e-06,OFFLOADED,0.0,Yes,0.0,0.0,0.0,False,False
3981,0.9315739274024963,0.9999865808125701,1.0,1.0,ACCEPTED,0.0,Yes,0.0,0.0,0.0,True,True
3982,0.37315812706947327,8.37529461701273e-15,0.8052733542082975,0.45250763806925604,OFFLOADED,1.0,No,1.0,1.0,1.0,False,False
3983,0.9318121075630188,0.9999874724754055,0.7336193576713411,0.02128834392557192,OFFLOADED,0.0,Yes,0.0,0.0,0.0,True,False
3984,0.25248983502388,1.9804384023121497e-62,0.5557315258075483,8.835609538234382e-14,OFFLOADED,1.0,No,1.0,1.0,1.0,False,False
3985,0.7158370018005371,0.6066621033980083,0.9658136304263385,0.9999999829720687,OFFLOADED,0.0,Yes,0.0,0.0,0.0,False,True
3986,0.0,0.0,0.9689028018445115,0.99999999129376,OFFLOADED,0.0,Yes,0.0,0.0,0.0,False,True
3987,0.3087325990200043,9.826793999048263e-27,0.6069487356533558,1.4610340991032801e-09,OFFLOADED,0.0,Yes,0.0,0.0,0.0,False,False
3988,0.902440071105957,0.9999073611800702,0.7759950925891801,0.17399146656849826,OFFLOADED,0.0,Yes,0.0,0.0,0.0,True,False
3989,0.26567021012306213,2.6940517919313205e-48,0.6924616108725778,0.00023381576606265803,OFFLOADED,1.0,No,1.0,1.0,1.0,False,False
3990,0.3944636285305023,2.970565531564938e-12,0.6250150144447411,1.7882467144214633e-08,OFFLOADED,1.0,No,1.0,1.0,1.0,False,False
3991,0.30550262331962585,8.32818476863165e-28,0.7034586710559853,0.0008069499098637749,OFFLOADED,1.0,No,1.0,1.0,1.0,False,False
3992,0.2547907531261444,7.344853290537014e-60,0.6691574382500616,7.959337964005956e-06,OFFLOADED,1.0,No,0.0,1.0,1.0,False,False
3993,0.5097478628158569,3.8303016427630526e-05,0.5001952924031436,4.408215694824898e-19,OFFLOADED,1.0,No,1.0,1.0,1.0,False,False
3994,0.28837907314300537,8.666240089170062e-35,0.5851908240848172,2.6490078668949175e-11,OFFLOADED,1.0,No,1.0,1.0,1.0,False,False
3995,0.280134916305542,4.178999125668922e-39,0.6713630978500224,1.1775629042955847e-05,OFFLOADED,1.0,No,0.0,1.0,1.0,False,False
3996,0.5702177286148071,0.0025082873480082317,0.8072383743850495,0.46734248369627973,OFFLOADED,1.0,No,1.0,1.0,1.0,False,False
3997,0.40000054240226746,9.114397767964145e-12,0.5514164412206597,2.513151991102262e-14,OFFLOADED,1.0,No,1.0,1.0,1.0,False,False
3998,0.25736528635025024,1.2693151183373724e-56,0.18734928906469306,3.007495123601608e-45,OFFLOADED,1.0,No,1.0,1.0,1.0,False,False
3999,0.6212220191955566,0.05162459320075093,0.8248885268654234,0.6824823254184711,OFFLOADED,1.0,No,0.0,1.0,0.0,False,False
4000,0.7149143218994141,0.6110486226409484,0.9143182914040646,0.9997089841428869,ACCEPTED,0.0,Yes,0.0,0.0,0.0,True,True
4001,0.30827200412750244,5.559411505237961e-27,0.4013439159142334,9.79469189110107e-29,OFFLOADED,1.0,No,1.0,1.0,1.0,False,False
4002,0.416814386844635,3.2850714084130887e-10,0.47704294801559594,1.5546901269826858e-21,OFFLOADED,1.0,No,1.0,1.0,1.0,False,False
4003,0.25666648149490356,1.4289563997905433e-57,0.26170167037998593,1.2722964976700325e-41,OFFLOADED,1.0,No,1.0,1.0,1.0,False,False
4004,0.346530020236969,1.769713408048779e-18,0.5731605061101267,2.7696000904948154e-12,OFFLOADED,0.0,Yes,0.0,0.0,0.0,False,False
4005,0.2679235637187958,5.307470347871253e-47,0.2913957952172179,1.6606720465152046e-39,OFFLOADED,1.0,No,0.0,1.0,1.0,False,False
4006,0.45976683497428894,1.7699443758330334e-07,0.6919728306771421,0.00018851586877858303,OFFLOADED,1.0,No,1.0,1.0,1.0,False,False
4007,0.3142795264720917,4.047934978199726e-25,0.7716932257240794,0.15447995493495442,OFFLOADED,1.0,No,1.0,0.0,0.0,False,False
4008,0.7966318726539612,0.9339874471879478,0.5336901050976751,4.80296960884324e-16,OFFLOADED,1.0,No,1.0,1.0,1.0,True,False
4009,0.2624781131744385,4.8959327168266065e-51,0.27146400645451285,8.509232027040311e-41,OFFLOADED,1.0,No,1.0,1.0,1.0,False,False
4010,0.5082302093505859,3.024424779221845e-05,0.7706042348970593,0.15686206505935912,OFFLOADED,1.0,No,1.0,1.0,1.0,False,True
4011,0.30695703625679016,1.5517965733446634e-27,0.2729400327117466,1.0066039391938859e-40,OFFLOADED,1.0,No,1.0,1.0,1.0,False,False
4012,0.2776392996311188,7.908974818770281e-41,0.23773495550850252,3.334629637696324e-43,OFFLOADED,1.0,No,1.0,1.0,1.0,False,False
4013,0.2794828712940216,1.1765098065933856e-39,0.4189510094159772,3.81221666954423e-27,OFFLOADED,1.0,No,1.0,1.0,1.0,False,False
4014,0.2605535387992859,2.964248886625533e-53,0.5080324718508632,1.5802334965916528e-18,OFFLOADED,1.0,No,1.0,1.0,1.0,False,False
4015,0.8756024837493896,0.9990601778869614,1.0,1.0,ACCEPTED,0.0,Yes,0.0,0.0,0.0,True,True
4016,0.25064617395401,5.032729383062734e-64,0.7836706671443604,0.22608895401596127,OFFLOADED,1.0,No,1.0,0.0,1.0,False,True
4017,0.8064929246902466,0.9507800202358715,0.4503552997347222,2.310470304649527e-24,OFFLOADED,1.0,No,1.0,1.0,1.0,True,False
4018,0.2572280168533325,4.230799667827595e-57,0.6575232720323245,1.3726876929175334e-06,OFFLOADED,1.0,No,0.0,1.0,1.0,False,False
4019,0.9179971814155579,0.9999728694355197,0.8427350809690413,0.836338879268032,ACCEPTED,1.0,No,1.0,1.0,1.0,True,True
4020,0.4136020839214325,1.4316087809003256e-10,0.36875178909728135,2.434954328657988e-32,OFFLOADED,1.0,No,1.0,1.0,0.0,False,False
4021,0.4437403678894043,2.600502698717951e-08,0.7687004174969577,0.14585310921068662,OFFLOADED,1.0,No,0.0,1.0,1.0,False,False
4022,0.4560679793357849,1.061843095654081e-07,0.5723538452624045,2.221266342361942e-12,OFFLOADED,1.0,No,1.0,1.0,1.0,False,False
4023,0.4583611786365509,1.269033276580713e-07,1.0,1.0,OFFLOADED,0.0,Yes,0.0,0.0,0.0,False,True
4024,0.2603004276752472,1.0437911587657973e-53,0.33524532956707065,1.2281877866277951e-35,OFFLOADED,1.0,No,1.0,1.0,1.0,False,False
4025,0.35692059993743896,4.8875318092870586e-17,0.47813751157770096,1.4778429399059351e-21,OFFLOADED,1.0,No,1.0,1.0,1.0,False,False
4026,0.2523704767227173,2.9321128586164693e-63,0.4639908392027872,4.268340056618192e-23,OFFLOADED,1.0,No,1.0,1.0,1.0,False,False
4027,0.25948867201805115,1.1137432425741889e-54,0.7108054582955919,0.0019798771634755253,OFFLOADED,1.0,No,0.0,1.0,1.0,False,False
4028,0.3810011148452759,5.251297525071221e-14,0.34527906897635163,7.96506240675596e-35,OFFLOADED,1.0,No,1.0,1.0,1.0,False,False
4029,0.2541939318180084,3.8480162402954156e-61,0.12027366401165303,7.280501683882527e-47,OFFLOADED,1.0,No,1.0,1.0,1.0,False,False
4030,0.5491917133331299,0.000605328975137757,0.5312622352665366,2.1767980782987043e-16,OFFLOADED,1.0,No,0.0,1.0,0.0,False,False
4031,0.4256995916366577,1.3905982059207963e-09,0.5180429272507253,9.968984605351504e-18,OFFLOADED,1.0,No,1.0,1.0,1.0,False,False
4032,0.29624640941619873,6.233976208623791e-32,0.5324437368369639,2.6314848588637794e-16,OFFLOADED,1.0,No,1.0,1.0,1.0,False,False
4033,0.3121512532234192,5.27539797659589e-26,0.3334282231996719,5.517507974305463e-36,OFFLOADED,1.0,No,1.0,1.0,1.0,False,False
4034,0.34084200859069824,3.112510597704398e-19,0.8767191679305658,0.9858750455345623,OFFLOADED,1.0,No,1.0,1.0,1.0,False,True
4035,0.26978781819343567,6.0243363298079644e-46,0.77841713120206,0.1847074893346606,OFFLOADED,0.0,Yes,0.0,0.0,0.0,False,False
4036,0.3475780785083771,1.5215856880092654e-18,0.3997818663320025,3.06286165911342e-29,OFFLOADED,1.0,No,1.0,1.0,1.0,False,False
4037,0.32485008239746094,1.642818665853283e-22,0.43276286677560977,4.5524321016094985e-26,OFFLOADED,1.0,No,1.0,1.0,1.0,False,False
4038,0.40984463691711426,5.3025527056996175e-11,0.35578204986900985,7.131805470921121e-34,OFFLOADED,1.0,No,1.0,1.0,0.0,False,False
4039,0.9387524127960205,0.9999915750836142,1.0,1.0,ACCEPTED,0.0,Yes,0.0,0.0,0.0,True,True
4040,0.5303903222084045,0.00011057146993154685,0.46036247454688484,1.2196301683931756e-23,OFFLOADED,1.0,No,1.0,1.0,1.0,False,False
4041,0.6644041538238525,0.2357575876288459,0.9238389318132174,0.9999307477436229,OFFLOADED,1.0,No,1.0,0.0,1.0,False,True
4042,0.8487524390220642,0.9906062529233599,0.8192199404853677,0.611503245894347,ACCEPTED,1.0,No,1.0,1.0,1.0,True,True
4043,0.3306495249271393,4.493234260459448e-21,0.49266523791787986,3.6048427131172663e-20,OFFLOADED,1.0,No,1.0,0.0,0.0,False,False
4044,0.475930392742157,1.054193916919145e-06,0.5985024749276068,2.50027149453081e-10,OFFLOADED,1.0,No,1.0,1.0,1.0,False,False
4045,0.28365713357925415,9.710793741593314e-38,0.17228836956832572,2.1082778845523417e-46,OFFLOADED,1.0,No,1.0,1.0,1.0,False,False
4046,0.7044810056686401,0.5263762672120986,0.501248247182803,2.749912654733587e-19,OFFLOADED,1.0,No,1.0,1.0,1.0,True,False
4047,0.2524503469467163,1.469464949182298e-63,0.5634803931273236,2.881568999853664e-13,OFFLOADED,1.0,No,1.0,1.0,1.0,False,False
4048,0.7642102837562561,0.8567784417312512,0.5560284939930699,4.8742634868493903e-14,OFFLOADED,1.0,No,1.0,1.0,1.0,True,False
4049,0.2918761968612671,7.959186234783312e-34,0.7385689093014344,0.03018692391124142,OFFLOADED,1.0,No,1.0,1.0,1.0,False,False
4050,0.8738400936126709,0.9987370524048166,0.7713924480754458,0.15375313342490177,ACCEPTED,1.0,No,1.0,1.0,1.0,True,True
4051,0.3512353003025055,4.355173157738388e-18,0.6583603095471324,1.1491689878869254e-06,OFFLOADED,1.0,No,1.0,0.0,0.0,False,False
4052,0.7918325662612915,0.9080045590904242,0.7321853400336036,0.01859597738164784,OFFLOADED,1.0,No,1.0,1.0,1.0,True,False
4053,0.26854854822158813,3.784736254898568e-47,0.41191542986171803,2.551064960471505e-28,OFFLOADED,1.0,No,1.0,1.0,1.0,False,False
4054,0.40618789196014404,1.636160775207525e-11,0.28422606395098393,1.3136071667556576e-40,OFFLOADED,1.0,No,1.0,1.0,1.0,False,False
4055,0.25034409761428833,9.961138531946782e-65,0.3223363854482091,2.4500056878429533e-37,OFFLOADED,1.0,No,1.0,1.0,1.0,False,False
4056,0.32411083579063416,5.96630800944898e-23,0.8487303410018804,0.8625988026846612,OFFLOADED,1.0,No,1.0,0.0,0.0,False,False
4057,0.8036577105522156,0.934565631098547,0.8509871117105758,0.8852928546578742,ACCEPTED,1.0,No,1.0,1.0,1.0,True,True
4058,0.27588051557540894,1.808916148243099e-42,0.41575157090550807,5.595766382425945e-28,OFFLOADED,1.0,No,1.0,1.0,1.0,False,False
4059,0.7379897236824036,0.7480686152403402,0.4849464690671463,4.505872187478538e-21,OFFLOADED,1.0,No,1.0,1.0,1.0,True,False
4060,0.3069167733192444,4.721566165499846e-28,0.6226896358269985,6.966367935171226e-09,OFFLOADED,1.0,No,1.0,1.0,1.0,False,False
4061,0.3906156122684479,4.4649530321002995e-13,0.7581920580048548,0.08821859606892242,OFFLOADED,1.0,No,1.0,1.0,1.0,False,False
4062,0.9091976284980774,0.9999306926651401,0.7075253714797423,0.0009096148936953792,OFFLOADED,0.0,Yes,0.0,0.0,0.0,True,False
4063,0.26844334602355957,2.1688306748330908e-47,0.4513312266268437,1.0832367874786728e-24,OFFLOADED,1.0,No,1.0,1.0,1.0,False,False
4064,0.7876631617546082,0.8854284664451189,0.49487421721156605,4.211821769684549e-20,OFFLOADED,1.0,No,1.0,1.0,1.0,True,False
4065,0.8929919004440308,0.9996583917540564,0.9578468255107887,0.9999999093297656,ACCEPTED,0.0,Yes,0.0,0.0,0.0,True,True
4066,0.7792550325393677,0.862214154303599,0.6736578552750753,1.280051133050592e-05,OFFLOADED,1.0,No,1.0,1.0,1.0,False,False
4067,0.3074502646923065,6.273510178264903e-28,0.27305341043523185,1.451150547971173e-41,OFFLOADED,1.0,No,1.0,1.0,1.0,False,False
4068,0.2762761414051056,2.3515119920645896e-42,0.8993675785815768,0.998276327623731,OFFLOADED,1.0,No,0.0,1.0,1.0,False,True
4069,0.29910019040107727,3.092325873354613e-31,0.15126174404454046,3.31970793137536e-47,OFFLOADED,1.0,No,1.0,1.0,1.0,False,False
4070,0.2752009332180023,5.69041947704596e-43,0.6806130341557212,3.9789246074264116e-05,OFFLOADED,1.0,No,1.0,1.0,1.0,False,False
4071,0.2506869435310364,5.454372136935654e-65,0.12239472237844708,1.6242131340103322e-47,OFFLOADED,1.0,No,1.0,1.0,1.0,False,False
4072,0.3267522156238556,3.0459811965870693e-22,0.569716103319153,8.939015179305728e-13,OFFLOADED,1.0,No,1.0,0.0,0.0,False,False
4073,0.3316422700881958,5.3878415712722396e-21,0.39161266846689363,1.754043529533546e-30,OFFLOADED,1.0,No,1.0,1.0,0.0,False,False
4074,0.7606644630432129,0.811612953365689,0.9199350086648728,0.9998388436995624,ACCEPTED,0.0,Yes,0.0,0.0,0.0,True,True
4075,0.7976794838905334,0.907029804070514,1.0,1.0,OFFLOADED,1.0,No,0.0,0.0,1.0,False,True
4076,0.8978314399719238,0.9997827250435929,0.781933664486904,0.2025800359494126,OFFLOADED,1.0,No,1.0,1.0,1.0,True,False
4077,0.328393816947937,7.611055213178945e-22,0.9898794425335982,0.9999999999651745,OFFLOADED,1.0,No,1.0,1.0,0.0,False,True
4078,0.4325411915779114,3.3678932262882257e-09,0.595070730714902,1.0354467023603135e-10,OFFLOADED,1.0,No,1.0,1.0,1.0,False,False
4079,0.8803468942642212,0.998948649995425,0.7671166717469408,0.11726140138726292,OFFLOADED,1.0,No,1.0,1.0,1.0,True,False
4080,0.29285645484924316,1.007170444057843e-33,0.15499806783891926,2.7867879631317263e-47,OFFLOADED,1.0,No,1.0,1.0,1.0,False,False
4081,0.2715325653553009,2.0392227941054924e-45,0.27573266790873285,1.761227865890696e-41,OFFLOADED,1.0,No,1.0,1.0,1.0,False,False
4082,0.8249444961547852,0.9588896507223182,0.8691495840359262,0.9714184482120404,ACCEPTED,1.0,No,1.0,1.0,1.0,True,True
4083,0.3158899247646332,2.5478837763479264e-25,0.24801692518173665,1.2774610705322815e-43,OFFLOADED,1.0,No,1.0,1.0,1.0,False,False
4084,0.483167439699173,2.1581031408756877e-06,0.93627589137117,0.9999939465298203,OFFLOADED,1.0,No,0.0,0.0,1.0,False,True
4085,0.5868427753448486,0.007238420374710907,0.6189187039869888,3.074049028131131e-09,OFFLOADED,1.0,No,1.0,1.0,0.0,False,False
4086,0.7738369703292847,0.8463705931997672,0.819517201525712,0.5877356158573348,OFFLOADED,0.0,Yes,0.0,0.0,0.0,True,False
4087,0.2863703668117523,6.442552048967401e-37,0.37854458139855507,4.2213448632738624e-32,OFFLOADED,1.0,No,1.0,1.0,0.0,False,False
4088,0.36251458525657654,1.3792372259848327e-16,0.5451194114498463,2.339809355689965e-15,OFFLOADED,1.0,No,1.0,0.0,0.0,False,False
4089,0.7681761384010315,0.8408246024730683,0.9584761408196603,0.9999999245672548,ACCEPTED,0.0,Yes,0.0,0.0,0.0,True,True
4090,0.8720105290412903,0.9979680649192976,0.9125854407453655,0.9995784936808371,ACCEPTED,1.0,No,1.0,1.0,1.0,True,True
4091,0.2641228139400482,7.324005812824279e-51,0.4498400263051609,5.448845272639582e-25,OFFLOADED,1.0,No,1.0,1.0,1.0,False,False
4092,0.7949770092964172,0.900764514118446,0.7577415096433879,0.07559017777546988,OFFLOADED,1.0,No,1.0,1.0,1.0,True,False
4093,0.5018195509910583,1.3727633174027294e-05,0.3012220178117707,7.078019299734664e-40,OFFLOADED,1.0,No,1.0,1.0,1.0,False,False
4094,0.6223861575126648,0.047473238156317654,0.6804145153163573,3.191768848632755e-05,OFFLOADED,1.0,No,1.0,1.0,1.0,False,False
4095,0.2644902169704437,1.2256995257779735e-50,0.40305231395998514,2.0633610437003588e-29,OFFLOADED,1.0,No,1.0,1.0,1.0,False,False
4096,0.7740830779075623,0.8556859678062295,0.8122775463130368,0.49538475535275733,ACCEPTED,1.0,No,1.0,1.0,0.0,True,True
4097,0.2606649100780487,3.24236646208008e-54,0.18642356782109978,1.099991489260996e-46,OFFLOADED,1.0,No,1.0,1.0,1.0,False,False
4098,0.3158227801322937,1.7351327272164522e-25,0.6938066918489667,0.00014381777253966388,OFFLOADED,1.0,No,0.0,1.0,1.0,False,False
4099,0.28286343812942505,9.741431624279501e-39,0.8573592857609944,0.9213510297496317,OFFLOADED,1.0,No,0.0,1.0,1.0,False,True
4100,0.25384312868118286,1.2881663327033248e-62,0.6759050004728444,1.3603548730717527e-05,OFFLOADED,1.0,No,1.0,1.0,1.0,False,False
4101,0.860540509223938,0.9938297281480574,0.7609791293901288,0.08229923890812624,OFFLOADED,0.0,Yes,0.0,0.0,0.0,True,False
4102,0.4198228120803833,2.3351359159638834e-10,0.7730200454058046,0.1358340434593207,OFFLOADED,1.0,No,1.0,1.0,1.0,False,False
4103,0.2685156762599945,7.212571997784818e-48,0.5326924571841128,1.215951974673336e-16,OFFLOADED,1.0,No,1.0,1.0,1.0,False,False
4104,0.405082106590271,8.393404860735167e-12,0.9322085334844428,0.9999857388142617,OFFLOADED,1.0,No,0.0,1.0,0.0,False,True
4105,0.7799893021583557,0.8572857958124971,0.73218003624478,0.014193604490007472,OFFLOADED,1.0,No,1.0,1.0,1.0,False,False
4106,0.5909382104873657,0.008214973561791197,0.9285299740327687,0.9999694853031456,OFFLOADED,1.0,No,1.0,1.0,0.0,False,True
4107,0.2560024559497833,4.227540958337489e-60,0.29535296812859385,1.7059118244739504e-40,OFFLOADED,1.0,No,1.0,1.0,0.0,False,False
4108,0.27071648836135864,2.8669418644174117e-46,0.7219995016763521,0.0056703906993494195,OFFLOADED,1.0,No,1.0,1.0,1.0,False,False
4109,0.3436248302459717,2.0529962235677078e-19,0.7631469410236407,0.09028934560199156,OFFLOADED,1.0,No,1.0,1.0,1.0,False,False
4110,0.7921462059020996,0.8766959370288605,0.9099511286040083,0.9993044075344845,ACCEPTED,0.0,Yes,0.0,0.0,0.0,True,True
4111,0.28686127066612244,7.507576239997195e-37,0.8083594180450551,0.4211885158323976,OFFLOADED,1.0,No,1.0,1.0,1.0,False,False
4112,0.9478502869606018,0.9999901240032942,1.0,1.0,ACCEPTED,0.0,Yes,0.0,0.0,0.0,True,True
4113,0.29869747161865234,8.251920373324904e-32,0.9490995037096819,0.9999993352363742,OFFLOADED,1.0,No,0.0,1.0,0.0,False,True
4114,0.584867000579834,0.0054857741805236886,0.9641233868996345,0.9999999718623283,OFFLOADED,0.0,Yes,0.0,0.0,0.0,False,True
4115,0.35750991106033325,1.9358709970691786e-17,0.8656772144645263,0.9585425630890729,OFFLOADED,1.0,No,0.0,0.0,1.0,False,True
4116,0.2614592909812927,1.7865722786666697e-53,0.44328769271523394,7.456302656658156e-26,OFFLOADED,1.0,No,1.0,1.0,1.0,False,False
4117,0.3564668595790863,1.2929698880486998e-17,0.451653664383003,4.893261509440332e-25,OFFLOADED,1.0,No,1.0,1.0,1.0,False,False
4118,0.5708099007606506,0.001869628236423817,0.7027084130993898,0.0003489186781771616,OFFLOADED,0.0,Yes,0.0,0.0,0.0,False,False
4119,0.26089179515838623,3.717537890974892e-54,0.4716400506771968,9.911970064152866e-23,OFFLOADED,1.0,No,1.0,1.0,0.0,False,False
4120,0.8654516935348511,0.9961152324665957,0.6294456079146706,1.2964298019714197e-08,OFFLOADED,0.0,Yes,0.0,0.0,0.0,True,False
4121,0.9160972237586975,0.9999503109984902,1.0,1.0,ACCEPTED,0.0,Yes,0.0,0.0,0.0,True,True
4122,0.5434831380844116,0.00030695044208064147,0.6802535791278471,2.2630525920257385e-05,OFFLOADED,0.0,Yes,0.0,0.0,0.0,False,False
4123,0.3157689869403839,1.3291701530821972e-25,0.7645459455577693,0.08844322322414527,OFFLOADED,1.0,No,1.0,0.0,1.0,False,False
4124,0.30219098925590515,3.170842627728852e-30,0.8837595297318209,0.9911195035927046,OFFLOADED,1.0,No,1.0,0.0,0.0,False,True
4125,0.8771659135818481,0.9985965481293967,1.0,1.0,ACCEPTED,0.0,Yes,0.0,0.0,0.0,True,True
4126,0.8112781643867493,0.9339105628590687,0.7648402076476591,0.09429108673294495,OFFLOADED,0.0,Yes,0.0,0.0,0.0,True,False
4127,0.2666625678539276,1.878392978215973e-49,0.5828154447873565,5.798443189116344e-12,OFFLOADED,1.0,No,1.0,0.0,0.0,False,False
4128,0.2624283730983734,1.1557786709602927e-52,1.0,1.0,OFFLOADED,1.0,No,1.0,1.0,0.0,False,True
4129,0.45071080327033997,3.799580843730104e-08,0.36397627422581774,1.085211698879076e-33,OFFLOADED,1.0,No,1.0,1.0,1.0,False,False
4130,0.25819262862205505,1.511542678959527e-57,0.17285627582024965,2.810367891923934e-47,OFFLOADED,1.0,No,1.0,1.0,1.0,False,False
4131,0.25209271907806396,2.854556679157257e-65,0.35386347083374015,9.9949956107982e-35,OFFLOADED,1.0,No,0.0,1.0,1.0,False,False
4132,0.8382825255393982,0.9748850655784175,0.5769045120802756,2.452217178636378e-12,OFFLOADED,1.0,No,1.0,1.0,1.0,True,False
4133,0.0,0.0,0.9594190562805311,0.9999999318269294,OFFLOADED,0.0,Yes,0.0,0.0,0.0,False,True
4134,0.33885449171066284,5.4143459765561464e-20,0.4683287641420929,4.809194458765253e-23,OFFLOADED,1.0,No,1.0,1.0,1.0,False,False
4135,0.2711113393306732,3.556091481395297e-46,0.4710893026860319,9.925950948751769e-23,OFFLOADED,1.0,No,1.0,1.0,1.0,False,False
4136,0.5151906609535217,3.1592551843231374e-05,0.8178116332258868,0.5518878084440246,OFFLOADED,1.0,No,1.0,1.0,1.0,False,True
4137,0.7147595286369324,0.5762862959665627,0.8350312897491773,0.7339448633936025,OFFLOADED,0.0,Yes,0.0,0.0,0.0,False,True
4138,0.8837636709213257,0.9992341089902258,0.894938084632184,0.9975425305882389,ACCEPTED,1.0,No,1.0,1.0,1.0,True,True
4139,0.5638169050216675,0.0012334672347932985,0.7131736481351327,0.001807356155797808,OFFLOADED,1.0,No,1.0,1.0,1.0,False,False
4140,0.3709941804409027,9.269072974398592e-16,0.7573914785161473,0.06747171020548852,OFFLOADED,1.0,No,1.0,1.0,1.0,False,False
4141,0.2522130310535431,2.8897249919163103e-65,0.7547298342258072,0.05402367362822863,OFFLOADED,1.0,No,1.0,1.0,1.0,False,False
4142,0.49956265091896057,1.0634741695886197e-05,0.8279771209553258,0.6653859695345788,OFFLOADED,0.0,Yes,0.0,0.0,0.0,False,True
4143,0.5008513927459717,1.2313663849072251e-05,0.9858306073191823,0.9999999999120833,OFFLOADED,0.0,Yes,0.0,0.0,0.0,False,True
4144,0.8850525617599487,0.9992669936934166,0.785038555414181,0.2001506030476231,OFFLOADED,1.0,No,1.0,1.0,1.0,True,False
4145,0.2728147804737091,4.8053017740109783e-45,0.6846793129676704,4.147397076337103e-05,OFFLOADED,1.0,No,1.0,1.0,1.0,False,False
4146,0.2720293700695038,1.3115391841471466e-45,0.36263990237653415,4.745934740980681e-34,OFFLOADED,1.0,No,1.0,1.0,1.0,False,False
4147,0.2996445894241333,1.7591493003432364e-31,0.5973345386444677,8.174885556142278e-11,OFFLOADED,1.0,No,1.0,1.0,0.0,False,False
4148,0.8025610446929932,0.9197393996179201,0.8002150201397898,0.32643614977989416,ACCEPTED,1.0,No,1.0,1.0,1.0,True,True
4149,0.569683313369751,0.0017809542286344562,0.9900292083015306,0.9999999999654157,OFFLOADED,0.0,Yes,0.0,0.0,0.0,False,True
4150,0.2812724709510803,5.5481582138574554e-40,0.4246186027291798,1.2576460435640142e-27,OFFLOADED,1.0,No,1.0,1.0,1.0,False,False
4151,0.3069223165512085,1.4951606370301755e-28,0.22286156862256878,1.4015683093637302e-45,OFFLOADED,1.0,No,1.0,1.0,1.0,False,False
4152,0.2807926833629608,2.928875572180452e-40,0.18534816240606497,3.0945404282280763e-47,OFFLOADED,1.0,No,1.0,1.0,1.0,False,False
4153,0.2742787003517151,3.485873581445783e-44,0.32746916743909593,1.3714281347718812e-37,OFFLOADED,1.0,No,1.0,1.0,1.0,False,False
4154,0.2531127333641052,4.69111782092482e-64,0.12483651378678703,2.1142752409055158e-48,OFFLOADED,1.0,No,1.0,1.0,1.0,False,False
4155,0.27685678005218506,1.073073559511646e-42,0.6718532871437142,4.313746399444086e-06,OFFLOADED,1.0,No,1.0,1.0,0.0,False,False
4156,0.5522152781486511,0.0006054458371260163,0.5587711565400137,3.347293277216996e-14,OFFLOADED,1.0,No,1.0,1.0,1.0,False,False
4157,0.9081606268882751,0.9999111303864417,0.9285477903721112,0.9999710449590308,ACCEPTED,0.0,Yes,0.0,0.0,0.0,True,True
4158,0.5524103045463562,0.0005785350701354614,0.6139034243665689,9.414451501847433e-10,OFFLOADED,1.0,No,1.0,1.0,1.0,False,False
4159,0.25004300475120544,2.810901983587209e-66,0.25817735269002806,1.0210977778924004e-43,OFFLOADED,1.0,No,1.0,1.0,1.0,False,False
4160,0.3642760217189789,1.519455774088011e-16,0.5627124026215694,7.722107849837285e-14,OFFLOADED,1.0,No,1.0,1.0,1.0,False,False
4161,0.29215145111083984,1.4809889137306072e-34,0.31350259264808067,3.103939557811225e-39,OFFLOADED,1.0,No,1.0,1.0,1.0,False,False
4162,0.41212329268455505,4.511855311280904e-11,0.9780327160469088,0.9999999991426172,OFFLOADED,1.0,No,1.0,1.0,0.0,False,True
4163,0.26222535967826843,2.7855213825410663e-53,0.3312692653884883,2.4000960469816463e-37,OFFLOADED,1.0,No,1.0,1.0,1.0,False,False
4164,0.2969701588153839,8.545220862772388e-33,0.3701551241634861,1.8273079693031962e-33,OFFLOADED,1.0,No,1.0,1.0,1.0,False,False
4165,0.3464530408382416,3.08130496273678e-19,0.3270006779461654,8.065913239486034e-38,OFFLOADED,1.0,No,1.0,1.0,1.0,False,False
4166,0.45585331320762634,6.457421041747853e-08,0.7901800004523213,0.22579035616506274,OFFLOADED,1.0,No,0.0,1.0,1.0,False,False
4167,0.3116908073425293,4.470851148211791e-27,0.1345274485268316,1.397424666482505e-48,OFFLOADED,1.0,No,1.0,1.0,1.0,False,False
4168,0.2514041066169739,2.0321464576451445e-66,0.1935946749800039,3.5532335257003333e-47,OFFLOADED,1.0,No,1.0,1.0,1.0,False,False
4169,0.5168556571006775,3.09501213186875e-05,0.2802448793730308,4.6822136791314245e-42,OFFLOADED,1.0,No,0.0,1.0,0.0,False,False
4170,0.47871363162994385,1.0677559091917338e-06,1.0,1.0,OFFLOADED,1.0,No,0.0,0.0,1.0,False,True
4171,0.8234841823577881,0.9543302574302501,0.44903304711087527,1.4064599962522694e-25,OFFLOADED,1.0,No,1.0,1.0,1.0,True,False
4172,0.5202816724777222,3.641108876953104e-05,0.9091364233334348,0.9992994029002213,OFFLOADED,1.0,No,1.0,1.0,0.0,False,True
4173,0.2578422427177429,1.5225573936533307e-58,0.6796344063521655,1.6831755248325954e-05,OFFLOADED,1.0,No,0.0,0.0,1.0,False,False
4174,0.306874543428421,7.578130383376113e-29,0.6687396526815016,2.1888849770178634e-06,OFFLOADED,0.0,Yes,0.0,0.0,0.0,False,False
4175,0.33206167817115784,2.0115495408474653e-21,0.47636068106540946,1.7652579285842257e-22,OFFLOADED,1.0,No,1.0,1.0,1.0,False,False
4176,0.273893803358078,9.716223897208497e-45,0.28855895059117465,1.6170959400697608e-41,OFFLOADED,1.0,No,1.0,1.0,1.0,False,False
4177,0.27682626247406006,4.773693429983201e-43,0.4960026368481626,2.0057299379470183e-20,OFFLOADED,1.0,No,1.0,1.0,1.0,False,False
4178,0.7698407173156738,0.8394378167730873,0.40022422015616255,3.0289210984196534e-30,OFFLOADED,1.0,No,1.0,1.0,1.0,True,False
4179,0.7845948934555054,0.8580471157869336,0.9512289867553756,0.9999996233045676,ACCEPTED,0.0,Yes,0.0,0.0,0.0,True,True
4180,0.6722118258476257,0.2541537950102255,0.6147506451202315,1.0693131056074128e-09,OFFLOADED,1.0,No,1.0,1.0,1.0,False,False
4181,0.5135343074798584,2.2070418505239937e-05,0.7334589593416787,0.011457581244941973,OFFLOADED,1.0,No,1.0,1.0,1.0,False,False
4182,0.4395446181297302,5.419032053576456e-09,0.3612185996609041,1.5243903059321424e-34,OFFLOADED,1.0,No,1.0,1.0,1.0,False,False
4183,0.9081076383590698,0.9999097135533906,0.8360288984116876,0.7526319441220478,OFFLOADED,1.0,No,1.0,1.0,1.0,True,False
4184,0.2615904211997986,3.492349042021172e-54,0.9726249619474288,0.9999999958071779,OFFLOADED,1.0,No,1.0,0.0,0.0,False,True
4185,0.3374592363834381,1.613207162796983e-20,0.4588366275486536,1.1242968461404807e-24,OFFLOADED,1.0,No,1.0,1.0,1.0,False,False
4186,0.9599136710166931,0.9999937064585112,0.6589207467459417,5.499661557814951e-07,OFFLOADED,1.0,No,1.0,1.0,1.0,True,False
4187,0.850830614566803,0.9865487191605247,0.6882755621804525,5.205345995548889e-05,OFFLOADED,1.0,No,1.0,1.0,1.0,True,False
4188,0.7450346946716309,0.7586908571157257,0.6602324160992362,5.718531249346702e-07,OFFLOADED,1.0,No,1.0,1.0,1.0,True,False
4189,0.3257910907268524,3.392770461089844e-23,0.9093343453208477,0.9992455676715878,OFFLOADED,1.0,No,1.0,0.0,0.0,False,True
4190,0.8507844805717468,0.9850601562048037,0.8073517775814671,0.3681321677029285,OFFLOADED,0.0,Yes,0.0,0.0,0.0,True,False
4191,0.2607617974281311,2.9655177863635615e-55,0.1103796194064925,4.3132476277522214e-49,OFFLOADED,1.0,No,1.0,1.0,1.0,False,False
4192,0.424399733543396,4.031526092975917e-10,0.6016342242449885,1.180072465604036e-10,OFFLOADED,1.0,No,1.0,1.0,1.0,False,False
4193,0.8821130990982056,0.998849924127402,0.8869709262602468,0.9942576841736177,ACCEPTED,0.0,Yes,0.0,0.0,0.0,True,True
4194,0.2572880685329437,1.526168778602424e-59,0.15191481629077128,9.531167497476728e-49,OFFLOADED,1.0,No,1.0,1.0,1.0,False,False
4195,0.2900407016277313,7.21124300368992e-36,0.37747813385934414,4.9439604511104794e-33,OFFLOADED,1.0,No,1.0,1.0,1.0,False,False
4196,0.45352932810783386,3.536271557477294e-08,0.856782414286673,0.9124688181830481,OFFLOADED,1.0,No,1.0,1.0,1.0,False,True
4197,0.2976323366165161,6.782303222422094e-33,0.7435710190500031,0.02308353377660733,OFFLOADED,1.0,No,0.0,1.0,0.0,False,False
4198,0.5236116647720337,4.140322353502591e-05,0.4202959272237548,2.0515929623430155e-28,OFFLOADED,1.0,No,1.0,1.0,1.0,False,False
4199,0.2519080936908722,1.5131497894427218e-66,0.2087071856677936,6.167221986833622e-47,OFFLOADED,1.0,No,1.0,1.0,1.0,False,False
4200,0.7908605933189392,0.8721847604371891,0.9816680625612828,0.9999999996863506,ACCEPTED,0.0,Yes,0.0,0.0,0.0,True,True
4201,0.4531196653842926,3.0104626887970206e-08,0.6264525972548473,5.0280688872622185e-09,OFFLOADED,1.0,No,0.0,1.0,1.0,False,False
4202,0.2926918566226959,8.571615152679929e-35,0.8109741591469455,0.4296526963622175,OFFLOADED,1.0,No,0.0,0.0,1.0,False,False
4203,0.38818734884262085,8.289962605210156e-14,0.4539324082847412,2.896031812135755e-25,OFFLOADED,1.0,No,1.0,1.0,1.0,False,False
4204,0.29057782888412476,8.908431065604032e-36,0.2797962199441677,1.6893812815423146e-42,OFFLOADED,1.0,No,0.0,1.0,1.0,False,False
4205,0.7982402443885803,0.8997446042576691,0.7875424662175576,0.20256201620146125,OFFLOADED,1.0,No,1.0,1.0,1.0,True,False
4206,0.3281378448009491,1.0796762450123293e-22,0.8824863122885649,0.9895073508511196,OFFLOADED,0.0,Yes,0.0,0.0,0.0,False,True
4207,0.4117577075958252,2.0677513309243526e-11,0.5702023761433437,2.980275403948223e-13,OFFLOADED,1.0,No,1.0,1.0,1.0,False,False
4208,0.9375483393669128,0.999985795025829,0.949337277961803,0.9999994688637962,ACCEPTED,0.0,Yes,0.0,0.0,0.0,True,True
4209,0.30147820711135864,3.899258277290894e-31,0.6177692665040168,1.0681697152456674e-09,OFFLOADED,1.0,No,0.0,1.0,1.0,False,False
4210,0.28521713614463806,1.6321891122828743e-38,0.4481260512110356,5.359828012468904e-26,OFFLOADED,1.0,No,1.0,1.0,1.0,False,False
4211,0.9085489511489868,0.9999100751440265,0.9231716570993888,0.9999161436074798,ACCEPTED,1.0,No,1.0,1.0,1.0,True,True
4212,0.25295159220695496,3.348475443055097e-65,0.14698745201120378,4.293743951982884e-49,OFFLOADED,1.0,No,1.0,1.0,1.0,False,False
4213,0.783966064453125,0.8565398788121872,0.6116453140596798,4.554167206279373e-10,OFFLOADED,1.0,No,1.0,1.0,1.0,True,False
4214,0.3406262993812561,3.046311259474352e-20,0.6835623446219129,2.6978628949276122e-05,OFFLOADED,1.0,No,1.0,1.0,1.0,False,False
4215,0.49706748127937317,6.718893534197414e-06,0.982423437550514,0.9999999997838344,OFFLOADED,1.0,No,1.0,0.0,0.0,False,True
4216,0.338669091463089,1.441428641783334e-20,0.8395043889873843,0.7799918171245829,OFFLOADED,1.0,No,1.0,0.0,0.0,False,True
4217,0.5246396660804749,4.209924406870669e-05,0.6635311098211302,8.509792929730842e-07,OFFLOADED,1.0,No,1.0,1.0,1.0,False,False
4218,0.3247939944267273,9.384187442597241e-24,0.42696827861832387,5.29419128023645e-28,OFFLOADED,1.0,No,1.0,1.0,1.0,False,False
4219,0.29073554277420044,6.937401503739618e-36,0.5473000075438521,9.902116926390378e-16,OFFLOADED,1.0,No,1.0,1.0,1.0,False,False
4220,0.4359113276004791,2.115697150383013e-09,0.605353577970934,1.4781979514977015e-10,OFFLOADED,1.0,No,0.0,1.0,1.0,False,False
4221,0.8318672776222229,0.9601868956530758,0.9770603732217236,0.9999999989659138,ACCEPTED,0.0,Yes,0.0,0.0,0.0,True,True
4222,0.5651362538337708,0.0011907306787007697,0.7535105319479526,0.04087213960749167,OFFLOADED,0.0,Yes,0.0,0.0,0.0,False,False
4223,0.267990380525589,1.1021239921071637e-49,0.3567947833741867,1.7378133562059486e-35,OFFLOADED,1.0,No,1.0,1.0,1.0,False,False
4224,0.7813921570777893,0.8457425119246019,0.7440706290759651,0.024015166519647347,OFFLOADED,0.0,Yes,0.0,0.0,0.0,True,False
4225,0.2641313374042511,1.785053212519214e-52,0.19463994994243283,7.788258020249006e-48,OFFLOADED,1.0,No,1.0,1.0,1.0,False,False
4226,0.9218050837516785,0.9999632823504438,0.7204404145269449,0.0035734284658490586,OFFLOADED,0.0,Yes,0.0,0.0,0.0,True,False
4227,0.8370517492294312,0.9698409196350062,1.0,1.0,ACCEPTED,0.0,Yes,0.0,0.0,0.0,True,True
4228,0.7577552795410156,0.7993880169918306,0.5487202702582202,1.5290584357458415e-15,OFFLOADED,1.0,No,1.0,1.0,1.0,True,False
4229,0.3916628062725067,1.464832655685109e-13,0.9118006096081626,0.9995508823887267,OFFLOADED,0.0,Yes,0.0,0.0,0.0,False,True
4230,0.3058261275291443,1.491256176721784e-29,0.8055787132178924,0.37069123684759436,OFFLOADED,1.0,No,1.0,0.0,0.0,False,False
4231,0.2566109299659729,6.704078643406991e-61,0.25256722508234036,7.095648341347875e-45,OFFLOADED,1.0,No,0.0,1.0,1.0,False,False
4232,0.29184821248054504,2.1974525902006487e-35,0.9156130324201776,0.9997445540873415,OFFLOADED,1.0,No,1.0,0.0,0.0,False,True
4233,0.31622976064682007,3.8916603322059863e-26,0.41069385559868077,1.0971885747994993e-29,OFFLOADED,1.0,No,1.0,1.0,1.0,False,False
4234,0.49362245202064514,4.770129658081e-06,0.3430405417210459,6.237165920275432e-37,OFFLOADED,1.0,No,1.0,1.0,1.0,False,False
4235,0.25727182626724243,3.949580641277825e-60,0.5403427780729807,2.0648009283355996e-16,OFFLOADED,1.0,No,1.0,1.0,1.0,False,False
4236,0.28878912329673767,6.614079973902759e-37,0.8623868507308416,0.9485142471057981,OFFLOADED,1.0,No,1.0,1.0,1.0,False,True
4237,0.2670350670814514,1.5579207480427298e-50,0.7460011743325525,0.03035696166152169,OFFLOADED,1.0,No,1.0,0.0,0.0,False,False
4238,0.29814413189888,6.125228863203444e-33,0.7819517084154208,0.1635655717409229,OFFLOADED,1.0,No,0.0,1.0,1.0,False,False
4239,0.0,0.0,0.6543783848939556,3.1376881875428547e-07,OFFLOADED,0.0,Yes,0.0,0.0,0.0,False,False
4240,0.3407757580280304,2.6060467348676897e-20,0.4486910076159041,5.1403436239555673e-26,OFFLOADED,1.0,No,1.0,1.0,1.0,False,False
4241,0.7051140666007996,0.4842912639140327,0.5887659885248128,8.826160160702371e-12,OFFLOADED,1.0,No,1.0,1.0,1.0,True,False
4242,0.35280707478523254,1.2425179948673746e-18,0.2571159173265059,1.0184377076124352e-44,OFFLOADED,1.0,No,1.0,1.0,1.0,False,False
4243,0.3003215789794922,6.426389940328924e-32,0.2636091365561673,3.6902903266149486e-44,OFFLOADED,1.0,No,1.0,1.0,1.0,False,False
4244,0.41922488808631897,8.21057654403997e-11,0.7574729319492727,0.058419483438742904,OFFLOADED,0.0,Yes,0.0,0.0,0.0,False,False
4245,0.3011537194252014,1.5912914505310562e-31,0.7422170296350324,0.024485921913866938,OFFLOADED,1.0,No,1.0,1.0,0.0,False,False
4246,0.32245126366615295,1.6444392101776773e-24,0.7408677414585427,0.020846558753717433,OFFLOADED,1.0,No,1.0,0.0,0.0,False,False
4247,0.3076130449771881,4.4712133882641166e-29,0.6102118363039032,4.392177230301361e-10,OFFLOADED,1.0,No,1.0,1.0,1.0,False,False
4248,0.2697739005088806,1.756202772579811e-48,0.22346344231276405,1.1510087694658829e-46,OFFLOADED,1.0,No,1.0,1.0,1.0,False,False
4249,0.252070814371109,3.892977305506116e-67,0.4008404635225474,1.0481593384086289e-30,OFFLOADED,1.0,No,1.0,1.0,1.0,False,False
4250,0.2535434663295746,4.38486822340849e-65,0.5651189908476368,7.56274465085794e-14,OFFLOADED,1.0,No,1.0,1.0,1.0,False,False
4251,0.30531150102615356,6.7635077265804e-30,0.7103771756469796,0.0010114094370524242,OFFLOADED,1.0,No,1.0,1.0,0.0,False,False
4252,0.29327917098999023,5.669907976806093e-35,0.2609031686709875,1.574054338851519e-44,OFFLOADED,1.0,No,1.0,1.0,1.0,False,False
4253,0.9396465420722961,0.9999881087738458,0.8638040787876957,0.9531076003489232,ACCEPTED,0.0,Yes,0.0,0.0,0.0,True,True
4254,0.8298201560974121,0.9604697958035867,0.6725762580394169,4.775065243541781e-06,OFFLOADED,1.0,No,1.0,1.0,1.0,True,False
4255,0.31112396717071533,7.268146881494159e-28,0.3400361237684305,2.159093171122807e-37,OFFLOADED,1.0,No,1.0,1.0,0.0,False,False
4256,0.8628454804420471,0.994749654094979,1.0,1.0,ACCEPTED,0.0,Yes,0.0,0.0,0.0,True,True
4257,0.8246129751205444,0.9491908543263752,0.6473768485266939,1.276205015754941e-07,OFFLOADED,1.0,No,1.0,1.0,1.0,True,False
4258,0.2659200429916382,1.4677453091116346e-51,0.29209806145139294,3.874803306786024e-42,OFFLOADED,1.0,No,1.0,1.0,1.0,False,False
4259,0.3270288109779358,3.7154280103893454e-23,0.27770056037042795,3.763627151732184e-43,OFFLOADED,1.0,No,1.0,1.0,1.0,False,False
4260,0.25455284118652344,3.880404961320407e-64,0.8476473100373869,0.8513314952994286,OFFLOADED,1.0,No,1.0,1.0,1.0,False,True
4261,0.27777403593063354,2.160849845647218e-43,0.6996963055106677,0.0002071215546069899,OFFLOADED,1.0,No,1.0,1.0,1.0,False,False
4262,0.2932005822658539,4.3684033817263774e-35,0.33714936411480007,9.820190622990414e-38,OFFLOADED,1.0,No,1.0,1.0,1.0,False,False
4263,0.2572801113128662,1.4544771553205404e-60,0.2662415336432093,3.52127332246533e-44,OFFLOADED,1.0,No,0.0,1.0,1.0,False,False
4264,0.3528439402580261,1.2542289133454834e-18,0.3583977255783985,1.5686119145719753e-35,OFFLOADED,1.0,No,1.0,1.0,1.0,False,False
4265,0.6370965242385864,0.09038446181193448,0.503164146111332,3.9747689577960446e-20,OFFLOADED,1.0,No,1.0,1.0,1.0,False,False
4266,0.6153655648231506,0.02667468877756978,0.570478001544074,2.1341349132474067e-13,OFFLOADED,1.0,No,1.0,1.0,1.0,False,False
4267,0.8978278040885925,0.9997151398608277,0.9870018790976706,0.9999999999638378,ACCEPTED,0.0,Yes,0.0,0.0,0.0,True,True
4268,0.25541988015174866,3.758814736960921e-63,1.0,1.0,OFFLOADED,0.0,Yes,0.0,0.0,0.0,False,True
4269,0.25814199447631836,1.6442640074683376e-59,0.8563642756344212,0.907767876607034,OFFLOADED,1.0,No,1.0,1.0,0.0,False,True
4270,0.5116304159164429,1.4593609108150718e-05,0.6417359328287712,6.164681768757002e-08,OFFLOADED,1.0,No,1.0,1.0,0.0,False,False
4271,0.33356040716171265,1.1756005607486197e-21,0.583279519876474,1.8444598220880927e-12,OFFLOADED,1.0,No,1.0,1.0,1.0,False,False
4272,0.6024091839790344,0.013169348084836994,0.6849252145115194,3.5303921722327475e-05,OFFLOADED,1.0,No,1.0,0.0,0.0,False,False
4273,0.25139570236206055,3.887940442918482e-68,0.8818839544842966,0.9889270762434045,OFFLOADED,1.0,No,0.0,1.0,1.0,False,True
4274,0.3518725335597992,6.491666866345832e-19,0.853310585458852,0.8801643208700572,OFFLOADED,1.0,No,1.0,0.0,0.0,False,True
4275,0.28948915004730225,4.635261478018254e-37,0.864368197461051,0.9552899535417674,OFFLOADED,1.0,No,1.0,0.0,0.0,False,True
4276,0.6668885946273804,0.19684737721572712,0.8898954046064685,0.9963268192467631,OFFLOADED,1.0,No,1.0,1.0,1.0,False,True
4277,0.5645383596420288,0.0009361006637887786,0.5884507878796491,5.8699901608496545e-12,OFFLOADED,1.0,No,1.0,1.0,1.0,False,False
4278,0.37190166115760803,3.412255171342919e-16,0.8131763523692794,0.4806875604974701,OFFLOADED,1.0,No,1.0,1.0,0.0,False,False
4279,0.2520550787448883,1.027257613796207e-67,0.32871625039239644,1.0946381659092036e-38,OFFLOADED,1.0,No,1.0,1.0,1.0,False,False
4280,0.29235750436782837,8.97134370887496e-36,0.4067460333702623,2.287165580775344e-30,OFFLOADED,1.0,No,1.0,1.0,1.0,False,False
4281,0.8977727293968201,0.999726693387318,0.7997886322246965,0.31095321171875934,OFFLOADED,1.0,No,1.0,1.0,1.0,True,False
4282,0.4455045759677887,6.249118300240861e-09,0.35333519607911706,3.3111272117546125e-36,OFFLOADED,1.0,No,1.0,1.0,1.0,False,False
4283,0.7747224569320679,0.824391973854768,0.9082121493498353,0.9992239006166868,ACCEPTED,1.0,No,1.0,1.0,0.0,True,True
4284,0.25953811407089233,2.938004536617527e-58,0.8058043516646602,0.3588948147096048,OFFLOADED,1.0,No,1.0,1.0,0.0,False,True
4285,0.25933101773262024,1.6155041519186483e-58,0.4414671406075795,5.302572339638937e-27,OFFLOADED,1.0,No,1.0,1.0,1.0,False,False
4286,0.27862516045570374,3.5120187628958558e-43,0.19837877152294492,1.857872624606332e-48,OFFLOADED,1.0,No,1.0,1.0,1.0,False,False
4287,0.25727877020835876,5.105526110448103e-61,0.36798460647890224,1.103716182043942e-34,OFFLOADED,1.0,No,1.0,1.0,1.0,False,False
4288,0.2599574625492096,7.378183461657077e-58,0.267831882991379,2.4024376952225645e-44,OFFLOADED,1.0,No,1.0,1.0,1.0,False,False
4289,0.4289163053035736,4.206143305001738e-10,0.6761179331036223,8.596050261504802e-06,OFFLOADED,1.0,No,0.0,1.0,1.0,False,False
4290,0.2880244553089142,6.050426952945313e-38,0.3971001610110198,1.5916097092418866e-31,OFFLOADED,1.0,No,1.0,1.0,1.0,False,False
4291,0.2765473425388336,1.196744067712283e-44,1.0,1.0,OFFLOADED,1.0,No,0.0,1.0,1.0,False,True
4292,0.28789183497428894,4.917252041392203e-38,0.293256416639909,1.7387268565794717e-42,OFFLOADED,1.0,No,1.0,1.0,1.0,False,False
4293,0.3459051549434662,5.0065678919762503e-20,0.8714173080458482,0.9726366197935523,OFFLOADED,1.0,No,1.0,1.0,0.0,False,True
4294,0.27275949716567993,4.578168827322855e-47,0.29784325621917296,3.67773646638898e-42,OFFLOADED,1.0,No,1.0,1.0,1.0,False,False
4295,0.28161412477493286,1.4877184311567362e-41,0.4108296672747738,4.3246240666145915e-30,OFFLOADED,1.0,No,1.0,1.0,1.0,False,False
4296,0.2516719698905945,1.701122296452354e-68,0.7630830222989765,0.07323602883218622,OFFLOADED,1.0,No,1.0,1.0,1.0,False,True
4297,0.5161723494529724,1.4941700611252193e-05,0.5008511764095536,1.433913381587637e-20,OFFLOADED,1.0,No,1.0,1.0,1.0,False,False
4298,0.47742486000061035,3.8530099557981396e-07,0.6592108940614124,3.881058348450949e-07,OFFLOADED,1.0,No,0.0,1.0,0.0,False,False
4299,0.2727299928665161,3.435570344630335e-47,0.45456963631403374,9.169942972953557e-26,OFFLOADED,1.0,No,1.0,1.0,1.0,False,False
4300,0.38128700852394104,4.8332083440110735e-15,0.43557351519548304,1.2886898387227298e-27,OFFLOADED,1.0,No,1.0,1.0,1.0,False,False
4301,0.33117732405662537,1.8739819207284768e-22,0.7057703131701336,0.0004155019273186363,OFFLOADED,1.0,No,1.0,0.0,0.0,False,False
4302,0.2772558927536011,2.388093292328139e-44,0.8797260884968187,0.984952158267554,OFFLOADED,1.0,No,1.0,0.0,0.0,False,True
4303,0.6837335824966431,0.2893330833315663,0.9000058864814598,0.9979902148472373,OFFLOADED,0.0,Yes,0.0,0.0,0.0,False,True
4304,0.27411317825317383,2.8163899544124034e-46,0.6205237665813254,1.1149135456914266e-09,OFFLOADED,1.0,No,0.0,1.0,1.0,False,False
4305,0.4687299132347107,1.3419257282506718e-07,0.861369791710358,0.9349558679788544,OFFLOADED,1.0,No,1.0,1.0,1.0,False,True
4306,0.29698824882507324,3.907225257875674e-34,0.7450134973605284,0.02530181886112587,OFFLOADED,1.0,No,1.0,1.0,1.0,False,False
4307,0.8819589614868164,0.9988251032768388,0.7987469244661739,0.27328335774671864,ACCEPTED,0.0,Yes,0.0,0.0,0.0,True,True
4308,0.9543538093566895,0.9999929157301517,0.9619059671657457,0.9999999663893014,ACCEPTED,0.0,Yes,0.0,0.0,0.0,True,True
4309,0.27795878052711487,6.335920134862319e-44,0.12329135765661486,1.2910230110233205e-50,OFFLOADED,1.0,No,1.0,1.0,1.0,False,False
4310,0.7766359448432922,0.8223630763632962,0.8240950448428161,0.6076844664482077,ACCEPTED,1.0,No,1.0,0.0,0.0,True,True
4311,0.3879389464855194,3.380782793457203e-14,0.7096266849856232,0.0007347555784648985,OFFLOADED,1.0,No,1.0,0.0,0.0,False,False
4312,0.38836410641670227,3.559566080897209e-14,0.4971576503997462,5.075484852701337e-21,OFFLOADED,1.0,No,1.0,1.0,1.0,False,False
4313,0.26725631952285767,1.4728769771625432e-51,0.4552038684382862,1.0038145848303847e-25,OFFLOADED,1.0,No,1.0,1.0,1.0,False,False
4314,0.28111323714256287,4.964596236208673e-42,0.7048930710066285,0.00042305571028795316,OFFLOADED,1.0,No,0.0,0.0,1.0,False,False
4315,0.6438729166984558,0.10716252086663679,0.9763546321466189,0.9999999987822918,OFFLOADED,1.0,No,1.0,1.0,0.0,False,True
4316,0.4983440935611725,4.264349418461127e-06,0.936088928586588,0.999993617192378,OFFLOADED,0.0,Yes,0.0,0.0,0.0,False,True
4317,0.8969190120697021,0.9996798033045848,0.8943387668451009,0.9971672939830843,ACCEPTED,1.0,No,1.0,1.0,1.0,True,True
4318,0.7990162372589111,0.8766547229455975,0.903178760400722,0.9984837341844126,ACCEPTED,1.0,No,1.0,1.0,1.0,True,True
4319,0.2573521137237549,1.820985041737027e-61,0.4860833250412206,3.6826079964048263e-22,OFFLOADED,1.0,No,1.0,1.0,1.0,False,False
4320,0.25319740176200867,9.515433522295784e-67,0.20554450928884274,1.6917776424952792e-48,OFFLOADED,1.0,No,1.0,1.0,1.0,False,False
4321,0.3066341280937195,5.404923573968003e-30,0.5572669998265544,5.998522789989265e-15,OFFLOADED,1.0,No,1.0,1.0,0.0,False,False
4322,0.5373036861419678,0.00010756093503557743,0.8613409972310029,0.9342843442308666,OFFLOADED,1.0,No,1.0,0.0,0.0,False,True
4323,0.3471203148365021,4.6914560643361485e-20,0.47719200269941936,3.5208174527938224e-23,OFFLOADED,1.0,No,1.0,1.0,1.0,False,False
4324,0.3571614921092987,2.2089647626038054e-18,0.7088351024612488,0.0007178969740885454,OFFLOADED,1.0,No,1.0,1.0,1.0,False,False
4325,0.26594141125679016,1.2832562332430884e-52,0.1747407485341305,7.364712621707213e-50,OFFLOADED,1.0,No,1.0,1.0,1.0,False,False
4326,0.46768850088119507,1.012689340090217e-07,0.6556631605730928,2.9557417978294555e-07,OFFLOADED,1.0,No,0.0,1.0,1.0,False,False
4327,0.33745303750038147,2.1395664761361555e-21,0.46444139429550885,9.994720709434967e-25,OFFLOADED,1.0,No,1.0,1.0,1.0,False,False
4328,0.31264153122901917,5.208541273978874e-28,0.6104649326208904,2.5711309519447325e-10,OFFLOADED,1.0,No,1.0,1.0,1.0,False,False
4329,0.3060941994190216,2.344592640543396e-30,0.61069044227663,2.5009442800404337e-10,OFFLOADED,1.0,No,0.0,1.0,1.0,False,False
4330,0.6117159128189087,0.01858613855660941,0.8118717358344348,0.4442131891267437,OFFLOADED,1.0,No,1.0,1.0,0.0,False,True
4331,0.31562483310699463,4.12146248136999e-27,0.8811656929635708,0.9876976815280435,OFFLOADED,1.0,No,1.0,0.0,0.0,False,True
4332,0.6457823514938354,0.10723146325621842,0.7785176409800979,0.12150385408081046,OFFLOADED,1.0,No,0.0,1.0,0.0,False,False
4333,0.8947891592979431,0.9995708851753632,0.9335348202710345,0.9999894679302923,ACCEPTED,1.0,No,1.0,1.0,0.0,True,True
4334,0.0,0.0,0.7124929128146974,0.0011414562491191265,OFFLOADED,0.0,Yes,0.0,0.0,0.0,False,False
4335,0.2707172632217407,3.9731151269208754e-49,0.664510627288556,9.163368585202742e-07,OFFLOADED,1.0,No,1.0,0.0,0.0,False,False
4336,0.40558475255966187,1.5717847739285387e-12,1.0,1.0,OFFLOADED,1.0,No,1.0,0.0,0.0,False,True
4337,0.2863290011882782,1.6846528018184385e-39,0.5913557166630504,8.20247813064955e-12,OFFLOADED,1.0,No,1.0,0.0,0.0,False,False
4338,0.5729346871376038,0.0015298187091639082,0.8008268286159005,0.2979918967502723,OFFLOADED,1.0,No,1.0,1.0,0.0,False,True
4339,0.26024264097213745,2.0848962840179333e-58,0.43933689761544764,1.6815356003101067e-27,OFFLOADED,1.0,No,1.0,1.0,1.0,False,False
4340,0.4374099671840668,1.053739883145212e-09,0.8481383823437684,0.8388737770313724,OFFLOADED,1.0,No,1.0,0.0,0.0,False,False
4341,0.3245183229446411,1.1030702150948843e-24,0.7843840173756332,0.14836500005747674,OFFLOADED,1.0,No,1.0,1.0,0.0,False,False
4342,0.774480402469635,0.8012841427577735,0.8160966510224212,0.48697317997676837,ACCEPTED,1.0,No,1.0,1.0,0.0,True,True
4343,0.25852856040000916,1.9758771978156947e-60,0.6620869349980697,5.710410791868014e-07,OFFLOADED,1.0,No,1.0,0.0,1.0,False,False
4344,0.0,0.0,0.9730239239954682,0.9999999969603282,OFFLOADED,0.0,Yes,0.0,0.0,0.0,False,True
4345,0.8402934074401855,0.9637241389905252,0.9365817682970614,0.9999939335760156,ACCEPTED,0.0,Yes,0.0,0.0,0.0,True,True
4346,0.3640933334827423,1.556091604705162e-17,0.8656432237979709,0.9595127917880044,OFFLOADED,1.0,No,1.0,1.0,0.0,False,True
4347,0.8900330066680908,0.9993312840272716,0.8269737501013941,0.6305326517786102,ACCEPTED,0.0,Yes,0.0,0.0,0.0,True,True
4348,0.2696347236633301,4.517198640364229e-50,0.3788922345209345,5.530610831775348e-34,OFFLOADED,1.0,No,0.0,1.0,1.0,False,False
4349,0.30724263191223145,3.726998635929901e-30,0.3761916646657176,2.534236206769969e-34,OFFLOADED,1.0,No,1.0,1.0,1.0,False,False
4350,0.2805522382259369,8.099004369485777e-43,0.438196843449295,1.3014678157534669e-27,OFFLOADED,1.0,No,1.0,1.0,1.0,False,False
4351,0.6860755085945129,0.3026462103219996,0.5757620332746799,3.453471753790808e-13,OFFLOADED,0.0,Yes,0.0,0.0,0.0,True,False
4352,0.30035725235939026,5.850784366744408e-33,0.706125191064546,0.00043159546228815085,OFFLOADED,1.0,No,1.0,1.0,1.0,False,False
4353,0.9387134313583374,0.9999864381900913,1.0,1.0,ACCEPTED,0.0,Yes,0.0,0.0,0.0,True,True
4354,0.8089226484298706,0.899171987754447,0.9726468040655231,0.9999999970037898,ACCEPTED,1.0,No,1.0,1.0,0.0,True,True
4355,0.8694283366203308,0.996374170109499,0.7350736153472212,0.010386829557789672,OFFLOADED,0.0,Yes,0.0,0.0,0.0,True,False
4356,0.9054468274116516,0.9998543501624204,0.8463418963727923,0.8307125999452246,ACCEPTED,1.0,No,1.0,1.0,0.0,True,True
4357,0.2797383666038513,2.64680943398022e-43,0.7595051047566754,0.0510298520749442,OFFLOADED,1.0,No,1.0,0.0,0.0,False,False
4358,0.8249207139015198,0.9346360417111654,0.7864926259852925,0.15601250830235244,OFFLOADED,0.0,Yes,0.0,0.0,0.0,True,False
4359,0.8167951703071594,0.9196522110779792,0.8272053677970352,0.6448632733016637,OFFLOADED,1.0,No,1.0,1.0,1.0,True,False
4360,0.6594277620315552,0.15268510321625064,0.939784555644974,0.9999964479528025,OFFLOADED,0.0,Yes,0.0,0.0,0.0,False,True
4361,0.5697588324546814,0.001152654166588417,0.8006335831812562,0.2777241873713696,OFFLOADED,1.0,No,0.0,0.0,1.0,False,False
4362,0.3817736804485321,3.1133423221263945e-15,0.7896029933796129,0.19119599929020628,OFFLOADED,1.0,No,1.0,1.0,0.0,False,True
4363,0.3887394368648529,2.5061901054470698e-14,0.5264884166915057,3.8076490017028106e-18,OFFLOADED,1.0,No,1.0,1.0,1.0,False,False
4364,0.35238778591156006,2.1993013697584335e-19,0.5240991502886001,2.0073634329347027e-18,OFFLOADED,1.0,No,0.0,1.0,1.0,False,False
4365,0.41631603240966797,1.883785588320203e-11,0.526853984966377,3.899862877105187e-18,OFFLOADED,1.0,No,1.0,1.0,1.0,False,False
4366,0.296216756105423,5.328619259014847e-35,0.6984526334240028,0.00015260662674217927,OFFLOADED,1.0,No,0.0,1.0,1.0,False,False
4367,0.5332673788070679,5.457215346563615e-05,0.8992530679724955,0.9977410819987624,OFFLOADED,1.0,No,1.0,1.0,1.0,False,True
4368,0.25435754656791687,3.0162618011291435e-66,0.6413124975329811,4.7591822090762555e-08,OFFLOADED,1.0,No,1.0,0.0,0.0,False,False
4369,0.9457213282585144,0.999989732105066,0.792689880000692,0.21281130147562624,OFFLOADED,1.0,No,1.0,1.0,1.0,True,False
4370,0.41420799493789673,1.0247162999466991e-11,0.5771706981971988,4.863750492424509e-13,OFFLOADED,1.0,No,1.0,1.0,1.0,False,False
4371,0.3589816987514496,2.3486045336223477e-18,0.3025907329624832,2.8824058701686066e-42,OFFLOADED,1.0,No,1.0,1.0,1.0,False,False
4372,0.8261187672615051,0.9387694779150616,0.5661239444426642,4.50950564667374e-14,OFFLOADED,1.0,No,1.0,1.0,1.0,False,False
4373,0.3908379375934601,3.4005273918925474e-14,0.6675204449236841,1.3245919266371919e-06,OFFLOADED,1.0,No,1.0,1.0,1.0,False,False
4374,0.2735033333301544,1.4675739214236286e-47,0.3908374605428243,1.081870150542514e-32,OFFLOADED,1.0,No,1.0,1.0,1.0,False,False
4375,0.3934260308742523,6.333104534730296e-14,0.79764739184295,0.24675529958344053,OFFLOADED,1.0,No,1.0,1.0,0.0,False,False
4376,0.2761126160621643,4.330981133614122e-46,0.42164559054495937,2.2652195842554901e-29,OFFLOADED,1.0,No,1.0,1.0,1.0,False,False
4377,0.2896483242511749,4.363572926609118e-38,0.6175285082459665,6.082623400790134e-10,OFFLOADED,1.0,No,1.0,1.0,1.0,False,False
4378,0.31110092997550964,5.412462118222659e-29,0.4474127764911174,5.77453124534528e-27,OFFLOADED,1.0,No,1.0,0.0,0.0,False,False
4379,0.3714678883552551,8.078248926532846e-17,0.8363347039510214,0.7287853562378248,OFFLOADED,1.0,No,1.0,1.0,1.0,False,True
4380,0.2530808448791504,5.837818565625701e-68,0.27228918574403027,1.0716555220334592e-44,OFFLOADED,1.0,No,0.0,1.0,1.0,False,False
4381,0.2632206082344055,1.6131914244578388e-55,0.3066564441590158,5.73979770898258e-42,OFFLOADED,1.0,No,0.0,1.0,1.0,False,False
4382,0.278912752866745,3.4605422202041674e-44,0.37364369966765726,8.510756351147026e-35,OFFLOADED,1.0,No,1.0,1.0,1.0,False,False
4383,0.26858511567115784,1.7858357669674744e-51,0.8652006049132249,0.9509480651586462,OFFLOADED,1.0,No,1.0,0.0,0.0,False,True
4384,0.2522600293159485,2.3195402383475183e-69,0.5644102718535798,2.2577040315133668e-14,OFFLOADED,1.0,No,1.0,1.0,1.0,False,False
4385,0.2529234290122986,2.7750979115243915e-68,0.6786163667923587,1.109020378310316e-05,OFFLOADED,1.0,No,0.0,1.0,1.0,False,False
4386,0.3016015887260437,1.1337008640700647e-32,0.6730299064299219,3.3599920852899237e-06,OFFLOADED,1.0,No,1.0,0.0,0.0,False,False
4387,0.3749559819698334,2.13861381974926e-16,0.42003615300506014,1.2955722240966048e-29,OFFLOADED,1.0,No,1.0,1.0,1.0,False,False
4388,0.2794824242591858,7.113658115825862e-44,0.7332760619027111,0.009392949330588962,OFFLOADED,1.0,No,1.0,0.0,0.0,False,False
4389,0.28113019466400146,6.375160578227184e-43,0.5546350065849404,2.060390325858391e-15,OFFLOADED,1.0,No,1.0,1.0,0.0,False,False
4390,0.40781715512275696,2.0435170786849213e-12,0.7126219471273124,0.001179451935300761,OFFLOADED,1.0,No,1.0,1.0,0.0,False,False
4391,0.6108067631721497,0.01688729730425717,0.8512985288919003,0.8508777560548223,OFFLOADED,1.0,No,1.0,0.0,0.0,False,True
4392,0.6149915456771851,0.020174662785948982,0.6369961396102638,2.2912458935449897e-08,OFFLOADED,1.0,No,1.0,1.0,1.0,False,False
4393,0.41992127895355225,3.13126958659656e-11,0.2987781735361378,6.7406177422622095e-43,OFFLOADED,1.0,No,1.0,1.0,1.0,False,False
4394,0.52627032995224,2.28749055054594e-05,0.5156998611062612,1.5921751991311953e-19,OFFLOADED,1.0,No,1.0,1.0,1.0,False,False
4395,0.2648022174835205,1.4608067800879307e-54,0.21462087720886652,9.341075335952204e-49,OFFLOADED,1.0,No,1.0,1.0,1.0,False,False
4396,0.25738924741744995,8.648562974745275e-63,0.47029780364496665,3.096554584014428e-24,OFFLOADED,1.0,No,1.0,1.0,1.0,False,False
4397,0.5206705331802368,1.2451389757345843e-05,0.7684349655075204,0.07163053325495082,OFFLOADED,0.0,Yes,0.0,0.0,0.0,False,False
4398,0.2681867778301239,4.843862157586018e-52,0.17660308719122747,1.8040493529866624e-50,OFFLOADED,1.0,No,1.0,1.0,0.0,False,False
4399,0.5937198400497437,0.005738267982053283,0.8055282910441827,0.31022781756755335,OFFLOADED,1.0,No,0.0,0.0,1.0,False,False
4400,0.4513553977012634,6.619871926654643e-09,0.3809077128471348,4.313815072963776e-34,OFFLOADED,1.0,No,1.0,1.0,1.0,False,False
4401,0.9147571921348572,0.9999261832990527,0.9691954117825206,0.999999993619945,ACCEPTED,1.0,No,1.0,1.0,0.0,True,True
4402,0.32936134934425354,9.762728432163882e-24,0.4499579315569178,9.297745081069655e-27,OFFLOADED,1.0,No,1.0,1.0,1.0,False,False
4403,0.938534140586853,0.999984205201626,0.747922703318087,0.02895067107074097,OFFLOADED,0.0,Yes,0.0,0.0,0.0,True,False
4404,0.3996046483516693,2.0184065134047715e-13,0.9284186221474816,0.9999681996642629,OFFLOADED,1.0,No,1.0,0.0,1.0,False,True
4405,0.33128494024276733,2.992829824651118e-23,0.410970179444492,9.959327733523467e-31,OFFLOADED,1.0,No,1.0,1.0,1.0,False,False
4406,0.3563426434993744,3.836403912372326e-19,0.987593751448089,0.9999999999670066,OFFLOADED,0.0,Yes,0.0,0.0,0.0,False,True
4407,0.3486693501472473,1.7950084672250606e-20,0.5701877487785595,1.1121615223610638e-13,OFFLOADED,1.0,No,0.0,1.0,1.0,False,False
4408,0.2663671374320984,1.3285263534154559e-53,0.2621086251262866,5.5078287700484104e-46,OFFLOADED,1.0,No,1.0,1.0,1.0,False,False
4409,0.6809571981430054,0.27384437777082304,0.6228963120887634,1.6142069620054765e-09,OFFLOADED,1.0,No,1.0,1.0,0.0,False,False
4410,0.3700568974018097,3.00227408215497e-17,0.783050431885994,0.13391008275835142,OFFLOADED,0.0,Yes,0.0,0.0,0.0,False,False
4411,0.744954526424408,0.6960223911103384,0.8030632036757008,0.30657180392981465,OFFLOADED,0.0,Yes,0.0,0.0,0.0,True,False
4412,0.6161272525787354,0.019676296692556484,0.7197004550317064,0.0037579631683481514,OFFLOADED,1.0,No,1.0,1.0,1.0,False,False
4413,0.2666461765766144,1.8859856660314203e-53,0.21222285015013884,5.312344054009239e-49,OFFLOADED,1.0,No,1.0,1.0,1.0,False,False
4414,0.48234495520591736,4.0198017276832796e-07,0.8396110298440944,0.7723092244191737,OFFLOADED,0.0,Yes,0.0,0.0,0.0,False,True
4415,0.2651336193084717,1.6876205521647898e-54,0.6352690531978279,2.0025081808134685e-08,OFFLOADED,1.0,No,1.0,1.0,1.0,False,False
4416,0.28117635846138,3.91957990160952e-43,0.523476553065086,9.53686532682299e-19,OFFLOADED,1.0,No,1.0,1.0,1.0,False,False
4417,0.5406421422958374,9.375090318211913e-05,0.8775422845896897,0.9843931602243611,OFFLOADED,1.0,No,1.0,0.0,0.0,False,True
4418,0.8477781414985657,0.9769924036319656,0.9782861265235614,0.9999999994331457,ACCEPTED,0.0,Yes,0.0,0.0,0.0,True,True
4419,0.27329689264297485,2.9111919225931153e-48,0.29525042463617496,2.339739639494461e-43,OFFLOADED,1.0,No,1.0,1.0,1.0,False,False
4420,0.46203067898750305,2.4502310423836556e-08,0.6377924567828481,2.8717127223301283e-08,OFFLOADED,1.0,No,0.0,1.0,1.0,False,False
4421,0.26918184757232666,2.363364052683938e-51,0.40638616266027894,2.6514708494418425e-31,OFFLOADED,1.0,No,1.0,1.0,1.0,False,False
4422,0.26152366399765015,8.371809619241163e-58,0.24835132053316122,3.8235179914261747e-47,OFFLOADED,1.0,No,1.0,1.0,1.0,False,False
4423,0.8694456219673157,0.9966866192573026,0.7068057643618855,0.0005421975053535606,OFFLOADED,0.0,Yes,0.0,0.0,0.0,True,False
4424,0.26224997639656067,3.957036123872668e-57,0.28763120530938474,6.414122858956216e-44,OFFLOADED,1.0,No,1.0,1.0,1.0,False,False
4425,0.6653812527656555,0.17601057463617054,0.8473364824218947,0.8411520743778994,OFFLOADED,0.0,Yes,0.0,0.0,0.0,False,True
4426,0.2705193758010864,2.4029938898042372e-50,0.8680405858172464,0.969601140375104,OFFLOADED,1.0,No,1.0,1.0,1.0,False,True
4427,0.31542256474494934,7.371068251176981e-28,0.3230400911185357,1.935018473930478e-40,OFFLOADED,1.0,No,1.0,1.0,1.0,False,False
4428,0.7506852149963379,0.7322386025769483,0.7674339373667033,0.08719513686209228,OFFLOADED,0.0,Yes,0.0,0.0,0.0,True,False
4429,0.4607256054878235,2.0010191238000346e-08,0.5203414328001286,4.707753937451099e-19,OFFLOADED,1.0,No,1.0,1.0,1.0,False,False
4430,0.6701558828353882,0.21188175775671386,0.6148859184148973,4.126510041223984e-10,OFFLOADED,1.0,No,1.0,1.0,1.0,False,False
4431,0.33853840827941895,6.766171324534252e-22,0.40845880215605745,4.15466435842303e-31,OFFLOADED,1.0,No,1.0,1.0,1.0,False,False
4432,0.9537783861160278,0.9999927528267011,0.9676858106313264,0.9999999924327562,ACCEPTED,0.0,Yes,0.0,0.0,0.0,True,True
4433,0.8132645487785339,0.911857866284317,1.0,1.0,ACCEPTED,0.0,Yes,0.0,0.0,0.0,True,True
4434,0.27018192410469055,1.1045555666568576e-50,0.4819431406689164,4.893621769762004e-23,OFFLOADED,1.0,No,1.0,1.0,1.0,False,False
4435,0.6953494548797607,0.38732478678330595,0.9376347889744211,0.9999958799684893,ACCEPTED,0.0,Yes,0.0,0.0,0.0,True,True
4436,0.27694448828697205,4.739194883543566e-46,0.5539148994913491,1.5226068244536228e-15,OFFLOADED,1.0,No,1.0,1.0,1.0,False,False
4437,0.2710084617137909,4.07488022767203e-50,0.3458352004832133,3.3482206951771635e-38,OFFLOADED,1.0,No,1.0,1.0,1.0,False,False
4438,0.42016172409057617,2.4386026490858126e-11,0.31604387346128826,2.1532572451150026e-41,OFFLOADED,1.0,No,0.0,0.0,1.0,False,False
4439,0.0,0.0,0.8381364065613378,0.7746296505221469,OFFLOADED,0.0,Yes,0.0,0.0,0.0,False,True
4440,0.42949655652046204,1.752074279740433e-10,0.5259360800286617,1.556816875965093e-18,OFFLOADED,1.0,No,1.0,1.0,1.0,False,False
4441,0.5675795078277588,0.0007386266733676621,0.6237081683464544,1.916701185099092e-09,OFFLOADED,0.0,Yes,0.0,0.0,0.0,False,False
4442,0.7942884564399719,0.8587820101392599,0.7379671875771178,0.01840684060384779,OFFLOADED,0.0,Yes,0.0,0.0,0.0,False,False
4443,0.37373918294906616,7.830142468913035e-17,0.9900876620101883,0.9999999999853224,OFFLOADED,1.0,No,1.0,0.0,0.0,False,True
4444,0.31401726603507996,2.15962726390971e-28,0.27387106324721766,4.587054583510573e-45,OFFLOADED,1.0,No,1.0,1.0,1.0,False,False
4445,0.2967643737792969,1.806884078137665e-35,0.368705776154608,1.1360026680901707e-35,OFFLOADED,1.0,No,1.0,1.0,1.0,False,False
4446,0.3431262671947479,2.7923587700683398e-21,0.8668259255919243,0.9671338904759521,OFFLOADED,1.0,No,1.0,1.0,1.0,False,True
4447,0.3986648917198181,1.2484318807409073e-13,0.9837277916824173,0.9999999999118232,OFFLOADED,0.0,Yes,0.0,0.0,0.0,False,True
4448,0.40848690271377563,1.4633868915638851e-12,0.4691863325880323,1.8488613993778814e-24,OFFLOADED,1.0,No,1.0,1.0,1.0,False,False
4449,0.8679666519165039,0.9970163250726014,0.6648185727443857,1.209648025682514e-06,OFFLOADED,0.0,Yes,0.0,0.0,0.0,True,False
4450,0.48228761553764343,4.5007849100595676e-07,0.5745960808968517,2.825159497336345e-13,OFFLOADED,1.0,No,1.0,1.0,1.0,False,False
4451,0.33893322944641113,6.248103180321762e-22,0.48525015878522926,1.093004503094825e-22,OFFLOADED,1.0,No,1.0,1.0,1.0,False,False
4452,0.6327399611473083,0.061812609311353836,0.9047354192195127,0.9987789613149467,OFFLOADED,0.0,Yes,0.0,0.0,0.0,False,True
4453,0.6172341108322144,0.02260859926230525,0.8238102899429433,0.6227167847933418,OFFLOADED,1.0,No,1.0,1.0,0.0,False,True
4454,0.39090991020202637,1.5957744732867212e-14,0.4610465921664461,1.2236385323500636e-25,OFFLOADED,0.0,Yes,0.0,0.0,0.0,False,False
4455,0.4516648054122925,5.72538634547042e-09,0.9220951612217583,0.9998940172896027,OFFLOADED,1.0,No,1.0,0.0,1.0,False,True
4456,0.9150450825691223,0.9999477640480479,0.7126826487951591,0.0015691538221835998,OFFLOADED,0.0,Yes,0.0,0.0,0.0,True,False
4457,0.2630617618560791,1.2993629076784028e-56,0.9815023062641562,0.9999999998276476,OFFLOADED,1.0,No,1.0,0.0,1.0,False,True
4458,0.3007572591304779,1.4400571722488636e-33,0.5583330812647188,5.263288066384262e-15,OFFLOADED,1.0,No,1.0,1.0,1.0,False,False
4459,0.34572523832321167,4.799964566097549e-21,0.36008914479349663,1.1064748805416572e-36,OFFLOADED,1.0,No,1.0,1.0,1.0,False,False
4460,0.7576165795326233,0.7785088023981873,0.7725207157117221,0.10687323872617592,ACCEPTED,0.0,Yes,0.0,0.0,0.0,True,True
4461,0.6259624361991882,0.04179089012033021,0.6916061015211519,9.638842350718104e-05,OFFLOADED,0.0,Yes,0.0,0.0,0.0,False,False
4462,0.4562321901321411,1.102004201119391e-08,0.48653140918606236,1.5791905530126583e-22,OFFLOADED,1.0,No,1.0,1.0,1.0,False,False
4463,0.2609094977378845,5.585113793464326e-59,0.2767515894893979,6.31152466311851e-45,OFFLOADED,1.0,No,1.0,1.0,1.0,False,False
4464,0.30634447932243347,2.654194376880961e-31,0.32898832607218936,6.016123021069893e-40,OFFLOADED,1.0,No,1.0,1.0,1.0,False,False
4465,0.27182528376579285,8.69796959112826e-50,0.395633884659592,1.4020760533043663e-32,OFFLOADED,1.0,No,1.0,1.0,1.0,False,False
4466,0.9010772109031677,0.9998409048827103,0.9028435278262261,0.9985455624563363,ACCEPTED,0.0,Yes,0.0,0.0,0.0,True,True
4467,0.9192824959754944,0.9999666421429287,0.8700040410304014,0.970867808886948,ACCEPTED,0.0,Yes,0.0,0.0,0.0,True,True
4468,0.2767189145088196,1.6928435602543682e-46,0.6034192936096464,8.655514446740627e-11,OFFLOADED,1.0,No,1.0,0.0,1.0,False,False
4469,0.3295833468437195,5.836769690890881e-24,0.9895220142184674,0.9999999999885951,OFFLOADED,0.0,Yes,0.0,0.0,0.0,False,True
4470,0.25093141198158264,1.7718274040342855e-71,0.546897913072148,3.300605042445422e-16,OFFLOADED,1.0,No,1.0,1.0,1.0,False,False
4471,0.2532893419265747,6.294340640445691e-69,0.3893298524648028,2.6640520927206764e-33,OFFLOADED,1.0,No,1.0,1.0,1.0,False,False
4472,0.8851976990699768,0.9993557389886362,0.6995706890769746,0.0002508673923839924,OFFLOADED,0.0,Yes,0.0,0.0,0.0,True,False
4473,0.3223074972629547,4.4196288424930713e-26,1.0,1.0,OFFLOADED,1.0,No,1.0,0.0,1.0,False,True
4474,0.7757952213287354,0.830866046846223,0.8887208870595031,0.9959729344418641,ACCEPTED,0.0,Yes,0.0,0.0,0.0,True,True
4475,0.8957605957984924,0.999768021404802,0.8361626729000944,0.7570364233298423,ACCEPTED,1.0,No,1.0,1.0,1.0,True,True
4476,0.8799459934234619,0.9990961080334959,0.6163383024234466,7.266696347133509e-10,OFFLOADED,0.0,Yes,0.0,0.0,0.0,True,False
4477,0.31869369745254517,4.107183644350869e-27,0.5935673086107893,1.7932132790416696e-11,OFFLOADED,0.0,Yes,0.0,0.0,0.0,False,False
4478,0.9700816869735718,0.9999976377214943,1.0,1.0,ACCEPTED,0.0,Yes,0.0,0.0,0.0,True,True
4479,0.6720353960990906,0.23180928136370701,0.7564163461986523,0.05935053115527121,OFFLOADED,0.0,Yes,0.0,0.0,0.0,False,False
4480,0.3178196847438812,2.817401456058673e-27,0.5403844655865975,8.393433095976359e-17,OFFLOADED,1.0,No,1.0,1.0,1.0,False,False
4481,0.3387371897697449,5.454524748732085e-22,0.4109097182972099,7.44044359651714e-31,OFFLOADED,1.0,No,1.0,1.0,1.0,False,False
4482,0.25829076766967773,1.898877141586229e-62,0.4170607481510996,3.7760715378892524e-30,OFFLOADED,1.0,No,1.0,1.0,1.0,False,False
4483,0.2602149546146393,3.017895268164662e-60,0.3472537608745094,4.2706341529351566e-38,OFFLOADED,1.0,No,1.0,1.0,1.0,False,False
4484,0.8472592830657959,0.9833018903641142,0.6349091004525415,2.7659140175749084e-08,OFFLOADED,0.0,Yes,0.0,0.0,0.0,True,False
4485,0.293536514043808,7.806898840534502e-37,0.677809866177693,1.7869914813762453e-05,OFFLOADED,1.0,No,1.0,0.0,0.0,False,False
4486,0.27043741941452026,6.85407061582972e-51,0.2235920086503552,8.57851679650073e-49,OFFLOADED,1.0,No,1.0,1.0,1.0,False,False
4487,0.26419293880462646,6.287531755888678e-56,0.34929836671361836,8.16350884404054e-38,OFFLOADED,1.0,No,1.0,1.0,1.0,False,False
4488,0.2554105222225189,1.8032658287485324e-66,0.2878047582496995,3.710452051680018e-44,OFFLOADED,1.0,No,1.0,1.0,1.0,False,False
4489,0.3134550452232361,1.089232849043718e-28,0.6646814136029111,1.7114839372812138e-06,OFFLOADED,1.0,No,1.0,1.0,1.0,False,False
4490,0.2642003893852234,5.67938246350003e-56,0.5652136443015742,4.6655357460115735e-14,OFFLOADED,1.0,No,1.0,1.0,1.0,False,False
4491,0.8871521949768066,0.9995673276113802,0.7191490568409696,0.004284071218517932,OFFLOADED,1.0,No,1.0,1.0,1.0,True,False
4492,0.25688329339027405,1.5606028547369788e-64,0.6881049172383207,7.467638077626404e-05,OFFLOADED,1.0,No,1.0,0.0,0.0,False,False
4493,0.2529747784137726,1.2515997871217544e-69,0.354702838996412,2.582384682541685e-37,OFFLOADED,1.0,No,1.0,1.0,1.0,False,False
4494,0.9638550877571106,0.9999972766986771,1.0,1.0,ACCEPTED,0.0,Yes,0.0,0.0,0.0,True,True
4495,0.2858998775482178,7.410356947379148e-41,0.35228002078483367,1.399035312022299e-37,OFFLOADED,1.0,No,1.0,1.0,1.0,False,False
4496,0.8680952787399292,0.9977051738470467,0.801161482957578,0.3099339691057743,ACCEPTED,0.0,Yes,0.0,0.0,0.0,True,True
4497,0.37627124786376953,1.7993373356127155e-16,0.6670077013714922,2.2829607501264943e-06,OFFLOADED,0.0,Yes,0.0,0.0,0.0,False,False
4498,0.2887061536312103,2.8302006015144526e-39,0.36742243844889877,7.949857341572553e-36,OFFLOADED,1.0,No,1.0,1.0,1.0,False,False
4499,0.3530893325805664,1.0764548792573874e-19,0.3870187710323461,1.3865086699576245e-33,OFFLOADED,1.0,No,1.0,1.0,1.0,False,False
4500,0.6607146263122559,0.1838832297663245,1.0,1.0,OFFLOADED,1.0,No,1.0,0.0,0.0,False,True
4501,0.4484165906906128,3.380647160100608e-09,0.6500587447501144,2.5052810635484594e-07,OFFLOADED,1.0,No,1.0,1.0,1.0,False,False
4502,0.32550689578056335,3.992599121805851e-25,0.4875371521406318,2.425240239746979e-22,OFFLOADED,1.0,No,1.0,1.0,1.0,False,False
4503,0.2694450914859772,7.978218313038238e-52,0.5848316171685818,3.0777576512945513e-12,OFFLOADED,1.0,No,1.0,0.0,0.0,False,False
4504,0.574658989906311,0.0016307550126531652,0.8462766942420352,0.838439472999605,OFFLOADED,0.0,Yes,0.0,0.0,0.0,False,False
4505,0.31864336133003235,3.615765491556073e-27,0.3909393933623433,4.311153777217813e-33,OFFLOADED,1.0,No,0.0,1.0,1.0,False,False
4506,0.7621557116508484,0.8109045866296799,0.7778622858790525,0.13784176235411652,OFFLOADED,1.0,No,0.0,0.0,1.0,False,False
4507,0.34339672327041626,2.46721523590168e-21,0.5703998599602567,2.15956240705392e-13,OFFLOADED,1.0,No,1.0,1.0,0.0,False,False
4508,0.3780193030834198,3.3538275793747863e-16,0.9199855072754833,0.9998780109452494,OFFLOADED,0.0,Yes,0.0,0.0,0.0,False,True
4509,0.2737857401371002,1.766866322776574e-48,0.52763631798391,4.12021896225249e-18,OFFLOADED,1.0,No,1.0,1.0,1.0,False,False
4510,0.5050356388092041,5.191716287934284e-06,0.6725836231465251,7.325485009974705e-06,OFFLOADED,1.0,No,1.0,1.0,0.0,False,False
4511,0.2830342948436737,1.9016328395596665e-42,0.6622741980053282,1.1942693104358484e-06,OFFLOADED,1.0,No,1.0,1.0,1.0,False,False
4512,0.9639454483985901,0.9999974405534037,0.9335846175926906,0.9999934116741618,ACCEPTED,0.0,Yes,0.0,0.0,0.0,True,True
4513,0.275642454624176,1.930719352967997e-47,0.614829356787948,6.631794002435586e-10,OFFLOADED,1.0,No,0.0,1.0,1.0,False,False
4514,0.2915262281894684,5.859620589832083e-38,0.24443609982885395,5.97521358506869e-48,OFFLOADED,1.0,No,1.0,1.0,1.0,False,False
4515,0.4684746265411377,7.235339394892618e-08,0.48195523312285254,4.386106617481286e-23,OFFLOADED,1.0,No,1.0,1.0,1.0,False,False
4516,0.9284679889678955,0.9999870658256625,0.9136304797841982,0.9997147826704577,ACCEPTED,1.0,No,1.0,1.0,1.0,True,True
4517,0.7202516794204712,0.608144623446466,0.8222626542409447,0.6048666493143187,OFFLOADED,0.0,Yes,0.0,0.0,0.0,True,False
4518,0.3112967610359192,1.2672622120343227e-29,0.47634694044371384,9.525136076712414e-24,OFFLOADED,1.0,No,1.0,1.0,1.0,False,False
4519,0.378015398979187,3.231154721849249e-16,0.7117592051227972,0.0017139053301021326,OFFLOADED,1.0,No,1.0,1.0,1.0,False,False
4520,0.3652079105377197,5.8716872099872475e-18,0.4141407502216102,1.0544014093704535e-30,OFFLOADED,1.0,No,1.0,1.0,1.0,False,False
4521,0.5902863144874573,0.004892541339186194,0.8204735048061259,0.5959755430491022,OFFLOADED,1.0,No,1.0,0.0,0.0,False,True
4522,0.2573503851890564,2.5156058927320703e-64,0.6336426556119346,2.2620402167887938e-08,OFFLOADED,1.0,No,1.0,1.0,0.0,False,False
4523,0.2655744254589081,2.940498123298669e-55,0.7389138529016618,0.02549146218370732,OFFLOADED,1.0,No,1.0,1.0,1.0,False,False
4524,0.25352948904037476,2.408154984566712e-69,0.9710217238643256,0.9999999977910337,OFFLOADED,1.0,No,1.0,0.0,1.0,False,True
4525,0.26082858443260193,9.387669114457901e-60,0.7189055792774331,0.00421297093077634,OFFLOADED,1.0,No,0.0,0.0,1.0,False,False
4526,0.6448421478271484,0.11414999259969236,0.8843658161230927,0.9940553927112034,OFFLOADED,0.0,Yes,0.0,0.0,0.0,False,True
4527,0.2643511891365051,3.0058491936207285e-56,0.2462323619721573,5.712875869611859e-48,OFFLOADED,1.0,No,1.0,1.0,1.0,False,False
4528,0.2837333381175995,3.384681740746984e-42,0.3795646763740576,8.869220791936557e-35,OFFLOADED,1.0,No,1.0,1.0,1.0,False,False
4529,0.6522605419158936,0.15110857490021487,0.7689736862656114,0.11757047394888394,ACCEPTED,1.0,No,1.0,1.0,1.0,True,True
4530,0.9001370072364807,0.9998578908968601,0.5731594334460313,2.739962503342494e-13,OFFLOADED,1.0,No,1.0,1.0,1.0,True,False
4531,0.2582687735557556,3.7686280637093127e-63,0.8826244370458257,0.9926197702545634,OFFLOADED,1.0,No,1.0,0.0,0.0,False,True
4532,0.7920520305633545,0.8727617206240179,0.9827331909856843,0.9999999999373816,ACCEPTED,1.0,No,1.0,1.0,0.0,True,True
4533,0.2588895857334137,1.9566396768515707e-62,0.8247990167838457,0.6539242887201181,OFFLOADED,1.0,No,1.0,1.0,0.0,False,True
4534,0.535043478012085,5.666844557098986e-05,0.7732928926722284,0.1251739480026304,OFFLOADED,0.0,Yes,0.0,0.0,0.0,False,False
4535,0.2725083529949188,9.717919943469878e-50,0.5332959082164405,1.209165276642798e-17,OFFLOADED,1.0,No,1.0,1.0,1.0,False,False
4536,0.8185851573944092,0.9361284367352808,0.7256365621803942,0.009379727018711842,OFFLOADED,0.0,Yes,0.0,0.0,0.0,True,False
4537,0.42289039492607117,3.8115122281677315e-11,0.5200133498504682,3.7878939867482115e-19,OFFLOADED,1.0,No,1.0,1.0,1.0,False,False
4538,0.4800334870815277,3.427977505662029e-07,1.0,1.0,OFFLOADED,0.0,Yes,0.0,0.0,0.0,False,True
4539,0.31171533465385437,1.5219023984435663e-29,0.44411789435800725,1.134029301095783e-27,OFFLOADED,1.0,No,1.0,1.0,1.0,False,False
4540,0.31923189759254456,3.815151161096218e-27,0.3587750219557952,2.882938905392258e-37,OFFLOADED,1.0,No,1.0,1.0,1.0,False,False
4541,0.8570454120635986,0.9931059062645643,0.2724920087699826,6.80405798231793e-46,OFFLOADED,1.0,No,1.0,1.0,1.0,True,False
4542,0.3315254747867584,1.5683477342495766e-23,0.7972876607070076,0.3013187436929015,OFFLOADED,0.0,Yes,0.0,0.0,0.0,False,False
4543,0.33351898193359375,4.3345958186391016e-23,0.5698405572016686,1.4396356234780522e-13,OFFLOADED,1.0,No,1.0,0.0,0.0,False,False
4544,0.37445488572120667,8.325909842023225e-17,0.3670612667946777,3.072621520478482e-36,OFFLOADED,1.0,No,1.0,1.0,1.0,False,False
4545,0.283760666847229,2.7976473994523843e-42,0.442835474711869,9.22755231558382e-28,OFFLOADED,1.0,No,1.0,1.0,1.0,False,False
4546,0.27746105194091797,1.9439158265777306e-46,0.6263852357558021,5.539640358807674e-09,OFFLOADED,1.0,No,1.0,0.0,0.0,False,False
4547,0.2547195851802826,3.063653177761018e-68,0.5316355087852525,9.560452512221093e-18,OFFLOADED,1.0,No,1.0,1.0,1.0,False,False
4548,0.9154746532440186,0.9999601826879407,0.335379677609597,7.146397739106875e-40,OFFLOADED,1.0,No,1.0,1.0,1.0,True,False
4549,0.2613063156604767,2.719061676399448e-59,0.3491948421262683,2.3036005271129825e-38,OFFLOADED,1.0,No,1.0,1.0,1.0,False,False
4550,0.9301401972770691,0.9999861090731889,1.0,1.0,ACCEPTED,0.0,Yes,0.0,0.0,0.0,True,True
4551,0.28467705845832825,8.403705073310584e-42,0.4064478261219956,1.2748752539436394e-31,OFFLOADED,1.0,No,1.0,1.0,1.0,False,False
4552,0.26975199580192566,5.103428806877232e-52,0.30410572193021573,2.1520587796083638e-43,OFFLOADED,1.0,No,1.0,1.0,1.0,False,False
4553,0.6961249709129333,0.42654459125157296,0.6694202927557238,3.790113920488319e-06,OFFLOADED,1.0,No,1.0,1.0,1.0,False,False
4554,0.8084720969200134,0.914499023534439,0.7986237383204275,0.325826393658309,ACCEPTED,0.0,Yes,0.0,0.0,0.0,True,True
4555,0.2860519289970398,3.707476688541918e-41,0.8046143176161897,0.3956187667820763,OFFLOADED,1.0,No,1.0,0.0,1.0,False,False
4556,0.329448938369751,3.9448031611032594e-24,0.6818949510586058,4.4755327611661785e-05,OFFLOADED,1.0,No,0.0,1.0,0.0,False,False
4557,0.0,0.0,0.9364844772763444,0.999997210111818,OFFLOADED,0.0,Yes,0.0,0.0,0.0,False,True
4558,0.27206331491470337,2.6453759934927564e-50,0.43167752126970244,9.015119725354194e-29,OFFLOADED,1.0,No,1.0,1.0,1.0,False,False
4559,0.5949032306671143,0.005918447522373708,0.832792542629158,0.7498801055873585,OFFLOADED,1.0,No,0.0,0.0,1.0,False,True
4560,0.47817158699035645,2.5677367890269613e-07,0.21917443049783453,7.701805200822616e-50,OFFLOADED,1.0,No,1.0,1.0,1.0,False,False
4561,0.25418511033058167,4.128552923050106e-69,0.1825877951304807,1.3238800739832082e-51,OFFLOADED,1.0,No,1.0,1.0,1.0,False,False
4562,0.633161723613739,0.06744793343824824,0.5091798009278515,3.202630550363891e-20,OFFLOADED,1.0,No,1.0,1.0,1.0,False,False
4563,0.27610597014427185,1.2351886870589546e-47,0.21710529364944203,5.292380599386929e-50,OFFLOADED,1.0,No,1.0,1.0,1.0,False,False
4564,0.3179689943790436,1.2767651426715067e-27,0.48646449941550396,1.1367923777220101e-22,OFFLOADED,1.0,No,1.0,1.0,1.0,False,False
4565,0.3030086159706116,4.7903058681313696e-33,0.483153344356714,4.519634954357104e-23,OFFLOADED,1.0,No,1.0,1.0,1.0,False,False
4566,0.2627199590206146,4.03831387980623e-58,0.4805832255092552,2.0188073993828614e-23,OFFLOADED,1.0,No,1.0,1.0,1.0,False,False
4567,0.25156205892562866,9.050160161081468e-73,0.4408107840728666,4.572431978933033e-28,OFFLOADED,1.0,No,0.0,1.0,0.0,False,False
4568,0.258186012506485,8.848441827494906e-64,0.5599439392844244,1.1598314261363237e-14,OFFLOADED,1.0,No,0.0,1.0,1.0,False,False
4569,0.27726197242736816,8.003703937000183e-47,0.9018989329072229,0.9989835296432814,OFFLOADED,0.0,Yes,0.0,0.0,0.0,False,True
4570,0.250301718711853,5.694654135255437e-73,0.5641681551847785,3.109445423585055e-14,OFFLOADED,1.0,No,1.0,1.0,1.0,False,False
4571,0.2841912806034088,2.866937397624673e-42,0.46703073352776564,4.557392029004444e-25,OFFLOADED,1.0,No,1.0,1.0,1.0,False,False
4572,0.5279555320739746,2.4214656508056698e-05,0.6703528992031264,4.457152930714659e-06,OFFLOADED,0.0,Yes,0.0,0.0,0.0,False,False
4573,0.779641330242157,0.8399507249826312,0.9106335638932876,0.9996682896606662,OFFLOADED,0.0,Yes,0.0,0.0,0.0,False,True
4574,0.2535988390445709,6.515302548886e-70,0.4748722314524156,4.062880668965453e-24,OFFLOADED,1.0,No,0.0,1.0,1.0,False,False
4575,0.36766907572746277,9.42327660650056e-18,0.6326340787449414,2.0041705799111665e-08,OFFLOADED,1.0,No,0.0,1.0,1.0,False,False
4576,0.6776348948478699,0.2618419496672125,1.0,1.0,OFFLOADED,0.0,Yes,0.0,0.0,0.0,False,True
4577,0.3578715920448303,4.086862941889122e-19,0.33498850780064454,2.9968032067593947e-40,OFFLOADED,1.0,No,1.0,1.0,1.0,False,False
4578,0.45274901390075684,5.8922694546963235e-09,0.8687539810676196,0.9756512790317633,OFFLOADED,1.0,No,1.0,1.0,1.0,False,True
4579,0.2569895386695862,1.6113350323728916e-65,0.3060322511546003,1.786255846139907e-43,OFFLOADED,1.0,No,1.0,1.0,1.0,False,False
4580,0.8838855028152466,0.9994276773134262,0.8561264035135162,0.925631858660879,ACCEPTED,0.0,Yes,0.0,0.0,0.0,True,True
4581,0.25364950299263,6.0480802066678e-70,0.4121492143641673,2.700060211162946e-31,OFFLOADED,1.0,No,1.0,1.0,1.0,False,False
4582,0.3179744780063629,1.1325509695401449e-27,0.5214392087965848,4.872018439566238e-19,OFFLOADED,1.0,No,1.0,1.0,1.0,False,False
4583,0.3197689354419708,3.316585403547411e-27,0.3902525645583951,8.080542304099498e-34,OFFLOADED,1.0,No,1.0,1.0,0.0,False,False
4584,0.2506478726863861,3.599400882632732e-73,0.6051680145838763,1.466708115187376e-10,OFFLOADED,1.0,No,1.0,0.0,0.0,False,False
4585,0.38505819439888,2.4686930291346513e-15,0.7042889588568593,0.0007057378654235601,OFFLOADED,1.0,No,1.0,1.0,1.0,False,False
4586,0.2530718445777893,7.883842597519582e-71,0.6768233652195343,1.7734360493980638e-05,OFFLOADED,1.0,No,1.0,1.0,1.0,False,False
4587,0.8538615107536316,0.9913200324658904,0.8265951858709791,0.6970824775479448,ACCEPTED,0.0,Yes,0.0,0.0,0.0,True,True
4588,0.2775062322616577,9.275213984534753e-47,0.768758363832504,0.1332885307716176,OFFLOADED,1.0,No,1.0,1.0,1.0,False,False
4589,0.2969928979873657,3.966507650889815e-36,0.7335363103706424,0.01922399127391615,OFFLOADED,1.0,No,1.0,1.0,1.0,False,False
4590,0.5593230724334717,0.00042719428410906585,0.949970518529787,0.999999843211847,OFFLOADED,1.0,No,1.0,0.0,0.0,False,True
4591,0.2761858105659485,7.827053547289527e-48,0.5321731505862476,7.640212832678143e-18,OFFLOADED,0.0,Yes,0.0,0.0,0.0,False,False
4592,0.8056934475898743,0.9177357571462237,0.5194149003823447,2.5364003730952127e-19,OFFLOADED,1.0,No,1.0,1.0,1.0,True,False
4593,0.2835766673088074,8.335493347269868e-43,0.6477728845739124,1.460809137160856e-07,OFFLOADED,1.0,No,1.0,1.0,1.0,False,False
4594,0.2715763747692108,4.8714066271620544e-51,0.310516380573184,4.3219889945420655e-43,OFFLOADED,1.0,No,1.0,1.0,1.0,False,False
4595,0.6591041684150696,0.16875748267554108,0.4922168524638569,3.723822534294333e-22,OFFLOADED,1.0,No,1.0,1.0,1.0,False,False
4596,0.4005163311958313,1.2362616631891427e-13,0.39202817010175706,9.721072364573362e-34,OFFLOADED,1.0,No,1.0,1.0,1.0,False,False
4597,0.2781093418598175,1.9152090170784842e-46,0.629129583245524,7.767565051512182e-09,OFFLOADED,1.0,No,1.0,1.0,1.0,False,False
4598,0.43645161390304565,3.871897123706768e-10,0.5577774598155097,4.087982604393771e-15,OFFLOADED,1.0,No,0.0,1.0,1.0,False,False
4599,0.44605761766433716,1.816155454357366e-09,0.9716041245705889,0.9999999988096637,OFFLOADED,0.0,Yes,0.0,0.0,0.0,False,True
4600,0.3017353117465973,8.394855813256087e-34,0.8857257858073826,0.9960096089803627,OFFLOADED,1.0,No,1.0,0.0,1.0,False,True
4601,0.2771589756011963,3.3748274643847017e-47,0.2828950292466169,9.734921366311258e-46,OFFLOADED,1.0,No,1.0,1.0,1.0,False,False
4602,0.9527076482772827,0.9999962749159321,0.5930287189445795,1.4416594312178904e-11,OFFLOADED,0.0,Yes,0.0,0.0,0.0,True,False
4603,0.2941095232963562,2.7410510382912603e-37,0.5204738116138675,2.791515205330594e-19,OFFLOADED,1.0,No,1.0,1.0,1.0,False,False
4604,0.33579978346824646,7.53990852423434e-23,0.500390074917155,2.6345337064000034e-21,OFFLOADED,1.0,No,1.0,1.0,1.0,False,False
4605,0.5855966806411743,0.0030680490268361928,0.748384505563959,0.049274309597281164,OFFLOADED,0.0,Yes,0.0,0.0,0.0,False,False
4606,0.2934105098247528,1.233414062979629e-37,0.45019932114045896,2.1282227364034555e-27,OFFLOADED,1.0,No,1.0,1.0,1.0,False,False
4607,0.32238802313804626,1.6811388014085754e-26,0.729870994735719,0.015175204754923902,OFFLOADED,1.0,No,1.0,0.0,0.0,False,False
4608,0.4081357717514038,8.177915271452223e-13,0.6248143859444288,3.239610152713235e-09,OFFLOADED,1.0,No,1.0,1.0,0.0,False,False
4609,0.2687729001045227,1.493342126176084e-53,0.627132455822088,5.2223949954095055e-09,OFFLOADED,1.0,No,0.0,1.0,1.0,False,False
4610,0.2696914076805115,9.017488715415195e-53,0.8633896798956157,0.9647386843511171,OFFLOADED,1.0,No,1.0,1.0,0.0,False,True
4611,0.29005274176597595,2.0822088968302172e-39,0.4730209721664129,1.4674562566449804e-24,OFFLOADED,1.0,No,1.0,0.0,0.0,False,False
4612,0.2620018720626831,2.047117683189078e-59,0.7804272458685766,0.1838037874847585,OFFLOADED,1.0,No,1.0,0.0,0.0,False,False
4613,0.3714902102947235,2.2389066911118515e-17,0.86084335923973,0.9517233369385771,OFFLOADED,1.0,No,1.0,1.0,1.0,False,True
4614,0.8192406296730042,0.9422991596176103,0.7966520277226986,0.3451937886189142,ACCEPTED,1.0,No,1.0,1.0,0.0,True,True
4615,0.27665776014328003,8.948373004904261e-48,0.3962969718650079,2.4729295223420772e-33,OFFLOADED,1.0,No,1.0,1.0,1.0,False,False
4616,0.5138871669769287,7.808675757457474e-06,0.9782469155195748,0.9999999998116682,OFFLOADED,1.0,No,1.0,0.0,0.0,False,True
4617,0.25549954175949097,3.854628317853797e-68,0.40748910171444247,4.881271213721828e-32,OFFLOADED,1.0,No,0.0,1.0,1.0,False,False
4618,0.497780978679657,2.514554890377454e-06,0.4904260747668669,1.859695651499106e-22,OFFLOADED,1.0,No,1.0,1.0,0.0,False,False
4619,0.26961594820022583,5.459444016958693e-53,0.451294044955078,2.7609085630168957e-27,OFFLOADED,1.0,No,1.0,1.0,1.0,False,False
4620,0.8828412890434265,0.9993773971695392,0.8418869059190496,0.8420740995269381,ACCEPTED,0.0,Yes,0.0,0.0,0.0,True,True
4621,0.3377668559551239,1.2520571161361673e-22,0.6286664219809038,7.032220454218634e-09,OFFLOADED,1.0,No,1.0,1.0,1.0,False,False
4622,0.630381166934967,0.05446157534794522,0.6346398494716792,2.3105183298776595e-08,OFFLOADED,1.0,No,0.0,1.0,1.0,True,False
4623,0.0,0.0,0.7396287395577154,0.029861736802234234,OFFLOADED,0.0,Yes,0.0,0.0,0.0,False,False
4624,0.32086992263793945,3.754064400681489e-27,0.393627378522177,8.913960703633962e-34,OFFLOADED,1.0,No,1.0,1.0,1.0,False,False
4625,0.6049957871437073,0.009796990235948985,1.0,1.0,OFFLOADED,1.0,No,1.0,0.0,0.0,False,True
4626,0.5485060214996338,0.0001743007956363475,0.8065054932714839,0.43755392431963175,OFFLOADED,1.0,No,1.0,1.0,1.0,False,False
4627,0.34226274490356445,5.755432694412281e-22,0.9416428024281234,0.9999991333032173,OFFLOADED,1.0,No,1.0,0.0,1.0,False,True
4628,0.2753959596157074,8.543442091891205e-49,0.6302887577975993,9.166775808815247e-09,OFFLOADED,1.0,No,1.0,0.0,1.0,False,False
4629,0.9890772104263306,0.9999993338147232,0.8328908337127363,0.7679305697558796,ACCEPTED,0.0,Yes,0.0,0.0,0.0,True,True
4630,0.30650413036346436,3.6814638273491264e-32,0.41431191917876387,2.369898941716155e-31,OFFLOADED,1.0,No,1.0,1.0,1.0,False,False
4631,0.4465993642807007,1.6271804871846038e-09,0.5755076309004379,4.0880980276318607e-13,OFFLOADED,1.0,No,1.0,1.0,1.0,False,False
4632,0.29428577423095703,1.4392278259702733e-37,0.5269592568215149,1.559213777377913e-18,OFFLOADED,1.0,No,1.0,1.0,1.0,False,False
4633,0.8614144325256348,0.9954835500179933,0.5766524832849004,4.996125492668066e-13,OFFLOADED,1.0,No,1.0,1.0,1.0,True,False
4634,0.6765172481536865,0.25356196290180266,0.8624708512854377,0.9590084100351898,ACCEPTED,1.0,No,1.0,1.0,1.0,True,True
4635,0.8806250691413879,0.9992316501557102,1.0,1.0,ACCEPTED,0.0,Yes,0.0,0.0,0.0,True,True
4636,0.2970718443393707,1.4186990373817332e-36,0.4228765248684226,2.73136349191762e-30,OFFLOADED,1.0,No,1.0,1.0,1.0,False,False
4637,0.3092639148235321,4.25694008182236e-31,0.5691110812144647,9.086020921544184e-14,OFFLOADED,1.0,No,1.0,1.0,1.0,False,False
4638,0.2628498077392578,5.767121870251123e-59,0.3974100183103207,1.8684864612484354e-33,OFFLOADED,1.0,No,1.0,1.0,1.0,False,False
4639,0.2799227833747864,1.023496184753408e-45,0.46839703026858703,3.060407422471149e-25,OFFLOADED,1.0,No,1.0,1.0,1.0,False,False
4640,0.3192158341407776,8.204802603518911e-28,0.5308734735150381,4.257190864654297e-18,OFFLOADED,1.0,No,1.0,0.0,0.0,False,False
4641,0.8608675003051758,0.9949027835711614,0.8719252950513927,0.9798525563149403,ACCEPTED,0.0,Yes,0.0,0.0,0.0,True,True
4642,0.5520163774490356,0.00020075114061937548,0.8159854498734965,0.5638043276094662,OFFLOADED,1.0,No,0.0,1.0,1.0,False,True
4643,0.2679462432861328,6.277664337512133e-55,0.5783975655988419,6.483957761004287e-13,OFFLOADED,1.0,No,0.0,1.0,1.0,False,False
4644,0.2592788636684418,1.2752377327937117e-63,0.23730503815241766,8.51634634335517e-50,OFFLOADED,1.0,No,1.0,1.0,1.0,False,False
4645,0.8796272873878479,0.9992534937902265,0.6095225822490742,2.1767206171709616e-10,OFFLOADED,1.0,No,1.0,1.0,1.0,True,False
4646,0.2536831498146057,4.676586855306443e-71,0.1956378544241167,4.4511609559293695e-52,OFFLOADED,1.0,No,1.0,1.0,1.0,False,False
4647,0.7876486778259277,0.8563046411343064,0.743628468146747,0.03944560157071565,OFFLOADED,1.0,No,1.0,1.0,1.0,True,False
4648,0.3158787786960602,7.254134163429555e-29,0.3247667888793891,4.7191376875063925e-42,OFFLOADED,1.0,No,1.0,1.0,1.0,False,False
4649,0.4584783613681793,7.997390017942455e-09,0.7809908553962706,0.18113580922743494,OFFLOADED,0.0,Yes,0.0,0.0,0.0,False,False
4650,0.48150959610939026,2.5808998374132985e-07,0.6818291658673356,4.076187373803992e-05,OFFLOADED,1.0,No,1.0,1.0,1.0,False,False
4651,0.33159276843070984,4.6145193073010186e-24,0.3054063622541009,2.551921607983859e-44,OFFLOADED,1.0,No,1.0,1.0,1.0,False,False
4652,0.3510209023952484,1.1204057849300627e-20,0.8219559580250693,0.6509703488666855,OFFLOADED,1.0,No,1.0,1.0,1.0,False,True
4653,0.26203659176826477,4.648906788958646e-60,0.2652971176449849,7.44660661163303e-48,OFFLOADED,1.0,No,1.0,1.0,1.0,False,False
4654,0.0,0.0,0.7616696742721774,0.1013838642789267,OFFLOADED,0.0,Yes,0.0,0.0,0.0,False,False
4655,0.33046627044677734,2.08080811196064e-24,0.4871809426634499,4.5858772647410875e-23,OFFLOADED,1.0,No,1.0,1.0,1.0,False,False
4656,0.5080714821815491,3.879806004755072e-06,0.4722785292110044,8.010007064321019e-25,OFFLOADED,1.0,No,1.0,1.0,0.0,False,False
4657,0.32559189200401306,7.219497268181638e-26,0.43155114453200627,1.5508730821551422e-29,OFFLOADED,1.0,No,1.0,1.0,1.0,False,False
4658,0.7374495267868042,0.706537104764045,0.8256497638990482,0.6805808604254485,ACCEPTED,1.0,No,1.0,1.0,1.0,True,True
4659,0.0,0.0,0.6607213399160365,8.249980716554668e-07,OFFLOADED,0.0,Yes,0.0,0.0,0.0,False,False
4660,0.6423337459564209,0.08713084504759153,0.8741508816312082,0.9835215218112611,OFFLOADED,1.0,No,1.0,0.0,0.0,False,True
4661,0.2780415415763855,2.552445491628229e-47,0.3433035506653426,3.674840743522114e-40,OFFLOADED,1.0,No,1.0,1.0,1.0,False,False
4662,0.41377443075180054,1.8900806960919734e-12,0.4580154576102515,8.990953992626117e-27,OFFLOADED,1.0,No,1.0,1.0,1.0,False,False
4663,0.3857837915420532,1.2968900188718225e-15,0.4984874207318824,1.0254645481845326e-21,OFFLOADED,1.0,No,1.0,1.0,1.0,False,False
4664,0.32520538568496704,4.224210305554848e-26,0.7196163046213224,0.005959709795799847,OFFLOADED,1.0,No,1.0,0.0,0.0,False,False
4665,0.5314476490020752,2.3984032002094635e-05,0.8189163776043986,0.583134524778006,OFFLOADED,0.0,Yes,0.0,0.0,0.0,False,True
4666,0.40786728262901306,3.919871388095775e-13,0.5542648035053618,1.294447719692127e-15,OFFLOADED,1.0,No,1.0,1.0,1.0,False,False
4667,0.3573862314224243,1.0971024583013555e-19,0.30367131628705546,1.152487484736403e-44,OFFLOADED,1.0,No,1.0,1.0,1.0,False,False
4668,0.5014094114303589,2.230937204715433e-06,0.8700328459083623,0.9771306665316789,OFFLOADED,1.0,No,1.0,1.0,1.0,False,True
4669,0.9528976678848267,0.9999961511122164,1.0,1.0,ACCEPTED,0.0,Yes,0.0,0.0,0.0,True,True
4670,0.25196588039398193,4.606489830119875e-74,0.24754164291976896,1.811324320718367e-49,OFFLOADED,1.0,No,1.0,1.0,1.0,False,False
4671,0.4591157138347626,7.67682700624879e-09,0.4265453961454604,3.722524551480895e-30,OFFLOADED,1.0,No,1.0,1.0,1.0,False,False
4672,0.8644750118255615,0.9963610643321643,0.982907833571722,0.9999999999609673,ACCEPTED,0.0,Yes,0.0,0.0,0.0,True,True
4673,0.2875269949436188,1.6464126565611983e-41,0.7135871471900505,0.0029092267480010647,OFFLOADED,1.0,No,0.0,1.0,0.0,False,False
4674,0.37735500931739807,6.949734258655697e-17,0.8792115354656773,0.9899772543853704,OFFLOADED,1.0,No,1.0,0.0,0.0,False,True
4675,0.35311225056648254,1.7158843931579204e-20,0.4331724934573572,1.9054713052859344e-29,OFFLOADED,1.0,No,1.0,1.0,1.0,False,False
4676,0.0,0.0,0.8579247711388647,0.934785673969482,OFFLOADED,0.0,Yes,0.0,0.0,0.0,False,True
4677,0.8550513982772827,0.9909402998031134,0.9672317407087849,0.999999997381168,ACCEPTED,0.0,Yes,0.0,0.0,0.0,True,True
4678,0.8205626606941223,0.9348626260343894,0.8454861057468104,0.8680194691228644,ACCEPTED,0.0,Yes,0.0,0.0,0.0,True,True
4679,0.4122959077358246,1.1385669139058972e-12,0.5423166017820844,6.160275087697778e-17,OFFLOADED,1.0,No,1.0,1.0,1.0,False,False
4680,0.8816742897033691,0.99938661659558,1.0,1.0,ACCEPTED,0.0,Yes,0.0,0.0,0.0,True,True
4681,0.3289989233016968,4.143387535996601e-25,0.6066380792672158,1.3385892815547748e-10,OFFLOADED,1.0,No,1.0,1.0,1.0,False,False
4682,0.9252840876579285,0.9999854428481013,1.0,1.0,ACCEPTED,0.0,Yes,0.0,0.0,0.0,True,True
4683,0.25136443972587585,8.683309332077791e-75,0.48184653229094815,7.851441653871225e-24,OFFLOADED,1.0,No,1.0,1.0,1.0,False,False
4684,0.25787171721458435,7.652116504423178e-66,0.7025788226582108,0.0005619745842369112,OFFLOADED,1.0,No,1.0,1.0,0.0,False,False
4685,0.29598453640937805,1.7770911257520002e-37,0.8934542787822926,0.9984308656693774,OFFLOADED,1.0,No,0.0,1.0,1.0,False,True
4686,0.9086318016052246,0.9999480670989619,0.8797569175151544,0.991877819476902,ACCEPTED,0.0,Yes,0.0,0.0,0.0,True,True
4687,0.9297246336936951,0.9999910829937975,0.9489575283464544,0.9999998343518445,ACCEPTED,0.0,Yes,0.0,0.0,0.0,True,True
4688,0.2571960985660553,5.955196084325356e-67,0.16027733592925075,8.032716620322174e-54,OFFLOADED,1.0,No,1.0,1.0,1.0,False,False
4689,0.9286016225814819,0.9999907339094961,0.6005283489483759,4.286205397587531e-11,OFFLOADED,1.0,No,1.0,1.0,1.0,True,False
4690,0.2553349435329437,1.5312173190840824e-69,0.8216602144977023,0.6446324362232124,OFFLOADED,1.0,No,1.0,0.0,0.0,False,False
4691,0.2796795070171356,2.0159357857560455e-46,0.25467379188050343,3.543738915369714e-49,OFFLOADED,1.0,No,1.0,1.0,0.0,False,False
4692,0.3617740869522095,4.929727609834584e-19,0.6920614778769928,0.00014210246965472208,OFFLOADED,1.0,No,1.0,1.0,1.0,False,False
4693,0.3147808313369751,1.1846829561672347e-29,0.7473289908744356,0.054164380628291764,OFFLOADED,0.0,Yes,0.0,0.0,0.0,False,False
4694,0.2962002456188202,1.9711426630012775e-37,0.5552506887030346,1.2838639677368032e-15,OFFLOADED,1.0,No,1.0,1.0,1.0,False,False
4695,0.2637591063976288,6.936757858932971e-59,0.1348368770452539,2.6486759917927857e-54,OFFLOADED,1.0,No,1.0,1.0,1.0,False,False
4696,0.0,0.0,0.5898146434964265,6.3879200075712356e-12,OFFLOADED,0.0,Yes,0.0,0.0,0.0,False,False
4697,0.8668386340141296,0.99763423918991,0.9772031267763988,0.9999999998149858,ACCEPTED,0.0,Yes,0.0,0.0,0.0,True,True
4698,0.25258925557136536,2.1000099836912627e-73,0.18175175015323253,3.218932585400834e-53,OFFLOADED,1.0,No,1.0,1.0,1.0,False,False
4699,0.7359830737113953,0.6882652752134569,0.37181916132818965,5.4142162046880354e-37,OFFLOADED,1.0,No,1.0,1.0,1.0,False,False
4700,0.6583427786827087,0.13790620375216295,0.6653786057479701,1.8407975841294772e-06,OFFLOADED,1.0,No,1.0,1.0,1.0,True,False
4701,0.8578980565071106,0.9935827773047267,0.4940449871418332,2.2967957494763467e-22,OFFLOADED,1.0,No,1.0,1.0,1.0,True,False
4702,0.913250744342804,0.9999650761660912,0.8739305458540048,0.9867732403060816,ACCEPTED,1.0,No,1.0,1.0,0.0,True,True
4703,0.45314159989356995,2.918836402909699e-09,1.0,1.0,OFFLOADED,1.0,No,1.0,0.0,0.0,False,True
4704,0.9571765065193176,0.9999975730626053,1.0,1.0,ACCEPTED,0.0,Yes,0.0,0.0,0.0,True,True
4705,0.3558351695537567,3.815472630730985e-20,0.6922381295017145,0.00014400869231106722,OFFLOADED,1.0,No,1.0,1.0,1.0,False,False
4706,0.3858412504196167,9.222291878008307e-16,0.3726935582002885,5.314728385406258e-37,OFFLOADED,1.0,No,1.0,1.0,1.0,False,False
4707,0.7345538139343262,0.6657786460867811,0.7061660221711867,0.0009205735808408847,OFFLOADED,1.0,No,1.0,1.0,0.0,True,False
4708,0.3282732367515564,1.8226112433830443e-25,0.5119283674451971,1.5338737922877898e-20,OFFLOADED,1.0,No,1.0,1.0,1.0,False,False
4709,0.290815532207489,4.527535682673585e-40,0.9245287164667642,0.9999716515906016,OFFLOADED,1.0,No,0.0,1.0,1.0,False,True
4710,0.25355497002601624,3.9300169673783004e-72,0.4796627273527118,2.685534186406197e-24,OFFLOADED,1.0,No,1.0,1.0,1.0,False,False
4711,0.3833461105823517,3.691652354893073e-16,0.6771274868025807,1.5524900052254846e-05,OFFLOADED,1.0,No,0.0,0.0,1.0,False,False
4712,0.2529277503490448,4.512949939955228e-73,0.6953452316832575,0.0001852447231750018,OFFLOADED,1.0,No,1.0,1.0,1.0,False,False
4713,0.4184223413467407,4.5730713563774785e-12,0.8664033048455498,0.9730219978728722,OFFLOADED,1.0,No,0.0,1.0,0.0,False,True
4714,0.25311222672462463,7.893372933761978e-73,0.2900606968090398,2.867744931012148e-46,OFFLOADED,1.0,No,1.0,1.0,1.0,False,False
4715,0.8788912296295166,0.9991878076028663,0.9789318423778326,0.9999999998938477,ACCEPTED,0.0,Yes,0.0,0.0,0.0,True,True
4716,0.36081740260124207,2.503851435930393e-19,0.8248128890896231,0.6877889785104911,OFFLOADED,1.0,No,1.0,0.0,0.0,False,True
4717,0.4452124834060669,8.34834523562389e-10,0.5743125760145589,1.9161663970691484e-13,OFFLOADED,1.0,No,1.0,1.0,1.0,False,False
4718,0.2757083773612976,1.073605373049327e-49,0.42316040224419615,7.623464449153155e-31,OFFLOADED,1.0,No,1.0,1.0,1.0,False,False
4719,0.3102208077907562,1.5886090320531677e-31,0.29671008382553254,8.29904694398266e-46,OFFLOADED,1.0,No,1.0,1.0,1.0,False,False
4720,0.3066923916339874,6.251296351877928e-33,0.7105386777502766,0.0017053452429870942,OFFLOADED,1.0,No,1.0,1.0,1.0,False,False
4721,0.3096228539943695,9.501727322272333e-32,0.5666224430071781,2.5687466883199138e-14,OFFLOADED,1.0,No,1.0,1.0,1.0,False,False
4722,0.2542203962802887,1.6462309695135498e-71,0.34488285843988076,1.5800112152861712e-40,OFFLOADED,1.0,No,1.0,1.0,1.0,False,False
4723,0.27412110567092896,9.149299919516277e-51,0.7052530856372718,0.000736091184519222,OFFLOADED,1.0,No,1.0,0.0,0.0,False,False
4724,0.2887658178806305,2.2841256486708524e-41,0.5701042517005646,7.188982196542593e-14,OFFLOADED,1.0,No,0.0,1.0,1.0,False,False
4725,0.2675066590309143,2.729354145681745e-56,0.4603638291598829,7.64686066561216e-27,OFFLOADED,1.0,No,1.0,1.0,1.0,False,False
4726,0.3367164731025696,1.6031505443583533e-23,0.6522540113043287,2.6304927490676775e-07,OFFLOADED,1.0,No,1.0,0.0,0.0,False,False
4727,0.7589433193206787,0.7597822877663533,0.5929380019972491,1.1219613142401389e-11,OFFLOADED,1.0,No,1.0,1.0,1.0,True,False
4728,0.5965657830238342,0.004294583647580777,0.6080615170058589,1.3748224939658254e-10,OFFLOADED,1.0,No,1.0,1.0,1.0,False,False
4729,0.4801197350025177,1.5253222812356123e-07,0.8932135700797311,0.9983465019264348,OFFLOADED,1.0,No,1.0,1.0,1.0,False,True
4730,0.8958423733711243,0.9998016075930909,0.711353403366507,0.001958647800640936,OFFLOADED,0.0,Yes,0.0,0.0,0.0,True,False
4731,0.0,0.0,0.9731447621483905,0.9999999993128552,OFFLOADED,0.0,Yes,0.0,0.0,0.0,False,True
4732,0.8632735013961792,0.9960689035184339,0.8433508447001975,0.8703599879868431,ACCEPTED,1.0,No,1.0,1.0,1.0,True,True
4733,0.8839593529701233,0.9994686672732347,0.8756949829278997,0.9874464674694936,ACCEPTED,0.0,Yes,0.0,0.0,0.0,True,True
4734,0.7307994961738586,0.6239140612476461,0.6417599825758881,7.3416248089149e-08,OFFLOADED,1.0,No,1.0,1.0,1.0,True,False
4735,0.31099846959114075,2.224989308291928e-31,0.6702305793951998,3.7967712729926195e-06,OFFLOADED,1.0,No,1.0,1.0,1.0,False,False
4736,0.3212893307209015,5.684825920596809e-28,0.6840096249942489,5.027896982630749e-05,OFFLOADED,1.0,No,1.0,0.0,0.0,False,False
4737,0.8828738927841187,0.9994299058073556,0.8457686737897743,0.8787461811602009,ACCEPTED,0.0,Yes,0.0,0.0,0.0,True,True
4738,0.4206196665763855,6.014640346785894e-12,0.8086469481806466,0.46825180483077083,OFFLOADED,1.0,No,0.0,1.0,1.0,False,True
4739,0.386942982673645,8.862809272734461e-16,0.964272067992088,0.999999995086129,OFFLOADED,1.0,No,1.0,0.0,0.0,False,True
4740,0.342658668756485,1.1936712784764302e-22,0.8658629219218247,0.9713436141545284,OFFLOADED,0.0,Yes,0.0,0.0,0.0,False,True
4741,0.25063762068748474,8.258162731925247e-76,0.41990711792656255,2.1826808250330485e-31,OFFLOADED,1.0,No,1.0,1.0,1.0,False,False
4742,0.2728711664676666,6.2499825004613724e-52,0.5479033360525449,1.3330243900032516e-16,OFFLOADED,1.0,No,1.0,1.0,1.0,False,False
4743,0.8746882081031799,0.9988110545155109,0.6337268927803928,1.6284829077076254e-08,OFFLOADED,1.0,No,1.0,1.0,0.0,True,False
4744,0.3111708462238312,2.204731316164122e-31,0.9614649627295018,0.9999999910452152,OFFLOADED,1.0,No,1.0,0.0,0.0,False,True
4745,0.2672382891178131,9.044305866771918e-57,0.25406896978743576,9.377950843912678e-50,OFFLOADED,1.0,No,1.0,1.0,1.0,False,False
4746,0.5897607803344727,0.002641178896359586,0.7288573823219622,0.016965842539280226,OFFLOADED,1.0,No,1.0,1.0,0.0,False,False
4747,0.35239022970199585,4.568490519926441e-21,0.6358078036604583,2.2278920062398593e-08,OFFLOADED,1.0,No,0.0,1.0,1.0,False,False
4748,0.9276980757713318,0.9999884287457315,1.0,1.0,ACCEPTED,0.0,Yes,0.0,0.0,0.0,True,True
4749,0.92109614610672,0.9999799147024181,1.0,1.0,ACCEPTED,0.0,Yes,0.0,0.0,0.0,True,True
4750,0.2683087885379791,7.183554818171295e-56,0.4901337893711905,3.858820591130053e-23,OFFLOADED,1.0,No,1.0,1.0,1.0,False,False
4751,0.2995516061782837,2.1453103253604792e-36,0.7294480674412133,0.01682484593207189,OFFLOADED,1.0,No,1.0,0.0,0.0,False,False
4752,0.36832934617996216,1.530615404178665e-18,0.3211522386048292,2.6306373436603904e-43,OFFLOADED,1.0,No,1.0,1.0,0.0,False,False
4753,0.32229647040367126,9.448250414782136e-28,0.14040384321485838,7.061451298584428e-55,OFFLOADED,1.0,No,1.0,1.0,1.0,False,False
4754,0.2541775107383728,4.59599856998018e-72,0.23374533349548682,4.146656521755202e-51,OFFLOADED,1.0,No,1.0,1.0,1.0,False,False
4755,0.45599430799484253,3.2783686386001083e-09,0.6199328620097958,7.690499447144454e-10,OFFLOADED,1.0,No,1.0,1.0,0.0,False,False
4756,0.6242421269416809,0.025609585435348418,0.8698423212119709,0.9796620607997703,OFFLOADED,0.0,Yes,0.0,0.0,0.0,False,True
4757,0.29121896624565125,2.2558069295669965e-40,0.8292903974915413,0.7450230009244625,OFFLOADED,1.0,No,1.0,0.0,0.0,False,False
4758,0.7279511094093323,0.5947897921935038,0.7094199678251958,0.0014348271415205412,OFFLOADED,1.0,No,1.0,1.0,0.0,True,False
4759,0.2841978371143341,2.5439421865787894e-44,0.5202280531452166,6.907101921148213e-20,OFFLOADED,1.0,No,1.0,1.0,1.0,False,False
4760,0.8704731464385986,0.9979087449418999,0.9350055670590054,0.9999974091125289,ACCEPTED,0.0,Yes,0.0,0.0,0.0,True,True
4761,0.3388954699039459,2.4709815186238974e-23,0.4018889208315193,9.58263451384273e-34,OFFLOADED,1.0,No,1.0,1.0,1.0,False,False
4762,0.25999295711517334,2.4290320164521373e-64,0.41487212701375875,2.6642381054061803e-32,OFFLOADED,1.0,No,1.0,1.0,1.0,False,False
4763,0.8106457591056824,0.8981181151071793,0.5353976668066109,4.596001941426939e-18,OFFLOADED,1.0,No,1.0,1.0,1.0,True,False
4764,0.7133964896202087,0.4799285569498958,0.43981575042171495,1.9381154702601966e-29,OFFLOADED,1.0,No,1.0,1.0,1.0,False,False
4765,0.8397542238235474,0.9630913992110967,1.0,1.0,ACCEPTED,0.0,Yes,0.0,0.0,0.0,True,True
4766,0.7266635894775391,0.5592718860138514,0.8097054566534463,0.47578783293326204,OFFLOADED,0.0,Yes,0.0,0.0,0.0,False,True
4767,0.36471953988075256,4.625901373801391e-19,0.5223216401033139,1.1701549936374403e-19,OFFLOADED,1.0,No,0.0,1.0,1.0,False,False
4768,0.27075251936912537,6.714675541651168e-54,0.5237355617858783,1.6402607421701036e-19,OFFLOADED,1.0,No,1.0,1.0,1.0,False,False
4769,0.2590861916542053,1.766560270966742e-65,0.5534032996045916,4.3788229894743503e-16,OFFLOADED,1.0,No,0.0,1.0,1.0,False,False
4770,0.9057403802871704,0.999931109894965,0.9400708421418605,0.9999991838696564,ACCEPTED,0.0,Yes,0.0,0.0,0.0,True,True
4771,0.30098408460617065,9.693421449869462e-36,0.33058383048999324,1.8937812679931725e-42,OFFLOADED,1.0,No,1.0,1.0,1.0,False,False
4772,0.8061114549636841,0.8788866319234103,0.6205531994495461,8.126654544272032e-10,OFFLOADED,0.0,Yes,0.0,0.0,0.0,True,False
4773,0.27181485295295715,4.1545960956700134e-53,0.27408750978467955,3.872176289277116e-48,OFFLOADED,1.0,No,1.0,1.0,1.0,False,False
4774,0.8526235818862915,0.9878704423632144,0.7519089051927184,0.07201464900376556,ACCEPTED,1.0,No,1.0,1.0,1.0,True,True
4775,0.36899712681770325,1.7413594281168033e-18,0.4594886638982751,2.6541145994312276e-27,OFFLOADED,1.0,No,1.0,1.0,1.0,False,False
4776,0.25991225242614746,1.3729030181672456e-64,0.5478229503496961,9.627539137489358e-17,OFFLOADED,1.0,No,0.0,1.0,1.0,False,False
4777,0.28655678033828735,3.636215187408752e-43,0.942838634139965,0.9999995271339441,OFFLOADED,1.0,No,1.0,0.0,0.0,False,True
4778,0.519853949546814,6.485480758471209e-06,0.5745326664339582,1.4026241826669058e-13,OFFLOADED,1.0,No,1.0,1.0,1.0,False,False
4779,0.0,0.0,0.8416826911467991,0.8684715568704091,OFFLOADED,0.0,Yes,0.0,0.0,0.0,False,True
4780,0.9252144694328308,0.9999880936095815,1.0,1.0,ACCEPTED,0.0,Yes,0.0,0.0,0.0,True,True
4781,0.4672465920448303,2.0289491671843457e-08,1.0,1.0,OFFLOADED,0.0,Yes,0.0,0.0,0.0,False,True
4782,0.42318737506866455,1.0470532678700916e-11,0.5047044804091854,1.4266045567854694e-21,OFFLOADED,1.0,No,1.0,1.0,1.0,False,False
4783,0.5931434035301208,0.0031471872202242066,0.9883162985378797,0.9999999999976071,OFFLOADED,1.0,No,1.0,0.0,0.0,False,True
4784,0.7153628468513489,0.49876089716541544,0.7424734983450255,0.04043207953427131,OFFLOADED,0.0,Yes,0.0,0.0,0.0,True,False
4785,0.47439703345298767,5.7544507130975416e-08,0.7993629138873518,0.3785812442030135,OFFLOADED,1.0,No,1.0,1.0,1.0,False,False
4786,0.2871159613132477,7.35953201246032e-43,0.8056189312273186,0.42976731592893885,OFFLOADED,1.0,No,1.0,0.0,0.0,False,True
4787,0.2784038186073303,2.2425022558826264e-48,0.8800139929969875,0.9940491834677945,OFFLOADED,1.0,No,1.0,0.0,0.0,False,True
4788,0.893598735332489,0.9997854881400476,0.8031165566656999,0.42002995175382557,OFFLOADED,0.0,Yes,0.0,0.0,0.0,True,False
4789,0.2874828577041626,1.2721749674466253e-42,0.20547904438220999,4.0875750412025017e-53,OFFLOADED,1.0,No,1.0,1.0,1.0,False,False
4790,0.2881588339805603,2.9417615337347655e-42,0.5312907522128847,1.4996669368492397e-18,OFFLOADED,1.0,No,1.0,1.0,1.0,False,False
4791,0.8793371915817261,0.999248537571271,0.7054325598033027,0.0008447105482083413,OFFLOADED,1.0,No,1.0,1.0,1.0,True,False
4792,0.0,0.0,0.3064318855913467,1.9558900246590126e-45,OFFLOADED,0.0,Yes,0.0,0.0,0.0,False,False
4793,0.3624991774559021,1.912034771494234e-19,0.5673368947373418,2.2264087579651816e-14,OFFLOADED,1.0,No,0.0,1.0,1.0,False,False
4794,0.2693553566932678,2.1832584450674707e-55,0.3704894341883441,5.310168689189618e-38,OFFLOADED,1.0,No,1.0,1.0,0.0,False,False
4795,0.261229008436203,9.573993050519152e-63,0.7591596689287782,0.10807710153687132,OFFLOADED,1.0,No,1.0,1.0,0.0,False,False
4796,0.2917105555534363,2.4376920851401925e-40,0.21092515650569346,6.091574767635198e-53,OFFLOADED,1.0,No,1.0,0.0,0.0,False,False
4797,0.2921324372291565,3.705990514036783e-40,0.3286045816586871,6.9582926589827434e-43,OFFLOADED,1.0,No,1.0,1.0,1.0,False,False
4798,0.2597927749156952,4.522275700682049e-65,0.22745361749314427,6.007066775500216e-52,OFFLOADED,1.0,No,1.0,1.0,1.0,False,False
4799,0.3018253743648529,1.93158032703295e-35,0.5949091162431822,1.1158221599214758e-11,OFFLOADED,1.0,No,1.0,1.0,1.0,False,False
4800,0.30139726400375366,1.0390577371048048e-35,0.48115856562377074,1.1633176012723752e-24,OFFLOADED,1.0,No,1.0,0.0,1.0,False,False
4801,0.27083688974380493,3.054719102604327e-54,0.4765478657499189,3.300962328761334e-25,OFFLOADED,1.0,No,1.0,1.0,1.0,False,False
4802,0.5333318710327148,2.4127181907471045e-05,0.6211211974390196,9.032360083545909e-10,OFFLOADED,1.0,No,1.0,1.0,1.0,False,False
4803,0.7162890434265137,0.5206730075200348,0.8713756938678511,0.9858262981378355,OFFLOADED,1.0,No,1.0,1.0,1.0,False,True
4804,0.26367703080177307,1.9225773514558634e-60,0.9139480522645805,0.9998577607633929,OFFLOADED,1.0,No,1.0,0.0,1.0,False,True
4805,0.26108524203300476,3.7166454991155345e-63,0.13062689030639085,1.3850742843653085e-55,OFFLOADED,1.0,No,0.0,1.0,1.0,False,False
4806,0.9397769570350647,0.999996173710814,1.0,1.0,ACCEPTED,0.0,Yes,0.0,0.0,0.0,True,True
4807,0.2714792490005493,9.021658615069494e-54,0.45820888068445625,1.106044553087416e-27,OFFLOADED,1.0,No,0.0,1.0,1.0,False,False
4808,0.0,0.0,0.48465944360961993,3.3246254742022505e-24,OFFLOADED,0.0,Yes,0.0,0.0,0.0,False,False
4809,0.0,0.0,1.0,1.0,OFFLOADED,0.0,Yes,0.0,0.0,0.0,False,True
4810,0.2577475905418396,8.480653798501048e-68,0.24277668847410094,3.662777446883995e-51,OFFLOADED,1.0,No,1.0,1.0,1.0,False,False
4811,0.2548719048500061,5.297664425332837e-72,0.6366994879079677,2.4355476153108694e-08,OFFLOADED,1.0,No,1.0,0.0,1.0,False,False
4812,0.32277801632881165,8.217827061372717e-28,0.5014257614809181,4.860531531383505e-22,OFFLOADED,1.0,No,1.0,1.0,1.0,False,False
4813,0.47591662406921387,6.005334385816141e-08,0.8453782455655429,0.8971208141956092,OFFLOADED,1.0,No,1.0,0.0,0.0,False,False
4814,0.5199952721595764,5.513784621894605e-06,0.9869673813983909,0.9999999999971101,OFFLOADED,1.0,No,0.0,1.0,0.0,False,True
4815,0.2702263295650482,6.713405122178165e-55,0.8383350466898088,0.8600626353183108,OFFLOADED,1.0,No,1.0,0.0,0.0,False,True
4816,0.0,0.0,0.6884834144348926,8.407753150005483e-05,OFFLOADED,0.0,Yes,0.0,0.0,0.0,False,False
4817,0.36273419857025146,1.5937376770068512e-19,0.5017050965939231,5.377513831237833e-22,OFFLOADED,1.0,No,1.0,1.0,1.0,False,False
4818,0.31793496012687683,1.890619523906783e-29,0.3681132180685591,2.156853513723424e-38,OFFLOADED,1.0,No,1.0,1.0,1.0,False,False
4819,0.0,0.0,1.0,1.0,OFFLOADED,0.0,Yes,0.0,0.0,0.0,False,True
4820,0.327640175819397,2.9260819478618344e-26,0.3618507939009748,3.8683898407324946e-39,OFFLOADED,1.0,No,0.0,1.0,1.0,False,False
4821,0.26379311084747314,1.4582454188769594e-60,0.2680579287083946,4.661499633192098e-49,OFFLOADED,1.0,No,1.0,1.0,1.0,False,False
4822,0.4570487141609192,2.796646678685446e-09,0.7489079877623479,0.06195508373193455,OFFLOADED,0.0,Yes,0.0,0.0,0.0,False,False
4823,0.29169005155563354,1.2915110037060363e-40,0.6467871575672338,1.2948139162173834e-07,OFFLOADED,1.0,No,0.0,1.0,0.0,False,False
4824,0.2723867893218994,3.5450622013606656e-53,0.42922753457265334,8.47129782133552e-31,OFFLOADED,1.0,No,0.0,1.0,0.0,False,False
4825,0.30956172943115234,1.9715083623926744e-32,0.7744608995952711,0.17687274859560945,OFFLOADED,1.0,No,1.0,1.0,0.0,False,False
4826,0.26703253388404846,5.46803070257006e-58,0.5360778352340877,3.918916982222992e-18,OFFLOADED,1.0,No,1.0,0.0,0.0,False,False
4827,0.8667954206466675,0.9970802694111837,1.0,1.0,ACCEPTED,0.0,Yes,0.0,0.0,0.0,True,True
4828,0.26523327827453613,2.4203766175052106e-59,0.9175099374944233,0.999923247054314,OFFLOADED,1.0,No,0.0,1.0,0.0,False,True
4829,0.8566097617149353,0.9911739740043729,0.7963152306625225,0.3539287296109844,OFFLOADED,0.0,Yes,0.0,0.0,0.0,True,False
4830,0.3856527805328369,3.629602930181906e-16,0.9121471315918249,0.9998412188667865,OFFLOADED,1.0,No,0.0,1.0,1.0,False,True
4831,0.3433694839477539,6.896622912031189e-23,0.7946021893362957,0.3476256403376075,OFFLOADED,1.0,No,1.0,1.0,1.0,False,False
4832,0.2599065899848938,1.686485237081136e-65,0.7625789834812147,0.11794568661556414,OFFLOADED,1.0,No,1.0,1.0,1.0,False,False
4833,0.30246567726135254,2.140124812196376e-35,0.6087491205535045,1.1241022538895508e-10,OFFLOADED,1.0,No,1.0,1.0,1.0,False,False
4834,0.2635459303855896,5.6870655828786524e-61,0.4393745638309815,8.150105175680182e-30,OFFLOADED,1.0,No,1.0,0.0,0.0,False,False
4835,0.6380477547645569,0.05950937043540057,0.6313095539378372,8.552843043154327e-09,OFFLOADED,0.0,Yes,0.0,0.0,0.0,False,False
4836,0.3129860758781433,3.996291787182775e-31,0.8600132188422263,0.9626359081421381,OFFLOADED,1.0,No,1.0,0.0,0.0,False,True
4837,0.251228392124176,2.429655922143236e-77,0.6529736562813009,2.912514062010508e-07,OFFLOADED,1.0,No,0.0,1.0,1.0,False,False
4838,0.8789586424827576,0.9992454518361304,0.9656874441976803,0.9999999981253375,ACCEPTED,1.0,No,1.0,1.0,0.0,True,True
4839,0.2628392279148102,1.2920569039368297e-61,0.5724497965875924,6.905437351481329e-14,OFFLOADED,1.0,No,1.0,1.0,1.0,False,False
4840,0.27093806862831116,1.5665691220950656e-54,0.4367480485402536,4.795578228731735e-30,OFFLOADED,1.0,No,1.0,1.0,1.0,False,False
4841,0.25463297963142395,7.701875604123976e-73,0.2648297386607461,1.5738833273594845e-49,OFFLOADED,1.0,No,1.0,1.0,1.0,False,False
4842,0.5182870626449585,4.693500494170471e-06,0.645952801371272,9.562079059510645e-08,OFFLOADED,1.0,No,1.0,1.0,1.0,False,False
4843,0.3356449007987976,3.2220817558634117e-24,0.7682197517034471,0.1345489584353533,OFFLOADED,1.0,No,1.0,0.0,0.0,False,False
4844,0.26448485255241394,3.5608087271747987e-60,0.651898292345871,2.3736390538944548e-07,OFFLOADED,1.0,No,1.0,1.0,1.0,False,False
4845,0.8778384327888489,0.9991159746282394,0.9694724703526086,0.9999999991861709,ACCEPTED,0.0,Yes,0.0,0.0,0.0,True,True
4846,0.2548137605190277,1.0768538189694186e-72,0.4056458673166258,7.89542617990849e-34,OFFLOADED,1.0,No,1.0,1.0,1.0,False,False
4847,0.8840318322181702,0.9995454629529231,0.8780331457693606,0.9937314395376713,ACCEPTED,0.0,Yes,0.0,0.0,0.0,True,True
4848,0.26818567514419556,4.062138545267021e-57,0.8127159741025839,0.5515443965071487,OFFLOADED,1.0,No,0.0,1.0,0.0,False,False
4849,0.3517475426197052,1.6359596479249886e-21,0.7049947574450728,0.0007172314036007126,OFFLOADED,1.0,No,0.0,1.0,1.0,False,False
4850,0.26887083053588867,1.9349208224891897e-56,0.21619200098227762,4.832218376501241e-53,OFFLOADED,1.0,No,1.0,1.0,1.0,False,False
4851,0.33023950457572937,1.355064112007238e-25,0.37892241877360355,2.692398173251599e-37,OFFLOADED,1.0,No,1.0,1.0,1.0,False,False
4852,0.5215330123901367,6.1645458165314405e-06,0.6810816966877914,2.955831222504735e-05,OFFLOADED,1.0,No,1.0,1.0,1.0,False,False
4853,0.4922642409801483,5.543464343036112e-07,0.7667378607084588,0.13272182007542807,OFFLOADED,0.0,Yes,0.0,0.0,0.0,False,True
4854,0.3223954737186432,3.480183604660157e-28,0.8476379934136554,0.917553931329162,OFFLOADED,1.0,No,1.0,0.0,1.0,False,True
4855,0.36911168694496155,1.1838763394090738e-18,0.8136841912326652,0.5575237473422181,OFFLOADED,1.0,No,1.0,1.0,0.0,False,True
4856,0.2600388526916504,1.1295478029223304e-65,0.2985768639392167,1.0717133374355032e-46,OFFLOADED,1.0,No,1.0,1.0,1.0,False,False
4857,0.25234654545783997,1.705660754139618e-76,0.7272741026155614,0.01565865803287411,OFFLOADED,1.0,No,1.0,0.0,0.0,False,False
4858,0.3410933017730713,2.725896017600706e-23,0.9106915744564884,0.9998151146212753,OFFLOADED,1.0,No,1.0,0.0,0.0,False,True
4859,0.5389206409454346,4.460311214612445e-05,0.879136322760577,0.994773494767755,OFFLOADED,1.0,No,0.0,0.0,1.0,False,True
4860,0.2501501142978668,7.390829474530633e-78,0.2876919545775392,1.393435926757845e-47,OFFLOADED,1.0,No,1.0,1.0,1.0,False,False
4861,0.26197654008865356,6.473010624379783e-63,0.7999889875974247,0.3837054548403307,OFFLOADED,1.0,No,1.0,1.0,1.0,False,True
4862,0.3080945611000061,2.8533173679774845e-33,0.5086878501297301,1.851467864380273e-21,OFFLOADED,1.0,No,1.0,1.0,1.0,False,False
4863,0.3894473612308502,1.15733025839556e-15,0.5991630420667643,1.6113027606534675e-11,OFFLOADED,1.0,No,1.0,1.0,1.0,False,False
4864,0.34258243441581726,3.97131520699762e-23,0.9060265605993258,0.9996773202553664,OFFLOADED,1.0,No,1.0,0.0,0.0,False,True
4865,0.47027328610420227,2.511984229247865e-08,0.6898354530593643,9.753168977285766e-05,OFFLOADED,1.0,No,1.0,0.0,0.0,False,False
4866,0.5243877172470093,7.792497190251014e-06,0.984886942240324,0.9999999999946213,OFFLOADED,1.0,No,1.0,1.0,0.0,False,True
4867,0.4004490375518799,1.781276151161029e-14,0.48166812058725866,9.865157728932826e-25,OFFLOADED,1.0,No,0.0,1.0,1.0,False,False
4868,0.3574371337890625,1.2490758683414391e-20,0.5910147765646079,4.164321731750651e-12,OFFLOADED,1.0,No,0.0,1.0,1.0,False,False
4869,0.7193562984466553,0.5295462949452259,0.7550924626885474,0.08109844174343968,OFFLOADED,1.0,No,1.0,1.0,0.0,True,False
4870,0.8613356351852417,0.9948443998198826,0.8447207167034096,0.9023646048851462,ACCEPTED,1.0,No,1.0,1.0,1.0,True,True
4871,0.3444298803806305,5.137349053781313e-23,0.47890609537912543,3.6371927425917563e-25,OFFLOADED,1.0,No,1.0,1.0,1.0,False,False
4872,0.5382564663887024,3.739040314538098e-05,0.9092995966406888,0.9997924037093364,OFFLOADED,0.0,Yes,0.0,0.0,0.0,False,True
4873,0.3538111746311188,2.964736519732933e-21,0.4202119367515071,3.735199181420713e-32,OFFLOADED,1.0,No,1.0,1.0,1.0,False,False
4874,0.9556970596313477,0.9999983832162809,1.0,1.0,ACCEPTED,0.0,Yes,0.0,0.0,0.0,True,True
4875,0.28735876083374023,1.3633134091066447e-43,0.5935939332576287,5.9200465257602735e-12,OFFLOADED,1.0,No,1.0,1.0,1.0,False,False
4876,0.43693387508392334,1.0160923086947327e-10,0.8560878177017707,0.9498146074422565,OFFLOADED,1.0,No,1.0,1.0,1.0,False,True
4877,0.3311569392681122,1.279318736320252e-25,0.8150155054967774,0.5505202809676712,OFFLOADED,1.0,No,1.0,1.0,0.0,False,False
4878,0.2719447910785675,3.3972231074995503e-54,0.5409588010675703,7.744038307811596e-18,OFFLOADED,1.0,No,1.0,1.0,1.0,False,False
4879,0.2566852271556854,1.514127048052401e-70,0.17691914089960964,2.966475527647252e-55,OFFLOADED,1.0,No,1.0,1.0,1.0,False,False
4880,0.2881932556629181,3.686225866624235e-43,0.5290722367098455,3.7956889669460537e-19,OFFLOADED,1.0,No,1.0,1.0,1.0,False,False
4881,0.31729355454444885,3.985865746169673e-30,0.4038879150461164,2.5922077354891997e-34,OFFLOADED,1.0,No,1.0,1.0,1.0,False,False
4882,0.8426227569580078,0.9720030121268106,0.9559108294162814,0.9999999825439826,ACCEPTED,0.0,Yes,0.0,0.0,0.0,True,True
4883,0.29075607657432556,9.597924193472797e-42,0.4120103895003901,2.1132322054333295e-33,OFFLOADED,1.0,No,1.0,1.0,1.0,False,False
4884,0.25765085220336914,3.571054796970263e-69,0.33596214835478416,1.014618263337918e-42,OFFLOADED,1.0,No,1.0,1.0,1.0,False,False
4885,0.27618885040283203,3.5478858278548844e-51,0.5520295396533421,1.4384448356203409e-16,OFFLOADED,1.0,No,1.0,1.0,1.0,False,False
4886,0.7102558612823486,0.444138627525977,1.0,1.0,OFFLOADED,0.0,Yes,0.0,0.0,0.0,False,True
4887,0.25279656052589417,3.212242377175623e-76,0.5616789974641487,2.3329686824516306e-15,OFFLOADED,1.0,No,0.0,1.0,1.0,False,False
4888,0.43516916036605835,7.169696714948518e-11,0.5424825179793527,9.99940673258533e-18,OFFLOADED,1.0,No,1.0,1.0,1.0,False,False
4889,0.25348639488220215,3.3733811548043003e-75,0.687740245509669,7.51860542671377e-05,OFFLOADED,1.0,No,0.0,1.0,1.0,False,False
4890,0.257809042930603,5.436605804248009e-69,0.23403421030833954,1.8594283024230215e-52,OFFLOADED,1.0,No,1.0,1.0,1.0,False,False
4891,0.28844520449638367,4.264089133213558e-43,0.46607717514600006,5.388847653162199e-27,OFFLOADED,1.0,No,0.0,1.0,1.0,False,False
4892,0.29905012249946594,9.438324618609171e-38,0.9441825329326187,0.9999997399254034,OFFLOADED,1.0,No,1.0,1.0,0.0,False,True
4893,0.3082897663116455,1.7937296691498582e-33,0.6747407171462749,8.551999851680769e-06,OFFLOADED,1.0,No,0.0,1.0,1.0,False,False
4894,0.2586035430431366,5.272999276626038e-68,0.518719268774321,1.1309020489478513e-20,OFFLOADED,0.0,Yes,0.0,0.0,0.0,False,False
4895,0.25522759556770325,7.380285979939462e-73,0.7488068097159732,0.055674324031807845,OFFLOADED,1.0,No,0.0,1.0,0.0,False,False
4896,0.25882768630981445,9.984437825623316e-68,0.856456878529879,0.946474390849227,OFFLOADED,1.0,No,1.0,1.0,1.0,False,True
4897,0.7300558686256409,0.5970435927394483,0.7937544594971293,0.2897009817452873,ACCEPTED,1.0,No,1.0,1.0,1.0,True,True
4898,0.3294892907142639,3.4452580431816576e-26,0.4846299815506968,1.2187427980292277e-24,OFFLOADED,1.0,No,1.0,1.0,1.0,False,False
4899,0.5687552094459534,0.0005025543434098417,0.5091396973501136,9.915381595046867e-22,OFFLOADED,1.0,No,1.0,0.0,0.0,False,False
4900,0.2718248963356018,1.4063731975758482e-54,0.7756658410706749,0.14914379370715583,OFFLOADED,1.0,No,1.0,1.0,1.0,False,False
4901,0.276827871799469,7.738131918758568e-51,0.38195956942734977,2.2347221877452885e-37,OFFLOADED,1.0,No,1.0,1.0,1.0,False,False
4902,0.2530720829963684,4.4248422672553283e-76,0.228653097663954,6.745392914484897e-53,OFFLOADED,1.0,No,1.0,1.0,1.0,False,False
4903,0.3065069317817688,2.2882527184088405e-34,0.4434953498719636,6.133388881086028e-30,OFFLOADED,1.0,No,0.0,1.0,1.0,False,False
4904,0.5629940032958984,0.0002962893678615359,0.4070204552298132,3.1667288833146656e-34,OFFLOADED,1.0,No,0.0,1.0,1.0,False,False
4905,0.27267730236053467,6.575503757072567e-54,0.2119428749299013,5.180077155691661e-54,OFFLOADED,1.0,No,1.0,1.0,1.0,False,False
4906,0.6018156409263611,0.005654903873234516,0.824754686823348,0.6876043110134836,OFFLOADED,0.0,Yes,0.0,0.0,0.0,False,False
4907,0.2712419331073761,3.8080903454203396e-55,0.1455049256705888,1.6239728400978133e-56,OFFLOADED,1.0,No,1.0,1.0,1.0,False,False
4908,0.25629711151123047,1.4503031509136918e-71,0.31945579909576444,6.90842414398225e-45,OFFLOADED,1.0,No,1.0,1.0,1.0,False,False
4909,0.2580791711807251,6.6143078945062e-69,0.856634561056602,0.9450868986194491,OFFLOADED,1.0,No,1.0,1.0,0.0,False,True
4910,0.962683916091919,0.9999989060291681,0.9870920544541837,0.999999999996927,ACCEPTED,0.0,Yes,0.0,0.0,0.0,True,True
4911,0.644385039806366,0.08059286664237161,0.6303212101192396,4.509809575224893e-09,OFFLOADED,0.0,Yes,0.0,0.0,0.0,False,False
4912,0.3002290427684784,3.384965092745654e-37,0.28411518313404793,1.887886665867929e-48,OFFLOADED,1.0,No,1.0,1.0,1.0,False,False
4913,0.5781493186950684,0.0013134846299988343,0.5130042701840285,2.5252411453677743e-21,OFFLOADED,1.0,No,1.0,1.0,1.0,False,False
4914,0.2670494318008423,4.468319344966366e-59,0.3838007767678589,3.29963719893356e-37,OFFLOADED,1.0,No,1.0,1.0,1.0,False,False
4915,0.5235658288002014,6.4958183830463065e-06,0.4547556919406013,1.4456356707173599e-28,OFFLOADED,1.0,No,1.0,1.0,1.0,False,False
4916,0.261624276638031,4.4486079439886056e-64,0.35925271706086553,2.5392423589486773e-40,OFFLOADED,1.0,No,1.0,1.0,1.0,False,False
4917,0.27094414830207825,1.6840971643504756e-55,0.3867288749311139,7.072722121899087e-37,OFFLOADED,1.0,No,1.0,1.0,1.0,False,False
4918,0.80812007188797,0.8890903564958264,0.8390484767900726,0.852408876986133,ACCEPTED,1.0,No,1.0,1.0,0.0,True,True
4919,0.847011923789978,0.9794363390292847,0.721159007843381,0.006728329841506741,OFFLOADED,1.0,No,1.0,1.0,1.0,True,False
4920,0.2652505338191986,1.629254836639379e-60,0.7395244080561887,0.027052672544456213,OFFLOADED,1.0,No,1.0,1.0,1.0,False,False
4921,0.47446921467781067,3.512442671469554e-08,0.8528306605958333,0.9222626690559818,OFFLOADED,1.0,No,1.0,1.0,1.0,False,True
4922,0.2544221580028534,1.6489950603098731e-74,0.3606781492135236,3.1008045425002532e-40,OFFLOADED,1.0,No,1.0,1.0,1.0,False,False
4923,0.5504893064498901,0.00011461331585591512,0.7838403467139536,0.18767845987254436,OFFLOADED,1.0,No,1.0,1.0,1.0,False,False
4924,0.9232915639877319,0.9999871980161634,0.5594773461070067,7.864937856568796e-16,OFFLOADED,1.0,No,1.0,1.0,1.0,True,False
4925,0.2516118288040161,8.823708557057383e-79,0.37849203926357666,4.037185212576656e-38,OFFLOADED,1.0,No,1.0,1.0,1.0,False,False
4926,0.2569238245487213,6.800257031434896e-71,0.251369445591246,8.115929483119254e-52,OFFLOADED,1.0,No,1.0,1.0,1.0,False,False
4927,0.3050011098384857,5.075991773596616e-35,0.39518360968932637,7.559518411533764e-36,OFFLOADED,1.0,No,0.0,1.0,1.0,False,False
4928,0.3057703673839569,9.235375229638607e-35,0.7820507367849502,0.16634454824165562,OFFLOADED,0.0,Yes,0.0,0.0,0.0,False,False
4929,0.9260380268096924,0.9999897652077877,0.7741305909067029,0.13473744574826507,OFFLOADED,1.0,No,1.0,1.0,1.0,True,False
4930,0.4082043766975403,8.937111390025167e-14,0.3833932882639543,1.8101179734493905e-37,OFFLOADED,1.0,No,1.0,1.0,1.0,False,False
4931,0.4237919747829437,5.3996610291841665e-12,0.8738515920750343,0.9869358853453603,OFFLOADED,0.0,Yes,0.0,0.0,0.0,False,True
4932,0.9391308426856995,0.9999961407271173,1.0,1.0,ACCEPTED,0.0,Yes,0.0,0.0,0.0,True,True
4933,0.2772153913974762,1.1571565123911529e-50,0.7665417109328987,0.1029792346512541,OFFLOADED,1.0,No,1.0,1.0,1.0,False,False
4934,0.2522726356983185,6.299284436924399e-78,0.09915079775129601,2.3374803068494325e-57,OFFLOADED,1.0,No,1.0,1.0,1.0,False,False
4935,0.8292809724807739,0.9441760260042672,0.9215146545057812,0.9999569993579838,ACCEPTED,0.0,Yes,0.0,0.0,0.0,True,True
4936,0.25172916054725647,9.515388925626495e-79,0.9017360419133362,0.9993313286113747,OFFLOADED,1.0,No,1.0,0.0,1.0,False,True
4937,0.38373199105262756,9.58489458487922e-17,0.8197281077320526,0.6157494722181319,OFFLOADED,1.0,No,1.0,0.0,1.0,False,True
4938,0.26698052883148193,2.5936518287927644e-59,0.961312445043341,0.9999999950524998,OFFLOADED,1.0,No,1.0,0.0,0.0,False,True
4939,0.2899514436721802,1.6759990857251753e-42,0.40740407395140776,2.4428760616135053e-34,OFFLOADED,1.0,No,1.0,1.0,1.0,False,False
4940,0.4064864218235016,5.2160081239422364e-14,0.8072954228275336,0.41264649499509376,OFFLOADED,1.0,No,1.0,0.0,0.0,False,True
4941,0.3921552896499634,1.3768100828410873e-15,0.7885843734709448,0.22192439797538924,OFFLOADED,1.0,No,1.0,0.0,0.0,False,False
4942,0.25443142652511597,1.0069495999048823e-74,0.6147156710498698,1.6921158452139907e-10,OFFLOADED,1.0,No,1.0,0.0,0.0,False,False
4943,0.49901583790779114,8.295760409877073e-07,0.8912039764465516,0.9985866887521274,OFFLOADED,1.0,No,0.0,1.0,1.0,False,True
4944,0.33784371614456177,2.1258551218950353e-24,0.6452861462840078,5.034623189081185e-08,OFFLOADED,1.0,No,1.0,0.0,0.0,False,False
4945,0.43607282638549805,5.887737050597914e-11,0.5331631067493438,6.766349316899765e-19,OFFLOADED,1.0,No,1.0,1.0,0.0,False,False
4946,0.5291664600372314,1.1521879687400296e-05,1.0,1.0,OFFLOADED,0.0,Yes,0.0,0.0,0.0,False,True
4947,0.25170621275901794,5.2946391590868246e-79,0.7269557731885024,0.01125297004807447,OFFLOADED,1.0,No,1.0,1.0,0.0,False,False
4948,0.8871336579322815,0.9996436687807005,0.932500670547992,0.9999966822600388,ACCEPTED,0.0,Yes,0.0,0.0,0.0,True,True
4949,0.4002488851547241,1.0199171437882834e-14,0.9336639328511891,0.9999976528607278,OFFLOADED,0.0,Yes,0.0,0.0,0.0,False,True
4950,0.29321956634521484,9.410091175944783e-41,0.161256616737137,1.3466589043209212e-56,OFFLOADED,1.0,No,1.0,1.0,1.0,False,False
4951,0.2706823945045471,5.508015801879073e-56,0.7511617423048578,0.05026372772276959,OFFLOADED,1.0,No,1.0,0.0,0.0,False,False
4952,0.8358705639839172,0.9597754994186188,1.0,1.0,ACCEPTED,0.0,Yes,0.0,0.0,0.0,True,True
4953,0.0,0.0,0.6526116918011603,1.564012553448564e-07,OFFLOADED,0.0,Yes,0.0,0.0,0.0,False,False
4954,0.4093800485134125,1.242505111040097e-13,0.8286810425329119,0.7529878745055525,OFFLOADED,0.0,Yes,0.0,0.0,0.0,False,True
4955,0.6147180199623108,0.013910381198433982,0.6770520001882909,1.0372413788716765e-05,OFFLOADED,0.0,Yes,0.0,0.0,0.0,False,False
4956,0.742145299911499,0.6544909882852923,0.9714483057474173,0.9999999996546848,OFFLOADED,1.0,No,1.0,1.0,0.0,False,True
4957,0.40464407205581665,3.3720413689475755e-14,0.8183935546715417,0.6236790913046137,OFFLOADED,1.0,No,1.0,1.0,1.0,False,False
4958,0.4050397574901581,3.477321027204902e-14,0.3712638209317201,5.740777916453603e-39,OFFLOADED,1.0,No,1.0,1.0,1.0,False,False
4959,0.0,0.0,0.6521124148988793,1.6014624030605522e-07,OFFLOADED,0.0,Yes,0.0,0.0,0.0,False,False
4960,0.3211999535560608,3.328660242224991e-29,0.950388361956918,0.9999999430968094,OFFLOADED,0.0,Yes,0.0,0.0,0.0,False,True
4961,0.9271399974822998,0.9999916787411776,1.0,1.0,ACCEPTED,0.0,Yes,0.0,0.0,0.0,True,True
4962,0.7071115970611572,0.4162957266107127,0.7283548084603897,0.01248627542878174,OFFLOADED,1.0,No,1.0,1.0,1.0,True,False
4963,0.2582626938819885,4.3526233402571504e-69,0.29009279273072647,2.511556967604881e-48,OFFLOADED,1.0,No,1.0,1.0,1.0,False,False
4964,0.7865186333656311,0.7920857827280622,0.8888846415263489,0.9981837143174421,ACCEPTED,0.0,Yes,0.0,0.0,0.0,True,True
4965,0.31058835983276367,7.344635377383507e-33,0.2657646678565792,1.5544155463269529e-50,OFFLOADED,1.0,No,1.0,1.0,1.0,False,False
4966,0.9155514240264893,0.9999774619132138,0.41209495099044946,1.1231789599785909e-33,OFFLOADED,1.0,No,1.0,1.0,1.0,True,False
4967,0.29925593733787537,5.183854715962491e-38,0.6490762015411418,9.632701022132562e-08,OFFLOADED,1.0,No,1.0,1.0,1.0,False,False
4968,0.2668134570121765,1.1719219218006222e-59,0.6099660489090641,9.227822168049897e-11,OFFLOADED,1.0,No,0.0,1.0,1.0,False,False
4969,0.2717297673225403,4.210621497144321e-55,0.3876188137603193,6.599073853244042e-37,OFFLOADED,1.0,No,1.0,1.0,1.0,False,False
4970,0.26729726791381836,2.8543021737828466e-59,0.6264647102226955,1.974523259331681e-09,OFFLOADED,1.0,No,1.0,1.0,1.0,False,False
4971,0.30219557881355286,2.2533762346461577e-36,0.9245706169225753,0.9999819829311567,OFFLOADED,1.0,No,1.0,0.0,0.0,False,True
4972,0.28530213236808777,1.7697024837313095e-45,0.29887236237102166,1.0958172209709417e-47,OFFLOADED,1.0,No,1.0,1.0,1.0,False,False
4973,0.35816800594329834,9.873391120370065e-21,0.445943094885423,8.89103616057504e-30,OFFLOADED,1.0,No,1.0,0.0,1.0,False,False
4974,0.2652747631072998,5.449918939788256e-61,0.7740842093416359,0.13626720712202167,OFFLOADED,1.0,No,1.0,0.0,0.0,False,False
4975,0.26083195209503174,1.0759823181087378e-65,0.2341732641636024,3.8228575333895606e-53,OFFLOADED,1.0,No,1.0,1.0,1.0,False,False
4976,0.2834579646587372,1.3537286244097101e-46,0.5882039265902916,1.2913566495344435e-12,OFFLOADED,1.0,No,1.0,0.0,0.0,False,False
4977,0.47674107551574707,4.4394773961637066e-08,0.5312628579733109,4.1068908327320836e-19,OFFLOADED,1.0,No,1.0,1.0,1.0,False,False
4978,0.5454044342041016,7.505130187936285e-05,0.9511753244538217,0.9999999620250386,OFFLOADED,0.0,Yes,0.0,0.0,0.0,False,True
4979,0.422799676656723,4.442484913287531e-12,0.9092556193879548,0.9997860287912657,OFFLOADED,1.0,No,1.0,0.0,0.0,False,True
4980,0.5563234686851501,0.00017545115061272682,0.9187108538816355,0.999945291906976,OFFLOADED,1.0,No,1.0,0.0,0.0,False,True
4981,0.3310438394546509,5.300189827173884e-26,0.30997904964189416,2.617427582938492e-46,OFFLOADED,1.0,No,1.0,1.0,1.0,False,False
4982,0.3045349717140198,2.0819636999370545e-35,0.7416506615565986,0.03120248994411163,OFFLOADED,1.0,No,0.0,1.0,0.0,False,False
4983,0.9322218894958496,0.9999946881816792,1.0,1.0,ACCEPTED,0.0,Yes,0.0,0.0,0.0,True,True
4984,0.27019697427749634,1.1161522344330793e-56,0.2347612305528137,3.462712375572241e-53,OFFLOADED,1.0,No,1.0,0.0,0.0,False,False
4985,0.39915189146995544,7.002719577820673e-15,0.7026669945049524,0.0003266953406342519,OFFLOADED,1.0,No,1.0,1.0,0.0,False,False
4986,0.3634062111377716,6.390362524569705e-20,0.5064668232936737,4.608953249961788e-22,OFFLOADED,1.0,No,1.0,1.0,1.0,False,False
4987,0.4212106168270111,2.5315760954446737e-12,0.7667389809204355,0.1133134768074265,OFFLOADED,0.0,Yes,0.0,0.0,0.0,False,False
4988,0.3215084373950958,3.204412932157118e-29,0.5341684451327946,8.145525557284784e-19,OFFLOADED,1.0,No,0.0,1.0,1.0,False,False
4989,0.3516305387020111,4.2201051720734617e-22,0.18423291023509397,5.111260077809481e-56,OFFLOADED,1.0,No,1.0,0.0,0.0,False,False
4990,0.2750958502292633,1.1801058845332492e-52,0.6603602458469036,4.1950681311133497e-07,OFFLOADED,1.0,No,1.0,1.0,1.0,False,False
4991,0.9416716694831848,0.999997388815084,0.9158295478757114,0.999923331178064,ACCEPTED,1.0,No,1.0,1.0,1.0,True,True
4992,0.3480836749076843,7.653130206950308e-23,0.9327421256723808,0.9999976936691828,OFFLOADED,1.0,No,1.0,0.0,0.0,False,True
4993,0.28728437423706055,1.5810688544088206e-44,0.7970718563140646,0.3288979479699776,OFFLOADED,1.0,No,1.0,0.0,0.0,False,False
4994,0.2548597753047943,8.658031027655383e-75,0.5146533974003556,2.837941934345649e-21,OFFLOADED,1.0,No,1.0,1.0,1.0,False,False
4995,0.4896022379398346,3.2657627383856096e-07,0.9706718209909114,0.9999999996914488,OFFLOADED,0.0,Yes,0.0,0.0,0.0,False,True
4996,0.26625990867614746,1.6889560287106676e-60,0.5027127297094077,1.6608657612593201e-22,OFFLOADED,1.0,No,1.0,1.0,0.0,False,False
4997,0.3269089162349701,2.2868006561436035e-27,0.9290447278857932,0.9999947634620938,OFFLOADED,1.0,No,0.0,1.0,0.0,False,True
4998,0.9042378067970276,0.999935735633796,0.9421729435077567,0.9999997201198906,ACCEPTED,0.0,Yes,0.0,0.0,0.0,True,True
