Index,p_t,q_t,Action,Y_t,Success,FP,FN,Misclassified
0,0.26585614681243896,0.26585614681243896,OFFLOADED,1.0,No,1.0,1.0,1.0
1,0.9637613892555237,0.9632067830033523,ACCEPTED,0.0,Yes,0.0,0.0,0.0
2,0.25439348816871643,0.24415169738110637,OFFLOADED,1.0,No,0.0,1.0,0.0
3,0.2979348301887512,0.27779307803622233,OFFLOADED,1.0,No,0.0,1.0,1.0
4,0.345176637172699,0.3157557372191385,OFFLOADED,1.0,No,0.0,1.0,1.0
5,0.5436350107192993,0.5151024530013463,OFFLOADED,1.0,No,1.0,1.0,0.0
6,0.5530577301979065,0.5108744409767212,OFFLOADED,0.0,Yes,0.0,0.0,0.0
7,0.5625702142715454,0.5355932337907532,ACCEPTED,1.0,No,1.0,1.0,1.0
8,0.2593642473220825,0.2133490779970168,ACCEPTED,1.0,No,1.0,1.0,0.0
9,0.2560470998287201,0.2009579406780369,OFFLOADED,1.0,No,1.0,1.0,1.0
10,0.26373130083084106,0.19843416768981922,OFFLOADED,1.0,No,1.0,1.0,1.0
11,0.272605299949646,0.1976834743855835,OFFLOADED,1.0,No,1.0,1.0,1.0
12,0.27001428604125977,0.18622533190283982,OFFLOADED,1.0,No,1.0,1.0,1.0
13,0.4782658517360687,0.399819547404534,ACCEPTED,1.0,No,1.0,1.0,1.0
14,0.32967469096183777,0.22930086790997914,OFFLOADED,0.0,Yes,0.0,0.0,0.0
15,0.42118319869041443,0.3345535353870701,ACCEPTED,1.0,No,1.0,1.0,1.0
16,0.5973943471908569,0.5201588789076004,ACCEPTED,1.0,No,1.0,1.0,1.0
17,0.41891196370124817,0.31044928105808817,ACCEPTED,1.0,No,1.0,1.0,0.0
18,0.5691311359405518,0.4632200669799716,OFFLOADED,1.0,No,0.0,0.0,1.0
19,0.8816627264022827,0.8499532637124052,ACCEPTED,0.0,Yes,0.0,0.0,0.0
20,0.7879819273948669,0.735326773515419,OFFLOADED,1.0,No,1.0,1.0,0.0
21,0.37450551986694336,0.24661520735366663,OFFLOADED,1.0,No,1.0,1.0,1.0
22,0.29038193821907043,0.164423626740249,ACCEPTED,1.0,No,1.0,1.0,1.0
23,0.2818906605243683,0.14997526720680335,OFFLOADED,1.0,No,1.0,1.0,1.0
24,0.2703932821750641,0.1342944671670432,OFFLOADED,1.0,No,1.0,1.0,1.0
25,0.2503828704357147,0.11670637498122445,OFFLOADED,1.0,No,1.0,1.0,1.0
26,0.7265478372573853,0.6283051304081665,ACCEPTED,1.0,No,1.0,1.0,1.0
27,0.2548733353614807,0.11047502764624857,OFFLOADED,1.0,No,1.0,1.0,1.0
28,0.40717190504074097,0.23171976723509122,ACCEPTED,1.0,No,1.0,1.0,1.0
29,0.3881216049194336,0.20454844006937664,OFFLOADED,0.0,Yes,0.0,0.0,0.0
30,0.6910274028778076,0.5647970965587022,ACCEPTED,0.0,Yes,0.0,0.0,0.0
31,0.5997812747955322,0.455406816561542,OFFLOADED,1.0,No,1.0,1.0,1.0
32,0.9289001226425171,0.9039322542137397,ACCEPTED,1.0,No,1.0,1.0,1.0
33,0.33293259143829346,0.16347573707167143,OFFLOADED,1.0,No,1.0,1.0,1.0
34,0.2549479901790619,0.09869346302044947,ACCEPTED,1.0,No,1.0,1.0,1.0
35,0.6055801510810852,0.43814002261803353,ACCEPTED,1.0,No,1.0,1.0,0.0
36,0.28152963519096375,0.10596927054752026,OFFLOADED,1.0,No,1.0,1.0,0.0
37,0.35543912649154663,0.15949276071476498,ACCEPTED,1.0,No,1.0,1.0,1.0
38,0.4910355508327484,0.2829543592247949,OFFLOADED,1.0,No,0.0,1.0,1.0
39,0.5330115556716919,0.3178421956496315,ACCEPTED,1.0,No,1.0,1.0,1.0
40,0.35204312205314636,0.13726650797752465,OFFLOADED,1.0,No,1.0,1.0,1.0
41,0.2545405626296997,0.0714979604062086,OFFLOADED,1.0,No,1.0,1.0,1.0
42,0.2559645473957062,0.06821082328393828,OFFLOADED,1.0,No,1.0,1.0,1.0
43,0.8842488527297974,0.8188698119122145,ACCEPTED,0.0,Yes,0.0,0.0,0.0
44,0.7638370394706726,0.631628921296451,OFFLOADED,0.0,Yes,0.0,0.0,0.0
45,0.3786698281764984,0.14978717606029524,OFFLOADED,1.0,No,1.0,1.0,1.0
46,0.31693795323371887,0.09776771110191852,OFFLOADED,0.0,Yes,0.0,0.0,0.0
47,0.2535310983657837,0.06607045830221389,OFFLOADED,1.0,No,1.0,1.0,1.0
48,0.25663962960243225,0.06358860056892866,OFFLOADED,1.0,No,1.0,1.0,1.0
49,0.25153687596321106,0.05873179125204136,OFFLOADED,1.0,No,1.0,1.0,1.0
50,0.2710472643375397,0.0634169388934053,OFFLOADED,1.0,No,1.0,1.0,1.0
51,0.9151860475540161,0.8752436694700237,ACCEPTED,1.0,No,1.0,1.0,0.0
52,0.36912164092063904,0.1264395411691789,ACCEPTED,1.0,No,1.0,1.0,1.0
53,0.32062608003616333,0.08732228037048541,OFFLOADED,0.0,Yes,0.0,0.0,0.0
54,0.30384817719459534,0.0803466760721091,OFFLOADED,1.0,No,1.0,1.0,1.0
55,0.2547134459018707,0.05032034015303289,OFFLOADED,1.0,No,1.0,1.0,1.0
56,0.2887030839920044,0.06370858584343099,OFFLOADED,1.0,No,1.0,0.0,0.0
57,0.2724905014038086,0.05169688008902994,OFFLOADED,1.0,No,1.0,0.0,0.0
58,0.25549736618995667,0.04283962672674107,OFFLOADED,1.0,No,1.0,1.0,1.0
59,0.25868597626686096,0.04148611298607466,OFFLOADED,1.0,No,1.0,1.0,0.0
60,0.2771086096763611,0.04669139090138292,OFFLOADED,1.0,No,1.0,0.0,0.0
61,0.40508174896240234,0.13702202963295543,ACCEPTED,1.0,No,0.0,1.0,1.0
62,0.28006455302238464,0.04341662220253732,OFFLOADED,1.0,No,0.0,1.0,1.0
63,0.25592073798179626,0.03265854649255839,OFFLOADED,1.0,No,1.0,1.0,1.0
64,0.3623082935810089,0.0916785716713921,OFFLOADED,1.0,No,1.0,1.0,1.0
65,0.28872808814048767,0.041646203047252105,OFFLOADED,1.0,No,1.0,1.0,1.0
66,0.3375084102153778,0.06901746173398612,OFFLOADED,0.0,Yes,0.0,0.0,0.0
67,0.43769925832748413,0.15570200346330296,ACCEPTED,1.0,No,1.0,1.0,1.0
68,0.2872796654701233,0.03884966031192975,OFFLOADED,1.0,No,1.0,0.0,0.0
69,0.2912842035293579,0.03889380297702509,OFFLOADED,1.0,No,1.0,1.0,1.0
70,0.38123276829719543,0.0944620875838213,OFFLOADED,1.0,No,1.0,1.0,0.0
71,0.8479547500610352,0.7529472159567102,ACCEPTED,1.0,No,1.0,1.0,1.0
72,0.25014573335647583,0.02258281025888198,OFFLOADED,1.0,No,1.0,1.0,0.0
73,0.33225423097610474,0.056873247900483655,OFFLOADED,1.0,No,1.0,1.0,1.0
74,0.3239637315273285,0.049567409270075635,OFFLOADED,1.0,No,0.0,1.0,1.0
75,0.25386887788772583,0.01942673814285726,OFFLOADED,1.0,No,1.0,1.0,1.0
76,0.8959904313087463,0.8230002249810129,ACCEPTED,0.0,Yes,0.0,0.0,0.0
77,0.3074598014354706,0.03735724197384577,OFFLOADED,1.0,No,1.0,0.0,0.0
78,0.3171733319759369,0.040773505346612976,OFFLOADED,1.0,No,1.0,1.0,0.0
79,0.2770995795726776,0.02107852310283969,OFFLOADED,1.0,No,1.0,1.0,1.0
80,0.2501760721206665,0.015377077839135935,OFFLOADED,1.0,No,1.0,0.0,0.0
81,0.7817273139953613,0.632713746510074,OFFLOADED,1.0,No,1.0,1.0,1.0
82,0.26988857984542847,0.016972017859504945,OFFLOADED,1.0,No,1.0,1.0,1.0
83,0.6892049312591553,0.46848798328322744,OFFLOADED,0.0,Yes,0.0,0.0,0.0
84,0.39450547099113464,0.08621555716027501,OFFLOADED,1.0,No,1.0,1.0,1.0
85,0.27436596155166626,0.016641770280700997,OFFLOADED,1.0,No,1.0,1.0,0.0
86,0.8722785115242004,0.7864847494471927,ACCEPTED,0.0,Yes,0.0,0.0,0.0
87,0.3066078722476959,0.02811579929149904,OFFLOADED,1.0,No,1.0,1.0,1.0
88,0.3246650695800781,0.03578762758700547,OFFLOADED,1.0,No,1.0,1.0,1.0
89,0.4236096441745758,0.10480724158577144,OFFLOADED,1.0,No,1.0,1.0,1.0
90,0.3473762273788452,0.04341483828767664,OFFLOADED,1.0,No,1.0,1.0,1.0
91,0.5599762201309204,0.26197893696535,OFFLOADED,0.0,Yes,0.0,0.0,0.0
92,0.2991967797279358,0.020599018667728966,OFFLOADED,1.0,No,1.0,1.0,0.0
93,0.2821657657623291,0.014215039345699952,OFFLOADED,1.0,No,1.0,1.0,1.0
94,0.6370915770530701,0.3950480779384412,OFFLOADED,1.0,No,1.0,1.0,0.0
95,0.26477834582328796,0.010186632458423025,OFFLOADED,1.0,No,1.0,1.0,1.0
96,0.3920290172100067,0.06857319721341551,OFFLOADED,1.0,No,1.0,1.0,1.0
97,0.33135393261909485,0.029603755513854697,OFFLOADED,1.0,No,0.0,1.0,1.0
98,0.3661381006240845,0.04557970137450236,OFFLOADED,1.0,No,0.0,1.0,1.0
99,0.4793521463871002,0.15086750774940863,OFFLOADED,1.0,No,1.0,1.0,1.0
100,0.2565646469593048,0.007114771382052468,OFFLOADED,1.0,No,0.0,1.0,1.0
101,0.25620755553245544,0.006691936266624528,OFFLOADED,1.0,No,1.0,0.0,0.0
102,0.6692644953727722,0.4288244418583162,OFFLOADED,1.0,No,0.0,1.0,1.0
103,0.36065322160720825,0.03612279697711179,OFFLOADED,1.0,No,1.0,1.0,1.0
104,0.25471553206443787,0.005704931818005328,OFFLOADED,1.0,No,1.0,1.0,1.0
105,0.8619072437286377,0.7614824124432884,ACCEPTED,0.0,Yes,0.0,0.0,0.0
106,0.27033886313438416,0.006605428723745024,OFFLOADED,0.0,Yes,0.0,0.0,0.0
107,0.8078591227531433,0.6673205318925168,ACCEPTED,1.0,No,1.0,1.0,0.0
108,0.3322720527648926,0.022548993500140963,OFFLOADED,0.0,Yes,0.0,0.0,0.0
109,0.888700544834137,0.8133778357820725,ACCEPTED,1.0,No,1.0,1.0,1.0
110,0.5622039437294006,0.23883082992172663,ACCEPTED,1.0,No,1.0,1.0,1.0
111,0.2679409682750702,0.00665010879620439,OFFLOADED,1.0,No,1.0,1.0,1.0
112,0.32548999786376953,0.019900770801988342,ACCEPTED,1.0,No,1.0,1.0,1.0
113,0.0,0.0,OFFLOADED,0.0,Yes,0.0,0.0,0.0
114,0.25090768933296204,0.004959868354915159,OFFLOADED,1.0,No,0.0,1.0,1.0
115,0.8869134783744812,0.798332492255201,ACCEPTED,0.0,Yes,0.0,0.0,0.0
116,0.0,0.0,OFFLOADED,0.0,Yes,0.0,0.0,0.0
117,0.31327369809150696,0.014984331059474798,OFFLOADED,1.0,No,1.0,1.0,1.0
118,0.30266496539115906,0.011194448216659847,OFFLOADED,1.0,No,1.0,1.0,1.0
119,0.38530585169792175,0.04460871005121526,OFFLOADED,1.0,No,1.0,1.0,1.0
120,0.2786966860294342,0.00582042315999493,OFFLOADED,1.0,No,1.0,1.0,1.0
121,0.26034945249557495,0.004098918526844016,OFFLOADED,1.0,No,1.0,1.0,1.0
122,0.6049360036849976,0.28744448565070335,OFFLOADED,0.0,Yes,0.0,0.0,0.0
123,0.2536226212978363,0.003754602924690701,OFFLOADED,1.0,No,1.0,1.0,1.0
124,0.2525292932987213,0.0035220093673269033,OFFLOADED,1.0,No,1.0,0.0,0.0
125,0.2641153633594513,0.0038331938339689494,OFFLOADED,1.0,No,0.0,0.0,1.0
126,0.6629723906517029,0.39845101806083594,ACCEPTED,1.0,No,1.0,1.0,1.0
127,0.8152262568473816,0.6605162490426286,ACCEPTED,0.0,Yes,0.0,0.0,0.0
128,0.44939714670181274,0.09699472159582816,OFFLOADED,1.0,No,1.0,1.0,0.0
129,0.258976548910141,0.0031238902576298795,OFFLOADED,1.0,No,1.0,1.0,1.0
130,0.2664983868598938,0.003340460213679112,OFFLOADED,1.0,No,1.0,1.0,1.0
131,0.8872183561325073,0.81225141784259,ACCEPTED,0.0,Yes,0.0,0.0,0.0
132,0.27001312375068665,0.0034172244277835165,OFFLOADED,1.0,No,1.0,1.0,1.0
133,0.25289538502693176,0.002489241671591457,OFFLOADED,1.0,No,0.0,1.0,1.0
134,0.533891499042511,0.19101865537774593,OFFLOADED,1.0,No,0.0,0.0,1.0
135,0.2934719920158386,0.005837098320182826,OFFLOADED,1.0,No,1.0,1.0,1.0
136,0.7196115255355835,0.49229766864599434,OFFLOADED,1.0,No,1.0,1.0,1.0
137,0.25132420659065247,0.0020335693291211676,OFFLOADED,1.0,No,1.0,1.0,1.0
138,0.46589288115501404,0.10104651374382752,OFFLOADED,1.0,No,1.0,1.0,0.0
139,0.3235226571559906,0.0115835101219322,OFFLOADED,1.0,No,0.0,1.0,1.0
140,0.2882787883281708,0.003950597511392136,OFFLOADED,1.0,No,1.0,1.0,1.0
141,0.3003024756908417,0.00558575016017535,OFFLOADED,1.0,No,1.0,1.0,0.0
142,0.0,0.0,OFFLOADED,0.0,Yes,0.0,0.0,0.0
143,0.39102378487586975,0.03650311797550822,OFFLOADED,1.0,No,1.0,1.0,1.0
144,0.31528109312057495,0.007997159423142048,OFFLOADED,1.0,No,0.0,0.0,1.0
145,0.3230973184108734,0.009289276010824798,OFFLOADED,1.0,No,1.0,0.0,0.0
146,0.0,0.0,OFFLOADED,0.0,Yes,0.0,0.0,0.0
147,0.25154051184654236,0.0012893032845261527,OFFLOADED,1.0,No,1.0,1.0,0.0
148,0.5558156967163086,0.19754857371354242,OFFLOADED,1.0,No,1.0,1.0,1.0
149,0.3139341175556183,0.006465889892227021,OFFLOADED,1.0,No,1.0,1.0,1.0
150,0.7122718691825867,0.4531721283221047,OFFLOADED,1.0,No,1.0,1.0,1.0
151,0.34958645701408386,0.01438779712575778,OFFLOADED,1.0,No,1.0,1.0,1.0
152,0.2714208960533142,0.0014159389128438249,OFFLOADED,1.0,No,1.0,1.0,1.0
153,0.7398840188980103,0.49237294150392463,ACCEPTED,0.0,Yes,0.0,0.0,0.0
154,0.25322601199150085,0.000982271936411636,OFFLOADED,1.0,No,1.0,1.0,1.0
155,0.9368590712547302,0.8917996735972317,ACCEPTED,0.0,Yes,0.0,0.0,0.0
156,0.25572866201400757,0.0009548405765189983,OFFLOADED,1.0,No,1.0,1.0,1.0
157,0.3683893084526062,0.020225788727601817,OFFLOADED,1.0,No,1.0,1.0,1.0
158,0.32458245754241943,0.007202021833862969,OFFLOADED,1.0,No,1.0,1.0,1.0
159,0.2685306966304779,0.0010498361730599808,OFFLOADED,1.0,No,1.0,1.0,1.0
160,0.28761205077171326,0.0019176881992521851,OFFLOADED,1.0,No,1.0,1.0,1.0
161,0.35091567039489746,0.012906531880821193,OFFLOADED,1.0,No,1.0,1.0,1.0
162,0.2908332347869873,0.0019441845562043227,OFFLOADED,1.0,No,1.0,1.0,1.0
163,0.9046529531478882,0.8429496605344784,ACCEPTED,0.0,Yes,0.0,0.0,0.0
164,0.7849525213241577,0.6026132542486057,ACCEPTED,1.0,No,1.0,1.0,1.0
165,0.2649761736392975,0.0007519716539380137,OFFLOADED,1.0,No,1.0,0.0,0.0
166,0.2976640462875366,0.0023622277180334462,OFFLOADED,1.0,No,1.0,1.0,1.0
167,0.269893616437912,0.0007618261674879079,OFFLOADED,1.0,No,1.0,1.0,0.0
168,0.9041958451271057,0.8444418073862651,OFFLOADED,0.0,Yes,0.0,0.0,0.0
169,0.30804961919784546,0.0033776290499379427,OFFLOADED,1.0,No,1.0,1.0,1.0
170,0.30108457803726196,0.0024034823365849853,OFFLOADED,1.0,No,1.0,1.0,1.0
171,0.32526272535324097,0.005705107454359449,OFFLOADED,1.0,No,1.0,0.0,1.0
172,0.4266701340675354,0.05010205371915518,OFFLOADED,1.0,No,1.0,1.0,1.0
173,0.41467994451522827,0.03928126923981526,OFFLOADED,1.0,No,0.0,1.0,1.0
174,0.25349998474121094,0.00039027987195646455,OFFLOADED,1.0,No,1.0,1.0,1.0
175,0.25527647137641907,0.00037464182249363114,OFFLOADED,1.0,No,1.0,1.0,1.0
176,0.3186793029308319,0.003850698484413554,OFFLOADED,1.0,No,1.0,1.0,1.0
177,0.8892373442649841,0.8251586376593443,ACCEPTED,0.0,Yes,0.0,0.0,0.0
178,0.2561003565788269,0.0003408041982102149,OFFLOADED,1.0,No,1.0,1.0,1.0
179,0.7049271464347839,0.43771130720532536,OFFLOADED,1.0,No,1.0,1.0,1.0
180,0.36878103017807007,0.014496620223561565,OFFLOADED,1.0,No,1.0,1.0,1.0
181,0.25214844942092896,0.00028263362155944,OFFLOADED,1.0,No,1.0,1.0,1.0
182,0.2630232274532318,0.0003279345906735437,OFFLOADED,1.0,No,1.0,1.0,1.0
183,0.37399742007255554,0.01553054136001163,OFFLOADED,1.0,No,0.0,1.0,1.0
184,0.4193790555000305,0.037233738057434344,ACCEPTED,1.0,No,1.0,1.0,1.0
185,0.26646021008491516,0.0003052495701737615,OFFLOADED,1.0,No,1.0,0.0,0.0
186,0.830478847026825,0.6928285276567068,ACCEPTED,0.0,Yes,0.0,0.0,0.0
187,0.6032796502113342,0.24546231771022997,ACCEPTED,1.0,No,1.0,1.0,1.0
188,0.2602725028991699,0.00023627995064061274,OFFLOADED,1.0,No,0.0,1.0,1.0
189,0.2509255111217499,0.00019314295928049723,OFFLOADED,1.0,No,1.0,1.0,1.0
190,0.2871614098548889,0.0006778553266482595,OFFLOADED,1.0,No,1.0,1.0,1.0
191,0.526603102684021,0.13278533589924904,OFFLOADED,0.0,Yes,0.0,0.0,0.0
192,0.4197371304035187,0.03619620511261461,OFFLOADED,1.0,No,1.0,1.0,1.0
193,0.2517252266407013,0.00017163331949024906,OFFLOADED,1.0,No,1.0,1.0,0.0
194,0.5187697410583496,0.12903956251763896,OFFLOADED,1.0,No,1.0,0.0,0.0
195,0.8217769861221313,0.6793768231789947,OFFLOADED,1.0,No,1.0,1.0,1.0
196,0.822227954864502,0.6676698876181449,ACCEPTED,1.0,No,1.0,1.0,1.0
197,0.9310725331306458,0.889464239452134,OFFLOADED,0.0,Yes,0.0,0.0,0.0
198,0.8985909223556519,0.8415397874286903,ACCEPTED,0.0,Yes,0.0,0.0,0.0
199,0.8880704641342163,0.8296435573936038,ACCEPTED,0.0,Yes,0.0,0.0,0.0
200,0.610907256603241,0.2432339923583902,OFFLOADED,1.0,No,1.0,1.0,1.0
201,0.2619486451148987,0.0001782840017321108,OFFLOADED,1.0,No,1.0,1.0,1.0
202,0.3966226279735565,0.020026742177623298,OFFLOADED,1.0,No,1.0,1.0,1.0
203,0.890284538269043,0.8393532540792484,ACCEPTED,1.0,No,1.0,1.0,1.0
204,0.27393200993537903,0.0002633690896796498,OFFLOADED,0.0,Yes,0.0,0.0,0.0
205,0.2772427499294281,0.0003287237701655355,OFFLOADED,1.0,No,1.0,1.0,1.0
206,0.25140634179115295,0.00012780669608956533,OFFLOADED,1.0,No,1.0,1.0,1.0
207,0.2961154580116272,0.0008222579273845687,OFFLOADED,1.0,No,1.0,0.0,0.0
208,0.259299635887146,0.00013040258350208202,OFFLOADED,1.0,No,1.0,1.0,1.0
209,0.31912606954574585,0.0022825168006060737,OFFLOADED,1.0,No,1.0,1.0,1.0
210,0.6201454997062683,0.24506950773476102,OFFLOADED,1.0,No,1.0,1.0,0.0
211,0.3408050537109375,0.00456310759491186,OFFLOADED,1.0,No,0.0,1.0,0.0
212,0.3491290807723999,0.005384335439189737,OFFLOADED,1.0,No,1.0,0.0,1.0
213,0.9257065057754517,0.8881762922169646,ACCEPTED,1.0,No,1.0,1.0,1.0
214,0.7058273553848267,0.39137467889791444,ACCEPTED,0.0,Yes,0.0,0.0,0.0
215,0.28243017196655273,0.0003047224637724345,OFFLOADED,1.0,No,1.0,1.0,0.0
216,0.29398617148399353,0.000550679226521642,OFFLOADED,1.0,No,0.0,0.0,1.0
217,0.30752381682395935,0.0010873230414709203,OFFLOADED,1.0,No,1.0,1.0,1.0
218,0.28088507056236267,0.0002353288117220637,OFFLOADED,1.0,No,1.0,1.0,1.0
219,0.5327723622322083,0.12525994788857947,OFFLOADED,1.0,No,0.0,1.0,1.0
220,0.8734836578369141,0.7888578469091851,ACCEPTED,0.0,Yes,0.0,0.0,0.0
221,0.9247682690620422,0.8879404932854414,ACCEPTED,0.0,Yes,0.0,0.0,0.0
222,0.911359429359436,0.873509895247433,ACCEPTED,1.0,No,1.0,1.0,1.0
223,0.5199807286262512,0.10779163409486209,OFFLOADED,1.0,No,1.0,1.0,1.0
224,0.842674970626831,0.7149327523292495,ACCEPTED,0.0,Yes,0.0,0.0,0.0
225,0.2569461464881897,7.006976630495827e-05,OFFLOADED,1.0,No,0.0,1.0,0.0
226,0.4605354964733124,0.053083739120159665,OFFLOADED,1.0,No,1.0,1.0,0.0
227,0.2708372175693512,0.00010869677703926958,OFFLOADED,0.0,Yes,0.0,0.0,0.0
228,0.7255358695983887,0.4474953344873938,ACCEPTED,0.0,Yes,0.0,0.0,0.0
229,0.5262226462364197,0.11120417124694362,OFFLOADED,1.0,No,1.0,1.0,1.0
230,0.25123703479766846,6.027418758103609e-05,OFFLOADED,1.0,No,1.0,1.0,1.0
231,0.2889694571495056,0.00030089215869694093,OFFLOADED,1.0,No,1.0,1.0,1.0
232,0.3004426062107086,0.0005748717632658598,OFFLOADED,1.0,No,1.0,1.0,1.0
233,0.2889390289783478,0.0002672356227854332,OFFLOADED,1.0,No,1.0,1.0,1.0
234,0.4461674392223358,0.0396329451073629,OFFLOADED,1.0,No,1.0,1.0,1.0
235,0.903314471244812,0.8624178454762325,OFFLOADED,0.0,Yes,0.0,0.0,0.0
236,0.25211021304130554,4.57527101965783e-05,OFFLOADED,1.0,No,1.0,1.0,1.0
237,0.2503681182861328,4.2714187966168026e-05,OFFLOADED,1.0,No,1.0,1.0,1.0
238,0.28332534432411194,0.00017065826835968868,OFFLOADED,1.0,No,1.0,1.0,1.0
239,0.27486130595207214,9.924292752739205e-05,OFFLOADED,0.0,Yes,0.0,0.0,0.0
240,0.8347370028495789,0.715838321028172,OFFLOADED,1.0,No,1.0,1.0,1.0
241,0.27229049801826477,8.858451330975252e-05,OFFLOADED,1.0,No,1.0,1.0,1.0
242,0.8883907794952393,0.8381479733394086,ACCEPTED,1.0,No,1.0,1.0,0.0
243,0.2825506031513214,0.00014993335241555476,OFFLOADED,1.0,No,1.0,1.0,1.0
244,0.6747015118598938,0.3406825020358104,ACCEPTED,0.0,Yes,0.0,0.0,0.0
245,0.38283324241638184,0.010479029054620578,OFFLOADED,1.0,No,1.0,1.0,1.0
246,0.5756767392158508,0.16804939991130877,OFFLOADED,1.0,No,1.0,1.0,1.0
247,0.25234347581863403,3.3029196787912224e-05,OFFLOADED,1.0,No,1.0,1.0,1.0
248,0.758928656578064,0.5261871318526782,OFFLOADED,0.0,Yes,0.0,0.0,0.0
249,0.47983258962631226,0.0607779028912445,OFFLOADED,0.0,Yes,0.0,0.0,0.0
250,0.5036094784736633,0.08494617414260201,OFFLOADED,1.0,No,0.0,1.0,1.0
251,0.2525824308395386,3.212795124507376e-05,OFFLOADED,1.0,No,1.0,1.0,1.0
252,0.40770474076271057,0.017349021162974276,OFFLOADED,1.0,No,1.0,1.0,1.0
253,0.2599945068359375,3.5032783391884145e-05,OFFLOADED,1.0,No,0.0,1.0,1.0
254,0.5678948760032654,0.1515541785043009,ACCEPTED,1.0,No,1.0,1.0,1.0
255,0.2516160309314728,2.5473117724628197e-05,OFFLOADED,1.0,No,1.0,1.0,1.0
256,0.27665433287620544,8.070757524822267e-05,OFFLOADED,1.0,No,1.0,1.0,1.0
257,0.33572348952293396,0.0023018049286289764,OFFLOADED,0.0,Yes,0.0,0.0,0.0
258,0.3094625771045685,0.0007341380369935897,OFFLOADED,0.0,Yes,0.0,0.0,0.0
259,0.34874606132507324,0.003575276733070207,OFFLOADED,1.0,No,0.0,1.0,0.0
260,0.3299046754837036,0.0018805899625212194,OFFLOADED,1.0,No,1.0,1.0,1.0
261,0.4269503951072693,0.023411150393584042,OFFLOADED,0.0,Yes,0.0,0.0,0.0
262,0.2680663466453552,4.6102543170964675e-05,OFFLOADED,1.0,No,1.0,1.0,1.0
263,0.5705928802490234,0.14909553158445404,OFFLOADED,1.0,No,1.0,0.0,0.0
264,0.4869033098220825,0.06050869801636824,OFFLOADED,1.0,No,1.0,1.0,1.0
265,0.7500212788581848,0.51109609963925,ACCEPTED,1.0,No,1.0,1.0,1.0
266,0.8400426506996155,0.70846775366452,OFFLOADED,0.0,Yes,0.0,0.0,0.0
267,0.2565448582172394,2.194236589145249e-05,OFFLOADED,1.0,No,0.0,1.0,0.0
268,0.381540447473526,0.007793095261572765,OFFLOADED,1.0,No,1.0,0.0,0.0
269,0.28973665833473206,0.0001593849684624751,OFFLOADED,1.0,No,1.0,1.0,1.0
270,0.2871209681034088,0.0001240283652785217,OFFLOADED,1.0,No,1.0,1.0,1.0
271,0.2801751494407654,7.216687006323404e-05,OFFLOADED,1.0,No,1.0,0.0,0.0
272,0.34936508536338806,0.0029322293425945345,OFFLOADED,1.0,No,1.0,1.0,1.0
273,0.8985700607299805,0.8535598407603264,ACCEPTED,1.0,No,1.0,1.0,1.0
274,0.4069775342941284,0.013581726544621552,OFFLOADED,1.0,No,1.0,1.0,1.0
275,0.2547883987426758,1.382682728526198e-05,OFFLOADED,1.0,No,1.0,1.0,1.0
276,0.5313173532485962,0.0906600643754161,OFFLOADED,1.0,No,1.0,1.0,1.0
277,0.3250509798526764,0.0010350843378930294,OFFLOADED,1.0,No,0.0,1.0,1.0
278,0.30558064579963684,0.0003656810601168841,OFFLOADED,1.0,No,1.0,1.0,1.0
279,0.8517201542854309,0.7416781117177506,ACCEPTED,0.0,Yes,0.0,0.0,0.0
280,0.5426225662231445,0.09921367907985537,OFFLOADED,0.0,Yes,0.0,0.0,0.0
281,0.8900752663612366,0.8381863824931974,OFFLOADED,0.0,Yes,0.0,0.0,0.0
282,0.250980019569397,1.136737809917317e-05,OFFLOADED,1.0,No,1.0,1.0,0.0
283,0.3617579936981201,0.0038275132685953875,OFFLOADED,1.0,No,1.0,1.0,1.0
284,0.2504732012748718,1.0090919519341957e-05,OFFLOADED,1.0,No,1.0,1.0,0.0
285,0.41122475266456604,0.014256879267762703,OFFLOADED,1.0,No,1.0,1.0,1.0
286,0.3280844986438751,0.0010763184700369264,OFFLOADED,1.0,No,1.0,1.0,1.0
287,0.7416850924491882,0.4931380266933593,ACCEPTED,1.0,No,1.0,1.0,1.0
288,0.257500022649765,9.568961521235444e-06,OFFLOADED,1.0,No,1.0,1.0,1.0
289,0.8085334897041321,0.6362654710102875,OFFLOADED,0.0,Yes,0.0,0.0,0.0
290,0.261979877948761,1.1844025527468015e-05,OFFLOADED,1.0,No,1.0,1.0,1.0
291,0.2553730905056,7.992098547766289e-06,OFFLOADED,1.0,No,1.0,1.0,1.0
292,0.43118709325790405,0.021672912558816346,OFFLOADED,1.0,No,1.0,1.0,1.0
293,0.2642335295677185,1.1776808166310041e-05,OFFLOADED,1.0,No,1.0,1.0,1.0
294,0.2605873942375183,8.732583291535493e-06,OFFLOADED,1.0,No,1.0,0.0,0.0
295,0.4267893433570862,0.018463184005743684,OFFLOADED,1.0,No,1.0,1.0,1.0
296,0.3574789762496948,0.0025918497535348185,OFFLOADED,1.0,No,1.0,1.0,1.0
297,0.8543877601623535,0.7691012869446971,OFFLOADED,0.0,Yes,0.0,0.0,0.0
298,0.8782529830932617,0.8322412281504826,ACCEPTED,0.0,Yes,0.0,0.0,0.0
299,0.2855164408683777,5.453891561279253e-05,OFFLOADED,1.0,No,1.0,0.0,1.0
300,0.2724434733390808,1.823199511713978e-05,OFFLOADED,1.0,No,0.0,1.0,0.0
301,0.3978641629219055,0.008598498078213002,OFFLOADED,1.0,No,1.0,1.0,1.0
302,0.26225078105926514,7.0667559666780045e-06,OFFLOADED,1.0,No,1.0,0.0,1.0
303,0.8133103251457214,0.676394321226765,ACCEPTED,0.0,Yes,0.0,0.0,0.0
304,0.26161566376686096,6.501573763525006e-06,OFFLOADED,1.0,No,1.0,0.0,1.0
305,0.7331429123878479,0.48712450274748587,ACCEPTED,0.0,Yes,0.0,0.0,0.0
306,0.8867759704589844,0.8650719598541526,ACCEPTED,1.0,No,1.0,1.0,1.0
307,0.25293809175491333,4.291126155392195e-06,OFFLOADED,1.0,No,1.0,1.0,1.0
308,0.2954362630844116,0.00011941906105086562,OFFLOADED,1.0,No,1.0,1.0,1.0
309,0.5527538061141968,0.1199458884824822,OFFLOADED,0.0,Yes,0.0,0.0,0.0
310,0.2736814618110657,1.791911986674446e-05,OFFLOADED,1.0,No,1.0,1.0,1.0
311,0.35802656412124634,0.0026211433473159363,OFFLOADED,1.0,No,1.0,1.0,1.0
312,0.8205379247665405,0.7115274145887295,OFFLOADED,1.0,No,1.0,1.0,1.0
313,0.26675400137901306,8.085096163650124e-06,OFFLOADED,1.0,No,1.0,1.0,1.0
314,0.7921518683433533,0.628036693592807,ACCEPTED,0.0,Yes,0.0,0.0,0.0
315,0.2776998281478882,2.2265596203486955e-05,OFFLOADED,1.0,No,1.0,1.0,1.0
316,0.8753010630607605,0.838909378396635,ACCEPTED,0.0,Yes,0.0,0.0,0.0
317,0.8094732165336609,0.6909290107569099,ACCEPTED,1.0,No,1.0,1.0,1.0
318,0.2894078493118286,6.0351523495057746e-05,OFFLOADED,1.0,No,1.0,1.0,1.0
319,0.39350464940071106,0.007700838147435437,OFFLOADED,1.0,No,1.0,1.0,1.0
320,0.3092729449272156,0.00029222318240840705,OFFLOADED,1.0,No,0.0,1.0,1.0
321,0.5902649164199829,0.17907466515883158,OFFLOADED,1.0,No,0.0,1.0,1.0
322,0.5407084822654724,0.1044136785280563,OFFLOADED,1.0,No,1.0,1.0,1.0
323,0.28635868430137634,3.469547187774257e-05,OFFLOADED,1.0,No,1.0,1.0,1.0
324,0.8220419883728027,0.7042033539620375,OFFLOADED,1.0,No,1.0,1.0,0.0
325,0.3120412230491638,0.0002907702317877593,OFFLOADED,1.0,No,1.0,0.0,0.0
326,0.3024289011955261,0.00013859358677784726,OFFLOADED,1.0,No,1.0,1.0,1.0
327,0.0,0.0,OFFLOADED,0.0,Yes,0.0,0.0,0.0
328,0.3032844066619873,0.00014035671781118336,OFFLOADED,1.0,No,1.0,0.0,0.0
329,0.2669472098350525,4.385905088736116e-06,OFFLOADED,1.0,No,1.0,1.0,1.0
330,0.33435913920402527,0.000878368710612066,OFFLOADED,1.0,No,1.0,1.0,1.0
331,0.2514062821865082,1.6382094827497405e-06,OFFLOADED,1.0,No,1.0,1.0,1.0
332,0.4245433509349823,0.015079824865288508,OFFLOADED,1.0,No,1.0,1.0,1.0
333,0.5207508206367493,0.07641028781579758,OFFLOADED,1.0,No,0.0,1.0,0.0
334,0.2544688284397125,1.444567559575925e-06,OFFLOADED,1.0,No,1.0,1.0,1.0
335,0.2521519958972931,1.3131994085611673e-06,OFFLOADED,1.0,No,1.0,0.0,1.0
336,0.2566944360733032,1.405138263826417e-06,OFFLOADED,1.0,No,1.0,0.0,0.0
337,0.4767342805862427,0.040655048840285014,OFFLOADED,1.0,No,1.0,1.0,1.0
338,0.2916746437549591,3.697704569541827e-05,OFFLOADED,1.0,No,1.0,1.0,1.0
339,0.30659982562065125,0.00013534451965736515,OFFLOADED,1.0,No,0.0,1.0,0.0
340,0.25040340423583984,9.703459957281783e-07,OFFLOADED,1.0,No,1.0,1.0,1.0
341,0.25258079171180725,9.333085981250647e-07,OFFLOADED,1.0,No,1.0,1.0,1.0
342,0.26879438757896423,3.1663723226801082e-06,OFFLOADED,1.0,No,1.0,1.0,1.0
343,0.3573613166809082,0.0016082156078783413,OFFLOADED,1.0,No,1.0,1.0,1.0
344,0.29383736848831177,3.906561655878378e-05,OFFLOADED,1.0,No,1.0,1.0,1.0
345,0.2673009932041168,2.241173268362806e-06,OFFLOADED,1.0,No,1.0,1.0,1.0
346,0.850169837474823,0.7691395889837251,ACCEPTED,0.0,Yes,0.0,0.0,0.0
347,0.7962958216667175,0.634180386706503,ACCEPTED,1.0,No,1.0,1.0,1.0
348,0.8886776566505432,0.8546307170916657,ACCEPTED,0.0,Yes,0.0,0.0,0.0
349,0.8944487571716309,0.870201624329452,ACCEPTED,0.0,Yes,0.0,0.0,0.0
350,0.7537822723388672,0.5298686356887863,ACCEPTED,0.0,Yes,0.0,0.0,0.0
351,0.2628079652786255,1.367671302696077e-06,OFFLOADED,1.0,No,1.0,1.0,1.0
352,0.2836037576198578,1.2904782595560295e-05,OFFLOADED,1.0,No,1.0,1.0,1.0
353,0.7450177073478699,0.5226753689524293,OFFLOADED,0.0,Yes,0.0,0.0,0.0
354,0.42689114809036255,0.014414438098128366,OFFLOADED,1.0,No,1.0,1.0,1.0
355,0.26597505807876587,1.6582006013728565e-06,OFFLOADED,1.0,No,1.0,1.0,1.0
356,0.3250933885574341,0.0003919778969497291,OFFLOADED,1.0,No,1.0,1.0,1.0
357,0.8497930765151978,0.7951470244387305,ACCEPTED,1.0,No,1.0,1.0,1.0
358,0.2595653235912323,7.734318257268011e-07,OFFLOADED,1.0,No,1.0,1.0,1.0
359,0.6713774800300598,0.34773753077738334,OFFLOADED,0.0,Yes,0.0,0.0,0.0
360,0.8300886750221252,0.7365420911344953,ACCEPTED,1.0,No,1.0,1.0,1.0
361,0.32430675625801086,0.0003575561100849096,OFFLOADED,0.0,Yes,0.0,0.0,0.0
362,0.2827262580394745,1.0713750773051669e-05,OFFLOADED,1.0,No,1.0,1.0,1.0
363,0.2736424207687378,3.967486324976494e-06,OFFLOADED,1.0,No,1.0,1.0,1.0
364,0.6631844639778137,0.3333593848213682,OFFLOADED,0.0,Yes,0.0,0.0,0.0
365,0.2603318989276886,7.812831395670193e-07,OFFLOADED,1.0,No,1.0,1.0,1.0
366,0.680770754814148,0.39171869887202043,ACCEPTED,1.0,No,0.0,1.0,1.0
367,0.26131054759025574,7.854495004954131e-07,OFFLOADED,1.0,No,1.0,1.0,1.0
368,0.2504129111766815,4.357107593016513e-07,OFFLOADED,1.0,No,1.0,1.0,1.0
369,0.2757711410522461,4.728163362879226e-06,OFFLOADED,1.0,No,1.0,1.0,1.0
370,0.0,0.0,OFFLOADED,0.0,Yes,0.0,0.0,0.0
371,0.31013819575309753,0.0001594790438327438,OFFLOADED,1.0,No,0.0,1.0,1.0
372,0.346930593252182,0.0010443367290989922,OFFLOADED,1.0,No,1.0,0.0,0.0
373,0.3599814772605896,0.0016323670920145375,OFFLOADED,1.0,No,1.0,1.0,1.0
374,0.607429563999176,0.20027958712113136,OFFLOADED,1.0,No,1.0,0.0,0.0
375,0.855710506439209,0.7937073088537165,OFFLOADED,1.0,No,1.0,1.0,1.0
376,0.8816090822219849,0.8463635607534511,OFFLOADED,1.0,No,1.0,1.0,1.0
377,0.2813456356525421,6.421845780561929e-06,OFFLOADED,1.0,No,0.0,0.0,1.0
378,0.3949686884880066,0.005079152985836288,OFFLOADED,1.0,No,0.0,1.0,1.0
379,0.919604480266571,0.8958888421887342,OFFLOADED,1.0,No,1.0,1.0,1.0
380,0.8097348809242249,0.650399849791544,OFFLOADED,1.0,No,1.0,1.0,1.0
381,0.34313368797302246,0.0007027495593215277,OFFLOADED,1.0,No,1.0,1.0,1.0
382,0.28161799907684326,5.407842678317506e-06,OFFLOADED,1.0,No,1.0,0.0,0.0
383,0.5217651128768921,0.068431204285772,OFFLOADED,1.0,No,1.0,1.0,1.0
384,0.3758898675441742,0.0023158754768458846,OFFLOADED,1.0,No,1.0,0.0,0.0
385,0.7525866627693176,0.514485730227181,ACCEPTED,1.0,No,0.0,1.0,1.0
386,0.2865458130836487,8.110701327685895e-06,OFFLOADED,1.0,No,1.0,0.0,0.0
387,0.3518542945384979,0.0007973937120861461,OFFLOADED,1.0,No,0.0,1.0,0.0
388,0.30634862184524536,6.318084475867416e-05,OFFLOADED,1.0,No,1.0,1.0,1.0
389,0.3176228702068329,0.00014632299207990727,OFFLOADED,1.0,No,1.0,1.0,1.0
390,0.2912210524082184,1.1867866063123281e-05,OFFLOADED,1.0,No,1.0,1.0,1.0
391,0.2786654829978943,2.413559925422472e-06,OFFLOADED,1.0,No,1.0,0.0,0.0
392,0.35576164722442627,0.0008780338902194926,OFFLOADED,1.0,No,1.0,0.0,0.0
393,0.0,0.0,OFFLOADED,0.0,Yes,0.0,0.0,0.0
394,0.4701530635356903,0.029803117466607378,OFFLOADED,1.0,No,1.0,1.0,1.0
395,0.26392486691474915,3.019841324698909e-07,OFFLOADED,1.0,No,1.0,1.0,1.0
396,0.8652626276016235,0.7810551410128846,OFFLOADED,1.0,No,1.0,1.0,1.0
397,0.2873188257217407,5.689544278166401e-06,OFFLOADED,1.0,No,1.0,0.0,0.0
398,0.4445309340953827,0.016562458981173454,OFFLOADED,1.0,No,1.0,1.0,1.0
399,0.6770501732826233,0.32591545904787955,OFFLOADED,1.0,No,0.0,0.0,1.0
400,0.43406441807746887,0.011464890115036153,OFFLOADED,1.0,No,1.0,1.0,1.0
401,0.26851606369018555,4.2834873863552927e-07,OFFLOADED,1.0,No,1.0,1.0,1.0
402,0.2507111430168152,9.080666741276721e-08,OFFLOADED,1.0,No,1.0,1.0,1.0
403,0.41159653663635254,0.005488138437307853,OFFLOADED,1.0,No,1.0,1.0,1.0
404,0.26370880007743835,1.9214506686206726e-07,OFFLOADED,1.0,No,1.0,1.0,1.0
405,0.0,0.0,OFFLOADED,0.0,Yes,0.0,0.0,0.0
406,0.5769461989402771,0.11507369387616342,OFFLOADED,1.0,No,1.0,1.0,1.0
407,0.5092436671257019,0.04533244093574883,OFFLOADED,1.0,No,0.0,1.0,0.0
408,0.27414029836654663,7.721474015098253e-07,OFFLOADED,1.0,No,1.0,0.0,0.0
409,0.7452694773674011,0.46122048936287907,OFFLOADED,1.0,No,1.0,1.0,1.0
410,0.3487325608730316,0.00040061600067412787,OFFLOADED,1.0,No,1.0,1.0,1.0
411,0.2729657292366028,5.612396733450376e-07,OFFLOADED,1.0,No,1.0,0.0,0.0
412,0.9377687573432922,0.9010964828191472,ACCEPTED,0.0,Yes,0.0,0.0,0.0
413,0.5320272445678711,0.05762687473168685,OFFLOADED,1.0,No,1.0,1.0,0.0
414,0.9022853970527649,0.8467001963978348,ACCEPTED,0.0,Yes,0.0,0.0,0.0
415,0.25576892495155334,5.98798098698845e-08,OFFLOADED,1.0,No,1.0,1.0,1.0
416,0.73708575963974,0.43330925690968125,OFFLOADED,1.0,No,1.0,1.0,1.0
417,0.8203508257865906,0.6196277997261318,ACCEPTED,1.0,No,1.0,1.0,0.0
418,0.29715147614479065,1.1995369246083509e-05,OFFLOADED,1.0,No,1.0,1.0,1.0
419,0.3583109974861145,0.000531091469826258,OFFLOADED,1.0,No,0.0,1.0,1.0
420,0.2583357095718384,5.7869358720444034e-08,OFFLOADED,0.0,Yes,0.0,0.0,0.0
421,0.4480687081813812,0.012129725507640089,OFFLOADED,1.0,No,1.0,1.0,1.0
422,0.26425430178642273,1.0921978813028885e-07,OFFLOADED,1.0,No,0.0,1.0,1.0
423,0.2570717930793762,4.911567760119933e-08,OFFLOADED,1.0,No,1.0,1.0,1.0
424,0.777518630027771,0.499443064403221,OFFLOADED,1.0,No,1.0,1.0,1.0
425,0.46376779675483704,0.01614155147102095,OFFLOADED,1.0,No,1.0,1.0,1.0
426,0.4846183657646179,0.023305585166432306,OFFLOADED,1.0,No,1.0,1.0,1.0
427,0.2932629883289337,5.431393549009612e-06,OFFLOADED,1.0,No,1.0,1.0,1.0
428,0.88194739818573,0.7952871538426511,ACCEPTED,1.0,No,1.0,1.0,1.0
429,0.8364453315734863,0.6407866395662956,OFFLOADED,1.0,No,1.0,0.0,0.0
430,0.25981074571609497,4.6504687723248235e-08,OFFLOADED,1.0,No,0.0,1.0,1.0
431,0.0,0.0,OFFLOADED,0.0,Yes,0.0,0.0,0.0
432,0.34266623854637146,0.00020456483564174015,OFFLOADED,0.0,Yes,0.0,0.0,0.0
433,0.7202402353286743,0.34786225534588017,OFFLOADED,0.0,Yes,0.0,0.0,0.0
434,0.253303200006485,3.202858022910354e-08,OFFLOADED,1.0,No,1.0,1.0,1.0
435,0.3830556571483612,0.0012717508267672008,OFFLOADED,1.0,No,0.0,1.0,1.0
436,0.3548675775527954,0.00034267543268125196,OFFLOADED,0.0,Yes,0.0,0.0,0.0
437,0.2757144570350647,5.101233185242236e-07,OFFLOADED,1.0,No,1.0,1.0,1.0
438,0.26552554965019226,9.55399667433604e-08,OFFLOADED,1.0,No,1.0,1.0,1.0
439,0.2978680729866028,9.677920289824772e-06,OFFLOADED,1.0,No,1.0,0.0,0.0
440,0.8356043100357056,0.6319192678099838,ACCEPTED,0.0,Yes,0.0,0.0,0.0
441,0.32801735401153564,0.00011315356808030835,OFFLOADED,1.0,No,1.0,1.0,1.0
442,0.2795168161392212,7.222842174881947e-07,OFFLOADED,1.0,No,1.0,1.0,1.0
443,0.4873742163181305,0.0237460669078824,ACCEPTED,1.0,No,1.0,1.0,1.0
444,0.35812675952911377,0.000395217034462141,OFFLOADED,1.0,No,0.0,0.0,1.0
445,0.4740215241909027,0.017268240297130876,OFFLOADED,1.0,No,1.0,1.0,1.0
446,0.3789508640766144,0.0009207871155387199,OFFLOADED,1.0,No,1.0,1.0,1.0
447,0.7893221974372864,0.5143394424971438,ACCEPTED,1.0,No,1.0,1.0,1.0
448,0.7739502191543579,0.4668112877777208,ACCEPTED,0.0,Yes,0.0,0.0,0.0
449,0.25480929017066956,1.9107099102648567e-08,OFFLOADED,1.0,No,1.0,1.0,0.0
450,0.2832670509815216,9.172379578808765e-07,OFFLOADED,1.0,No,1.0,0.0,0.0
451,0.36821943521499634,0.0005466530342558086,OFFLOADED,1.0,No,1.0,1.0,1.0
452,0.6927651166915894,0.31186301304948105,OFFLOADED,1.0,No,1.0,1.0,0.0
453,0.8679829239845276,0.7448310087128106,ACCEPTED,0.0,Yes,0.0,0.0,0.0
454,0.3215736746788025,5.262989348748949e-05,OFFLOADED,1.0,No,1.0,1.0,1.0
455,0.8559520840644836,0.7166824749679861,ACCEPTED,1.0,No,1.0,1.0,1.0
456,0.3016476035118103,9.068705872644974e-06,OFFLOADED,1.0,No,0.0,0.0,1.0
457,0.7991847395896912,0.5282019767371875,OFFLOADED,0.0,Yes,0.0,0.0,0.0
458,0.2679119408130646,7.10212984900755e-08,OFFLOADED,1.0,No,1.0,1.0,1.0
459,0.3236478865146637,5.602863217336473e-05,OFFLOADED,1.0,No,1.0,1.0,0.0
460,0.793505847454071,0.5281421898841508,ACCEPTED,0.0,Yes,0.0,0.0,0.0
461,0.5219837427139282,0.040014467892039204,OFFLOADED,1.0,No,1.0,0.0,0.0
462,0.29545673727989197,3.911951393521306e-06,OFFLOADED,0.0,Yes,0.0,0.0,0.0
463,0.903162956237793,0.8440021492354176,ACCEPTED,0.0,Yes,0.0,0.0,0.0
464,0.28706371784210205,1.1977637544944447e-06,OFFLOADED,1.0,No,1.0,0.0,0.0
465,0.6262016892433167,0.1725348338290871,OFFLOADED,1.0,No,1.0,1.0,1.0
466,0.8777111172676086,0.7930309135234438,ACCEPTED,0.0,Yes,0.0,0.0,0.0
467,0.30916932225227356,1.7358732228941016e-05,OFFLOADED,1.0,No,1.0,0.0,0.0
468,0.9018691778182983,0.8545708542601195,OFFLOADED,0.0,Yes,0.0,0.0,0.0
469,0.9020572900772095,0.8620092185538277,ACCEPTED,1.0,No,1.0,1.0,1.0
470,0.8142415285110474,0.6019608506572204,OFFLOADED,0.0,Yes,0.0,0.0,0.0
471,0.30641382932662964,1.2617656586037032e-05,OFFLOADED,1.0,No,1.0,1.0,1.0
472,0.8785901069641113,0.8114307538351688,ACCEPTED,1.0,No,1.0,1.0,1.0
473,0.2876693904399872,1.0757447121060116e-06,OFFLOADED,1.0,No,1.0,1.0,1.0
474,0.32356297969818115,4.8654293476230885e-05,OFFLOADED,1.0,No,1.0,1.0,1.0
475,0.3007134199142456,6.078519064529627e-06,OFFLOADED,1.0,No,1.0,1.0,0.0
476,0.48035430908203125,0.01747919079048528,OFFLOADED,1.0,No,1.0,0.0,0.0
477,0.46402984857559204,0.01164837160765327,OFFLOADED,1.0,No,1.0,1.0,0.0
478,0.7893045544624329,0.5423421470523377,OFFLOADED,1.0,No,1.0,1.0,0.0
479,0.7592819929122925,0.460149668017327,ACCEPTED,0.0,Yes,0.0,0.0,0.0
480,0.29560866951942444,2.8493605490885426e-06,OFFLOADED,0.0,Yes,0.0,0.0,0.0
481,0.25420716404914856,8.309426373425194e-09,OFFLOADED,1.0,No,1.0,1.0,1.0
482,0.2509716749191284,7.41815551222561e-09,OFFLOADED,1.0,No,1.0,1.0,1.0
483,0.33321598172187805,8.221592525010885e-05,OFFLOADED,1.0,No,1.0,1.0,1.0
484,0.3647402226924896,0.0003556389382445311,OFFLOADED,1.0,No,0.0,1.0,1.0
485,0.28642064332962036,6.380567199731977e-07,OFFLOADED,1.0,No,1.0,0.0,0.0
486,0.259234219789505,9.335509645879205e-09,OFFLOADED,1.0,No,1.0,1.0,1.0
487,0.2737811207771301,9.827775486561134e-08,OFFLOADED,0.0,Yes,0.0,0.0,0.0
488,0.3402165472507477,0.00010722615178364073,OFFLOADED,1.0,No,0.0,1.0,1.0
489,0.926080048084259,0.8898450785266996,ACCEPTED,0.0,Yes,0.0,0.0,0.0
490,0.25422611832618713,5.913689850224736e-09,OFFLOADED,1.0,No,0.0,1.0,1.0
491,0.29660770297050476,2.830318626500505e-06,OFFLOADED,1.0,No,1.0,1.0,1.0
492,0.8321774005889893,0.6627429304823607,OFFLOADED,1.0,No,1.0,1.0,1.0
493,0.6889448761940002,0.3046800386277007,ACCEPTED,1.0,No,1.0,1.0,1.0
494,0.7339577078819275,0.3972009245138392,ACCEPTED,0.0,Yes,0.0,0.0,0.0
495,0.27450454235076904,1.0130712459885318e-07,OFFLOADED,1.0,No,1.0,1.0,1.0
496,0.285756379365921,4.807314876458486e-07,OFFLOADED,1.0,No,1.0,1.0,1.0
497,0.42791563272476196,0.004038125849871368,OFFLOADED,1.0,No,1.0,1.0,1.0
498,0.2505023777484894,4.0453856514216485e-09,OFFLOADED,1.0,No,0.0,1.0,0.0
499,0.8690409660339355,0.7725582935937241,OFFLOADED,0.0,Yes,0.0,0.0,0.0
500,0.8706175088882446,0.7873853783634234,ACCEPTED,0.0,Yes,0.0,0.0,0.0
501,0.2880452871322632,6.259278560545502e-07,OFFLOADED,1.0,No,0.0,1.0,0.0
502,0.33246830105781555,6.220644265443757e-05,OFFLOADED,1.0,No,1.0,1.0,1.0
503,0.25224030017852783,3.5447306293704603e-09,OFFLOADED,1.0,No,1.0,1.0,1.0
504,0.2927438020706177,1.3351243131864734e-06,OFFLOADED,1.0,No,0.0,1.0,1.0
505,0.0,0.0,OFFLOADED,0.0,Yes,0.0,0.0,0.0
506,0.2505017817020416,3.0982542029238695e-09,OFFLOADED,1.0,No,1.0,1.0,1.0
507,0.25882861018180847,4.867439485231681e-09,OFFLOADED,1.0,No,1.0,1.0,1.0
508,0.31387877464294434,1.5135879338124422e-05,OFFLOADED,1.0,No,1.0,0.0,0.0
509,0.2731423079967499,5.467253862204815e-08,OFFLOADED,1.0,No,1.0,1.0,0.0
510,0.4612109363079071,0.010167409819796256,OFFLOADED,1.0,No,1.0,1.0,1.0
511,0.32749924063682556,3.817056605031215e-05,OFFLOADED,1.0,No,1.0,1.0,1.0
512,0.267062783241272,1.485086859598333e-08,OFFLOADED,1.0,No,1.0,1.0,1.0
513,0.571293294429779,0.08050003369453157,OFFLOADED,1.0,No,1.0,1.0,1.0
514,0.25363248586654663,2.0569017394076672e-09,OFFLOADED,0.0,Yes,0.0,0.0,0.0
515,0.2646191716194153,8.468275100187631e-09,OFFLOADED,1.0,No,1.0,1.0,1.0
516,0.0,0.0,OFFLOADED,0.0,Yes,0.0,0.0,0.0
517,0.4290756285190582,0.0036399273830995983,OFFLOADED,1.0,No,1.0,1.0,1.0
518,0.4129161536693573,0.001991155394252181,OFFLOADED,1.0,No,1.0,1.0,1.0
519,0.25549593567848206,1.990205109462096e-09,OFFLOADED,1.0,No,1.0,1.0,1.0
520,0.6131152510643005,0.13782955757153068,OFFLOADED,1.0,No,1.0,1.0,1.0
521,0.2687467932701111,1.5526419206983427e-08,OFFLOADED,1.0,No,1.0,1.0,1.0
522,0.2513136863708496,1.479643298053575e-09,OFFLOADED,1.0,No,1.0,1.0,1.0
523,0.2790009677410126,8.81399024924484e-08,OFFLOADED,0.0,Yes,0.0,0.0,0.0
524,0.44063740968704224,0.004742258502895007,OFFLOADED,1.0,No,1.0,1.0,1.0
525,0.42303431034088135,0.0023951224895028037,OFFLOADED,0.0,Yes,0.0,0.0,0.0
526,0.6650708913803101,0.2449546556570219,OFFLOADED,1.0,No,1.0,0.0,0.0
527,0.9077253937721252,0.8706916118355599,ACCEPTED,1.0,No,1.0,1.0,1.0
528,0.9057156443595886,0.861224726771358,ACCEPTED,0.0,Yes,0.0,0.0,0.0
529,0.27636203169822693,6.038843926426905e-08,OFFLOADED,1.0,No,1.0,1.0,1.0
530,0.2721550762653351,2.783037885641665e-08,OFFLOADED,1.0,No,1.0,1.0,1.0
531,0.9119128584861755,0.8764963418381599,ACCEPTED,0.0,Yes,0.0,0.0,0.0
532,0.25713083148002625,1.7264392908991174e-09,OFFLOADED,1.0,No,1.0,1.0,1.0
533,0.3655192255973816,0.0002323138436418236,OFFLOADED,1.0,No,0.0,1.0,1.0
534,0.2785552442073822,7.467256287905917e-08,OFFLOADED,1.0,No,1.0,0.0,0.0
535,0.3020593822002411,2.6355091485469632e-06,OFFLOADED,1.0,No,1.0,1.0,1.0
536,0.2804718613624573,8.912680815593327e-08,OFFLOADED,1.0,No,0.0,1.0,1.0
537,0.28917843103408813,3.63598300039817e-07,OFFLOADED,1.0,No,1.0,1.0,1.0
538,0.2590849697589874,1.5795293512136334e-09,OFFLOADED,1.0,No,1.0,1.0,0.0
539,0.3265281319618225,2.411032129514922e-05,OFFLOADED,1.0,No,1.0,1.0,1.0
540,0.7209570407867432,0.37433700733181036,OFFLOADED,1.0,No,1.0,1.0,1.0
541,0.2562674283981323,9.404347674114977e-10,OFFLOADED,1.0,No,1.0,1.0,0.0
542,0.2534780204296112,7.551893276126783e-10,OFFLOADED,1.0,No,1.0,1.0,1.0
543,0.5695790648460388,0.06530592631455186,OFFLOADED,1.0,No,0.0,1.0,1.0
544,0.534995436668396,0.0351902504045203,OFFLOADED,1.0,No,1.0,1.0,1.0
545,0.25355154275894165,6.390508108471633e-10,OFFLOADED,1.0,No,1.0,1.0,0.0
546,0.6540236473083496,0.19925731808016608,OFFLOADED,0.0,Yes,0.0,0.0,0.0
547,0.392412006855011,0.0007266336494959632,OFFLOADED,1.0,No,1.0,0.0,1.0
548,0.26326891779899597,2.3952808775935354e-09,OFFLOADED,1.0,No,1.0,1.0,1.0
549,0.3218211829662323,1.3680553177995558e-05,OFFLOADED,1.0,No,1.0,1.0,1.0
550,0.3242718279361725,1.532884446194677e-05,OFFLOADED,1.0,No,1.0,0.0,0.0
551,0.3345257043838501,3.471381622167549e-05,OFFLOADED,1.0,No,1.0,1.0,1.0
552,0.25039881467819214,4.4736898417989577e-10,OFFLOADED,1.0,No,0.0,1.0,0.0
553,0.29100024700164795,3.372281516922844e-07,OFFLOADED,1.0,No,1.0,1.0,1.0
554,0.7582575082778931,0.4614604503419385,OFFLOADED,1.0,No,1.0,1.0,1.0
555,0.2625642418861389,1.4895352401342025e-09,OFFLOADED,1.0,No,1.0,0.0,0.0
556,0.5576575994491577,0.05137710161227545,OFFLOADED,1.0,No,1.0,1.0,0.0
557,0.8434703946113586,0.6909443406305998,OFFLOADED,1.0,No,1.0,1.0,1.0
558,0.29747274518013,8.331115497075343e-07,OFFLOADED,1.0,No,1.0,1.0,1.0
559,0.4309878945350647,0.0025695222340465225,OFFLOADED,1.0,No,1.0,1.0,1.0
560,0.3012247681617737,1.212008991802284e-06,OFFLOADED,1.0,No,1.0,1.0,1.0
561,0.796026885509491,0.5296808539499498,ACCEPTED,1.0,No,1.0,1.0,1.0
562,0.6866154074668884,0.2581735316511093,OFFLOADED,0.0,Yes,0.0,0.0,0.0
563,0.0,0.0,OFFLOADED,0.0,Yes,0.0,0.0,0.0
564,0.3376642167568207,3.520769462191816e-05,OFFLOADED,0.0,Yes,0.0,0.0,0.0
565,0.2642735540866852,1.6912930573714215e-09,OFFLOADED,1.0,No,1.0,1.0,1.0
566,0.2812606990337372,4.5905168260225734e-08,OFFLOADED,1.0,No,0.0,1.0,1.0
567,0.42117032408714294,0.0017339471243694386,OFFLOADED,1.0,No,1.0,0.0,0.0
568,0.4663538932800293,0.007155149782158833,OFFLOADED,1.0,No,1.0,1.0,1.0
569,0.497989296913147,0.015260954499915139,OFFLOADED,1.0,No,1.0,1.0,0.0
570,0.4938468933105469,0.013090550048909563,OFFLOADED,1.0,No,0.0,1.0,1.0
571,0.25125831365585327,2.1698970601174769e-10,OFFLOADED,1.0,No,1.0,1.0,1.0
572,0.25657299160957336,2.732625824345965e-10,OFFLOADED,1.0,No,1.0,1.0,1.0
573,0.2666877806186676,2.109260789777653e-09,OFFLOADED,1.0,No,1.0,1.0,1.0
574,0.9316529631614685,0.9027344198166436,ACCEPTED,1.0,No,1.0,1.0,1.0
575,0.9002656936645508,0.8456828558729429,ACCEPTED,0.0,Yes,0.0,0.0,0.0
576,0.29323458671569824,3.140849339919054e-07,OFFLOADED,1.0,No,1.0,1.0,1.0
577,0.2751379907131195,1.2176134807603073e-08,OFFLOADED,1.0,No,1.0,1.0,1.0
578,0.8760640025138855,0.7942112521305794,ACCEPTED,0.0,Yes,0.0,0.0,0.0
579,0.26085636019706726,4.81223206790758e-10,OFFLOADED,1.0,No,1.0,1.0,1.0
580,0.8544685244560242,0.7248255993521671,ACCEPTED,0.0,Yes,0.0,0.0,0.0
581,0.8908379077911377,0.846845054371076,OFFLOADED,1.0,No,1.0,1.0,0.0
582,0.9190258383750916,0.8868634773083796,ACCEPTED,0.0,Yes,0.0,0.0,0.0
583,0.27819767594337463,1.9852086586069705e-08,OFFLOADED,1.0,No,1.0,1.0,1.0
584,0.31154075264930725,3.550648236051261e-06,OFFLOADED,1.0,No,0.0,1.0,1.0
585,0.2861172556877136,7.044670390073526e-08,OFFLOADED,1.0,No,1.0,1.0,1.0
586,0.46630507707595825,0.006178249140009785,OFFLOADED,1.0,No,1.0,1.0,1.0
587,0.857641875743866,0.7456989839661694,ACCEPTED,1.0,No,1.0,1.0,1.0
588,0.7330273985862732,0.3781458387318134,OFFLOADED,1.0,No,1.0,1.0,0.0
589,0.5044273138046265,0.015158750503682854,OFFLOADED,0.0,Yes,0.0,0.0,0.0
590,0.27646127343177795,1.1707102245428451e-08,OFFLOADED,1.0,No,1.0,1.0,1.0
591,0.35776081681251526,7.888924570174597e-05,OFFLOADED,1.0,No,1.0,1.0,0.0
592,0.2803376019001007,2.0797282940135465e-08,OFFLOADED,1.0,No,1.0,0.0,1.0
593,0.6414749026298523,0.16635994943431856,OFFLOADED,0.0,Yes,0.0,0.0,0.0
594,0.7366346120834351,0.37959339442023843,OFFLOADED,1.0,No,1.0,1.0,1.0
595,0.27194714546203613,4.2576725164512474e-09,OFFLOADED,1.0,No,1.0,1.0,1.0
596,0.7869675755500793,0.48660279714575166,ACCEPTED,0.0,Yes,0.0,0.0,0.0
597,0.26766297221183777,1.5205771659799005e-09,OFFLOADED,1.0,No,0.0,1.0,1.0
598,0.3518040180206299,5.684532138913238e-05,OFFLOADED,1.0,No,1.0,1.0,1.0
599,0.8008823990821838,0.5402668186095378,ACCEPTED,0.0,Yes,0.0,0.0,0.0
600,0.3461461365222931,4.1554044247317706e-05,OFFLOADED,1.0,No,1.0,0.0,0.0
601,0.25129634141921997,8.90668682029902e-11,OFFLOADED,1.0,No,1.0,1.0,1.0
602,0.9216012358665466,0.894782128379142,ACCEPTED,0.0,Yes,0.0,0.0,0.0
603,0.6757041811943054,0.2519927121233927,OFFLOADED,1.0,No,1.0,0.0,0.0
604,0.25728586316108704,1.2467001360902827e-10,OFFLOADED,1.0,No,0.0,1.0,1.0
605,0.893020510673523,0.8500534029828632,ACCEPTED,0.0,Yes,0.0,0.0,0.0
606,0.3464200794696808,3.855039967558651e-05,OFFLOADED,0.0,Yes,0.0,0.0,0.0
607,0.36516451835632324,0.0001171404151788166,OFFLOADED,1.0,No,1.0,1.0,1.0
608,0.29409709572792053,2.7210052765781925e-07,OFFLOADED,1.0,No,0.0,1.0,0.0
609,0.2600235641002655,1.8801875611632904e-10,OFFLOADED,1.0,No,1.0,1.0,1.0
610,0.26649901270866394,8.658615884265408e-10,OFFLOADED,1.0,No,1.0,1.0,1.0
611,0.6372619867324829,0.16351791793942738,ACCEPTED,1.0,No,1.0,0.0,0.0
612,0.40169399976730347,0.0006489560261224151,OFFLOADED,1.0,No,1.0,1.0,1.0
613,0.8642212748527527,0.7724798230580809,OFFLOADED,0.0,Yes,0.0,0.0,0.0
614,0.2650921642780304,5.221084141497482e-10,OFFLOADED,1.0,No,1.0,1.0,1.0
615,0.254954993724823,6.303871058955137e-11,OFFLOADED,1.0,No,1.0,1.0,1.0
616,0.2941471040248871,2.3591641594854778e-07,OFFLOADED,1.0,No,1.0,1.0,1.0
617,0.8545702695846558,0.7451694845090541,ACCEPTED,0.0,Yes,0.0,0.0,0.0
618,0.31149187684059143,2.513951778346085e-06,OFFLOADED,1.0,No,1.0,1.0,1.0
619,0.832427442073822,0.6682786932387268,OFFLOADED,0.0,Yes,0.0,0.0,0.0
620,0.2590719759464264,1.0564953571548373e-10,OFFLOADED,1.0,No,1.0,1.0,1.0
621,0.56855708360672,0.0559887506209788,OFFLOADED,1.0,No,1.0,1.0,0.0
622,0.9012313485145569,0.8877588190660651,ACCEPTED,1.0,No,1.0,1.0,1.0
623,0.4336491525173187,0.0020497773321360396,OFFLOADED,1.0,No,0.0,1.0,1.0
624,0.848420262336731,0.7359496111509216,OFFLOADED,0.0,Yes,0.0,0.0,0.0
625,0.26993605494499207,1.5499190343881249e-09,OFFLOADED,1.0,No,1.0,1.0,1.0
626,0.6455477476119995,0.18073838215613436,ACCEPTED,1.0,No,1.0,1.0,1.0
627,0.2922425866127014,1.2964910194782684e-07,OFFLOADED,1.0,No,0.0,1.0,0.0
628,0.5952117443084717,0.08145779717280807,OFFLOADED,1.0,No,0.0,1.0,0.0
629,0.8866399526596069,0.8581001495813398,ACCEPTED,0.0,Yes,0.0,0.0,0.0
630,0.2575828731060028,5.518476355349835e-11,OFFLOADED,1.0,No,1.0,1.0,0.0
631,0.27102169394493103,1.6689145709645725e-09,OFFLOADED,1.0,No,0.0,1.0,1.0
632,0.3649166524410248,8.384361489007876e-05,OFFLOADED,1.0,No,1.0,1.0,1.0
633,0.3226419985294342,5.1000706787059615e-06,OFFLOADED,1.0,No,1.0,1.0,1.0
634,0.26951608061790466,9.466183046430885e-10,OFFLOADED,1.0,No,1.0,1.0,1.0
635,0.3165516257286072,2.963095468728016e-06,OFFLOADED,1.0,No,1.0,1.0,0.0
636,0.2588304281234741,4.96541389919395e-11,OFFLOADED,1.0,No,0.0,1.0,0.0
637,0.2591192126274109,4.965554158255805e-11,OFFLOADED,1.0,No,1.0,1.0,1.0
638,0.27111443877220154,1.2950343771912014e-09,OFFLOADED,1.0,No,1.0,1.0,1.0
639,0.8044084906578064,0.5911363966943449,ACCEPTED,0.0,Yes,0.0,0.0,0.0
640,0.2667790949344635,3.6110605238693237e-10,OFFLOADED,1.0,No,1.0,1.0,1.0
641,0.2782958745956421,6.1370064259965555e-09,OFFLOADED,1.0,No,1.0,1.0,1.0
642,0.8222435116767883,0.6591186735777241,OFFLOADED,0.0,Yes,0.0,0.0,0.0
643,0.0,0.0,OFFLOADED,0.0,Yes,0.0,0.0,0.0
644,0.27485716342926025,2.9907646158003797e-09,OFFLOADED,1.0,No,1.0,0.0,0.0
645,0.31182968616485596,1.79525189419102e-06,OFFLOADED,1.0,No,1.0,1.0,1.0
646,0.7861961722373962,0.5561564147051906,ACCEPTED,1.0,No,1.0,1.0,0.0
647,0.3060813546180725,8.226324079665516e-07,OFFLOADED,1.0,No,1.0,0.0,1.0
648,0.3216680884361267,4.2406734582284016e-06,OFFLOADED,1.0,No,1.0,1.0,1.0
649,0.5807502865791321,0.06208765293570183,OFFLOADED,0.0,Yes,0.0,0.0,0.0
650,0.2709779441356659,9.31529715683349e-10,OFFLOADED,1.0,No,1.0,1.0,1.0
651,0.2559662163257599,1.7539843310924967e-11,OFFLOADED,1.0,No,1.0,1.0,1.0
652,0.2815325856208801,9.42910221848687e-09,OFFLOADED,1.0,No,1.0,1.0,1.0
653,0.44700735807418823,0.0031218118831937377,OFFLOADED,1.0,No,1.0,0.0,0.0
654,0.29702505469322205,2.0128375010227868e-07,OFFLOADED,1.0,No,1.0,1.0,1.0
655,0.2778153419494629,3.7239457608701517e-09,OFFLOADED,1.0,No,1.0,1.0,1.0
656,0.5310156345367432,0.025858669065373156,OFFLOADED,1.0,No,1.0,1.0,0.0
657,0.5939782857894897,0.07953063923961032,OFFLOADED,1.0,No,0.0,1.0,1.0
658,0.2865058481693268,1.9554783785877634e-08,OFFLOADED,1.0,No,1.0,1.0,1.0
659,0.5347354412078857,0.025156679171887797,OFFLOADED,1.0,No,1.0,1.0,1.0
660,0.2702670693397522,4.5704157546037703e-10,OFFLOADED,1.0,No,1.0,0.0,0.0
661,0.6934175491333008,0.2828560394642327,ACCEPTED,0.0,Yes,0.0,0.0,0.0
662,0.26214826107025146,4.3784054021590613e-11,OFFLOADED,1.0,No,0.0,0.0,1.0
663,0.2504747211933136,7.670723654890481e-12,OFFLOADED,1.0,No,1.0,1.0,1.0
664,0.31961697340011597,2.9619818101791107e-06,OFFLOADED,1.0,No,1.0,1.0,1.0
665,0.3985326290130615,0.0004070905865613625,OFFLOADED,1.0,No,1.0,1.0,1.0
666,0.7048923969268799,0.322750507805123,OFFLOADED,1.0,No,1.0,1.0,1.0
667,0.26190027594566345,3.265129629397603e-11,OFFLOADED,1.0,No,1.0,1.0,1.0
668,0.0,0.0,OFFLOADED,0.0,Yes,0.0,0.0,0.0
669,0.4831598699092865,0.007383184291640148,OFFLOADED,1.0,No,1.0,1.0,1.0
670,0.764197826385498,0.47727394972314247,OFFLOADED,0.0,Yes,0.0,0.0,0.0
671,0.2885321378707886,2.3612482480292746e-08,OFFLOADED,1.0,No,1.0,1.0,0.0
672,0.6876177787780762,0.27703019920070965,OFFLOADED,0.0,Yes,0.0,0.0,0.0
673,0.8009132146835327,0.6086049736094259,ACCEPTED,0.0,Yes,0.0,0.0,0.0
674,0.604599118232727,0.0973704632375855,OFFLOADED,0.0,Yes,0.0,0.0,0.0
675,0.9636173248291016,0.9674747550961694,ACCEPTED,0.0,Yes,0.0,0.0,0.0
676,0.9200087785720825,0.9259952952499065,OFFLOADED,0.0,Yes,0.0,0.0,0.0
677,0.3506251871585846,2.9600934912922515e-05,OFFLOADED,1.0,No,1.0,0.0,0.0
678,0.5104137063026428,0.016495814949802432,OFFLOADED,0.0,Yes,0.0,0.0,0.0
679,0.31145817041397095,1.1830837081130718e-06,OFFLOADED,1.0,No,1.0,1.0,0.0
680,0.25266650319099426,5.909936572731781e-12,OFFLOADED,1.0,No,1.0,1.0,1.0
681,0.8498489856719971,0.7880901991974301,ACCEPTED,0.0,Yes,0.0,0.0,0.0
682,0.315180242061615,1.7649280508314424e-06,OFFLOADED,1.0,No,1.0,0.0,0.0
683,0.824021577835083,0.7067482579006763,ACCEPTED,1.0,No,1.0,1.0,1.0
684,0.6493513584136963,0.2014631272459819,OFFLOADED,0.0,Yes,0.0,0.0,0.0
685,0.285132497549057,1.172163209997711e-08,OFFLOADED,1.0,No,1.0,0.0,0.0
686,0.2679600417613983,1.702861632573894e-10,OFFLOADED,1.0,No,1.0,1.0,1.0
687,0.2610834240913391,2.0749803493125534e-11,OFFLOADED,1.0,No,1.0,0.0,1.0
688,0.2914811074733734,4.731603548440937e-08,OFFLOADED,1.0,No,1.0,0.0,0.0
689,0.2939188778400421,7.743546381966383e-08,OFFLOADED,1.0,No,1.0,0.0,0.0
690,0.35269856452941895,3.487632617061626e-05,OFFLOADED,1.0,No,0.0,1.0,1.0
691,0.32993122935295105,7.576900530449042e-06,OFFLOADED,1.0,No,1.0,1.0,1.0
692,0.3046737015247345,4.022099871434816e-07,OFFLOADED,1.0,No,1.0,1.0,1.0
693,0.42726603150367737,0.0014047874155302341,OFFLOADED,0.0,Yes,0.0,0.0,0.0
694,0.37475356459617615,0.00014703504117115273,OFFLOADED,1.0,No,1.0,1.0,1.0
695,0.2713589072227478,3.442790044976135e-10,OFFLOADED,1.0,No,1.0,0.0,0.0
696,0.30776843428611755,5.847981166215031e-07,OFFLOADED,1.0,No,1.0,1.0,1.0
697,0.3225288689136505,3.097905998103129e-06,OFFLOADED,1.0,No,1.0,1.0,1.0
698,0.4152396023273468,0.0009250998103419662,OFFLOADED,1.0,No,1.0,1.0,0.0
699,0.44811615347862244,0.0031386011372365728,OFFLOADED,1.0,No,1.0,1.0,1.0
700,0.7260187268257141,0.40683489002777695,OFFLOADED,0.0,Yes,0.0,0.0,0.0
701,0.30692431330680847,4.2339398380816835e-07,OFFLOADED,1.0,No,1.0,0.0,0.0
702,0.30361613631248474,2.5161964472898933e-07,OFFLOADED,1.0,No,1.0,1.0,1.0
703,0.38197076320648193,0.0001928284274771235,OFFLOADED,1.0,No,1.0,1.0,0.0
704,0.6789035201072693,0.2943016040874658,ACCEPTED,1.0,No,1.0,1.0,1.0
705,0.5143646001815796,0.019346517454964608,OFFLOADED,1.0,No,1.0,1.0,1.0
706,0.2597372829914093,5.75424668739303e-12,OFFLOADED,1.0,No,1.0,1.0,1.0
707,0.3013805150985718,1.433506791992044e-07,OFFLOADED,1.0,No,1.0,1.0,1.0
708,0.4760574996471405,0.006696727954522545,OFFLOADED,1.0,No,1.0,1.0,1.0
709,0.3532625436782837,2.4862694847666357e-05,OFFLOADED,1.0,No,0.0,1.0,1.0
710,0.2986815869808197,7.957652959485285e-08,OFFLOADED,1.0,No,1.0,0.0,0.0
711,0.720479428768158,0.3938885775007994,ACCEPTED,1.0,No,1.0,1.0,1.0
712,0.25041335821151733,1.404379897407574e-12,OFFLOADED,1.0,No,1.0,1.0,1.0
713,0.7910350561141968,0.5892834513292186,ACCEPTED,1.0,No,1.0,1.0,1.0
714,0.3148922622203827,8.414783795630207e-07,OFFLOADED,1.0,No,1.0,1.0,1.0
715,0.2857701778411865,4.0534322660918794e-09,OFFLOADED,1.0,No,1.0,1.0,1.0
716,0.25165194272994995,1.1664792955174334e-12,OFFLOADED,1.0,No,1.0,1.0,1.0
717,0.3202635943889618,1.4830881413681014e-06,OFFLOADED,1.0,No,1.0,1.0,1.0
718,0.2525225579738617,1.059585500142838e-12,OFFLOADED,1.0,No,1.0,1.0,1.0
719,0.5617287158966064,0.04626934461458626,OFFLOADED,1.0,No,1.0,1.0,1.0
720,0.36058756709098816,3.416079580860234e-05,OFFLOADED,1.0,No,1.0,0.0,0.0
721,0.25103241205215454,8.659585732386932e-13,OFFLOADED,1.0,No,1.0,1.0,1.0
722,0.3237245976924896,1.7874555159640829e-06,OFFLOADED,1.0,No,1.0,1.0,1.0
723,0.29670530557632446,3.736777160146737e-08,OFFLOADED,1.0,No,1.0,1.0,1.0
724,0.385515034198761,0.00016698014580552765,OFFLOADED,1.0,No,1.0,1.0,1.0
725,0.2860214114189148,2.83675873772298e-09,OFFLOADED,1.0,No,1.0,1.0,1.0
726,0.2784004509449005,5.163953572880263e-10,OFFLOADED,1.0,No,0.0,1.0,0.0
727,0.25040850043296814,6.0692609785048e-13,OFFLOADED,1.0,No,0.0,1.0,1.0
728,0.4803813695907593,0.0064225557702589494,OFFLOADED,0.0,Yes,0.0,0.0,0.0
729,0.26931750774383545,4.810702817551724e-11,OFFLOADED,0.0,Yes,0.0,0.0,0.0
730,0.2717161476612091,1.0233218869376549e-10,OFFLOADED,1.0,No,1.0,1.0,1.0
731,0.9099876880645752,0.9159855776654733,ACCEPTED,0.0,Yes,0.0,0.0,0.0
732,0.26254168152809143,5.565952015186555e-12,OFFLOADED,1.0,No,1.0,0.0,0.0
733,0.48623839020729065,0.008098806394196401,OFFLOADED,1.0,No,1.0,0.0,0.0
734,0.25145968794822693,5.489810525738456e-13,OFFLOADED,1.0,No,1.0,1.0,1.0
735,0.41734686493873596,0.0006898832775229239,OFFLOADED,0.0,Yes,0.0,0.0,0.0
736,0.3682195842266083,5.6723304044963555e-05,OFFLOADED,0.0,Yes,0.0,0.0,0.0
737,0.4150683581829071,0.0006669048452414112,OFFLOADED,1.0,No,0.0,0.0,1.0
738,0.5791475176811218,0.06208047125487238,OFFLOADED,1.0,No,1.0,1.0,1.0
739,0.7965075373649597,0.5946394716138406,ACCEPTED,1.0,No,1.0,1.0,1.0
740,0.2502973675727844,5.012337481120384e-13,OFFLOADED,1.0,No,1.0,1.0,1.0
741,0.45265403389930725,0.0025495249174556094,OFFLOADED,1.0,No,1.0,1.0,1.0
742,0.5740941166877747,0.051331837382872274,OFFLOADED,1.0,No,1.0,1.0,1.0
743,0.278683066368103,4.5560785378777234e-10,OFFLOADED,1.0,No,1.0,1.0,1.0
744,0.3287368714809418,2.7502103754432473e-06,OFFLOADED,1.0,No,1.0,0.0,0.0
745,0.4270617365837097,0.00086031170395869,OFFLOADED,1.0,No,0.0,1.0,1.0
746,0.2524426281452179,3.687303249371062e-13,OFFLOADED,1.0,No,1.0,1.0,1.0
747,0.2897992432117462,5.41671789711322e-09,OFFLOADED,1.0,No,1.0,1.0,1.0
748,0.49307557940483093,0.00805820889328966,OFFLOADED,0.0,Yes,0.0,0.0,0.0
749,0.935674786567688,0.9443639698392479,ACCEPTED,0.0,Yes,0.0,0.0,0.0
750,0.2555828094482422,4.592513737397589e-13,OFFLOADED,1.0,No,0.0,1.0,1.0
751,0.258953332901001,1.0581214179389702e-12,OFFLOADED,0.0,Yes,0.0,0.0,0.0
752,0.8425827622413635,0.748786274868279,ACCEPTED,0.0,Yes,0.0,0.0,0.0
753,0.8697522878646851,0.8516131838050344,ACCEPTED,0.0,Yes,0.0,0.0,0.0
754,0.2684383690357208,2.5459300834519196e-11,OFFLOADED,1.0,No,1.0,1.0,1.0
755,0.7751176357269287,0.5285820809603045,OFFLOADED,0.0,Yes,0.0,0.0,0.0
756,0.34977099299430847,1.3415730313213536e-05,OFFLOADED,1.0,No,0.0,1.0,1.0
757,0.2698777914047241,3.715207894822197e-11,OFFLOADED,1.0,No,1.0,1.0,1.0
758,0.8617212176322937,0.838749599173195,ACCEPTED,0.0,Yes,0.0,0.0,0.0
759,0.5225957632064819,0.017838030350066487,OFFLOADED,1.0,No,1.0,1.0,1.0
760,0.5809268951416016,0.05992283146285397,OFFLOADED,1.0,No,1.0,0.0,0.0
761,0.5500727891921997,0.030759354810496277,OFFLOADED,1.0,No,1.0,0.0,0.0
762,0.3716057240962982,5.2524011359262496e-05,OFFLOADED,1.0,No,1.0,1.0,1.0
763,0.907598078250885,0.9299985321149519,ACCEPTED,0.0,Yes,0.0,0.0,0.0
764,0.4804924428462982,0.005238515023289845,OFFLOADED,1.0,No,0.0,0.0,1.0
765,0.2839982807636261,1.032093136478675e-09,OFFLOADED,1.0,No,0.0,1.0,1.0
766,0.2617388069629669,1.75947477607188e-12,OFFLOADED,1.0,No,1.0,1.0,1.0
767,0.31019002199172974,1.9666402392546947e-07,OFFLOADED,1.0,No,1.0,1.0,1.0
768,0.8348905444145203,0.7501700316078862,ACCEPTED,1.0,No,1.0,1.0,1.0
769,0.3490101993083954,9.072318774216959e-06,OFFLOADED,1.0,No,1.0,1.0,1.0
770,0.9079203009605408,0.9310455009157704,ACCEPTED,0.0,Yes,0.0,0.0,0.0
771,0.9106606841087341,0.9371919809247161,OFFLOADED,0.0,Yes,0.0,0.0,0.0
772,0.8259595036506653,0.7088676027478544,ACCEPTED,0.0,Yes,0.0,0.0,0.0
773,0.9359614849090576,0.962346164472274,ACCEPTED,0.0,Yes,0.0,0.0,0.0
774,0.351740300655365,1.0545896062131435e-05,OFFLOADED,0.0,Yes,0.0,0.0,0.0
775,0.9064363837242126,0.9411920100756637,ACCEPTED,0.0,Yes,0.0,0.0,0.0
776,0.8005125522613525,0.6377075273451929,ACCEPTED,0.0,Yes,0.0,0.0,0.0
777,0.8120770454406738,0.6889444522112068,OFFLOADED,0.0,Yes,0.0,0.0,0.0
778,0.9159175753593445,0.9555459617774712,ACCEPTED,0.0,Yes,0.0,0.0,0.0
779,0.25403115153312683,2.287119619759939e-13,OFFLOADED,1.0,No,1.0,1.0,1.0
780,0.34184420108795166,6.7039895393172045e-06,OFFLOADED,1.0,No,0.0,1.0,0.0
781,0.25111889839172363,1.7916062694379151e-13,OFFLOADED,1.0,No,1.0,1.0,1.0
782,0.6257110834121704,0.14136637418318163,OFFLOADED,0.0,Yes,0.0,0.0,0.0
783,0.2891121804714203,3.272667335101733e-09,OFFLOADED,1.0,No,1.0,1.0,1.0
784,0.2803538143634796,3.7540409510951154e-10,OFFLOADED,1.0,No,1.0,1.0,1.0
785,0.7649184465408325,0.552268643981493,ACCEPTED,0.0,Yes,0.0,0.0,0.0
786,0.29542556405067444,1.6289710621102528e-08,OFFLOADED,1.0,No,1.0,1.0,1.0
787,0.3781733512878418,8.07513792328255e-05,OFFLOADED,1.0,No,1.0,1.0,1.0
788,0.4211841821670532,0.0006435331397141393,OFFLOADED,1.0,No,1.0,0.0,0.0
789,0.2753359079360962,9.630579994731857e-11,OFFLOADED,1.0,No,0.0,1.0,1.0
790,0.2920573055744171,6.084332582074738e-09,OFFLOADED,1.0,No,1.0,1.0,1.0
791,0.26212066411972046,1.2582079540162892e-12,OFFLOADED,1.0,No,1.0,0.0,0.0
792,0.26334309577941895,1.873573302096629e-12,OFFLOADED,1.0,No,1.0,1.0,1.0
793,0.2671956717967987,6.764272151455695e-12,OFFLOADED,1.0,No,1.0,1.0,1.0
794,0.26034197211265564,5.720702835899172e-13,OFFLOADED,1.0,No,1.0,1.0,1.0
795,0.9072020649909973,0.9535068250567136,ACCEPTED,0.0,Yes,0.0,0.0,0.0
796,0.3178670108318329,5.021113156671746e-07,OFFLOADED,1.0,No,1.0,1.0,1.0
797,0.28630000352859497,1.1102898576391282e-09,OFFLOADED,1.0,No,1.0,1.0,1.0
798,0.5380171537399292,0.024600231532707902,OFFLOADED,1.0,No,1.0,1.0,1.0
799,0.2621365487575531,8.679922515520091e-13,OFFLOADED,1.0,No,1.0,0.0,1.0
800,0.29725733399391174,1.6917686545852498e-08,OFFLOADED,1.0,No,1.0,1.0,1.0
801,0.26821357011795044,7.26170213588196e-12,OFFLOADED,1.0,No,1.0,1.0,1.0
802,0.8483391404151917,0.8385532929545733,ACCEPTED,0.0,Yes,0.0,0.0,0.0
803,0.25761547684669495,1.6885983010718864e-13,OFFLOADED,0.0,Yes,0.0,0.0,0.0
804,0.36709967255592346,3.267722390467246e-05,OFFLOADED,1.0,No,1.0,1.0,1.0
805,0.49834007024765015,0.009345289700063885,OFFLOADED,1.0,No,1.0,1.0,0.0
806,0.3453586995601654,6.268753801108113e-06,OFFLOADED,1.0,No,0.0,1.0,1.0
807,0.9216873049736023,0.9669907353589529,ACCEPTED,1.0,No,1.0,1.0,1.0
808,0.38343724608421326,8.760624327792947e-05,OFFLOADED,1.0,No,1.0,1.0,1.0
809,0.9169698357582092,0.9623236912178339,ACCEPTED,1.0,No,1.0,1.0,0.0
810,0.2564530372619629,9.770060746304237e-14,OFFLOADED,1.0,No,1.0,1.0,1.0
811,0.3036949038505554,4.2926729990993913e-08,OFFLOADED,1.0,No,1.0,1.0,1.0
812,0.648827314376831,0.21449887003379411,ACCEPTED,0.0,Yes,0.0,0.0,0.0
813,0.2864183187484741,7.539511473480641e-10,OFFLOADED,1.0,No,1.0,1.0,0.0
814,0.2852509319782257,5.556036682821186e-10,OFFLOADED,1.0,No,1.0,1.0,1.0
815,0.7940029501914978,0.6619160983787797,ACCEPTED,1.0,No,1.0,1.0,0.0
816,0.9489732980728149,0.9771261311340048,ACCEPTED,1.0,No,1.0,1.0,1.0
817,0.2552572190761566,6.138536166086191e-14,OFFLOADED,1.0,No,0.0,1.0,1.0
818,0.9624863862991333,0.9827429992448067,ACCEPTED,0.0,Yes,0.0,0.0,0.0
819,0.2876335084438324,9.518634247819135e-10,OFFLOADED,1.0,No,0.0,1.0,1.0
820,0.5175345540046692,0.014290323463978658,OFFLOADED,1.0,No,1.0,1.0,1.0
821,0.3564058542251587,1.1417987505026621e-05,OFFLOADED,1.0,No,0.0,0.0,1.0
822,0.8864821791648865,0.9277952138446849,ACCEPTED,0.0,Yes,0.0,0.0,0.0
823,0.8498644828796387,0.846704336338425,ACCEPTED,1.0,No,1.0,1.0,1.0
824,0.8704003691673279,0.8989391923068556,ACCEPTED,0.0,Yes,0.0,0.0,0.0
825,0.2782330811023712,7.656008031673606e-11,OFFLOADED,1.0,No,1.0,1.0,1.0
826,0.494734525680542,0.007674932503967042,OFFLOADED,0.0,Yes,0.0,0.0,0.0
827,0.4854973554611206,0.006037183667707582,OFFLOADED,1.0,No,0.0,0.0,1.0
828,0.3230787217617035,5.80399263337235e-07,OFFLOADED,1.0,No,1.0,1.0,1.0
829,0.28142327070236206,1.5366417062065996e-10,OFFLOADED,1.0,No,0.0,1.0,1.0
830,0.8517419695854187,0.850158625319354,ACCEPTED,1.0,No,1.0,1.0,1.0
831,0.27975133061408997,9.537558493971132e-11,OFFLOADED,1.0,No,1.0,1.0,1.0
832,0.251214861869812,2.8963400589601656e-14,OFFLOADED,1.0,No,1.0,1.0,1.0
833,0.273277223110199,1.7530241988535093e-11,OFFLOADED,1.0,No,1.0,1.0,1.0
834,0.35035210847854614,6.752943324712942e-06,OFFLOADED,1.0,No,1.0,1.0,1.0
835,0.835290253162384,0.7830671022990904,OFFLOADED,0.0,Yes,0.0,0.0,0.0
836,0.2720337212085724,1.0503356820855724e-11,OFFLOADED,1.0,No,1.0,1.0,1.0
837,0.29155781865119934,2.4318360864945007e-09,OFFLOADED,1.0,No,1.0,1.0,0.0
838,0.36438295245170593,2.0151135226756876e-05,OFFLOADED,1.0,No,1.0,0.0,0.0
839,0.2583472430706024,6.970036639265335e-14,OFFLOADED,1.0,No,1.0,1.0,0.0
840,0.31859609484672546,2.961511467903962e-07,OFFLOADED,1.0,No,1.0,0.0,0.0
841,0.7154264450073242,0.40301404033150506,OFFLOADED,1.0,No,1.0,1.0,0.0
842,0.8135381937026978,0.7134647220615609,OFFLOADED,0.0,Yes,0.0,0.0,0.0
843,0.30563363432884216,4.015364184953341e-08,OFFLOADED,1.0,No,1.0,1.0,1.0
844,0.8792951703071594,0.9216061012388348,ACCEPTED,1.0,No,1.0,1.0,1.0
845,0.30407071113586426,2.8866053562581455e-08,OFFLOADED,1.0,No,1.0,1.0,1.0
846,0.43467453122138977,0.0009413297192803644,OFFLOADED,1.0,No,1.0,1.0,1.0
847,0.5590693354606628,0.03727039495169314,OFFLOADED,1.0,No,1.0,1.0,1.0
848,0.25762903690338135,3.8291453216521547e-14,OFFLOADED,1.0,No,1.0,1.0,1.0
849,0.5158981680870056,0.012151942661051674,OFFLOADED,1.0,No,1.0,1.0,1.0
850,0.796205997467041,0.6574439921471521,OFFLOADED,0.0,Yes,0.0,0.0,0.0
851,0.28049489855766296,6.390054177891889e-11,OFFLOADED,1.0,No,1.0,1.0,1.0
852,0.4461876451969147,0.0013035040281115847,OFFLOADED,1.0,No,1.0,1.0,1.0
853,0.7515714764595032,0.5230074262467855,OFFLOADED,1.0,No,1.0,1.0,1.0
854,0.6256048679351807,0.14817608336821655,OFFLOADED,1.0,No,1.0,1.0,1.0
855,0.260001540184021,6.202670521789205e-14,OFFLOADED,1.0,No,1.0,1.0,0.0
856,0.3404983878135681,2.4646059787489584e-06,OFFLOADED,1.0,No,1.0,1.0,1.0
857,0.9153710603713989,0.9584157870702511,ACCEPTED,0.0,Yes,0.0,0.0,0.0
858,0.32305821776390076,3.2283916888795215e-07,OFFLOADED,1.0,No,0.0,0.0,1.0
859,0.9158046245574951,0.9609434558655402,ACCEPTED,1.0,No,1.0,1.0,0.0
860,0.2528229355812073,9.437250531808978e-15,OFFLOADED,1.0,No,0.0,1.0,1.0
861,0.28339481353759766,1.0984784692999938e-10,OFFLOADED,1.0,No,1.0,1.0,1.0
862,0.0,0.0,OFFLOADED,0.0,Yes,0.0,0.0,0.0
863,0.33469268679618835,1.4616659739757729e-06,OFFLOADED,1.0,No,1.0,1.0,1.0
864,0.526474118232727,0.013962723695480447,OFFLOADED,1.0,No,1.0,0.0,0.0
865,0.7743687629699707,0.5841828824680539,ACCEPTED,1.0,No,1.0,1.0,0.0
866,0.31505969166755676,9.879589986355827e-08,OFFLOADED,1.0,No,1.0,0.0,0.0
867,0.9460820555686951,0.9748761192379667,ACCEPTED,0.0,Yes,0.0,0.0,0.0
868,0.4770995080471039,0.0032056816240600954,OFFLOADED,1.0,No,1.0,1.0,1.0
869,0.706673800945282,0.3497846191766816,ACCEPTED,0.0,Yes,0.0,0.0,0.0
870,0.2511504888534546,6.387711622873177e-15,OFFLOADED,0.0,Yes,0.0,0.0,0.0
871,0.3011873662471771,8.542415859538384e-09,OFFLOADED,1.0,No,1.0,1.0,1.0
872,0.9082154035568237,0.9546109220663398,ACCEPTED,1.0,No,1.0,1.0,1.0
873,0.29145097732543945,8.593636858975554e-10,OFFLOADED,1.0,No,1.0,1.0,1.0
874,0.2509928345680237,5.997105370962783e-15,OFFLOADED,1.0,No,1.0,1.0,1.0
875,0.6361207365989685,0.16936592257357383,OFFLOADED,1.0,No,1.0,0.0,0.0
876,0.2766496539115906,1.1143031550349146e-11,OFFLOADED,1.0,No,1.0,1.0,0.0
877,0.2821546792984009,4.812367901613688e-11,OFFLOADED,1.0,No,0.0,1.0,1.0
878,0.2636890411376953,1.3047627182941026e-13,OFFLOADED,1.0,No,1.0,1.0,1.0
879,0.6170607805252075,0.11521321149490611,ACCEPTED,0.0,Yes,0.0,0.0,0.0
880,0.9648464918136597,0.984802534563054,ACCEPTED,0.0,Yes,0.0,0.0,0.0
881,0.6937386393547058,0.32612588679389537,OFFLOADED,0.0,Yes,0.0,0.0,0.0
882,0.37576067447662354,3.193153208891926e-05,OFFLOADED,1.0,No,1.0,1.0,1.0
883,0.6715149879455566,0.2731065962726331,OFFLOADED,1.0,No,1.0,1.0,1.0
884,0.9620615243911743,0.9844067375422717,ACCEPTED,1.0,No,1.0,1.0,0.0
885,0.2519609034061432,4.571049461230499e-15,OFFLOADED,1.0,No,1.0,1.0,1.0
886,0.9291836023330688,0.9657330879144875,ACCEPTED,0.0,Yes,0.0,0.0,0.0
887,0.3941320478916168,9.484832579499696e-05,OFFLOADED,1.0,No,1.0,0.0,0.0
888,0.30398303270339966,1.2259313977289698e-08,OFFLOADED,1.0,No,0.0,1.0,1.0
889,0.811928927898407,0.7122236050246792,ACCEPTED,0.0,Yes,0.0,0.0,0.0
890,0.8938154578208923,0.9411483467372472,ACCEPTED,0.0,Yes,0.0,0.0,0.0
891,0.33466070890426636,1.1183566314095915e-06,OFFLOADED,1.0,No,1.0,1.0,1.0
892,0.37360429763793945,2.3822806154549013e-05,OFFLOADED,1.0,No,1.0,0.0,0.0
893,0.41105082631111145,0.0002157145325943385,OFFLOADED,1.0,No,1.0,0.0,0.0
894,0.3361986577510834,1.1157541846103287e-06,OFFLOADED,1.0,No,0.0,1.0,1.0
895,0.3313661813735962,6.158454376686429e-07,OFFLOADED,1.0,No,1.0,1.0,1.0
896,0.2520619332790375,2.9380698017226723e-15,OFFLOADED,1.0,No,1.0,1.0,1.0
897,0.8353549838066101,0.8016703039929232,ACCEPTED,1.0,No,1.0,1.0,1.0
898,0.9371668100357056,0.9737389393404956,ACCEPTED,0.0,Yes,0.0,0.0,0.0
899,0.4146784842014313,0.00023967371522605585,OFFLOADED,1.0,No,1.0,1.0,1.0
900,0.35292014479637146,3.399408277990122e-06,OFFLOADED,1.0,No,1.0,0.0,0.0
901,0.41224005818367004,0.00020095228514972342,OFFLOADED,1.0,No,1.0,0.0,0.0
902,0.8254389762878418,0.7596426189370352,ACCEPTED,0.0,Yes,0.0,0.0,0.0
903,0.26399481296539307,7.861745279869192e-14,OFFLOADED,1.0,No,1.0,1.0,1.0
904,0.8749639391899109,0.9172937643484435,ACCEPTED,0.0,Yes,0.0,0.0,0.0
905,0.7525455951690674,0.5206806494308404,ACCEPTED,0.0,Yes,0.0,0.0,0.0
906,0.8171022534370422,0.7555289538412501,ACCEPTED,0.0,Yes,0.0,0.0,0.0
907,0.3440864086151123,1.6677993367347044e-06,OFFLOADED,1.0,No,1.0,0.0,0.0
908,0.2597940266132355,1.3280115252674326e-14,OFFLOADED,1.0,No,1.0,1.0,1.0
909,0.750953733921051,0.5365080199371575,OFFLOADED,1.0,No,1.0,1.0,1.0
910,0.3555692434310913,3.872842360507623e-06,OFFLOADED,1.0,No,1.0,1.0,1.0
911,0.400707870721817,0.00011211018819372724,OFFLOADED,1.0,No,0.0,1.0,1.0
912,0.0,0.0,OFFLOADED,0.0,Yes,0.0,0.0,0.0
913,0.25008782744407654,1.7212583527560587e-15,OFFLOADED,1.0,No,1.0,1.0,1.0
914,0.37429094314575195,1.856051074801664e-05,OFFLOADED,1.0,No,0.0,1.0,1.0
915,0.320119708776474,8.189751686534122e-08,OFFLOADED,1.0,No,0.0,1.0,1.0
916,0.29326656460762024,5.723081666979455e-10,OFFLOADED,1.0,No,0.0,1.0,1.0
917,0.30934610962867737,1.6101956534616928e-08,OFFLOADED,1.0,No,1.0,0.0,0.0
918,0.880387544631958,0.9328274595936803,ACCEPTED,1.0,No,1.0,1.0,1.0
919,0.2563673257827759,2.4731997685490186e-15,OFFLOADED,1.0,No,1.0,1.0,1.0
920,0.8902323842048645,0.9433759923508991,ACCEPTED,0.0,Yes,0.0,0.0,0.0
921,0.28246551752090454,1.921054350420118e-11,OFFLOADED,1.0,No,0.0,1.0,1.0
922,0.8393988609313965,0.8278027499308965,ACCEPTED,1.0,No,1.0,1.0,1.0
923,0.2963741719722748,1.1402454950674065e-09,OFFLOADED,1.0,No,1.0,1.0,1.0
924,0.42391011118888855,0.00034901094656438766,OFFLOADED,1.0,No,1.0,1.0,1.0
925,0.4322461485862732,0.0005138635532873242,OFFLOADED,0.0,Yes,0.0,0.0,0.0
926,0.8841458559036255,0.9349815165090001,ACCEPTED,0.0,Yes,0.0,0.0,0.0
927,0.32969027757644653,3.132992874008946e-07,OFFLOADED,1.0,No,1.0,1.0,1.0
928,0.2524718940258026,1.0632947658663934e-15,OFFLOADED,1.0,No,1.0,0.0,0.0
929,0.7961696982383728,0.6765428668930406,OFFLOADED,1.0,No,1.0,1.0,1.0
930,0.46059709787368774,0.001774737732711719,OFFLOADED,1.0,No,0.0,1.0,1.0
931,0.2947724759578705,6.502085655913576e-10,OFFLOADED,1.0,No,1.0,1.0,1.0
932,0.2810913026332855,9.166531506720683e-12,OFFLOADED,1.0,No,1.0,1.0,1.0
933,0.5918616652488708,0.07190220479124387,OFFLOADED,0.0,Yes,0.0,0.0,0.0
934,0.9725884199142456,0.9910680693987441,ACCEPTED,0.0,Yes,0.0,0.0,0.0
935,0.48253852128982544,0.0039189535184996765,OFFLOADED,1.0,No,0.0,1.0,1.0
936,0.6578666567802429,0.2333115972049423,OFFLOADED,0.0,Yes,0.0,0.0,0.0
937,0.5594407916069031,0.035778002926877946,OFFLOADED,1.0,No,1.0,1.0,1.0
938,0.2679905295372009,1.5766645964190706e-13,OFFLOADED,1.0,No,1.0,1.0,1.0
939,0.26511481404304504,5.128114178688994e-14,OFFLOADED,1.0,No,1.0,1.0,1.0
940,0.9275264143943787,0.9737733057918371,ACCEPTED,0.0,Yes,0.0,0.0,0.0
941,0.32629039883613586,1.618275048616469e-07,OFFLOADED,1.0,No,1.0,1.0,1.0
942,0.41299766302108765,0.00017738658501705368,OFFLOADED,1.0,No,1.0,1.0,1.0
943,0.26334699988365173,2.0334995405152335e-14,OFFLOADED,1.0,No,1.0,1.0,1.0
944,0.3941296339035034,6.0732729918987564e-05,OFFLOADED,0.0,Yes,0.0,0.0,0.0
945,0.5684252381324768,0.041800516609174,OFFLOADED,1.0,No,1.0,1.0,1.0
946,0.40513235330581665,0.00011031577710607909,OFFLOADED,1.0,No,1.0,1.0,1.0
947,0.31395602226257324,2.322466277464096e-08,OFFLOADED,1.0,No,1.0,1.0,1.0
948,0.39599210023880005,6.37955082520945e-05,OFFLOADED,1.0,No,1.0,0.0,1.0
949,0.33373990654945374,3.70524421400211e-07,OFFLOADED,1.0,No,1.0,1.0,0.0
950,0.33961740136146545,6.620236201428697e-07,OFFLOADED,1.0,No,1.0,1.0,1.0
951,0.4889853298664093,0.004434981354735827,OFFLOADED,0.0,Yes,0.0,0.0,0.0
952,0.8528608679771423,0.8643115067206647,ACCEPTED,1.0,No,1.0,1.0,0.0
953,0.2547593116760254,6.036404963782331e-16,OFFLOADED,1.0,No,1.0,1.0,0.0
954,0.3634733259677887,5.4488246392557925e-06,OFFLOADED,1.0,No,1.0,0.0,0.0
955,0.36270013451576233,4.7806700314069435e-06,OFFLOADED,1.0,No,0.0,1.0,0.0
956,0.5453203916549683,0.022791974966934487,OFFLOADED,1.0,No,1.0,1.0,1.0
957,0.27455008029937744,8.812286156855566e-13,OFFLOADED,0.0,Yes,0.0,0.0,0.0
958,0.38835370540618896,3.82586495995602e-05,OFFLOADED,1.0,No,1.0,1.0,1.0
959,0.2665713131427765,4.882151574440666e-14,OFFLOADED,1.0,No,1.0,1.0,1.0
960,0.3163997530937195,2.250261859726396e-08,OFFLOADED,1.0,No,1.0,1.0,1.0
961,0.7678409814834595,0.5709471495183284,ACCEPTED,0.0,Yes,0.0,0.0,0.0
962,0.25050386786460876,3.2968424234227667e-16,OFFLOADED,1.0,No,1.0,1.0,1.0
963,0.6203088760375977,0.1375554453809862,OFFLOADED,1.0,No,1.0,1.0,1.0
964,0.29410892724990845,2.521448290062229e-10,OFFLOADED,1.0,No,1.0,0.0,1.0
965,0.25040173530578613,2.7867611936719667e-16,OFFLOADED,1.0,No,1.0,1.0,1.0
966,0.262420654296875,6.921539254654859e-15,OFFLOADED,1.0,No,1.0,1.0,1.0
967,0.8051924705505371,0.708798703749057,ACCEPTED,0.0,Yes,0.0,0.0,0.0
968,0.2541716694831848,3.15354501283367e-16,OFFLOADED,1.0,No,1.0,1.0,1.0
969,0.2681303322315216,7.6894545348897e-14,OFFLOADED,1.0,No,1.0,1.0,1.0
970,0.42320236563682556,0.0002683184081338089,OFFLOADED,1.0,No,1.0,0.0,0.0
971,0.8120761513710022,0.7444231982425249,ACCEPTED,0.0,Yes,0.0,0.0,0.0
972,0.2516953647136688,2.196339108102187e-16,OFFLOADED,1.0,No,1.0,1.0,1.0
973,0.25231704115867615,2.12715224344778e-16,OFFLOADED,1.0,No,1.0,0.0,1.0
974,0.34867236018180847,9.87644155934872e-07,OFFLOADED,1.0,No,1.0,0.0,0.0
975,0.26962482929229736,1.2582068037435443e-13,OFFLOADED,1.0,No,1.0,1.0,1.0
976,0.34584641456604004,7.583506502533189e-07,OFFLOADED,1.0,No,1.0,1.0,1.0
977,0.4798063635826111,0.003096990273946508,OFFLOADED,1.0,No,1.0,1.0,1.0
978,0.35106539726257324,1.0595147473162438e-06,OFFLOADED,1.0,No,1.0,1.0,1.0
979,0.5851809978485107,0.06264277640780526,OFFLOADED,1.0,No,1.0,1.0,0.0
980,0.2894161343574524,4.1084050073271885e-11,OFFLOADED,1.0,No,1.0,1.0,1.0
981,0.35387319326400757,1.2992152160389886e-06,OFFLOADED,1.0,No,1.0,1.0,0.0
982,0.25352001190185547,1.4074287897797453e-16,OFFLOADED,1.0,No,0.0,0.0,1.0
983,0.27621352672576904,7.367253566963368e-13,OFFLOADED,1.0,No,1.0,1.0,1.0
984,0.25322607159614563,1.2131225068666137e-16,OFFLOADED,1.0,No,1.0,1.0,1.0
985,0.8072454929351807,0.7371791870026474,ACCEPTED,0.0,Yes,0.0,0.0,0.0
986,0.7161911129951477,0.42267803039767043,OFFLOADED,1.0,No,1.0,1.0,1.0
987,0.25584447383880615,1.9930356676417478e-16,OFFLOADED,1.0,No,1.0,1.0,1.0
988,0.754181444644928,0.5457597050318844,ACCEPTED,0.0,Yes,0.0,0.0,0.0
989,0.2636979818344116,6.303634121855878e-15,OFFLOADED,1.0,No,1.0,1.0,1.0
990,0.30047643184661865,7.671453503016432e-10,OFFLOADED,1.0,No,0.0,1.0,1.0
991,0.9272472858428955,0.9775712802999684,ACCEPTED,0.0,Yes,0.0,0.0,0.0
992,0.7190151810646057,0.42936712666278204,OFFLOADED,0.0,Yes,0.0,0.0,0.0
993,0.0,0.0,OFFLOADED,0.0,Yes,0.0,0.0,0.0
994,0.8876323699951172,0.9521366135905832,ACCEPTED,1.0,No,1.0,1.0,1.0
995,0.2504240572452545,8.803826525120352e-17,OFFLOADED,1.0,No,0.0,1.0,0.0
996,0.8725337982177734,0.9277329949889795,ACCEPTED,0.0,Yes,0.0,0.0,0.0
997,0.666158139705658,0.27658439100758564,OFFLOADED,1.0,No,1.0,1.0,1.0
998,0.5084879994392395,0.007387548227852905,OFFLOADED,1.0,No,1.0,1.0,1.0
999,0.4116354286670685,0.00010925324543271412,OFFLOADED,1.0,No,1.0,1.0,1.0
1000,0.36951935291290283,5.8130375677087765e-06,OFFLOADED,1.0,No,1.0,1.0,1.0
1001,0.2788389325141907,1.117134817037757e-12,OFFLOADED,0.0,Yes,0.0,0.0,0.0
1002,0.6464690566062927,0.20828758240114648,OFFLOADED,1.0,No,1.0,1.0,1.0
1003,0.26243460178375244,2.6659263645436185e-15,OFFLOADED,1.0,No,1.0,1.0,1.0
1004,0.25717419385910034,2.5720970114863615e-16,OFFLOADED,1.0,No,1.0,1.0,1.0
1005,0.2535403072834015,7.168377284279284e-17,OFFLOADED,1.0,No,1.0,0.0,1.0
1006,0.27643606066703796,5.875866844871195e-13,OFFLOADED,1.0,No,1.0,1.0,1.0
1007,0.5180338025093079,0.008376275632589228,OFFLOADED,1.0,No,1.0,1.0,1.0
1008,0.27398791909217834,2.781624525862854e-13,OFFLOADED,1.0,No,1.0,1.0,0.0
1009,0.3221954107284546,2.4066039623119997e-08,OFFLOADED,1.0,No,1.0,1.0,1.0
1010,0.30648037791252136,1.7755129251327126e-09,OFFLOADED,1.0,No,0.0,1.0,1.0
1011,0.863586962223053,0.9090467823780908,ACCEPTED,0.0,Yes,0.0,0.0,0.0
1012,0.3860281705856323,2.0396598897416234e-05,OFFLOADED,1.0,No,1.0,1.0,1.0
1013,0.3074977993965149,1.989872145544876e-09,OFFLOADED,1.0,No,1.0,1.0,1.0
1014,0.3800645172595978,1.1939807264799983e-05,OFFLOADED,1.0,No,1.0,1.0,1.0
1015,0.0,0.0,OFFLOADED,0.0,Yes,0.0,0.0,0.0
1016,0.2587919235229492,3.159303380023513e-16,OFFLOADED,1.0,No,1.0,1.0,1.0
1017,0.31050217151641846,3.316643899261408e-09,OFFLOADED,1.0,No,1.0,1.0,1.0
1018,0.2652301788330078,5.784191901448908e-15,OFFLOADED,1.0,No,1.0,1.0,1.0
1019,0.26555851101875305,6.3675811014342294e-15,OFFLOADED,1.0,No,0.0,1.0,1.0
1020,0.25651752948760986,8.278580871290097e-17,OFFLOADED,1.0,No,1.0,1.0,1.0
1021,0.3234806954860687,2.4084534242107342e-08,OFFLOADED,1.0,No,1.0,1.0,1.0
1022,0.8631858229637146,0.9127379219787909,ACCEPTED,0.0,Yes,0.0,0.0,0.0
1023,0.27745407819747925,4.550904090248205e-13,OFFLOADED,1.0,No,1.0,1.0,1.0
1024,0.8790110349655151,0.945077459938626,ACCEPTED,0.0,Yes,0.0,0.0,0.0
1025,0.28223916888237,1.8179766959202646e-12,OFFLOADED,1.0,No,1.0,1.0,1.0
1026,0.2669775187969208,9.423734749204043e-15,OFFLOADED,1.0,No,1.0,1.0,1.0
1027,0.2778463661670685,4.554931211248203e-13,OFFLOADED,1.0,No,1.0,1.0,1.0
1028,0.26272520422935486,1.1393556820453517e-15,OFFLOADED,0.0,Yes,0.0,0.0,0.0
1029,0.9412730932235718,0.9864343502449268,ACCEPTED,0.0,Yes,0.0,0.0,0.0
1030,0.7811353802680969,0.6602672860723833,ACCEPTED,0.0,Yes,0.0,0.0,0.0
1031,0.2599565386772156,3.3311313026806325e-16,OFFLOADED,1.0,No,1.0,1.0,1.0
1032,0.9149464964866638,0.9783301716849107,ACCEPTED,1.0,No,1.0,1.0,0.0
1033,0.2871754467487335,8.059809255497168e-12,OFFLOADED,1.0,No,1.0,0.0,0.0
1034,0.30790314078330994,1.7814375406755222e-09,OFFLOADED,1.0,No,1.0,1.0,1.0
1035,0.28500276803970337,3.849454229138473e-12,OFFLOADED,1.0,No,1.0,1.0,1.0
1036,0.8704822659492493,0.9380356680401476,ACCEPTED,1.0,No,1.0,1.0,1.0
1037,0.25169241428375244,1.7632243982782677e-17,OFFLOADED,1.0,No,1.0,1.0,1.0
1038,0.2545730173587799,2.3604295845973077e-17,OFFLOADED,1.0,No,1.0,1.0,1.0
1039,0.6544226408004761,0.22978711334332702,OFFLOADED,1.0,No,1.0,1.0,1.0
1040,0.28458330035209656,3.0916330489120236e-12,OFFLOADED,1.0,No,1.0,0.0,0.0
1041,0.4003964066505432,4.7577545100077335e-05,OFFLOADED,1.0,No,1.0,1.0,0.0
1042,0.2525864243507385,1.4014410016013463e-17,OFFLOADED,1.0,No,1.0,1.0,1.0
1043,0.2901492416858673,1.8946740243718226e-11,OFFLOADED,1.0,No,1.0,1.0,1.0
1044,0.9348257184028625,0.9840179880326311,OFFLOADED,0.0,Yes,0.0,0.0,0.0
1045,0.40752077102661133,6.866765408809156e-05,OFFLOADED,1.0,No,1.0,1.0,1.0
1046,0.46073421835899353,0.0011302926528370953,OFFLOADED,1.0,No,1.0,1.0,0.0
1047,0.4345338046550751,0.000333301040319036,OFFLOADED,1.0,No,1.0,1.0,1.0
1048,0.29942062497138977,2.1451948010571064e-10,OFFLOADED,1.0,No,1.0,0.0,0.0
1049,0.0,0.0,OFFLOADED,0.0,Yes,0.0,0.0,0.0
1050,0.3552350401878357,7.431707983770385e-07,OFFLOADED,1.0,No,0.0,0.0,1.0
1051,0.7609089016914368,0.5994471181764965,ACCEPTED,1.0,No,1.0,1.0,1.0
1052,0.8548903465270996,0.8932812394000719,ACCEPTED,0.0,Yes,0.0,0.0,0.0
1053,0.2539360821247101,1.101287435966833e-17,OFFLOADED,1.0,No,1.0,1.0,1.0
1054,0.2637510895729065,9.51886858440286e-16,OFFLOADED,1.0,No,1.0,1.0,1.0
1055,0.5871066451072693,0.05679428720087528,OFFLOADED,1.0,No,1.0,1.0,1.0
1056,0.2929806113243103,3.215654322658175e-11,OFFLOADED,1.0,No,0.0,0.0,1.0
1057,0.278859943151474,2.6922773640802457e-13,OFFLOADED,1.0,No,1.0,1.0,1.0
1058,0.34904712438583374,3.3310842141274903e-07,OFFLOADED,1.0,No,0.0,1.0,0.0
1059,0.4645824134349823,0.0011349722450003728,OFFLOADED,1.0,No,1.0,1.0,1.0
1060,0.31265759468078613,2.5867944125187318e-09,OFFLOADED,1.0,No,1.0,1.0,1.0
1061,0.251822292804718,5.5149807796300656e-18,OFFLOADED,1.0,No,1.0,1.0,0.0
1062,0.3064311742782593,6.585129915268744e-10,OFFLOADED,1.0,No,1.0,1.0,1.0
1063,0.26108914613723755,1.735232894132901e-16,OFFLOADED,1.0,No,1.0,1.0,1.0
1064,0.41890308260917664,0.00010554262921682639,OFFLOADED,1.0,No,1.0,1.0,1.0
1065,0.2525351047515869,4.551515263583286e-18,OFFLOADED,1.0,No,1.0,1.0,1.0
1066,0.27311909198760986,3.4434323492843586e-14,OFFLOADED,1.0,No,0.0,0.0,1.0
1067,0.28286704421043396,7.028467508571013e-13,OFFLOADED,1.0,No,1.0,1.0,1.0
1068,0.4888227581977844,0.002935901516686745,OFFLOADED,0.0,Yes,0.0,0.0,0.0
1069,0.27663454413414,9.335295418539347e-14,OFFLOADED,1.0,No,1.0,1.0,1.0
1070,0.25357505679130554,4.381833332984902e-18,OFFLOADED,1.0,No,1.0,1.0,1.0
1071,0.4239099323749542,0.00014705163173421617,OFFLOADED,1.0,No,1.0,1.0,1.0
1072,0.2821129262447357,4.927760390150951e-13,OFFLOADED,1.0,No,0.0,1.0,1.0
1073,0.2602503001689911,7.812354873508926e-17,OFFLOADED,1.0,No,0.0,1.0,1.0
1074,0.8774176836013794,0.9457298217008169,ACCEPTED,1.0,No,1.0,1.0,1.0
1075,0.0,0.0,OFFLOADED,0.0,Yes,0.0,0.0,0.0
1076,0.26166796684265137,1.5521856294546756e-16,OFFLOADED,1.0,No,1.0,0.0,0.0
1077,0.7870147824287415,0.6748357552877196,ACCEPTED,0.0,Yes,0.0,0.0,0.0
1078,0.6416712999343872,0.1777891242092333,ACCEPTED,1.0,No,1.0,1.0,1.0
1079,0.43711239099502563,0.0003140816104118613,OFFLOADED,1.0,No,1.0,1.0,1.0
1080,0.8753159642219543,0.9417957381173158,ACCEPTED,0.0,Yes,0.0,0.0,0.0
1081,0.4978589713573456,0.004115829278752936,OFFLOADED,1.0,No,1.0,1.0,1.0
1082,0.2564561665058136,8.394579530693544e-18,OFFLOADED,1.0,No,1.0,1.0,0.0
1083,0.252464234828949,2.3124719316576383e-18,OFFLOADED,1.0,No,1.0,1.0,1.0
1084,0.2592645287513733,3.644474841095029e-17,OFFLOADED,1.0,No,1.0,0.0,1.0
1085,0.9008285403251648,0.9700482452377445,ACCEPTED,0.0,Yes,0.0,0.0,0.0
1086,0.29252222180366516,1.6971297114518315e-11,OFFLOADED,1.0,No,1.0,1.0,1.0
1087,0.5279278755187988,0.009162872716663493,OFFLOADED,1.0,No,1.0,1.0,1.0
1088,0.25784215331077576,1.6337002057148206e-17,OFFLOADED,1.0,No,1.0,1.0,0.0
1089,0.4111175537109375,4.819340159674716e-05,OFFLOADED,1.0,No,1.0,1.0,1.0
1090,0.2515757977962494,1.5605668605702008e-18,OFFLOADED,1.0,No,0.0,1.0,0.0
1091,0.3553949296474457,4.411534519784503e-07,OFFLOADED,1.0,No,1.0,1.0,1.0
1092,0.2761153280735016,4.677080128239209e-14,OFFLOADED,1.0,No,0.0,1.0,1.0
1093,0.8348338007926941,0.8454874132768943,OFFLOADED,0.0,Yes,0.0,0.0,0.0
1094,0.8813158869743347,0.9555478211161337,ACCEPTED,0.0,Yes,0.0,0.0,0.0
1095,0.3034796714782715,2.3232233206990628e-10,OFFLOADED,1.0,No,1.0,0.0,1.0
1096,0.2515701949596405,1.2494656305125057e-18,OFFLOADED,1.0,No,0.0,1.0,1.0
1097,0.2824852764606476,3.4929417510032317e-13,OFFLOADED,1.0,No,1.0,1.0,1.0
1098,0.28493013978004456,8.388118866460592e-13,OFFLOADED,1.0,No,0.0,0.0,1.0
1099,0.376405268907547,4.063236125768812e-06,OFFLOADED,1.0,No,1.0,1.0,1.0
1100,0.32120683789253235,6.355608941774097e-09,OFFLOADED,1.0,No,1.0,1.0,1.0
1101,0.381648451089859,6.110189757243629e-06,OFFLOADED,0.0,Yes,0.0,0.0,0.0
1102,0.7244945764541626,0.4531275298192431,ACCEPTED,0.0,Yes,0.0,0.0,0.0
1103,0.8752912878990173,0.9527242006066652,ACCEPTED,0.0,Yes,0.0,0.0,0.0
1104,0.6942172646522522,0.3599902536724851,ACCEPTED,0.0,Yes,0.0,0.0,0.0
1105,0.26509812474250793,4.816661317522411e-16,OFFLOADED,1.0,No,1.0,0.0,0.0
1106,0.2969467043876648,4.94406733951969e-11,OFFLOADED,1.0,No,1.0,1.0,1.0
1107,0.2530078887939453,1.0678835044477236e-18,OFFLOADED,1.0,No,1.0,1.0,1.0
1108,0.29302144050598145,1.43398137599406e-11,OFFLOADED,1.0,No,1.0,1.0,1.0
1109,0.3328630030155182,4.806387238577504e-08,OFFLOADED,1.0,No,1.0,0.0,0.0
1110,0.29972565174102783,8.876410945285815e-11,OFFLOADED,1.0,No,1.0,1.0,1.0
1111,0.47540992498397827,0.0016381880908968285,OFFLOADED,1.0,No,1.0,0.0,1.0
1112,0.7051931023597717,0.4095884617424111,OFFLOADED,1.0,No,0.0,0.0,1.0
1113,0.38152819871902466,6.266926618485253e-06,OFFLOADED,1.0,No,1.0,1.0,0.0
1114,0.8062635660171509,0.7817456397209399,OFFLOADED,0.0,Yes,0.0,0.0,0.0
1115,0.8654848337173462,0.9416223510848661,ACCEPTED,0.0,Yes,0.0,0.0,0.0
1116,0.3910076916217804,1.2943708135216228e-05,OFFLOADED,1.0,No,1.0,1.0,1.0
1117,0.5896160006523132,0.058922246327298436,OFFLOADED,1.0,No,0.0,1.0,0.0
1118,0.3776993751525879,3.835748470375364e-06,OFFLOADED,1.0,No,1.0,1.0,1.0
1119,0.3338013291358948,3.797602012051284e-08,OFFLOADED,1.0,No,1.0,0.0,0.0
1120,0.3201497793197632,3.829650298121506e-09,OFFLOADED,1.0,No,1.0,1.0,1.0
1121,0.3830437660217285,5.909651178700032e-06,OFFLOADED,1.0,No,1.0,1.0,1.0
1122,0.28831079602241516,1.3498684579868278e-12,OFFLOADED,1.0,No,1.0,1.0,1.0
1123,0.2770099341869354,2.2859470618143375e-14,OFFLOADED,1.0,No,1.0,1.0,1.0
1124,0.9570190906524658,0.9937365309475279,ACCEPTED,0.0,Yes,0.0,0.0,0.0
1125,0.6706258654594421,0.2724605820751681,OFFLOADED,0.0,Yes,0.0,0.0,0.0
1126,0.7099031805992126,0.42593864318406743,ACCEPTED,1.0,No,1.0,1.0,1.0
1127,0.301273375749588,7.425401174638293e-11,OFFLOADED,1.0,No,1.0,0.0,0.0
1128,0.35123321413993835,1.9073570468158953e-07,OFFLOADED,0.0,Yes,0.0,0.0,0.0
1129,0.2616657316684723,3.2691576123618684e-17,OFFLOADED,1.0,No,1.0,1.0,0.0
1130,0.0,0.0,OFFLOADED,0.0,Yes,0.0,0.0,0.0
1131,0.2966304123401642,2.336832285045145e-11,OFFLOADED,1.0,No,0.0,1.0,1.0
1132,0.6272329092025757,0.13748995929421332,OFFLOADED,0.0,Yes,0.0,0.0,0.0
1133,0.810169517993927,0.80617708072314,OFFLOADED,0.0,Yes,0.0,0.0,0.0
1134,0.8448629379272461,0.9014054072272678,ACCEPTED,0.0,Yes,0.0,0.0,0.0
1135,0.9095379710197449,0.9842454943021608,ACCEPTED,0.0,Yes,0.0,0.0,0.0
1136,0.40588393807411194,3.2733716346742334e-05,OFFLOADED,1.0,No,1.0,1.0,0.0
1137,0.8435957431793213,0.9041732714403694,ACCEPTED,0.0,Yes,0.0,0.0,0.0
1138,0.25668618083000183,1.8802030168734385e-18,OFFLOADED,1.0,No,1.0,1.0,1.0
1139,0.27192461490631104,4.069911784499663e-15,OFFLOADED,1.0,No,1.0,1.0,1.0
1140,0.6896976232528687,0.35979131942365866,OFFLOADED,1.0,No,0.0,0.0,1.0
1141,0.3517051935195923,2.0833314432559098e-07,OFFLOADED,1.0,No,1.0,1.0,1.0
1142,0.7804120182991028,0.7021295744726307,ACCEPTED,0.0,Yes,0.0,0.0,0.0
1143,0.27188992500305176,3.5046373165332855e-15,OFFLOADED,1.0,No,1.0,1.0,1.0
1144,0.8520947098731995,0.9290611835033932,ACCEPTED,0.0,Yes,0.0,0.0,0.0
1145,0.3144383728504181,1.3485177316423086e-09,OFFLOADED,1.0,No,0.0,1.0,1.0
1146,0.29537147283554077,1.4147770125035e-11,OFFLOADED,1.0,No,1.0,1.0,1.0
1147,0.25947579741477966,6.4459413957242135e-18,OFFLOADED,1.0,No,1.0,1.0,1.0
1148,0.25938287377357483,5.783285522326266e-18,OFFLOADED,1.0,No,1.0,1.0,0.0
1149,0.32064613699913025,3.634591627771509e-09,OFFLOADED,1.0,No,1.0,1.0,1.0
1150,0.41238147020339966,4.674485833189232e-05,OFFLOADED,1.0,No,1.0,1.0,1.0
1151,0.2686864137649536,7.112267257391993e-16,OFFLOADED,1.0,No,1.0,0.0,0.0
1152,0.7329007983207703,0.5185755151752939,ACCEPTED,1.0,No,1.0,1.0,1.0
1153,0.42574289441108704,0.00011895393075633126,OFFLOADED,1.0,No,1.0,0.0,0.0
1154,0.2577410340309143,1.8821518054001063e-18,OFFLOADED,1.0,No,1.0,1.0,1.0
1155,0.27803313732147217,1.9602530798550315e-14,OFFLOADED,1.0,No,1.0,1.0,0.0
1156,0.3448643982410431,9.218939608037435e-08,OFFLOADED,0.0,Yes,0.0,0.0,0.0
1157,0.8065083026885986,0.8147258559078591,ACCEPTED,1.0,No,1.0,1.0,1.0
1158,0.25608181953430176,5.60300973650036e-19,OFFLOADED,1.0,No,1.0,1.0,0.0
1159,0.2803848087787628,4.509137050977178e-14,OFFLOADED,1.0,No,1.0,1.0,1.0
1160,0.6381329298019409,0.16903172258504126,OFFLOADED,1.0,No,1.0,1.0,1.0
1161,0.30298346281051636,8.11876506841022e-11,OFFLOADED,1.0,No,1.0,1.0,1.0
1162,0.262641578912735,2.375298039159941e-17,OFFLOADED,1.0,No,1.0,1.0,1.0
1163,0.2589806914329529,2.616999305973521e-18,OFFLOADED,1.0,No,1.0,1.0,1.0
1164,0.3654341399669647,8.360794898812517e-07,OFFLOADED,1.0,No,1.0,1.0,1.0
1165,0.2724526822566986,2.361111897950746e-15,OFFLOADED,1.0,No,1.0,1.0,1.0
1166,0.27109310030937195,1.308619146782318e-15,OFFLOADED,0.0,Yes,0.0,0.0,0.0
1167,0.26906901597976685,5.947090806600315e-16,OFFLOADED,1.0,No,1.0,1.0,1.0
1168,0.2564546465873718,4.509300679169594e-19,OFFLOADED,1.0,No,0.0,1.0,1.0
1169,0.26361843943595886,3.404558069750348e-17,OFFLOADED,1.0,No,1.0,1.0,0.0
1170,0.25809723138809204,1.3352360021720318e-18,OFFLOADED,1.0,No,1.0,1.0,1.0
1171,0.8998139500617981,0.9821475249428719,ACCEPTED,0.0,Yes,0.0,0.0,0.0
1172,0.9155603051185608,0.9879369616673926,ACCEPTED,0.0,Yes,0.0,0.0,0.0
1173,0.6298879981040955,0.140030319389138,OFFLOADED,1.0,No,1.0,0.0,0.0
1174,0.9004228115081787,0.9839643279881877,ACCEPTED,0.0,Yes,0.0,0.0,0.0
1175,0.9488767981529236,0.9949033432296989,ACCEPTED,1.0,No,1.0,1.0,1.0
1176,0.2559845745563507,2.6783672092782306e-19,OFFLOADED,1.0,No,1.0,1.0,1.0
1177,0.2657682001590729,1.0388923493659982e-16,OFFLOADED,1.0,No,1.0,0.0,0.0
1178,0.271883100271225,1.71542261052945e-15,OFFLOADED,1.0,No,0.0,1.0,1.0
1179,0.3014243543148041,4.606230607595424e-11,OFFLOADED,1.0,No,1.0,1.0,1.0
1180,0.2973308563232422,1.494399160932163e-11,OFFLOADED,1.0,No,1.0,1.0,1.0
1181,0.5868456959724426,0.04803585044964229,OFFLOADED,1.0,No,1.0,0.0,0.0
1182,0.2719603478908539,1.4046519623879982e-15,OFFLOADED,1.0,No,1.0,1.0,1.0
1183,0.5315340161323547,0.008485461662315376,OFFLOADED,1.0,No,1.0,1.0,1.0
1184,0.29036572575569153,1.2760810882926733e-12,OFFLOADED,1.0,No,1.0,1.0,1.0
1185,0.8286648988723755,0.8667262234523332,ACCEPTED,0.0,Yes,0.0,0.0,0.0
1186,0.8605479598045349,0.9482686237604545,ACCEPTED,1.0,No,1.0,1.0,1.0
1187,0.0,0.0,OFFLOADED,0.0,Yes,0.0,0.0,0.0
1188,0.26926136016845703,3.8897117908463156e-16,OFFLOADED,1.0,No,1.0,1.0,1.0
1189,0.29312026500701904,3.264872131957997e-12,OFFLOADED,1.0,No,1.0,1.0,1.0
1190,0.7856865525245667,0.7182180404554781,ACCEPTED,0.0,Yes,0.0,0.0,0.0
1191,0.35595229268074036,2.258283909438097e-07,OFFLOADED,1.0,No,1.0,1.0,0.0
1192,0.28221002221107483,4.57634944526354e-14,OFFLOADED,1.0,No,1.0,0.0,0.0
1193,0.3885013163089752,6.4956385850634375e-06,OFFLOADED,1.0,No,1.0,1.0,1.0
1194,0.848834753036499,0.9249670569864411,ACCEPTED,1.0,No,1.0,1.0,1.0
1195,0.25262802839279175,4.046865477593515e-20,OFFLOADED,1.0,No,1.0,1.0,1.0
1196,0.36784985661506653,8.458673504971235e-07,OFFLOADED,1.0,No,1.0,1.0,1.0
1197,0.8544144630432129,0.9328043861208554,OFFLOADED,0.0,Yes,0.0,0.0,0.0
1198,0.25153887271881104,3.370846879550821e-20,OFFLOADED,1.0,No,1.0,1.0,1.0
1199,0.8734576106071472,0.9670704068676046,ACCEPTED,0.0,Yes,0.0,0.0,0.0
1200,0.25358763337135315,4.0875172730390906e-20,OFFLOADED,1.0,No,1.0,1.0,1.0
1201,0.2984619438648224,1.5150383460458766e-11,OFFLOADED,1.0,No,1.0,1.0,1.0
1202,0.3287622630596161,9.506943132157572e-09,OFFLOADED,1.0,No,1.0,0.0,1.0
1203,0.2522438168525696,2.776019750640134e-20,OFFLOADED,1.0,No,1.0,1.0,1.0
1204,0.26394715905189514,1.4935843502200213e-17,OFFLOADED,1.0,No,1.0,1.0,1.0
1205,0.8373218178749084,0.8984619328584412,ACCEPTED,1.0,No,1.0,1.0,1.0
1206,0.2789749801158905,1.0732743038055239e-14,OFFLOADED,1.0,No,1.0,1.0,1.0
1207,0.27776435017585754,6.248581414195498e-15,OFFLOADED,1.0,No,1.0,1.0,1.0
1208,0.47644829750061035,0.0012522859754945494,OFFLOADED,1.0,No,1.0,1.0,1.0
1209,0.27336204051971436,1.2591118359034908e-15,OFFLOADED,1.0,No,1.0,1.0,1.0
1210,0.2609024941921234,1.9227768857021903e-18,OFFLOADED,1.0,No,1.0,1.0,1.0
1211,0.2985913157463074,1.3141013983277161e-11,OFFLOADED,1.0,No,1.0,1.0,1.0
1212,0.28784632682800293,2.733958962093206e-13,OFFLOADED,1.0,No,1.0,1.0,1.0
1213,0.25748562812805176,1.9442306193974634e-19,OFFLOADED,1.0,No,1.0,1.0,1.0
1214,0.39719292521476746,1.0991483741845753e-05,OFFLOADED,1.0,No,1.0,1.0,0.0
1215,0.25774621963500977,2.097839184039845e-19,OFFLOADED,1.0,No,1.0,1.0,1.0
1216,0.3351479768753052,2.115569488614534e-08,OFFLOADED,1.0,No,1.0,0.0,0.0
1217,0.27802225947380066,4.8100511929488014e-15,OFFLOADED,1.0,No,1.0,1.0,1.0
1218,0.2536389231681824,1.5490295133008677e-20,OFFLOADED,1.0,No,1.0,1.0,1.0
1219,0.3319213092327118,1.2388813205772138e-08,OFFLOADED,1.0,No,1.0,1.0,1.0
1220,0.3540964722633362,1.3375311721408455e-07,OFFLOADED,0.0,Yes,0.0,0.0,0.0
1221,0.3275948166847229,6.079699013520192e-09,OFFLOADED,1.0,No,0.0,1.0,1.0
1222,0.35366007685661316,1.3409527426819474e-07,OFFLOADED,1.0,No,1.0,1.0,1.0
1223,0.2870723605155945,1.470629231310814e-13,OFFLOADED,1.0,No,1.0,1.0,1.0
1224,0.6827267408370972,0.3046403215804516,ACCEPTED,0.0,Yes,0.0,0.0,0.0
1225,0.688244640827179,0.33885563399470475,ACCEPTED,1.0,No,1.0,1.0,1.0
1226,0.3640443980693817,4.5101180357923526e-07,OFFLOADED,0.0,Yes,0.0,0.0,0.0
1227,0.5280851721763611,0.007252111538774558,OFFLOADED,1.0,No,1.0,1.0,1.0
1228,0.25320857763290405,1.1106938775034024e-20,OFFLOADED,1.0,No,1.0,1.0,1.0
1229,0.8745678067207336,0.9682769766091472,ACCEPTED,0.0,Yes,0.0,0.0,0.0
1230,0.25399133563041687,1.317800977617227e-20,OFFLOADED,1.0,No,1.0,1.0,1.0
1231,0.4292495548725128,0.00010546968757985746,OFFLOADED,1.0,No,0.0,1.0,1.0
1232,0.8363739252090454,0.8919992784858338,ACCEPTED,0.0,Yes,0.0,0.0,0.0
1233,0.5550483465194702,0.017930703170030555,OFFLOADED,1.0,No,1.0,1.0,1.0
1234,0.25191277265548706,7.56793088979644e-21,OFFLOADED,1.0,No,1.0,1.0,1.0
1235,0.2517950236797333,7.094658349222023e-21,OFFLOADED,1.0,No,1.0,1.0,1.0
1236,0.7418582439422607,0.5388360613191433,OFFLOADED,1.0,No,1.0,1.0,1.0
1237,0.39758217334747314,8.841696652850315e-06,OFFLOADED,1.0,No,1.0,1.0,1.0
1238,0.3172467350959778,6.829153792453811e-10,OFFLOADED,1.0,No,1.0,1.0,1.0
1239,0.3300645649433136,6.965500350745293e-09,OFFLOADED,1.0,No,1.0,1.0,1.0
1240,0.25355419516563416,7.161697475535825e-21,OFFLOADED,1.0,No,1.0,1.0,1.0
1241,0.3701387941837311,7.407433712114144e-07,OFFLOADED,1.0,No,1.0,1.0,1.0
1242,0.2739740312099457,6.749929314845845e-16,OFFLOADED,0.0,Yes,0.0,0.0,0.0
1243,0.5437548160552979,0.011535981856060527,OFFLOADED,1.0,No,1.0,1.0,1.0
1244,0.464761883020401,0.0005857030574300771,OFFLOADED,1.0,No,1.0,1.0,0.0
1245,0.6616267561912537,0.22521222717679168,OFFLOADED,1.0,No,1.0,1.0,1.0
1246,0.32656535506248474,2.7458841430478676e-09,OFFLOADED,1.0,No,1.0,1.0,1.0
1247,0.3700179159641266,5.863479499796117e-07,OFFLOADED,1.0,No,1.0,1.0,0.0
1248,0.2828425467014313,1.4627072045275955e-14,OFFLOADED,0.0,Yes,0.0,0.0,0.0
1249,0.3150351643562317,2.8954035248088456e-10,OFFLOADED,1.0,No,1.0,1.0,1.0
1250,0.2550799250602722,1.0592457299665784e-20,OFFLOADED,1.0,No,1.0,1.0,0.0
1251,0.3932732343673706,5.080960952679862e-06,OFFLOADED,1.0,No,1.0,1.0,1.0
1252,0.7214252352714539,0.4302668830496671,OFFLOADED,0.0,Yes,0.0,0.0,0.0
1253,0.27984386682510376,4.224939895451083e-15,OFFLOADED,1.0,No,1.0,1.0,0.0
1254,0.6811183094978333,0.29146602958932016,OFFLOADED,1.0,No,1.0,1.0,1.0
1255,0.2950473427772522,1.5661604467765013e-12,OFFLOADED,1.0,No,1.0,1.0,1.0
1256,0.31653285026550293,3.4352085344292675e-10,OFFLOADED,1.0,No,1.0,1.0,1.0
1257,0.35762086510658264,1.1886381734382482e-07,OFFLOADED,1.0,No,1.0,1.0,0.0
1258,0.39371955394744873,4.912333743624954e-06,OFFLOADED,1.0,No,1.0,1.0,0.0
1259,0.34635961055755615,3.0825156168765144e-08,OFFLOADED,0.0,Yes,0.0,0.0,0.0
1260,0.5002006888389587,0.0024833206720856517,OFFLOADED,0.0,Yes,0.0,0.0,0.0
1261,0.9319973587989807,0.9930777718586602,ACCEPTED,0.0,Yes,0.0,0.0,0.0
1262,0.5222051739692688,0.0048004377910267244,OFFLOADED,1.0,No,1.0,1.0,1.0
1263,0.26450181007385254,4.064630290270909e-18,OFFLOADED,1.0,No,0.0,1.0,1.0
1264,0.513302206993103,0.003581615901310886,OFFLOADED,1.0,No,1.0,1.0,1.0
1265,0.8394317626953125,0.9020672322607481,ACCEPTED,0.0,Yes,0.0,0.0,0.0
1266,0.33701667189598083,1.2731460127820012e-08,OFFLOADED,1.0,No,1.0,0.0,0.0
1267,0.5432393550872803,0.009834289769187411,OFFLOADED,1.0,No,1.0,1.0,0.0
1268,0.8851380944252014,0.9796603537424707,ACCEPTED,1.0,No,1.0,1.0,1.0
1269,0.25462791323661804,4.5208104414688536e-21,OFFLOADED,1.0,No,1.0,1.0,1.0
1270,0.3057223856449127,2.4111089397045434e-11,OFFLOADED,1.0,No,1.0,1.0,1.0
1271,0.2729742228984833,2.0426102149051474e-16,OFFLOADED,1.0,No,1.0,1.0,1.0
1272,0.2860719859600067,2.979210443131165e-14,OFFLOADED,1.0,No,1.0,1.0,1.0
1273,0.3930211067199707,3.929410546807341e-06,OFFLOADED,1.0,No,1.0,1.0,1.0
1274,0.2989899814128876,3.363549212793622e-12,OFFLOADED,1.0,No,1.0,0.0,0.0
1275,0.42430663108825684,4.62777967551113e-05,OFFLOADED,1.0,No,1.0,1.0,1.0
1276,0.2953298091888428,9.655899225915036e-13,OFFLOADED,1.0,No,1.0,1.0,1.0
1277,0.34774377942085266,2.8312779434262393e-08,OFFLOADED,0.0,Yes,0.0,0.0,0.0
1278,0.25414547324180603,2.3951037422654347e-21,OFFLOADED,1.0,No,1.0,1.0,1.0
1279,0.718501627445221,0.42356733278191605,ACCEPTED,1.0,No,1.0,1.0,1.0
1280,0.3794688880443573,1.0008188445963686e-06,OFFLOADED,1.0,No,1.0,0.0,0.0
1281,0.6430656909942627,0.15144333543183103,ACCEPTED,0.0,Yes,0.0,0.0,0.0
1282,0.3961144685745239,4.575877545189621e-06,OFFLOADED,1.0,No,1.0,0.0,0.0
1283,0.26738739013671875,1.010182557528398e-17,OFFLOADED,1.0,No,1.0,1.0,1.0
1284,0.9012522101402283,0.9865777816784814,ACCEPTED,0.0,Yes,0.0,0.0,0.0
1285,0.27455055713653564,2.7177061228297955e-16,OFFLOADED,1.0,No,1.0,1.0,1.0
1286,0.705089271068573,0.3634766395326161,OFFLOADED,0.0,Yes,0.0,0.0,0.0
1287,0.8795084357261658,0.9755016583171395,ACCEPTED,0.0,Yes,0.0,0.0,0.0
1288,0.9107446074485779,0.9906056940349589,ACCEPTED,0.0,Yes,0.0,0.0,0.0
1289,0.25549623370170593,4.2559503723906364e-21,OFFLOADED,1.0,No,1.0,0.0,0.0
1290,0.3852761387825012,1.769020001233407e-06,OFFLOADED,0.0,Yes,0.0,0.0,0.0
1291,0.2667234241962433,6.8995503898374544e-18,OFFLOADED,1.0,No,1.0,0.0,0.0
1292,0.47036099433898926,0.0006437492408032762,OFFLOADED,1.0,No,1.0,1.0,1.0
1293,0.731354296207428,0.48356583803582587,ACCEPTED,0.0,Yes,0.0,0.0,0.0
1294,0.25807639956474304,3.3802651614038787e-20,OFFLOADED,1.0,No,1.0,1.0,1.0
1295,0.5057639479637146,0.002820392859686538,OFFLOADED,1.0,No,1.0,1.0,1.0
1296,0.3883157968521118,2.2618241615337662e-06,OFFLOADED,1.0,No,0.0,1.0,1.0
1297,0.5280905365943909,0.0052746686761505025,OFFLOADED,0.0,Yes,0.0,0.0,0.0
1298,0.772239089012146,0.6848861340649672,ACCEPTED,0.0,Yes,0.0,0.0,0.0
1299,0.2893620431423187,9.100530646716262e-14,OFFLOADED,1.0,No,1.0,1.0,1.0
1300,0.25756362080574036,1.9586474224628606e-20,OFFLOADED,1.0,No,1.0,1.0,1.0
1301,0.33447954058647156,6.549288324935355e-09,OFFLOADED,1.0,No,1.0,1.0,1.0
1302,0.26060980558395386,1.4452540584995948e-19,OFFLOADED,1.0,No,1.0,0.0,0.0
1303,0.253190815448761,8.957788413843407e-22,OFFLOADED,1.0,No,1.0,0.0,0.0
1304,0.2529708445072174,8.074031226389967e-22,OFFLOADED,1.0,No,0.0,1.0,1.0
1305,0.6073132157325745,0.08095777028996333,OFFLOADED,1.0,No,1.0,1.0,1.0
1306,0.6613548994064331,0.22880918958529742,ACCEPTED,1.0,No,1.0,1.0,1.0
1307,0.2556071877479553,2.6754696630734104e-21,OFFLOADED,1.0,No,0.0,0.0,1.0
1308,0.3450935184955597,2.0060328488470703e-08,OFFLOADED,1.0,No,1.0,1.0,1.0
1309,0.38552331924438477,1.6203869519593508e-06,OFFLOADED,1.0,No,1.0,1.0,1.0
1310,0.6984267234802246,0.3612952316116521,OFFLOADED,1.0,No,1.0,1.0,1.0
1311,0.30214014649391174,5.4037717434176544e-12,OFFLOADED,1.0,No,1.0,1.0,1.0
1312,0.3150998651981354,1.233710227130037e-10,OFFLOADED,1.0,No,1.0,1.0,1.0
1313,0.31139999628067017,5.620901835606103e-11,OFFLOADED,0.0,Yes,0.0,0.0,0.0
1314,0.32320162653923035,5.385506224976607e-10,OFFLOADED,1.0,No,1.0,0.0,0.0
1315,0.3987748324871063,4.876182398121132e-06,OFFLOADED,1.0,No,1.0,1.0,1.0
1316,0.2939215898513794,3.2170771376162183e-13,OFFLOADED,1.0,No,1.0,1.0,1.0
1317,0.42883750796318054,5.7206453188830187e-05,OFFLOADED,0.0,Yes,0.0,0.0,0.0
1318,0.9179959893226624,0.9925776293608041,ACCEPTED,0.0,Yes,0.0,0.0,0.0
1319,0.2518181800842285,4.0975289825088585e-22,OFFLOADED,1.0,No,1.0,0.0,0.0
1320,0.2682191729545593,8.09119661173104e-18,OFFLOADED,1.0,No,1.0,1.0,1.0
1321,0.5459219217300415,0.010084117411510739,OFFLOADED,0.0,Yes,0.0,0.0,0.0
1322,0.8525171279907227,0.9408983340373115,ACCEPTED,1.0,No,1.0,1.0,1.0
1323,0.8176605105400085,0.8537766738948239,ACCEPTED,0.0,Yes,0.0,0.0,0.0
1324,0.28941670060157776,5.762437152465836e-14,OFFLOADED,1.0,No,1.0,1.0,1.0
1325,0.6630505323410034,0.21744463165389366,OFFLOADED,0.0,Yes,0.0,0.0,0.0
1326,0.28004738688468933,1.2184811438659218e-15,OFFLOADED,1.0,No,1.0,1.0,0.0
1327,0.9400365352630615,0.9958329263827359,ACCEPTED,0.0,Yes,0.0,0.0,0.0
1328,0.2665039896965027,2.9385339112189315e-18,OFFLOADED,1.0,No,1.0,1.0,1.0
1329,0.2562720775604248,2.7715836663019473e-21,OFFLOADED,1.0,No,1.0,1.0,1.0
1330,0.28433603048324585,7.439944154654148e-15,OFFLOADED,1.0,No,1.0,1.0,1.0
1331,0.3936735689640045,3.3474003081905826e-06,OFFLOADED,1.0,No,1.0,1.0,1.0
1332,0.2869319021701813,1.7229266056646457e-14,OFFLOADED,1.0,No,1.0,1.0,1.0
1333,0.2587674558162689,1.818335128003864e-20,OFFLOADED,1.0,No,1.0,1.0,1.0
1334,0.2799440920352936,9.293146497148225e-16,OFFLOADED,1.0,No,1.0,1.0,1.0
1335,0.0,0.0,OFFLOADED,0.0,Yes,0.0,0.0,0.0
1336,0.8952689170837402,0.987556594420437,ACCEPTED,0.0,Yes,0.0,0.0,0.0
1337,0.7117670774459839,0.4090327851270834,OFFLOADED,0.0,Yes,0.0,0.0,0.0
1338,0.28763294219970703,2.328278546631221e-14,OFFLOADED,0.0,Yes,0.0,0.0,0.0
1339,0.9057727456092834,0.9918356799856751,ACCEPTED,0.0,Yes,0.0,0.0,0.0
1340,0.470664381980896,0.0006542632387970753,OFFLOADED,1.0,No,0.0,1.0,1.0
1341,0.27338847517967224,7.613667896145541e-17,OFFLOADED,1.0,No,1.0,1.0,1.0
1342,0.4083896577358246,1.1993010898719188e-05,OFFLOADED,1.0,No,1.0,1.0,1.0
1343,0.5246398448944092,0.0050410095698215605,OFFLOADED,1.0,No,1.0,1.0,1.0
1344,0.3211228847503662,3.208228315776275e-10,OFFLOADED,1.0,No,1.0,1.0,1.0
1345,0.251861572265625,1.9762005419565149e-22,OFFLOADED,1.0,No,1.0,1.0,1.0
1346,0.6086742877960205,0.0801581261975971,OFFLOADED,0.0,Yes,0.0,0.0,0.0
1347,0.3501068651676178,2.5767303325886138e-08,OFFLOADED,0.0,Yes,0.0,0.0,0.0
1348,0.253015398979187,2.4382756884732334e-22,OFFLOADED,1.0,No,1.0,1.0,1.0
1349,0.29246872663497925,1.7783022136135594e-13,OFFLOADED,1.0,No,1.0,0.0,0.0
1350,0.6637040376663208,0.2412871118883432,OFFLOADED,1.0,No,1.0,1.0,1.0
1351,0.3033655881881714,6.34963106239144e-12,OFFLOADED,1.0,No,1.0,1.0,1.0
1352,0.25301411747932434,1.9567238573184221e-22,OFFLOADED,1.0,No,1.0,1.0,1.0
1353,0.2853389382362366,7.309070957217856e-15,OFFLOADED,0.0,Yes,0.0,0.0,0.0
1354,0.8069797158241272,0.8349477032862231,ACCEPTED,1.0,No,1.0,1.0,1.0
1355,0.8017212748527527,0.8076636693980319,ACCEPTED,0.0,Yes,0.0,0.0,0.0
1356,0.9118004441261292,0.9932317905446496,ACCEPTED,1.0,No,1.0,1.0,1.0
1357,0.30294737219810486,5.316703074066391e-12,OFFLOADED,1.0,No,1.0,0.0,0.0
1358,0.32463109493255615,6.752412560030671e-10,OFFLOADED,1.0,No,0.0,1.0,1.0
1359,0.2800031006336212,6.976364610116996e-16,OFFLOADED,1.0,No,1.0,0.0,1.0
1360,0.8391489386558533,0.9158892807192794,ACCEPTED,1.0,No,1.0,1.0,0.0
1361,0.31562063097953796,1.0913385049218459e-10,OFFLOADED,1.0,No,0.0,0.0,1.0
1362,0.8413826823234558,0.9167852177730583,ACCEPTED,1.0,No,1.0,1.0,1.0
1363,0.3529076874256134,3.5064082744890225e-08,OFFLOADED,1.0,No,1.0,1.0,1.0
1364,0.2712291181087494,1.6992616579422385e-17,OFFLOADED,1.0,No,1.0,1.0,1.0
1365,0.2680341601371765,3.0330891644808665e-18,OFFLOADED,0.0,Yes,0.0,0.0,0.0
1366,0.27716487646102905,1.786107049363275e-16,OFFLOADED,1.0,No,1.0,1.0,1.0
1367,0.3329032063484192,3.277324622524375e-09,OFFLOADED,1.0,No,1.0,1.0,1.0
1368,0.386920690536499,1.547683409993259e-06,OFFLOADED,1.0,No,1.0,1.0,1.0
1369,0.2548712193965912,3.102491458003571e-22,OFFLOADED,1.0,No,0.0,1.0,0.0
1370,0.4546676278114319,0.0002874776312697628,OFFLOADED,1.0,No,1.0,0.0,0.0
1371,0.8623826503753662,0.9564412272878972,ACCEPTED,0.0,Yes,0.0,0.0,0.0
1372,0.2576373517513275,3.494698149331582e-21,OFFLOADED,1.0,No,1.0,1.0,1.0
1373,0.282717227935791,1.7273911899856645e-15,OFFLOADED,0.0,Yes,0.0,0.0,0.0
1374,0.2704785466194153,1.000244501542164e-17,OFFLOADED,1.0,No,1.0,1.0,1.0
1375,0.8006705641746521,0.8059606369556952,ACCEPTED,0.0,Yes,0.0,0.0,0.0
1376,0.2718539834022522,1.7180089951527602e-17,OFFLOADED,1.0,No,1.0,0.0,0.0
1377,0.540319561958313,0.009125810916219527,OFFLOADED,1.0,No,1.0,1.0,1.0
1378,0.40683838725090027,8.372097687019371e-06,OFFLOADED,1.0,No,1.0,0.0,0.0
1379,0.7443510293960571,0.5651112076825485,ACCEPTED,0.0,Yes,0.0,0.0,0.0
1380,0.9359659552574158,0.9961221342588368,ACCEPTED,1.0,No,1.0,1.0,1.0
1381,0.34077826142311096,8.358798887745504e-09,OFFLOADED,0.0,Yes,0.0,0.0,0.0
1382,0.6916777491569519,0.34952612655176607,ACCEPTED,1.0,No,1.0,1.0,1.0
1383,0.25085973739624023,7.549805905452996e-23,OFFLOADED,1.0,No,1.0,1.0,1.0
1384,0.259324848651886,9.821837941688498e-21,OFFLOADED,1.0,No,1.0,1.0,1.0
1385,0.28219109773635864,1.3034894854203671e-15,OFFLOADED,1.0,No,1.0,1.0,1.0
1386,0.9126756191253662,0.9927866188036768,ACCEPTED,0.0,Yes,0.0,0.0,0.0
1387,0.0,0.0,OFFLOADED,0.0,Yes,0.0,0.0,0.0
1388,0.896899938583374,0.9893720251548251,ACCEPTED,1.0,No,1.0,1.0,1.0
1389,0.3314080834388733,2.0200269941942215e-09,OFFLOADED,1.0,No,1.0,1.0,0.0
1390,0.886383056640625,0.9837925625279063,ACCEPTED,1.0,No,1.0,1.0,1.0
1391,0.7391111850738525,0.5446130615545987,ACCEPTED,0.0,Yes,0.0,0.0,0.0
1392,0.314028263092041,5.3995548196236415e-11,OFFLOADED,1.0,No,1.0,1.0,1.0
1393,0.25621187686920166,5.82516782074158e-22,OFFLOADED,1.0,No,1.0,1.0,1.0
1394,0.2670469284057617,1.1127765767999123e-18,OFFLOADED,1.0,No,1.0,1.0,1.0
1395,0.2581470012664795,3.425417023763403e-21,OFFLOADED,1.0,No,1.0,0.0,0.0
1396,0.2781928479671478,1.8484361321683046e-16,OFFLOADED,1.0,No,1.0,0.0,0.0
1397,0.2825721800327301,1.373373829610684e-15,OFFLOADED,1.0,No,1.0,1.0,1.0
1398,0.5588113069534302,0.017019845417869453,OFFLOADED,0.0,Yes,0.0,0.0,0.0
1399,0.5756980776786804,0.030597541837070443,OFFLOADED,0.0,Yes,0.0,0.0,0.0
1400,0.251075804233551,4.8548140863469986e-23,OFFLOADED,1.0,No,1.0,1.0,1.0
1401,0.8790714740753174,0.9791826502801401,ACCEPTED,0.0,Yes,0.0,0.0,0.0
1402,0.28659340739250183,7.557909418584439e-15,OFFLOADED,1.0,No,1.0,1.0,1.0
1403,0.30922502279281616,2.1207423971747084e-11,OFFLOADED,1.0,No,1.0,1.0,1.0
1404,0.48392847180366516,0.001200294441100065,OFFLOADED,1.0,No,1.0,1.0,0.0
1405,0.2794099748134613,2.805179494551697e-16,OFFLOADED,1.0,No,1.0,1.0,0.0
1406,0.29578375816345215,3.18662119292001e-13,OFFLOADED,1.0,No,1.0,0.0,0.0
1407,0.2972685992717743,4.898338911253616e-13,OFFLOADED,1.0,No,1.0,1.0,1.0
1408,0.9125662446022034,0.993018628111178,ACCEPTED,0.0,Yes,0.0,0.0,0.0
1409,0.39492589235305786,2.742952437437065e-06,OFFLOADED,1.0,No,1.0,1.0,1.0
1410,0.36900368332862854,1.9332442488797703e-07,OFFLOADED,0.0,Yes,0.0,0.0,0.0
1411,0.42862439155578613,5.767469929973643e-05,OFFLOADED,1.0,No,1.0,1.0,1.0
1412,0.2703368365764618,4.428463745411821e-18,OFFLOADED,1.0,No,1.0,1.0,1.0
1413,0.9078291058540344,0.9926514485468383,ACCEPTED,0.0,Yes,0.0,0.0,0.0
1414,0.2693463861942291,2.543804205729979e-18,OFFLOADED,1.0,No,1.0,1.0,1.0
1415,0.2518492043018341,2.7895557684249445e-23,OFFLOADED,1.0,No,0.0,1.0,1.0
1416,0.46957463026046753,0.0005458312372156867,OFFLOADED,0.0,Yes,0.0,0.0,0.0
1417,0.0,0.0,OFFLOADED,0.0,Yes,0.0,0.0,0.0
1418,0.26706576347351074,6.653509567195334e-19,OFFLOADED,1.0,No,1.0,0.0,1.0
1419,0.6653590202331543,0.24207618968025132,ACCEPTED,0.0,Yes,0.0,0.0,0.0
1420,0.2532767355442047,3.602166984998535e-23,OFFLOADED,1.0,No,1.0,1.0,1.0
1421,0.8493179678916931,0.939818661149899,ACCEPTED,0.0,Yes,0.0,0.0,0.0
1422,0.26280322670936584,5.482698433875607e-20,OFFLOADED,1.0,No,1.0,1.0,1.0
1423,0.6520320177078247,0.21056901511899642,OFFLOADED,1.0,No,1.0,1.0,0.0
1424,0.3667502701282501,1.5878048492015585e-07,OFFLOADED,1.0,No,1.0,1.0,1.0
1425,0.25649911165237427,3.425070884842933e-22,OFFLOADED,0.0,Yes,0.0,0.0,0.0
1426,0.7478907108306885,0.6055327720744704,ACCEPTED,1.0,No,1.0,1.0,1.0
1427,0.25239139795303345,2.4133245584965557e-23,OFFLOADED,1.0,No,1.0,1.0,1.0
1428,0.31097689270973206,2.6518016715611756e-11,OFFLOADED,1.0,No,1.0,1.0,1.0
1429,0.30325788259506226,2.8370481042250185e-12,OFFLOADED,1.0,No,1.0,1.0,1.0
1430,0.27197787165641785,7.545021812158552e-18,OFFLOADED,1.0,No,1.0,0.0,0.0
1431,0.4157121777534485,1.879079080063877e-05,OFFLOADED,0.0,Yes,0.0,0.0,0.0
1432,0.29387298226356506,1.1517277801559632e-13,OFFLOADED,1.0,No,1.0,1.0,1.0
1433,0.0,0.0,OFFLOADED,0.0,Yes,0.0,0.0,0.0
1434,0.2603905200958252,7.412251449012306e-21,OFFLOADED,1.0,No,1.0,0.0,0.0
1435,0.7966243624687195,0.8021525528337234,ACCEPTED,0.0,Yes,0.0,0.0,0.0
1436,0.30795297026634216,1.2179579984519027e-11,OFFLOADED,1.0,No,1.0,1.0,1.0
1437,0.5687158703804016,0.025208513090244012,OFFLOADED,1.0,No,1.0,0.0,0.0
1438,0.2610432505607605,1.0575691374467132e-20,OFFLOADED,1.0,No,1.0,1.0,1.0
1439,0.7555097937583923,0.6382378960583567,ACCEPTED,0.0,Yes,0.0,0.0,0.0
1440,0.0,0.0,OFFLOADED,0.0,Yes,0.0,0.0,0.0
1441,0.6906570196151733,0.34792521496330264,OFFLOADED,1.0,No,1.0,1.0,0.0
1442,0.5177589058876038,0.0037091184590561693,OFFLOADED,1.0,No,0.0,1.0,1.0
1443,0.9634496569633484,0.9983229035504448,ACCEPTED,0.0,Yes,0.0,0.0,0.0
1444,0.9084115028381348,0.9938157897189421,ACCEPTED,0.0,Yes,0.0,0.0,0.0
1445,0.2719153165817261,5.7542976308999e-18,OFFLOADED,1.0,No,1.0,1.0,1.0
1446,0.961404025554657,0.9983957947034615,ACCEPTED,0.0,Yes,0.0,0.0,0.0
1447,0.5728715062141418,0.027025864151007106,OFFLOADED,1.0,No,1.0,1.0,1.0
1448,0.5085138082504272,0.002548961136958959,OFFLOADED,0.0,Yes,0.0,0.0,0.0
1449,0.599159300327301,0.06096991839938235,ACCEPTED,1.0,No,1.0,0.0,0.0
1450,0.4402199983596802,0.00011103954352810744,OFFLOADED,1.0,No,1.0,1.0,1.0
1451,0.2768596112728119,4.558032612607392e-17,OFFLOADED,1.0,No,1.0,1.0,1.0
1452,0.29007208347320557,1.7636724217959448e-14,OFFLOADED,1.0,No,1.0,0.0,0.0
1453,0.6364865303039551,0.14114224756648114,OFFLOADED,0.0,Yes,0.0,0.0,0.0
1454,0.7007705569267273,0.38012567496393124,ACCEPTED,0.0,Yes,0.0,0.0,0.0
1455,0.5027052164077759,0.002332001158967355,OFFLOADED,1.0,No,1.0,1.0,1.0
1456,0.7009053826332092,0.39445397640549157,ACCEPTED,1.0,No,1.0,1.0,1.0
1457,0.33637863397598267,4.017649839244087e-09,OFFLOADED,1.0,No,1.0,1.0,1.0
1458,0.2687540352344513,8.044779619169278e-19,OFFLOADED,1.0,No,1.0,1.0,1.0
1459,0.6790573000907898,0.2885313732547611,OFFLOADED,1.0,No,1.0,1.0,1.0
1460,0.2562994658946991,1.1327042961262175e-22,OFFLOADED,1.0,No,1.0,1.0,1.0
1461,0.25599560141563416,7.857136217666431e-23,OFFLOADED,1.0,No,1.0,0.0,0.0
1462,0.3403434455394745,6.193135266601167e-09,OFFLOADED,1.0,No,1.0,0.0,0.0
1463,0.25139012932777405,7.041257191819762e-24,OFFLOADED,1.0,No,1.0,1.0,1.0
1464,0.34896013140678406,1.3321680742306795e-08,OFFLOADED,1.0,No,1.0,0.0,1.0
1465,0.8944902420043945,0.9903264127873993,ACCEPTED,1.0,No,1.0,1.0,1.0
1466,0.27785298228263855,4.906407361558855e-17,OFFLOADED,1.0,No,0.0,1.0,1.0
1467,0.5030699372291565,0.0020596174906728584,OFFLOADED,1.0,No,1.0,1.0,1.0
1468,0.350333034992218,1.3814107253212362e-08,OFFLOADED,1.0,No,1.0,0.0,0.0
1469,0.26262572407722473,1.3005559027953404e-20,OFFLOADED,1.0,No,0.0,1.0,1.0
1470,0.30229946970939636,1.117699263537546e-12,OFFLOADED,1.0,No,1.0,1.0,1.0
1471,0.3626251220703125,6.602889746493382e-08,OFFLOADED,1.0,No,1.0,0.0,1.0
1472,0.42070436477661133,2.1246374250259638e-05,OFFLOADED,1.0,No,0.0,1.0,1.0
1473,0.9420474171638489,0.9972405014004894,ACCEPTED,0.0,Yes,0.0,0.0,0.0
1474,0.2810904383659363,1.7330873996813937e-16,OFFLOADED,1.0,No,1.0,1.0,1.0
1475,0.8382577300071716,0.920567385361928,ACCEPTED,0.0,Yes,0.0,0.0,0.0
1476,0.2555786669254303,2.856029493990259e-23,OFFLOADED,1.0,No,1.0,1.0,1.0
1477,0.3336987793445587,1.53519786053149e-09,OFFLOADED,1.0,No,0.0,1.0,0.0
1478,0.30161839723587036,7.132456131582062e-13,OFFLOADED,1.0,No,1.0,1.0,0.0
1479,0.2860095202922821,1.37438184088045e-15,OFFLOADED,1.0,No,1.0,1.0,1.0
1480,0.8286545276641846,0.904883366853893,ACCEPTED,0.0,Yes,0.0,0.0,0.0
1481,0.0,0.0,OFFLOADED,0.0,Yes,0.0,0.0,0.0
1482,0.2743505835533142,7.462775368659265e-18,OFFLOADED,1.0,No,1.0,0.0,0.0
1483,0.8554001450538635,0.9587965717005178,ACCEPTED,0.0,Yes,0.0,0.0,0.0
1484,0.31252017617225647,1.726909675970301e-11,OFFLOADED,1.0,No,1.0,1.0,0.0
1485,0.25663208961486816,6.266911622210529e-23,OFFLOADED,1.0,No,1.0,1.0,1.0
1486,0.2897418141365051,7.111060627770416e-15,OFFLOADED,1.0,No,1.0,1.0,1.0
1487,0.3911840319633484,1.2936542181865793e-06,OFFLOADED,1.0,No,1.0,1.0,1.0
1488,0.27898088097572327,4.206167975648245e-17,OFFLOADED,1.0,No,1.0,1.0,1.0
1489,0.9101495146751404,0.9951153197929203,ACCEPTED,1.0,No,1.0,1.0,1.0
1490,0.9447950720787048,0.997790115743881,ACCEPTED,0.0,Yes,0.0,0.0,0.0
1491,0.26627910137176514,6.20124130999555e-20,OFFLOADED,1.0,No,1.0,1.0,1.0
1492,0.5650791525840759,0.018950514809585966,OFFLOADED,1.0,No,1.0,1.0,1.0
1493,0.2544010281562805,5.36700603558923e-24,OFFLOADED,1.0,No,1.0,1.0,1.0
1494,0.9360808730125427,0.9974255527379992,ACCEPTED,0.0,Yes,0.0,0.0,0.0
1495,0.3363191485404968,2.2057581632608946e-09,OFFLOADED,1.0,No,1.0,1.0,1.0
1496,0.39902642369270325,2.609679455454816e-06,OFFLOADED,1.0,No,1.0,1.0,1.0
1497,0.3844521641731262,5.78118193168977e-07,OFFLOADED,1.0,No,0.0,1.0,1.0
1498,0.8492671251296997,0.9511253139713056,ACCEPTED,0.0,Yes,0.0,0.0,0.0
1499,0.45727068185806274,0.00022554828407237316,OFFLOADED,1.0,No,1.0,1.0,1.0
1500,0.36286258697509766,4.5861272821149186e-08,OFFLOADED,0.0,Yes,0.0,0.0,0.0
1501,0.0,0.0,OFFLOADED,0.0,Yes,0.0,0.0,0.0
1502,0.2730555832386017,2.2620924399522857e-18,OFFLOADED,1.0,No,1.0,1.0,1.0
1503,0.2797357738018036,4.529640464534862e-17,OFFLOADED,1.0,No,0.0,1.0,1.0
1504,0.37687718868255615,2.3750349029390978e-07,OFFLOADED,1.0,No,1.0,1.0,1.0
1505,0.2674025297164917,7.781147403565979e-20,OFFLOADED,1.0,No,1.0,1.0,0.0
1506,0.3772023618221283,2.3213896745591837e-07,OFFLOADED,1.0,No,0.0,0.0,1.0
1507,0.8636871576309204,0.9740284440105248,ACCEPTED,0.0,Yes,0.0,0.0,0.0
1508,0.7715321779251099,0.7270086768069094,OFFLOADED,1.0,No,1.0,1.0,1.0
1509,0.43386751413345337,5.310844625982097e-05,OFFLOADED,1.0,No,1.0,1.0,1.0
1510,0.421220600605011,1.7326889149695403e-05,OFFLOADED,1.0,No,1.0,1.0,1.0
1511,0.7357416152954102,0.5369814118056333,ACCEPTED,1.0,No,1.0,1.0,1.0
1512,0.2741374373435974,2.8066247853428937e-18,OFFLOADED,1.0,No,1.0,1.0,1.0
1513,0.3689844012260437,7.710288739996634e-08,OFFLOADED,1.0,No,1.0,0.0,0.0
1514,0.25388428568840027,1.709697575891465e-24,OFFLOADED,1.0,No,1.0,1.0,1.0
1515,0.8330826163291931,0.9186592229272249,ACCEPTED,0.0,Yes,0.0,0.0,0.0
1516,0.289111465215683,2.6474092697640524e-15,OFFLOADED,1.0,No,1.0,1.0,1.0
1517,0.8907890915870667,0.9909235893262371,ACCEPTED,0.0,Yes,0.0,0.0,0.0
1518,0.32443904876708984,1.1286105540212132e-10,OFFLOADED,1.0,No,1.0,1.0,1.0
1519,0.2600274980068207,3.477552118445858e-22,OFFLOADED,1.0,No,1.0,1.0,1.0
1520,0.33841022849082947,1.886226311679155e-09,OFFLOADED,1.0,No,1.0,1.0,1.0
1521,0.25790858268737793,6.268252737748777e-23,OFFLOADED,1.0,No,1.0,1.0,1.0
1522,0.2814747989177704,6.494277154052396e-17,OFFLOADED,1.0,No,1.0,1.0,1.0
1523,0.2651228904724121,1.0804365712632865e-20,OFFLOADED,1.0,No,1.0,1.0,0.0
1524,0.0,0.0,OFFLOADED,0.0,Yes,0.0,0.0,0.0
1525,0.4487771987915039,0.00012783896551063929,OFFLOADED,1.0,No,1.0,0.0,0.0
1526,0.25711965560913086,2.3530112974984683e-23,OFFLOADED,1.0,No,1.0,0.0,0.0
1527,0.8155291080474854,0.8837374004895054,ACCEPTED,1.0,No,1.0,1.0,1.0
1528,0.27051302790641785,2.6152135496191706e-19,OFFLOADED,1.0,No,1.0,1.0,1.0
1529,0.31317195296287537,8.459410112371561e-12,OFFLOADED,1.0,No,1.0,1.0,0.0
1530,0.31592121720314026,1.519306989275653e-11,OFFLOADED,1.0,No,1.0,0.0,0.0
1531,0.25382155179977417,7.691564146347874e-25,OFFLOADED,1.0,No,1.0,1.0,1.0
1532,0.38625770807266235,4.775002516061465e-07,OFFLOADED,1.0,No,1.0,1.0,1.0
1533,0.3048011362552643,7.36199989478655e-13,OFFLOADED,1.0,No,1.0,0.0,0.0
1534,0.8095982074737549,0.8605083202460907,ACCEPTED,1.0,No,1.0,1.0,0.0
1535,0.31303322315216064,6.7969468064953705e-12,OFFLOADED,1.0,No,1.0,1.0,1.0
1536,0.3270244300365448,1.7200690018333254e-10,OFFLOADED,1.0,No,1.0,1.0,1.0
1537,0.26394039392471313,2.86277435232663e-21,OFFLOADED,1.0,No,1.0,1.0,1.0
1538,0.25186553597450256,2.970664766926134e-25,OFFLOADED,1.0,No,1.0,1.0,1.0
1539,0.26722395420074463,2.2284616368527847e-20,OFFLOADED,1.0,No,1.0,1.0,0.0
1540,0.27261626720428467,5.348291973754054e-19,OFFLOADED,1.0,No,1.0,1.0,1.0
1541,0.3000304102897644,1.242084735663961e-13,OFFLOADED,1.0,No,1.0,1.0,1.0
1542,0.2601664364337921,1.4988981282539227e-22,OFFLOADED,1.0,No,1.0,1.0,1.0
1543,0.29780149459838867,5.428967844692224e-14,OFFLOADED,1.0,No,1.0,1.0,1.0
1544,0.9118647575378418,0.9955176932559907,ACCEPTED,1.0,No,1.0,1.0,0.0
1545,0.9323588609695435,0.9972641241768884,ACCEPTED,1.0,No,1.0,1.0,1.0
1546,0.2973831295967102,4.3442234728749355e-14,OFFLOADED,1.0,No,1.0,1.0,1.0
1547,0.8042904138565063,0.8360769889148572,ACCEPTED,0.0,Yes,0.0,0.0,0.0
1548,0.28899040818214417,1.1632760389721862e-15,OFFLOADED,1.0,No,0.0,1.0,1.0
1549,0.26080140471458435,2.1285143429034246e-22,OFFLOADED,1.0,No,1.0,1.0,1.0
1550,0.6013573408126831,0.05932843893233476,OFFLOADED,1.0,No,1.0,0.0,0.0
1551,0.39653897285461426,1.2631683871751006e-06,OFFLOADED,1.0,No,1.0,1.0,1.0
1552,0.6731746792793274,0.24554353942816715,OFFLOADED,0.0,Yes,0.0,0.0,0.0
1553,0.2553257346153259,1.100075211339645e-24,OFFLOADED,1.0,No,1.0,1.0,1.0
1554,0.2665172219276428,9.289709475296732e-21,OFFLOADED,1.0,No,1.0,1.0,0.0
1555,0.2541465163230896,3.449939445957783e-25,OFFLOADED,1.0,No,1.0,1.0,1.0
1556,0.8562554717063904,0.9635340345023978,ACCEPTED,0.0,Yes,0.0,0.0,0.0
1557,0.8934621214866638,0.9920277005549418,ACCEPTED,1.0,No,1.0,1.0,1.0
1558,0.32939642667770386,2.64009909556413e-10,OFFLOADED,1.0,No,1.0,1.0,1.0
1559,0.4089835584163666,4.742887356257729e-06,OFFLOADED,1.0,No,1.0,1.0,1.0
1560,0.4382288455963135,6.17753293114553e-05,OFFLOADED,1.0,No,1.0,1.0,1.0
1561,0.25741270184516907,8.600627177949346e-24,OFFLOADED,1.0,No,1.0,0.0,0.0
1562,0.8037126660346985,0.8449923355192643,ACCEPTED,0.0,Yes,0.0,0.0,0.0
1563,0.29521068930625916,1.5140890605754557e-14,OFFLOADED,1.0,No,1.0,1.0,1.0
1564,0.6365079283714294,0.1417316189289953,OFFLOADED,1.0,No,1.0,1.0,1.0
1565,0.48823195695877075,0.0009139976283574409,OFFLOADED,1.0,No,1.0,1.0,1.0
1566,0.4172241985797882,8.908522191275831e-06,OFFLOADED,1.0,No,0.0,0.0,1.0
1567,0.2630227208137512,6.252736272070643e-22,OFFLOADED,1.0,No,1.0,1.0,1.0
1568,0.9231840372085571,0.9966356211486338,ACCEPTED,0.0,Yes,0.0,0.0,0.0
1569,0.66792893409729,0.23424253267630463,OFFLOADED,1.0,No,1.0,0.0,0.0
1570,0.46058666706085205,0.00018892791697583972,OFFLOADED,1.0,No,1.0,1.0,1.0
1571,0.38032272458076477,1.4854611562572167e-07,OFFLOADED,1.0,No,1.0,0.0,1.0
1572,0.4008786082267761,1.4572390588204916e-06,OFFLOADED,0.0,Yes,0.0,0.0,0.0
1573,0.3085176646709442,1.198337825115157e-12,OFFLOADED,1.0,No,0.0,1.0,1.0
1574,0.2629755735397339,4.895518573266643e-22,OFFLOADED,1.0,No,1.0,1.0,1.0
1575,0.2855361998081207,1.239533050748748e-16,OFFLOADED,1.0,No,1.0,1.0,1.0
1576,0.274334579706192,5.597877610652543e-19,OFFLOADED,1.0,No,1.0,1.0,1.0
1577,0.2573640048503876,4.198745938529008e-24,OFFLOADED,1.0,No,1.0,1.0,1.0
1578,0.6316615343093872,0.11713019078744967,OFFLOADED,1.0,No,1.0,1.0,0.0
1579,0.2886928915977478,4.811503712066153e-16,OFFLOADED,1.0,No,1.0,1.0,1.0
1580,0.648374080657959,0.15861491415613538,OFFLOADED,1.0,No,1.0,1.0,1.0
1581,0.7477774620056152,0.5782945000091965,ACCEPTED,1.0,No,1.0,1.0,1.0
1582,0.25602540373802185,6.627117009646173e-25,OFFLOADED,1.0,No,1.0,1.0,1.0
1583,0.2704179883003235,4.824405945141535e-20,OFFLOADED,1.0,No,1.0,1.0,1.0
1584,0.593508780002594,0.03718217625800619,OFFLOADED,1.0,No,1.0,1.0,1.0
1585,0.29445067048072815,6.225137941797315e-15,OFFLOADED,1.0,No,0.0,1.0,1.0
1586,0.27605554461479187,8.102954745387997e-19,OFFLOADED,1.0,No,1.0,1.0,0.0
1587,0.25689491629600525,1.5492371576953505e-24,OFFLOADED,1.0,No,1.0,1.0,1.0
1588,0.43518343567848206,3.1213219330437304e-05,OFFLOADED,1.0,No,1.0,1.0,1.0
1589,0.2622377574443817,1.47271126520669e-22,OFFLOADED,1.0,No,1.0,1.0,1.0
1590,0.2514658570289612,2.8822284552378767e-26,OFFLOADED,1.0,No,1.0,1.0,0.0
1591,0.30777978897094727,6.933187762526492e-13,OFFLOADED,1.0,No,1.0,0.0,0.0
1592,0.7426605224609375,0.5365796695598297,OFFLOADED,0.0,Yes,0.0,0.0,0.0
1593,0.27773791551589966,1.4631637274312858e-18,OFFLOADED,1.0,No,1.0,1.0,1.0
1594,0.25483471155166626,1.127200959915613e-25,OFFLOADED,1.0,No,1.0,1.0,1.0
1595,0.43859559297561646,3.9727733205108865e-05,OFFLOADED,1.0,No,1.0,1.0,1.0
1596,0.8616431355476379,0.9728992711114598,ACCEPTED,1.0,No,1.0,1.0,1.0
1597,0.7447966933250427,0.5611812445184746,OFFLOADED,0.0,Yes,0.0,0.0,0.0
1598,0.7652401328086853,0.6856463399827756,ACCEPTED,0.0,Yes,0.0,0.0,0.0
1599,0.25024157762527466,2.26206876400468e-26,OFFLOADED,1.0,No,1.0,1.0,1.0
1600,0.3506692945957184,3.0164533040642664e-09,OFFLOADED,1.0,No,1.0,0.0,0.0
1601,0.37729132175445557,8.299319961088363e-08,OFFLOADED,1.0,No,1.0,1.0,1.0
1602,0.27946043014526367,3.211203343150234e-18,OFFLOADED,1.0,No,1.0,0.0,0.0
1603,0.25485333800315857,8.853859543686639e-26,OFFLOADED,1.0,No,1.0,1.0,1.0
1604,0.7807192206382751,0.7611919252067487,ACCEPTED,1.0,No,1.0,1.0,1.0
1605,0.33357036113739014,2.710573789606111e-10,OFFLOADED,1.0,No,1.0,1.0,1.0
1606,0.7333776950836182,0.5175675097914563,ACCEPTED,1.0,No,1.0,1.0,1.0
1607,0.25502386689186096,9.248934318676266e-26,OFFLOADED,1.0,No,1.0,1.0,1.0
1608,0.29927706718444824,2.924783818719454e-14,OFFLOADED,1.0,No,1.0,0.0,1.0
1609,0.3490675389766693,2.1086332394771184e-09,OFFLOADED,1.0,No,1.0,1.0,0.0
1610,0.8859347701072693,0.988661201220978,ACCEPTED,1.0,No,1.0,1.0,1.0
1611,0.3002152144908905,3.6449696198696104e-14,OFFLOADED,1.0,No,1.0,1.0,1.0
1612,0.2840442359447479,2.9529885981517555e-17,OFFLOADED,1.0,No,1.0,1.0,1.0
1613,0.7634201049804688,0.6690911648314133,ACCEPTED,0.0,Yes,0.0,0.0,0.0
1614,0.26524096727371216,7.059409434923586e-22,OFFLOADED,1.0,No,1.0,1.0,0.0
1615,0.25888946652412415,4.730970214943803e-24,OFFLOADED,1.0,No,0.0,1.0,1.0
1616,0.27009767293930054,1.6396301936698393e-20,OFFLOADED,1.0,No,0.0,1.0,1.0
1617,0.2766777575016022,5.06743398305022e-19,OFFLOADED,1.0,No,1.0,0.0,1.0
1618,0.5561662912368774,0.010294030884023902,OFFLOADED,1.0,No,1.0,1.0,1.0
1619,0.36943987011909485,2.985029450264897e-08,OFFLOADED,1.0,No,1.0,1.0,1.0
1620,0.25650620460510254,2.8771743581283066e-25,OFFLOADED,1.0,No,1.0,1.0,0.0
1621,0.26948660612106323,9.159804669555373e-21,OFFLOADED,1.0,No,1.0,0.0,0.0
1622,0.611937403678894,0.06520534260246383,OFFLOADED,1.0,No,1.0,1.0,1.0
1623,0.4386632740497589,3.425092751679705e-05,OFFLOADED,1.0,No,1.0,0.0,0.0
1624,0.5933030843734741,0.03400872153255741,OFFLOADED,0.0,Yes,0.0,0.0,0.0
1625,0.7457244396209717,0.5789294370120383,OFFLOADED,0.0,Yes,0.0,0.0,0.0
1626,0.3038455843925476,1.1692817800966954e-13,OFFLOADED,1.0,No,1.0,1.0,1.0
1627,0.7826278805732727,0.7673334757273277,ACCEPTED,1.0,No,1.0,1.0,1.0
1628,0.40380048751831055,1.4491248674856922e-06,OFFLOADED,1.0,No,1.0,1.0,1.0
1629,0.9475095272064209,0.9980913240031462,ACCEPTED,0.0,Yes,0.0,0.0,0.0
1630,0.3052387833595276,1.7560558645218521e-13,OFFLOADED,1.0,No,1.0,1.0,1.0
1631,0.2509315609931946,5.880469464138292e-27,OFFLOADED,1.0,No,1.0,1.0,0.0
1632,0.9116737246513367,0.9952837968159237,ACCEPTED,0.0,Yes,0.0,0.0,0.0
1633,0.7069846987724304,0.38173981111947286,OFFLOADED,1.0,No,1.0,1.0,1.0
1634,0.26775848865509033,2.1109953330452153e-21,OFFLOADED,1.0,No,0.0,1.0,1.0
1635,0.29983019828796387,2.1123878588050497e-14,OFFLOADED,1.0,No,1.0,1.0,1.0
1636,0.644027829170227,0.13351361453456698,OFFLOADED,1.0,No,1.0,1.0,1.0
1637,0.9147152900695801,0.9957474348431491,ACCEPTED,1.0,No,1.0,1.0,1.0
1638,0.26670098304748535,8.127827824823694e-22,OFFLOADED,1.0,No,1.0,1.0,1.0
1639,0.9214029312133789,0.9962364749450218,ACCEPTED,0.0,Yes,0.0,0.0,0.0
1640,0.7896319627761841,0.7790696309389374,ACCEPTED,0.0,Yes,0.0,0.0,0.0
1641,0.36436015367507935,1.258818747473114e-08,OFFLOADED,1.0,No,1.0,0.0,0.0
1642,0.8239406943321228,0.9028212826232274,ACCEPTED,0.0,Yes,0.0,0.0,0.0
1643,0.2599061131477356,4.661412557428519e-24,OFFLOADED,1.0,No,1.0,1.0,1.0
1644,0.9543107151985168,0.9986774633811362,ACCEPTED,0.0,Yes,0.0,0.0,0.0
1645,0.3764089345932007,5.266982707808309e-08,OFFLOADED,0.0,Yes,0.0,0.0,0.0
1646,0.32798635959625244,5.689115590389718e-11,OFFLOADED,1.0,No,1.0,1.0,1.0
1647,0.3308379054069519,1.0261283984413656e-10,OFFLOADED,0.0,Yes,0.0,0.0,0.0
1648,0.26013362407684326,5.771057578106284e-24,OFFLOADED,1.0,No,1.0,1.0,1.0
1649,0.4630029499530792,0.00015210700572630359,OFFLOADED,1.0,No,1.0,1.0,1.0
1650,0.5582610368728638,0.00981960382642387,OFFLOADED,1.0,No,1.0,1.0,0.0
1651,0.6533327698707581,0.15699652327002755,OFFLOADED,1.0,No,1.0,1.0,1.0
1652,0.35295337438583374,2.1775224601831704e-09,OFFLOADED,1.0,No,0.0,1.0,1.0
1653,0.3608434200286865,6.741463922856121e-09,OFFLOADED,1.0,No,1.0,0.0,0.0
1654,0.4079529643058777,1.5933470578067463e-06,OFFLOADED,1.0,No,1.0,0.0,0.0
1655,0.32952457666397095,5.823426652342656e-11,OFFLOADED,1.0,No,1.0,0.0,1.0
1656,0.9348303079605103,0.997866029589761,ACCEPTED,1.0,No,1.0,1.0,1.0
1657,0.2648240029811859,1.5817030292854627e-22,OFFLOADED,1.0,No,0.0,1.0,1.0
1658,0.2893579304218292,1.3816538068813232e-16,OFFLOADED,1.0,No,1.0,1.0,1.0
1659,0.8354238867759705,0.9313152588789614,ACCEPTED,1.0,No,1.0,1.0,1.0
1660,0.2624569237232208,2.3344207528855587e-23,OFFLOADED,1.0,No,1.0,1.0,1.0
1661,0.2558857202529907,3.608892271556115e-26,OFFLOADED,1.0,No,1.0,1.0,1.0
1662,0.33115872740745544,7.840314620482432e-11,OFFLOADED,1.0,No,0.0,1.0,1.0
1663,0.26009875535964966,2.7827161957815373e-24,OFFLOADED,1.0,No,1.0,1.0,1.0
1664,0.7546801567077637,0.629915955630558,OFFLOADED,0.0,Yes,0.0,0.0,0.0
1665,0.6886935234069824,0.285817692980005,ACCEPTED,0.0,Yes,0.0,0.0,0.0
1666,0.27157703042030334,1.3156590595585683e-20,OFFLOADED,1.0,No,1.0,0.0,0.0
1667,0.2513990104198456,1.847969674569077e-27,OFFLOADED,1.0,No,1.0,1.0,1.0
1668,0.8021459579467773,0.853692915512815,ACCEPTED,1.0,No,1.0,1.0,1.0
1669,0.2697206139564514,4.037426278380891e-21,OFFLOADED,1.0,No,1.0,0.0,0.0
1670,0.5576857328414917,0.00909323049077982,OFFLOADED,0.0,Yes,0.0,0.0,0.0
1671,0.3006872832775116,1.865310941126098e-14,OFFLOADED,1.0,No,1.0,1.0,0.0
1672,0.25216877460479736,1.7376980587648006e-27,OFFLOADED,1.0,No,1.0,1.0,1.0
1673,0.8357886672019958,0.9285995353967464,ACCEPTED,0.0,Yes,0.0,0.0,0.0
1674,0.5534684062004089,0.008490385883239285,OFFLOADED,0.0,Yes,0.0,0.0,0.0
1675,0.2783104181289673,4.643208897017921e-19,OFFLOADED,1.0,No,1.0,1.0,1.0
1676,0.28311246633529663,7.517979084866647e-18,OFFLOADED,1.0,No,1.0,1.0,1.0
1677,0.5035017728805542,0.0012719172852170373,OFFLOADED,1.0,No,1.0,1.0,1.0
1678,0.25254660844802856,1.5737353269156664e-27,OFFLOADED,1.0,No,1.0,1.0,0.0
1679,0.9609450101852417,0.9989270640181643,ACCEPTED,0.0,Yes,0.0,0.0,0.0
1680,0.2604742646217346,3.307576644098745e-24,OFFLOADED,1.0,No,1.0,1.0,1.0
1681,0.7591129541397095,0.670983464360154,ACCEPTED,0.0,Yes,0.0,0.0,0.0
1682,0.4938959777355194,0.0008425420134262753,OFFLOADED,0.0,Yes,0.0,0.0,0.0
1683,0.35124704241752625,1.72743098488773e-09,OFFLOADED,1.0,No,1.0,1.0,1.0
1684,0.25907835364341736,8.61673969629268e-25,OFFLOADED,1.0,No,1.0,1.0,1.0
1685,0.7100954055786133,0.40198737994722594,ACCEPTED,0.0,Yes,0.0,0.0,0.0
1686,0.6307420134544373,0.10217683590409012,OFFLOADED,0.0,Yes,0.0,0.0,0.0
1687,0.2717578411102295,1.3206410221404153e-20,OFFLOADED,1.0,No,1.0,0.0,1.0
1688,0.32926836609840393,6.078569532803906e-11,OFFLOADED,1.0,No,1.0,1.0,1.0
1689,0.3621163070201874,9.339686768055887e-09,OFFLOADED,1.0,No,1.0,1.0,1.0
1690,0.4471779763698578,6.669688189737032e-05,OFFLOADED,1.0,No,1.0,1.0,1.0
1691,0.3824799954891205,1.124910906738375e-07,OFFLOADED,1.0,No,1.0,1.0,1.0
1692,0.5997099876403809,0.04675139062332412,OFFLOADED,1.0,No,1.0,1.0,1.0
1693,0.8843446969985962,0.9895249302513957,ACCEPTED,0.0,Yes,0.0,0.0,0.0
1694,0.29790839552879333,5.05839842376094e-15,OFFLOADED,1.0,No,1.0,0.0,1.0
1695,0.255336195230484,8.838023287179168e-27,OFFLOADED,1.0,No,1.0,1.0,1.0
1696,0.2766827940940857,1.309812948067212e-19,OFFLOADED,1.0,No,0.0,1.0,0.0
1697,0.872500479221344,0.9852206146427481,ACCEPTED,0.0,Yes,0.0,0.0,0.0
1698,0.8465837836265564,0.9568718290425067,ACCEPTED,0.0,Yes,0.0,0.0,0.0
1699,0.87184077501297,0.9863842908828702,ACCEPTED,0.0,Yes,0.0,0.0,0.0
1700,0.41995424032211304,6.08721477161503e-06,OFFLOADED,1.0,No,1.0,0.0,0.0
1701,0.2637858986854553,3.218698287041295e-23,OFFLOADED,1.0,No,1.0,1.0,1.0
1702,0.3928294777870178,3.133015086389547e-07,OFFLOADED,1.0,No,1.0,1.0,1.0
1703,0.9189541935920715,0.9974276361531782,ACCEPTED,0.0,Yes,0.0,0.0,0.0
1704,0.27182745933532715,7.71553989876997e-21,OFFLOADED,1.0,No,1.0,1.0,1.0
1705,0.2995172441005707,8.2824907704109e-15,OFFLOADED,1.0,No,0.0,1.0,1.0
1706,0.8322157263755798,0.9348229462155752,ACCEPTED,0.0,Yes,0.0,0.0,0.0
1707,0.3468719720840454,7.76521030650586e-10,OFFLOADED,1.0,No,1.0,0.0,0.0
1708,0.8355457782745361,0.9440251038585146,ACCEPTED,1.0,No,1.0,1.0,1.0
1709,0.2936568558216095,6.492062273485326e-16,OFFLOADED,1.0,No,1.0,1.0,1.0
1710,0.34109243750572205,3.9165809793264056e-10,OFFLOADED,0.0,Yes,0.0,0.0,0.0
1711,0.29244768619537354,3.8846804464834527e-16,OFFLOADED,1.0,No,1.0,1.0,1.0
1712,0.2656859755516052,9.916511782323886e-23,OFFLOADED,1.0,No,1.0,1.0,1.0
1713,0.3095454275608063,3.481478293790657e-13,OFFLOADED,1.0,No,1.0,1.0,1.0
1714,0.3510421812534332,1.200941447615943e-09,OFFLOADED,0.0,Yes,0.0,0.0,0.0
1715,0.2513199746608734,4.771218634850892e-28,OFFLOADED,1.0,No,1.0,1.0,1.0
1716,0.2900896966457367,1.1877814505610615e-16,OFFLOADED,1.0,No,1.0,1.0,1.0
1717,0.36540237069129944,1.0491738750558247e-08,OFFLOADED,1.0,No,1.0,1.0,1.0
1718,0.47132402658462524,0.00026309846999493785,OFFLOADED,1.0,No,1.0,1.0,1.0
1719,0.3753328323364258,3.5540276865429955e-08,OFFLOADED,1.0,No,1.0,1.0,1.0
1720,0.3819809556007385,7.718263512418561e-08,OFFLOADED,1.0,No,1.0,1.0,1.0
1721,0.3867352306842804,1.378288347985435e-07,OFFLOADED,1.0,No,1.0,1.0,1.0
1722,0.32189810276031494,5.212951637209692e-12,OFFLOADED,1.0,No,1.0,1.0,1.0
1723,0.9218944311141968,0.997768824845038,ACCEPTED,1.0,No,1.0,1.0,1.0
1724,0.3067574203014374,9.362161242315051e-14,OFFLOADED,1.0,No,1.0,1.0,0.0
1725,0.2704891562461853,1.7602056763778596e-21,OFFLOADED,1.0,No,1.0,1.0,0.0
1726,0.28645339608192444,1.0748718261076628e-17,OFFLOADED,1.0,No,1.0,1.0,1.0
1727,0.48784443736076355,0.0006583303441247688,OFFLOADED,1.0,No,1.0,0.0,0.0
1728,0.30516862869262695,4.848663724695076e-14,OFFLOADED,1.0,No,1.0,1.0,0.0
1729,0.817730724811554,0.9050920056456234,OFFLOADED,1.0,No,1.0,1.0,1.0
1730,0.8434278964996338,0.9524261017885279,ACCEPTED,0.0,Yes,0.0,0.0,0.0
1731,0.27092885971069336,1.86787603882708e-21,OFFLOADED,1.0,No,1.0,1.0,1.0
1732,0.3328215181827545,6.60440498508517e-11,OFFLOADED,0.0,Yes,0.0,0.0,0.0
1733,0.4023430645465851,8.411681426642597e-07,OFFLOADED,1.0,No,1.0,0.0,0.0
1734,0.26701053977012634,1.0778933354981307e-22,OFFLOADED,1.0,No,1.0,0.0,0.0
1735,0.3179542124271393,2.0304180360083626e-12,OFFLOADED,0.0,Yes,0.0,0.0,0.0
1736,0.27577200531959534,3.549445717094983e-20,OFFLOADED,1.0,No,1.0,1.0,1.0
1737,0.0,0.0,OFFLOADED,0.0,Yes,0.0,0.0,0.0
1738,0.3376304507255554,1.8302482863145476e-10,OFFLOADED,1.0,No,1.0,1.0,1.0
1739,0.7434638142585754,0.6042386941276421,ACCEPTED,0.0,Yes,0.0,0.0,0.0
1740,0.8242068290710449,0.9196115075282789,ACCEPTED,0.0,Yes,0.0,0.0,0.0
1741,0.26585787534713745,4.501917398068193e-23,OFFLOADED,1.0,No,0.0,1.0,1.0
1742,0.841904878616333,0.956267829088726,ACCEPTED,1.0,No,1.0,1.0,0.0
1743,0.2748209536075592,2.1749082646874057e-20,OFFLOADED,1.0,No,1.0,1.0,0.0
1744,0.28183209896087646,9.720570076968365e-19,OFFLOADED,1.0,No,1.0,0.0,0.0
1745,0.31862956285476685,2.3997536999951608e-12,OFFLOADED,0.0,Yes,0.0,0.0,0.0
1746,0.3777387738227844,3.643000658261772e-08,OFFLOADED,1.0,No,0.0,0.0,1.0
1747,0.25794532895088196,4.874852538243866e-26,OFFLOADED,1.0,No,1.0,1.0,1.0
1748,0.8132661581039429,0.8985118720579244,ACCEPTED,0.0,Yes,0.0,0.0,0.0
1749,0.0,0.0,OFFLOADED,0.0,Yes,0.0,0.0,0.0
1750,0.2601371705532074,3.3097192617428498e-25,OFFLOADED,1.0,No,1.0,1.0,0.0
1751,0.7332696914672852,0.5614964506818463,ACCEPTED,0.0,Yes,0.0,0.0,0.0
1752,0.518108606338501,0.002189416274434666,OFFLOADED,1.0,No,1.0,1.0,1.0
1753,0.0,0.0,OFFLOADED,0.0,Yes,0.0,0.0,0.0
1754,0.7308059930801392,0.5623671730591998,ACCEPTED,1.0,No,1.0,1.0,1.0
1755,0.3041313588619232,2.9657055088835725e-14,OFFLOADED,1.0,No,1.0,1.0,1.0
1756,0.6089058518409729,0.06134832078358805,OFFLOADED,1.0,No,1.0,1.0,0.0
1757,0.27101221680641174,1.3417322265965019e-21,OFFLOADED,1.0,No,0.0,1.0,0.0
1758,0.7021526098251343,0.388888889481927,ACCEPTED,1.0,No,1.0,1.0,0.0
1759,0.25423097610473633,3.698161430457031e-28,OFFLOADED,1.0,No,1.0,1.0,1.0
1760,0.677258312702179,0.2570942192659245,OFFLOADED,1.0,No,1.0,1.0,1.0
1761,0.45848092436790466,9.260312198688856e-05,OFFLOADED,1.0,No,1.0,1.0,1.0
1762,0.7311884760856628,0.5315962081153877,ACCEPTED,1.0,No,1.0,1.0,0.0
1763,0.8828798532485962,0.9913977903716301,ACCEPTED,1.0,No,1.0,1.0,0.0
1764,0.258613258600235,5.482189342439433e-26,OFFLOADED,1.0,No,1.0,1.0,0.0
1765,0.3126252293586731,4.032861067364382e-13,OFFLOADED,1.0,No,1.0,1.0,1.0
1766,0.43494200706481934,1.6097740045054373e-05,OFFLOADED,1.0,No,1.0,1.0,1.0
1767,0.3051249384880066,2.993399848151815e-14,OFFLOADED,1.0,No,1.0,1.0,1.0
1768,0.7745887637138367,0.7536919923998842,OFFLOADED,0.0,Yes,0.0,0.0,0.0
1769,0.4070284068584442,9.451536623857217e-07,OFFLOADED,1.0,No,0.0,1.0,1.0
1770,0.7076131701469421,0.38899211336820205,OFFLOADED,1.0,No,1.0,1.0,1.0
1771,0.9387535452842712,0.9985260398140288,ACCEPTED,0.0,Yes,0.0,0.0,0.0
1772,0.31141114234924316,2.414280667851023e-13,OFFLOADED,1.0,No,1.0,1.0,1.0
1773,0.45441362261772156,6.50799613031138e-05,OFFLOADED,1.0,No,1.0,1.0,1.0
1774,0.9281263947486877,0.9980672894726662,ACCEPTED,0.0,Yes,0.0,0.0,0.0
1775,0.30242207646369934,7.644170546855463e-15,OFFLOADED,0.0,Yes,0.0,0.0,0.0
1776,0.32178425788879395,2.6858418977912744e-12,OFFLOADED,1.0,No,1.0,1.0,1.0
1777,0.9060061573982239,0.9964976113379763,ACCEPTED,1.0,No,1.0,1.0,1.0
1778,0.27624860405921936,1.7704360982922008e-20,OFFLOADED,0.0,Yes,0.0,0.0,0.0
1779,0.2512141466140747,6.274318731928052e-29,OFFLOADED,1.0,No,1.0,1.0,1.0
1780,0.2753630578517914,1.2953452249146731e-20,OFFLOADED,1.0,No,1.0,1.0,0.0
1781,0.26402193307876587,4.3394803446404306e-24,OFFLOADED,1.0,No,1.0,1.0,0.0
1782,0.7820773124694824,0.7853513462579501,OFFLOADED,1.0,No,1.0,1.0,1.0
1783,0.5515649318695068,0.007332515197184577,OFFLOADED,1.0,No,1.0,1.0,1.0
1784,0.30354174971580505,1.0887039263744804e-14,OFFLOADED,1.0,No,0.0,1.0,0.0
1785,0.7124756574630737,0.3961134155395327,ACCEPTED,1.0,No,1.0,1.0,1.0
1786,0.8931089639663696,0.9933820291287268,ACCEPTED,1.0,No,1.0,1.0,1.0
1787,0.4434575140476227,2.5800870485646717e-05,OFFLOADED,0.0,Yes,0.0,0.0,0.0
1788,0.41344019770622253,1.6223976019313466e-06,OFFLOADED,1.0,No,0.0,1.0,1.0
1789,0.2505434453487396,4.417504825522732e-29,OFFLOADED,1.0,No,1.0,1.0,1.0
1790,0.9199647307395935,0.9971824486615352,ACCEPTED,0.0,Yes,0.0,0.0,0.0
1791,0.8644335269927979,0.980178676840324,ACCEPTED,0.0,Yes,0.0,0.0,0.0
1792,0.3363332152366638,7.281732990257137e-11,OFFLOADED,0.0,Yes,0.0,0.0,0.0
1793,0.8744005560874939,0.9880697883907948,ACCEPTED,0.0,Yes,0.0,0.0,0.0
1794,0.8831559419631958,0.9913422136032733,ACCEPTED,0.0,Yes,0.0,0.0,0.0
1795,0.4576212763786316,6.872977723477388e-05,OFFLOADED,1.0,No,1.0,1.0,1.0
1796,0.6348071694374084,0.09613909993311982,OFFLOADED,0.0,Yes,0.0,0.0,0.0
1797,0.28125011920928955,2.890481429115251e-19,OFFLOADED,1.0,No,1.0,1.0,1.0
1798,0.32977333664894104,1.8278455316303553e-11,OFFLOADED,1.0,No,1.0,1.0,0.0
1799,0.4230995178222656,4.309005132990306e-06,OFFLOADED,0.0,Yes,0.0,0.0,0.0
1800,0.3239647448062897,4.041645206192252e-12,OFFLOADED,1.0,No,1.0,1.0,1.0
1801,0.25807562470436096,1.6449608311183327e-26,OFFLOADED,1.0,No,0.0,1.0,1.0
1802,0.631859302520752,0.09500830826759785,OFFLOADED,1.0,No,0.0,1.0,1.0
1803,0.7195056676864624,0.4245227232737967,OFFLOADED,0.0,Yes,0.0,0.0,0.0
1804,0.29371264576911926,1.5722702764528354e-16,OFFLOADED,0.0,Yes,0.0,0.0,0.0
1805,0.32041335105895996,1.7168354701558203e-12,OFFLOADED,1.0,No,0.0,1.0,1.0
1806,0.9515135288238525,0.999131750363648,ACCEPTED,1.0,No,1.0,1.0,1.0
1807,0.276638388633728,1.669762467995217e-20,OFFLOADED,1.0,No,0.0,1.0,0.0
1808,0.7371673583984375,0.5461248925576229,ACCEPTED,0.0,Yes,0.0,0.0,0.0
1809,0.2674944996833801,4.633888739800315e-23,OFFLOADED,1.0,No,1.0,1.0,1.0
1810,0.48399046063423157,0.00036599328880337423,OFFLOADED,1.0,No,1.0,0.0,0.0
1811,0.27938786149024963,8.167144483188685e-20,OFFLOADED,1.0,No,1.0,1.0,1.0
1812,0.27273234724998474,1.7307223174775412e-21,OFFLOADED,1.0,No,1.0,1.0,1.0
1813,0.9374666213989258,0.9987226773026371,ACCEPTED,0.0,Yes,0.0,0.0,0.0
1814,0.28120240569114685,2.3235108909974124e-19,OFFLOADED,1.0,No,1.0,1.0,1.0
1815,0.27850109338760376,4.115132247930921e-20,OFFLOADED,1.0,No,1.0,1.0,1.0
1816,0.26345330476760864,1.4049265886676896e-24,OFFLOADED,1.0,No,1.0,1.0,1.0
1817,0.4752298593521118,0.00020138835981443393,OFFLOADED,1.0,No,1.0,1.0,1.0
1818,0.271190345287323,4.406785923220466e-22,OFFLOADED,1.0,No,1.0,0.0,1.0
1819,0.8825821280479431,0.9921539776162249,ACCEPTED,1.0,No,1.0,1.0,1.0
1820,0.4065190255641937,6.566470808433383e-07,OFFLOADED,1.0,No,1.0,1.0,1.0
1821,0.7422217726707458,0.5936142471341396,ACCEPTED,1.0,No,1.0,1.0,1.0
1822,0.751417875289917,0.6351622392295644,ACCEPTED,0.0,Yes,0.0,0.0,0.0
1823,0.46547743678092957,0.00010067709795202899,OFFLOADED,1.0,No,1.0,1.0,1.0
1824,0.3415512442588806,1.396126412219097e-10,OFFLOADED,1.0,No,1.0,1.0,1.0
1825,0.2767532467842102,1.0680132912827257e-20,OFFLOADED,1.0,No,1.0,0.0,0.0
1826,0.2635190486907959,9.78080053639566e-25,OFFLOADED,1.0,No,1.0,1.0,1.0
1827,0.25025585293769836,1.5403949045166836e-29,OFFLOADED,1.0,No,1.0,1.0,1.0
1828,0.6654778122901917,0.1921326283963377,ACCEPTED,0.0,Yes,0.0,0.0,0.0
1829,0.7244942784309387,0.48726147825331656,OFFLOADED,1.0,No,1.0,1.0,1.0
1830,0.27404898405075073,2.7869455424855115e-21,OFFLOADED,1.0,No,1.0,1.0,1.0
1831,0.556831955909729,0.008512339958602653,OFFLOADED,1.0,No,0.0,0.0,1.0
1832,0.2991817891597748,1.165172789333001e-15,OFFLOADED,1.0,No,0.0,1.0,1.0
1833,0.7562428116798401,0.6742114461785692,OFFLOADED,0.0,Yes,0.0,0.0,0.0
1834,0.2603873014450073,5.18566184681502e-26,OFFLOADED,1.0,No,1.0,0.0,1.0
1835,0.6751976013183594,0.23406788067864057,OFFLOADED,1.0,No,1.0,1.0,1.0
1836,0.42384451627731323,3.8135300405523596e-06,OFFLOADED,1.0,No,0.0,0.0,1.0
1837,0.27458444237709045,2.922198751015379e-21,OFFLOADED,1.0,No,1.0,0.0,0.0
1838,0.6848800182342529,0.2664966207875239,OFFLOADED,0.0,Yes,0.0,0.0,0.0
1839,0.3269086480140686,6.059904779665106e-12,OFFLOADED,1.0,No,1.0,1.0,1.0
1840,0.3392341136932373,8.87115806638023e-11,OFFLOADED,1.0,No,1.0,1.0,1.0
1841,0.4426983594894409,2.101037264436881e-05,OFFLOADED,1.0,No,1.0,1.0,1.0
1842,0.2991887331008911,8.868219062453092e-16,OFFLOADED,1.0,No,1.0,0.0,0.0
1843,0.36219415068626404,1.7522796141015209e-09,OFFLOADED,1.0,No,1.0,1.0,1.0
1844,0.4089498817920685,6.72170662260543e-07,OFFLOADED,1.0,No,1.0,0.0,0.0
1845,0.3268449902534485,4.4514481134995566e-12,OFFLOADED,1.0,No,1.0,0.0,0.0
1846,0.6636331081390381,0.19130179934730118,OFFLOADED,1.0,No,1.0,1.0,0.0
1847,0.32201194763183594,1.0562256627112836e-12,OFFLOADED,1.0,No,1.0,1.0,1.0
1848,0.2522681951522827,7.130057807509583e-30,OFFLOADED,1.0,No,1.0,1.0,1.0
1849,0.851193904876709,0.9689825170061529,ACCEPTED,0.0,Yes,0.0,0.0,0.0
1850,0.759520947933197,0.7031918938773334,ACCEPTED,1.0,No,1.0,1.0,1.0
1851,0.2862943112850189,1.341512891741515e-18,OFFLOADED,1.0,No,1.0,1.0,1.0
1852,0.27728232741355896,6.4842885114405246e-21,OFFLOADED,1.0,No,0.0,1.0,1.0
1853,0.8863433003425598,0.9929213690853276,ACCEPTED,0.0,Yes,0.0,0.0,0.0
1854,0.28266003727912903,2.2007930462066437e-19,OFFLOADED,1.0,No,1.0,1.0,1.0
1855,0.6763293743133545,0.22572680179530855,OFFLOADED,1.0,No,1.0,1.0,1.0
1856,0.2870257496833801,1.7840906637325163e-18,OFFLOADED,1.0,No,1.0,0.0,0.0
1857,0.2774355411529541,5.752454700266355e-21,OFFLOADED,1.0,No,1.0,1.0,1.0
1858,0.3146805167198181,1.7035005583828083e-13,OFFLOADED,1.0,No,1.0,1.0,1.0
1859,0.2954254150390625,1.2271360341752902e-16,OFFLOADED,1.0,No,1.0,1.0,1.0
1860,0.29667896032333374,1.9159112932392152e-16,OFFLOADED,1.0,No,0.0,1.0,1.0
1861,0.8625287413597107,0.9820175763867552,ACCEPTED,0.0,Yes,0.0,0.0,0.0
1862,0.3831711411476135,2.4499429794106465e-08,OFFLOADED,1.0,No,1.0,1.0,1.0
1863,0.3415633738040924,8.207453000713578e-11,OFFLOADED,1.0,No,1.0,1.0,1.0
1864,0.4488295018672943,2.745698153531288e-05,OFFLOADED,1.0,No,1.0,1.0,1.0
1865,0.29759666323661804,2.2494660886238424e-16,OFFLOADED,1.0,No,1.0,0.0,0.0
1866,0.2557794749736786,6.948441742264128e-29,OFFLOADED,1.0,No,1.0,0.0,0.0
1867,0.39918068051338196,1.7772167494332925e-07,OFFLOADED,1.0,No,0.0,1.0,1.0
1868,0.2741568386554718,5.920018080050282e-22,OFFLOADED,1.0,No,1.0,1.0,1.0
1869,0.27778202295303345,4.217556059803402e-21,OFFLOADED,1.0,No,1.0,1.0,1.0
1870,0.3092190623283386,2.7037383152585296e-14,OFFLOADED,1.0,No,1.0,1.0,1.0
1871,0.7268246412277222,0.47812769547144823,ACCEPTED,0.0,Yes,0.0,0.0,0.0
1872,0.3052549958229065,5.6619151069967225e-15,OFFLOADED,1.0,No,1.0,1.0,1.0
1873,0.31969591975212097,4.724283474023703e-13,OFFLOADED,1.0,No,1.0,1.0,1.0
1874,0.29238712787628174,1.737508526520806e-17,OFFLOADED,1.0,No,1.0,1.0,0.0
1875,0.32311779260635376,9.622870739282684e-13,OFFLOADED,1.0,No,0.0,1.0,0.0
1876,0.27426931262016296,4.338340227772989e-22,OFFLOADED,1.0,No,1.0,1.0,1.0
1877,0.8983446955680847,0.9960764423605489,ACCEPTED,1.0,No,1.0,1.0,1.0
1878,0.44289740920066833,1.7530941546288404e-05,OFFLOADED,0.0,Yes,0.0,0.0,0.0
1879,0.2572537362575531,3.370896842885446e-28,OFFLOADED,1.0,No,1.0,1.0,1.0
1880,0.6522990465164185,0.1425212751684548,OFFLOADED,0.0,Yes,0.0,0.0,0.0
1881,0.4122188687324524,9.024833236426369e-07,OFFLOADED,1.0,No,1.0,1.0,1.0
1882,0.8231130838394165,0.9219683822044553,ACCEPTED,1.0,No,1.0,1.0,1.0
1883,0.4574398994445801,5.1781229646949404e-05,OFFLOADED,1.0,No,1.0,1.0,1.0
1884,0.43107759952545166,6.619605602042522e-06,OFFLOADED,1.0,No,1.0,0.0,0.0
1885,0.46215003728866577,6.637104971071785e-05,OFFLOADED,1.0,No,1.0,1.0,1.0
1886,0.9208424687385559,0.9979737033714516,ACCEPTED,1.0,No,1.0,1.0,1.0
1887,0.8601704239845276,0.9797693588646388,ACCEPTED,0.0,Yes,0.0,0.0,0.0
1888,0.8790652751922607,0.9918417798351211,ACCEPTED,1.0,No,1.0,1.0,1.0
1889,0.2619071900844574,2.858134971220397e-26,OFFLOADED,1.0,No,1.0,1.0,1.0
1890,0.7841425538063049,0.7914694862820314,ACCEPTED,1.0,No,1.0,1.0,1.0
1891,0.8916154503822327,0.9939737962853538,ACCEPTED,0.0,Yes,0.0,0.0,0.0
1892,0.913720428943634,0.9973760755426957,ACCEPTED,0.0,Yes,0.0,0.0,0.0
1893,0.31003978848457336,2.6754015873170837e-14,OFFLOADED,1.0,No,0.0,1.0,1.0
1894,0.5101207494735718,0.0010978948283563064,OFFLOADED,0.0,Yes,0.0,0.0,0.0
1895,0.7773427963256836,0.7584767139408942,ACCEPTED,1.0,No,1.0,1.0,0.0
1896,0.6655153632164001,0.18484194117805697,OFFLOADED,0.0,Yes,0.0,0.0,0.0
1897,0.2546761631965637,8.226143272170771e-30,OFFLOADED,1.0,No,1.0,1.0,1.0
1898,0.2526474893093109,1.5281002762459317e-30,OFFLOADED,1.0,No,1.0,1.0,1.0
1899,0.3021734058856964,1.1754324033208112e-15,OFFLOADED,1.0,No,1.0,1.0,1.0
1900,0.5361061096191406,0.0034375130847804306,OFFLOADED,1.0,No,1.0,1.0,0.0
1901,0.5715348124504089,0.013521460251823167,OFFLOADED,1.0,No,1.0,1.0,1.0
1902,0.28061431646347046,1.7300927979055328e-20,OFFLOADED,1.0,No,1.0,1.0,1.0
1903,0.2617642879486084,1.9556158137464076e-26,OFFLOADED,1.0,No,1.0,1.0,1.0
1904,0.7778996825218201,0.7520743254209292,ACCEPTED,1.0,No,1.0,1.0,1.0
1905,0.6246306896209717,0.0794883686602388,OFFLOADED,1.0,No,1.0,1.0,0.0
1906,0.8739684820175171,0.9891101120242595,ACCEPTED,0.0,Yes,0.0,0.0,0.0
1907,0.29817238450050354,1.5303695612356625e-16,OFFLOADED,1.0,No,1.0,1.0,1.0
1908,0.32992643117904663,5.479054103242247e-12,OFFLOADED,1.0,No,1.0,1.0,1.0
1909,0.8093304634094238,0.8719217605345014,ACCEPTED,0.0,Yes,0.0,0.0,0.0
1910,0.41440197825431824,8.869141085879409e-07,OFFLOADED,1.0,No,1.0,1.0,1.0
1911,0.8726500868797302,0.9896599580744084,ACCEPTED,1.0,No,1.0,1.0,1.0
1912,0.2661516070365906,5.7882188421325e-25,OFFLOADED,1.0,No,1.0,1.0,1.0
1913,0.29439446330070496,2.435903187520052e-17,OFFLOADED,1.0,No,1.0,0.0,1.0
1914,0.34732598066329956,1.0288878833290198e-10,OFFLOADED,1.0,No,1.0,1.0,1.0
1915,0.5278726816177368,0.0019629135804735552,OFFLOADED,0.0,Yes,0.0,0.0,0.0
1916,0.3848240077495575,2.1651381786787086e-08,OFFLOADED,1.0,No,1.0,1.0,0.0
1917,0.8113230466842651,0.8843507202910036,ACCEPTED,0.0,Yes,0.0,0.0,0.0
1918,0.33360791206359863,1.1577684100882758e-11,OFFLOADED,0.0,Yes,0.0,0.0,0.0
1919,0.8859841823577881,0.9933444456341255,ACCEPTED,0.0,Yes,0.0,0.0,0.0
1920,0.7533962726593018,0.6463531268419852,ACCEPTED,1.0,No,1.0,1.0,1.0
1921,0.288407564163208,1.0044519055751801e-18,OFFLOADED,1.0,No,1.0,1.0,1.0
1922,0.3078424036502838,8.928716097368416e-15,OFFLOADED,1.0,No,1.0,1.0,1.0
1923,0.3105347752571106,2.3390396188057245e-14,OFFLOADED,1.0,No,0.0,1.0,1.0
1924,0.250276654958725,4.944228709890347e-31,OFFLOADED,1.0,No,1.0,1.0,1.0
1925,0.7909018397331238,0.7977468441656068,ACCEPTED,0.0,Yes,0.0,0.0,0.0
1926,0.25456786155700684,2.977579237298499e-30,OFFLOADED,1.0,No,1.0,1.0,1.0
1927,0.4234849214553833,2.5295291144532016e-06,OFFLOADED,1.0,No,0.0,1.0,1.0
1928,0.0,0.0,OFFLOADED,0.0,Yes,0.0,0.0,0.0
1929,0.26842790842056274,2.6699970025895573e-24,OFFLOADED,1.0,No,1.0,1.0,0.0
1930,0.31074997782707214,2.269368566499617e-14,OFFLOADED,1.0,No,1.0,1.0,1.0
1931,0.8986697793006897,0.9961475077867824,ACCEPTED,1.0,No,1.0,1.0,1.0
1932,0.45871132612228394,4.745624075569093e-05,OFFLOADED,1.0,No,1.0,1.0,1.0
1933,0.9268431663513184,0.9983890635852718,ACCEPTED,0.0,Yes,0.0,0.0,0.0
1934,0.4179633557796478,1.2381106054871808e-06,OFFLOADED,1.0,No,0.0,0.0,1.0
1935,0.26052355766296387,2.449307463142891e-27,OFFLOADED,1.0,No,1.0,1.0,0.0
1936,0.2963867485523224,3.9988122930590884e-17,OFFLOADED,1.0,No,1.0,0.0,0.0
1937,0.37049615383148193,2.5959843313988497e-09,OFFLOADED,1.0,No,1.0,1.0,1.0
1938,0.8064746260643005,0.8758396986048675,ACCEPTED,1.0,No,1.0,1.0,1.0
1939,0.25558406114578247,6.586438674191946e-30,OFFLOADED,1.0,No,1.0,1.0,0.0
1940,0.29088032245635986,2.607974748795699e-18,OFFLOADED,1.0,No,1.0,1.0,0.0
1941,0.6597622632980347,0.16758866395851768,OFFLOADED,1.0,No,1.0,1.0,1.0
1942,0.8533322811126709,0.9715314124097051,ACCEPTED,0.0,Yes,0.0,0.0,0.0
1943,0.833173394203186,0.9369392170059717,ACCEPTED,1.0,No,1.0,1.0,1.0
1944,0.28704237937927246,2.4101450319774307e-19,OFFLOADED,0.0,Yes,0.0,0.0,0.0
1945,0.33746978640556335,2.0949463529667262e-11,OFFLOADED,1.0,No,1.0,1.0,0.0
1946,0.2573229968547821,6.719265715032034e-29,OFFLOADED,1.0,No,1.0,1.0,1.0
1947,0.6905675530433655,0.2796274416075966,OFFLOADED,1.0,No,1.0,0.0,0.0
1948,0.7684497237205505,0.7012062480445898,ACCEPTED,0.0,Yes,0.0,0.0,0.0
1949,0.31674647331237793,1.003593624195266e-13,OFFLOADED,1.0,No,1.0,1.0,1.0
1950,0.2780951261520386,9.838368164035769e-22,OFFLOADED,1.0,No,1.0,1.0,1.0
1951,0.2584117352962494,1.9794952973479976e-28,OFFLOADED,1.0,No,1.0,1.0,1.0
1952,0.2697300910949707,3.7607493079350975e-24,OFFLOADED,1.0,No,1.0,1.0,1.0
1953,0.2518247365951538,1.8006289031311599e-31,OFFLOADED,1.0,No,1.0,1.0,1.0
1954,0.6749317049980164,0.20474715747654815,OFFLOADED,0.0,Yes,0.0,0.0,0.0
1955,0.8196374177932739,0.9057987059906061,ACCEPTED,0.0,Yes,0.0,0.0,0.0
1956,0.25573039054870605,5.197053270070976e-30,OFFLOADED,1.0,No,1.0,0.0,0.0
1957,0.6138924360275269,0.054143546601706456,OFFLOADED,1.0,No,0.0,0.0,1.0
1958,0.29383498430252075,8.597773836660067e-18,OFFLOADED,1.0,No,1.0,1.0,1.0
1959,0.9061084389686584,0.9971600189820629,ACCEPTED,1.0,No,1.0,1.0,1.0
1960,0.2750926911830902,1.5342554961528979e-22,OFFLOADED,1.0,No,1.0,0.0,0.0
1961,0.0,0.0,OFFLOADED,0.0,Yes,0.0,0.0,0.0
1962,0.458051472902298,3.920788538639254e-05,OFFLOADED,1.0,No,1.0,1.0,1.0
1963,0.2548631429672241,1.2097515544062216e-30,OFFLOADED,1.0,No,1.0,1.0,1.0
1964,0.26551541686058044,1.0937246927734169e-25,OFFLOADED,1.0,No,1.0,1.0,1.0
1965,0.30307111144065857,6.09409231236113e-16,OFFLOADED,1.0,No,1.0,1.0,1.0
1966,0.2786436080932617,1.2195960119637448e-21,OFFLOADED,1.0,No,1.0,1.0,1.0
1967,0.2863527834415436,1.2646302362915123e-19,OFFLOADED,1.0,No,1.0,1.0,1.0
1968,0.42716681957244873,2.918115296711954e-06,OFFLOADED,1.0,No,1.0,1.0,1.0
1969,0.3175499141216278,1.054597460664188e-13,OFFLOADED,1.0,No,1.0,1.0,1.0
1970,0.250632643699646,8.460923461784737e-32,OFFLOADED,1.0,No,1.0,1.0,1.0
1971,0.4666638672351837,7.301001829887704e-05,OFFLOADED,1.0,No,1.0,0.0,1.0
1972,0.251313179731369,7.645327578415859e-32,OFFLOADED,1.0,No,1.0,1.0,1.0
1973,0.3889290988445282,2.3481258108807182e-08,OFFLOADED,1.0,No,1.0,1.0,1.0
1974,0.28849872946739197,3.250392633280194e-19,OFFLOADED,1.0,No,1.0,1.0,1.0
1975,0.38966962695121765,2.4472950492627233e-08,OFFLOADED,1.0,No,1.0,1.0,1.0
1976,0.26049545407295227,6.669665691057088e-28,OFFLOADED,1.0,No,0.0,1.0,1.0
1977,0.31898799538612366,1.2027690799346542e-13,OFFLOADED,1.0,No,1.0,1.0,1.0
1978,0.8921532034873962,0.9948641395104248,ACCEPTED,0.0,Yes,0.0,0.0,0.0
1979,0.28837892413139343,2.5605521871932733e-19,OFFLOADED,1.0,No,1.0,1.0,1.0
1980,0.32140740752220154,1.988199680265909e-13,OFFLOADED,1.0,No,1.0,1.0,1.0
1981,0.7673038840293884,0.7153650261257426,ACCEPTED,1.0,No,1.0,1.0,1.0
1982,0.2938292622566223,4.685298554575601e-18,OFFLOADED,1.0,No,1.0,1.0,1.0
1983,0.5028122067451477,0.0007123753844299276,OFFLOADED,1.0,No,1.0,1.0,0.0
1984,0.5817643404006958,0.016887942065830813,OFFLOADED,0.0,Yes,0.0,0.0,0.0
1985,0.26231876015663147,2.99888519604147e-27,OFFLOADED,1.0,No,1.0,1.0,1.0
1986,0.6256616115570068,0.07227466605061365,OFFLOADED,1.0,No,1.0,1.0,1.0
1987,0.2622225284576416,2.4485345123606497e-27,OFFLOADED,1.0,No,1.0,1.0,1.0
1988,0.0,0.0,OFFLOADED,0.0,Yes,0.0,0.0,0.0
1989,0.2676542401313782,2.6124347358599716e-25,OFFLOADED,1.0,No,1.0,1.0,1.0
1990,0.5000652074813843,0.0006056074080608659,OFFLOADED,0.0,Yes,0.0,0.0,0.0
1991,0.288413405418396,2.160757505065099e-19,OFFLOADED,0.0,Yes,0.0,0.0,0.0
1992,0.4463333189487457,1.5135865696678536e-05,OFFLOADED,1.0,No,0.0,1.0,1.0
1993,0.9337573647499084,0.9987511908742469,ACCEPTED,1.0,No,1.0,1.0,0.0
1994,0.2785382568836212,5.461260315624794e-22,OFFLOADED,1.0,No,1.0,1.0,1.0
1995,0.27773168683052063,2.696741870711665e-22,OFFLOADED,1.0,No,1.0,1.0,1.0
1996,0.7677063941955566,0.7040573056409821,ACCEPTED,1.0,No,1.0,1.0,1.0
1997,0.2983893156051636,4.010997229933271e-17,OFFLOADED,1.0,No,1.0,1.0,1.0
1998,0.25319209694862366,5.65758545647398e-32,OFFLOADED,1.0,No,1.0,1.0,1.0
1999,0.9447492361068726,0.998991636646491,ACCEPTED,0.0,Yes,0.0,0.0,0.0
2000,0.39423269033432007,3.7980409706416784e-08,OFFLOADED,0.0,Yes,0.0,0.0,0.0
2001,0.2533212900161743,6.29295301813188e-32,OFFLOADED,1.0,No,1.0,1.0,1.0
2002,0.3037337362766266,4.956574194657762e-16,OFFLOADED,1.0,No,0.0,0.0,1.0
2003,0.25205934047698975,2.978436937907129e-32,OFFLOADED,1.0,No,1.0,1.0,1.0
2004,0.5908887982368469,0.022789339310361475,OFFLOADED,0.0,Yes,0.0,0.0,0.0
2005,0.8360371589660645,0.9394838241940584,ACCEPTED,0.0,Yes,0.0,0.0,0.0
2006,0.2573713958263397,1.3039384975566555e-29,OFFLOADED,1.0,No,1.0,1.0,0.0
2007,0.2923078238964081,1.9760674151039953e-18,OFFLOADED,1.0,No,0.0,1.0,0.0
2008,0.4645836651325226,5.8042320471470315e-05,OFFLOADED,1.0,No,1.0,1.0,1.0
2009,0.3966255486011505,5.581436824459863e-08,OFFLOADED,0.0,Yes,0.0,0.0,0.0
2010,0.370476633310318,1.7190416972272042e-09,OFFLOADED,1.0,No,1.0,1.0,1.0
2011,0.28430089354515076,2.4038772813807303e-20,OFFLOADED,1.0,No,1.0,1.0,1.0
2012,0.340909481048584,2.3525022231293736e-11,OFFLOADED,1.0,No,1.0,0.0,0.0
2013,0.25058943033218384,2.0234979410841283e-32,OFFLOADED,1.0,No,1.0,1.0,1.0
2014,0.27405136823654175,2.319972906857129e-23,OFFLOADED,1.0,No,0.0,1.0,1.0
2015,0.7833897471427917,0.7568178602598804,ACCEPTED,1.0,No,1.0,1.0,1.0
2016,0.3081086575984955,3.078127695993135e-15,OFFLOADED,1.0,No,0.0,1.0,0.0
2017,0.2831783592700958,1.0692617785433453e-20,OFFLOADED,1.0,No,0.0,1.0,1.0
2018,0.2726392149925232,6.807780988498173e-24,OFFLOADED,1.0,No,1.0,1.0,1.0
2019,0.3259182870388031,7.10329875422616e-13,OFFLOADED,1.0,No,1.0,1.0,1.0
2020,0.846595048904419,0.9615284617393153,ACCEPTED,1.0,No,1.0,1.0,1.0
2021,0.3441656529903412,3.3840292014648674e-11,OFFLOADED,1.0,No,1.0,1.0,1.0
2022,0.40661755204200745,1.9059378085208213e-07,OFFLOADED,1.0,No,1.0,1.0,1.0
2023,0.2683541178703308,2.179552812396884e-25,OFFLOADED,1.0,No,1.0,1.0,1.0
2024,0.8556160926818848,0.9735336895719923,ACCEPTED,1.0,No,1.0,1.0,1.0
2025,0.3016233742237091,1.334400486748426e-16,OFFLOADED,1.0,No,1.0,1.0,1.0
2026,0.2506502568721771,1.1092335168387195e-32,OFFLOADED,1.0,No,1.0,0.0,0.0
2027,0.38841885328292847,1.8484467025427157e-08,OFFLOADED,0.0,Yes,0.0,0.0,0.0
2028,0.3984159231185913,7.068684185290668e-08,OFFLOADED,1.0,No,0.0,0.0,1.0
2029,0.30010223388671875,6.148366554767654e-17,OFFLOADED,1.0,No,1.0,1.0,1.0
2030,0.34071192145347595,1.8785605512503753e-11,OFFLOADED,0.0,Yes,0.0,0.0,0.0
2031,0.27723246812820435,9.701193370091276e-23,OFFLOADED,1.0,No,1.0,1.0,1.0
2032,0.5473201870918274,0.0046835525319776,OFFLOADED,0.0,Yes,0.0,0.0,0.0
2033,0.30412256717681885,4.622090668823417e-16,OFFLOADED,1.0,No,1.0,1.0,1.0
2034,0.25132739543914795,1.0043384223102177e-32,OFFLOADED,1.0,No,1.0,0.0,0.0
2035,0.37418583035469055,2.6583253057567875e-09,OFFLOADED,1.0,No,1.0,1.0,1.0
2036,0.2897794544696808,2.8613785274555994e-19,OFFLOADED,1.0,No,1.0,1.0,1.0
2037,0.6624446511268616,0.16002948237100267,OFFLOADED,1.0,No,1.0,1.0,0.0
2038,0.25099891424179077,7.937711045042902e-33,OFFLOADED,1.0,No,1.0,1.0,1.0
2039,0.2843523323535919,1.3216730181452814e-20,OFFLOADED,1.0,No,0.0,1.0,1.0
2040,0.26850005984306335,1.6549684605665789e-25,OFFLOADED,1.0,No,0.0,1.0,1.0
2041,0.28988754749298096,2.770136426030712e-19,OFFLOADED,1.0,No,1.0,1.0,1.0
2042,0.2564978301525116,1.0893628213146349e-30,OFFLOADED,1.0,No,1.0,1.0,1.0
2043,0.27616816759109497,3.694212750827886e-23,OFFLOADED,1.0,No,1.0,1.0,1.0
2044,0.5362733602523804,0.002799310973794765,OFFLOADED,1.0,No,1.0,1.0,0.0
2045,0.8215690851211548,0.9015824547469906,OFFLOADED,0.0,Yes,0.0,0.0,0.0
2046,0.3679873049259186,9.373910138493474e-10,OFFLOADED,1.0,No,1.0,1.0,1.0
2047,0.260109543800354,5.818624025075705e-29,OFFLOADED,1.0,No,1.0,1.0,1.0
2048,0.31568318605422974,2.8951371468762365e-14,OFFLOADED,1.0,No,0.0,0.0,1.0
2049,0.6284773349761963,0.07002683936748781,OFFLOADED,0.0,Yes,0.0,0.0,0.0
2050,0.45922139286994934,3.553965504399469e-05,OFFLOADED,0.0,Yes,0.0,0.0,0.0
2051,0.3338509798049927,5.247169012390607e-12,OFFLOADED,1.0,No,1.0,0.0,1.0
2052,0.8430647253990173,0.9534660445988244,ACCEPTED,0.0,Yes,0.0,0.0,0.0
2053,0.93678218126297,0.9988176198715941,ACCEPTED,0.0,Yes,0.0,0.0,0.0
2054,0.5646384954452515,0.008866109015508305,OFFLOADED,1.0,No,1.0,1.0,1.0
2055,0.7235689163208008,0.43414242285589544,ACCEPTED,0.0,Yes,0.0,0.0,0.0
2056,0.4162915349006653,6.878913144389138e-07,OFFLOADED,1.0,No,1.0,1.0,1.0
2057,0.8641904592514038,0.984418493197064,ACCEPTED,1.0,No,1.0,1.0,1.0
2058,0.47451192140579224,0.0001261405644322527,OFFLOADED,0.0,Yes,0.0,0.0,0.0
2059,0.481387197971344,0.00021773968659111396,OFFLOADED,1.0,No,0.0,1.0,1.0
2060,0.7041760683059692,0.33465107046609305,ACCEPTED,0.0,Yes,0.0,0.0,0.0
2061,0.3272230923175812,8.122262663848488e-13,OFFLOADED,1.0,No,1.0,1.0,1.0
2062,0.3239755630493164,2.574551597789641e-13,OFFLOADED,1.0,No,1.0,1.0,1.0
2063,0.475395143032074,0.00013876551851737867,OFFLOADED,1.0,No,1.0,1.0,1.0
2064,0.2606618404388428,9.15124164843615e-29,OFFLOADED,1.0,No,1.0,1.0,0.0
2065,0.25374770164489746,1.3901337948399292e-32,OFFLOADED,1.0,No,1.0,0.0,1.0
2066,0.28466030955314636,9.898212774979099e-21,OFFLOADED,1.0,No,1.0,1.0,1.0
2067,0.9076589941978455,0.9970886307201439,ACCEPTED,0.0,Yes,0.0,0.0,0.0
2068,0.3054567873477936,5.390708560199096e-16,OFFLOADED,1.0,No,1.0,1.0,1.0
2069,0.8961910605430603,0.9955994805359647,ACCEPTED,0.0,Yes,0.0,0.0,0.0
2070,0.26495596766471863,4.635449029820043e-27,OFFLOADED,1.0,No,1.0,0.0,0.0
2071,0.5068268775939941,0.0008662863111750124,OFFLOADED,0.0,Yes,0.0,0.0,0.0
2072,0.28500062227249146,1.1065485076043238e-20,OFFLOADED,1.0,No,0.0,1.0,1.0
2073,0.8822290897369385,0.9927983036372078,ACCEPTED,0.0,Yes,0.0,0.0,0.0
2074,0.3208152949810028,9.890487100196681e-14,OFFLOADED,1.0,No,1.0,1.0,1.0
2075,0.36053818464279175,3.1134497723214866e-10,OFFLOADED,0.0,Yes,0.0,0.0,0.0
2076,0.295245885848999,3.705367791254078e-18,OFFLOADED,1.0,No,0.0,1.0,1.0
2077,0.2896920442581177,1.5322873414513048e-19,OFFLOADED,1.0,No,1.0,1.0,1.0
2078,0.47751960158348083,0.00016309627093562067,OFFLOADED,0.0,Yes,0.0,0.0,0.0
2079,0.4794635474681854,0.00019908995081722956,OFFLOADED,1.0,No,0.0,0.0,1.0
2080,0.3248435854911804,3.5122145999659607e-13,OFFLOADED,0.0,Yes,0.0,0.0,0.0
2081,0.8870992064476013,0.994405477442303,ACCEPTED,1.0,No,1.0,1.0,1.0
2082,0.31995731592178345,8.516334348009732e-14,OFFLOADED,1.0,No,1.0,1.0,1.0
2083,0.3002364933490753,4.2008941203506976e-17,OFFLOADED,1.0,No,1.0,0.0,0.0
2084,0.32752132415771484,8.882439221955116e-13,OFFLOADED,1.0,No,1.0,1.0,1.0
2085,0.2525582015514374,2.9955202324180487e-33,OFFLOADED,1.0,No,1.0,1.0,1.0
2086,0.8025879859924316,0.8559936800748174,ACCEPTED,1.0,No,1.0,1.0,1.0
2087,0.31933191418647766,6.497672024305467e-14,OFFLOADED,1.0,No,1.0,1.0,1.0
2088,0.8014546036720276,0.8440462626899154,ACCEPTED,0.0,Yes,0.0,0.0,0.0
2089,0.33939090371131897,1.545659090453875e-11,OFFLOADED,1.0,No,1.0,1.0,1.0
2090,0.3459388017654419,3.581493092372297e-11,OFFLOADED,1.0,No,1.0,1.0,1.0
2091,0.6766448020935059,0.2194690867937235,OFFLOADED,1.0,No,1.0,1.0,0.0
2092,0.9112734794616699,0.9976537064388972,ACCEPTED,0.0,Yes,0.0,0.0,0.0
2093,0.2582020163536072,3.453584243879406e-30,OFFLOADED,1.0,No,1.0,1.0,1.0
2094,0.2550210952758789,3.44624742061192e-32,OFFLOADED,1.0,No,1.0,1.0,1.0
2095,0.408397376537323,2.1676359402124634e-07,OFFLOADED,0.0,Yes,0.0,0.0,0.0
2096,0.25831180810928345,3.9199917926824295e-30,OFFLOADED,1.0,No,1.0,1.0,1.0
2097,0.9422472715377808,0.9991774524162942,ACCEPTED,1.0,No,1.0,1.0,1.0
2098,0.0,0.0,OFFLOADED,0.0,Yes,0.0,0.0,0.0
2099,0.27275556325912476,1.6097707461890639e-24,OFFLOADED,1.0,No,0.0,1.0,0.0
2100,0.874096155166626,0.9905348481222662,ACCEPTED,1.0,No,1.0,1.0,1.0
2101,0.0,0.0,OFFLOADED,0.0,Yes,0.0,0.0,0.0
2102,0.42945531010627747,3.1084916687200303e-06,OFFLOADED,1.0,No,1.0,1.0,1.0
2103,0.6178401112556458,0.05635604133832645,OFFLOADED,1.0,No,1.0,1.0,1.0
2104,0.5379267334938049,0.002846915747437972,OFFLOADED,1.0,No,1.0,1.0,1.0
2105,0.2581636905670166,2.4694285799180252e-30,OFFLOADED,1.0,No,1.0,1.0,1.0
2106,0.3086201250553131,1.5424480787917929e-15,OFFLOADED,1.0,No,1.0,1.0,1.0
2107,0.9495055675506592,0.9992268599338838,ACCEPTED,0.0,Yes,0.0,0.0,0.0
2108,0.30772000551223755,9.554870876530173e-16,OFFLOADED,1.0,No,1.0,1.0,1.0
2109,0.27555719017982483,8.075376876566655e-24,OFFLOADED,1.0,No,0.0,1.0,1.0
2110,0.7329455614089966,0.5034911917383179,OFFLOADED,0.0,Yes,0.0,0.0,0.0
2111,0.2728955149650574,1.2497642336158629e-24,OFFLOADED,1.0,No,1.0,1.0,1.0
2112,0.2522636950016022,1.088079800237565e-33,OFFLOADED,1.0,No,1.0,1.0,1.0
2113,0.3594745099544525,2.452114091295005e-10,OFFLOADED,1.0,No,1.0,1.0,0.0
2114,0.8867992162704468,0.9938633351896068,ACCEPTED,0.0,Yes,0.0,0.0,0.0
2115,0.8330402374267578,0.9392212087507179,ACCEPTED,1.0,No,1.0,1.0,1.0
2116,0.6475484371185303,0.11915720702861406,OFFLOADED,0.0,Yes,0.0,0.0,0.0
2117,0.6539459228515625,0.14329594193478895,OFFLOADED,1.0,No,1.0,1.0,1.0
2118,0.3920336067676544,2.5794438220083515e-08,OFFLOADED,1.0,No,1.0,0.0,0.0
2119,0.3091032803058624,1.576064052312039e-15,OFFLOADED,1.0,No,1.0,0.0,0.0
2120,0.3571893274784088,1.4809058416154166e-10,OFFLOADED,1.0,No,1.0,0.0,0.0
2121,0.321918785572052,7.991321820490355e-14,OFFLOADED,0.0,Yes,0.0,0.0,0.0
2122,0.5685492157936096,0.009443046640162992,OFFLOADED,1.0,No,1.0,1.0,1.0
2123,0.9136235117912292,0.9978658828314867,ACCEPTED,0.0,Yes,0.0,0.0,0.0
2124,0.7989727258682251,0.8381269405528007,OFFLOADED,0.0,Yes,0.0,0.0,0.0
2125,0.4909316599369049,0.00036741863349192385,OFFLOADED,1.0,No,1.0,1.0,1.0
2126,0.8676278591156006,0.9869388103539736,ACCEPTED,0.0,Yes,0.0,0.0,0.0
2127,0.4685969054698944,6.543748149904915e-05,OFFLOADED,1.0,No,1.0,1.0,0.0
2128,0.8975009918212891,0.9965196975980362,ACCEPTED,0.0,Yes,0.0,0.0,0.0
2129,0.2685213088989258,2.7867535449447093e-26,OFFLOADED,1.0,No,0.0,1.0,1.0
2130,0.3494921922683716,3.281062541551036e-11,OFFLOADED,1.0,No,1.0,1.0,1.0
2131,0.28610140085220337,6.194578844819605e-21,OFFLOADED,1.0,No,1.0,1.0,1.0
2132,0.25388893485069275,2.6009932995173975e-33,OFFLOADED,1.0,No,1.0,1.0,1.0
2133,0.0,0.0,OFFLOADED,0.0,Yes,0.0,0.0,0.0
2134,0.8746674060821533,0.9916071511676132,ACCEPTED,1.0,No,1.0,1.0,1.0
2135,0.2582269012928009,1.2259798903265194e-30,OFFLOADED,1.0,No,1.0,1.0,1.0
2136,0.8366056680679321,0.9460127585512426,ACCEPTED,1.0,No,1.0,1.0,1.0
2137,0.2824130952358246,7.188240893858738e-22,OFFLOADED,1.0,No,0.0,1.0,1.0
2138,0.8549141883850098,0.9740624334754886,ACCEPTED,1.0,No,1.0,1.0,1.0
2139,0.4831978380680084,0.00018950302995784232,OFFLOADED,1.0,No,1.0,1.0,1.0
2140,0.5020787715911865,0.0005908895091115276,OFFLOADED,1.0,No,1.0,1.0,0.0
2141,0.30558353662490845,2.0889446072788976e-16,OFFLOADED,1.0,No,1.0,0.0,0.0
2142,0.2926768958568573,2.793716654822635e-19,OFFLOADED,1.0,No,1.0,0.0,0.0
2143,0.2507595717906952,3.399439239874211e-34,OFFLOADED,1.0,No,1.0,1.0,1.0
2144,0.42179280519485474,8.146602161314054e-07,OFFLOADED,1.0,No,1.0,1.0,1.0
2145,0.3526410460472107,4.470185034310429e-11,OFFLOADED,1.0,No,0.0,1.0,1.0
2146,0.9102606177330017,0.9977472550708533,ACCEPTED,0.0,Yes,0.0,0.0,0.0
2147,0.42217326164245605,8.09214710269553e-07,OFFLOADED,0.0,Yes,0.0,0.0,0.0
2148,0.2907872498035431,8.985915650106483e-20,OFFLOADED,1.0,No,1.0,0.0,0.0
2149,0.2548031210899353,5.0546798232262614e-33,OFFLOADED,1.0,No,1.0,1.0,1.0
2150,0.29929661750793457,8.046176756434868e-18,OFFLOADED,1.0,No,1.0,0.0,0.0
2151,0.2926900386810303,2.314301262121203e-19,OFFLOADED,1.0,No,1.0,1.0,1.0
2152,0.30716589093208313,3.993492255671475e-16,OFFLOADED,1.0,No,1.0,1.0,1.0
2153,0.26150479912757874,2.656994030555359e-29,OFFLOADED,1.0,No,1.0,1.0,1.0
2154,0.3166631758213043,1.369548189151993e-14,OFFLOADED,1.0,No,1.0,0.0,0.0
2155,0.28674450516700745,4.850899515918235e-21,OFFLOADED,1.0,No,1.0,1.0,1.0
2156,0.28269532322883606,4.498494536566417e-22,OFFLOADED,1.0,No,1.0,1.0,1.0
2157,0.3494530916213989,2.568270370679538e-11,OFFLOADED,1.0,No,1.0,1.0,1.0
2158,0.30701911449432373,3.1289234337266225e-16,OFFLOADED,1.0,No,1.0,1.0,1.0
2159,0.4287855625152588,1.8763563639003684e-06,OFFLOADED,1.0,No,1.0,1.0,0.0
2160,0.9024688005447388,0.9970601665438894,ACCEPTED,0.0,Yes,0.0,0.0,0.0
2161,0.29442930221557617,4.633713688391076e-19,OFFLOADED,1.0,No,1.0,1.0,0.0
2162,0.31262877583503723,3.1189801239045933e-15,OFFLOADED,0.0,Yes,0.0,0.0,0.0
2163,0.27339139580726624,4.509689795228284e-25,OFFLOADED,1.0,No,1.0,1.0,1.0
2164,0.2679254412651062,5.12350249855186e-27,OFFLOADED,1.0,No,1.0,0.0,0.0
2165,0.30441388487815857,8.439640797817233e-17,OFFLOADED,1.0,No,1.0,1.0,1.0
2166,0.7848396301269531,0.7700231261921632,ACCEPTED,1.0,No,1.0,1.0,1.0
2167,0.38237306475639343,4.362117141070114e-09,OFFLOADED,1.0,No,0.0,1.0,0.0
2168,0.7172093987464905,0.4147426264665191,ACCEPTED,1.0,No,1.0,1.0,1.0
2169,0.5706552863121033,0.009335704880693503,OFFLOADED,1.0,No,1.0,1.0,1.0
2170,0.2833867371082306,4.717617325130431e-22,OFFLOADED,1.0,No,1.0,1.0,1.0
2171,0.27896276116371155,1.8073810725010154e-23,OFFLOADED,1.0,No,1.0,1.0,1.0
2172,0.2680228352546692,3.775850717961587e-27,OFFLOADED,1.0,No,1.0,1.0,1.0
2173,0.7899922132492065,0.7813459666912022,ACCEPTED,0.0,Yes,0.0,0.0,0.0
2174,0.27615347504615784,1.911144495620969e-24,OFFLOADED,1.0,No,1.0,1.0,1.0
2175,0.5554616451263428,0.005113284278878111,OFFLOADED,1.0,No,1.0,1.0,1.0
2176,0.788276195526123,0.7815808045202476,ACCEPTED,0.0,Yes,0.0,0.0,0.0
2177,0.26807108521461487,3.405918415680399e-27,OFFLOADED,1.0,No,1.0,1.0,1.0
2178,0.2609151005744934,4.877965929206063e-30,OFFLOADED,1.0,No,1.0,1.0,1.0
2179,0.774853527545929,0.7322313063845155,ACCEPTED,0.0,Yes,0.0,0.0,0.0
2180,0.30798813700675964,3.9388571018951526e-16,OFFLOADED,1.0,No,1.0,1.0,1.0
2181,0.3929787874221802,1.6982961904517475e-08,OFFLOADED,1.0,No,0.0,1.0,1.0
2182,0.25861141085624695,2.912243311778889e-31,OFFLOADED,1.0,No,1.0,0.0,0.0
2183,0.26039037108421326,2.018909996713421e-30,OFFLOADED,1.0,No,1.0,1.0,1.0
2184,0.3303103744983673,6.173589155512223e-13,OFFLOADED,1.0,No,1.0,1.0,1.0
2185,0.5292826294898987,0.0014883426383469095,OFFLOADED,1.0,No,0.0,0.0,1.0
2186,0.37305355072021484,8.848405903528113e-10,OFFLOADED,1.0,No,1.0,1.0,1.0
2187,0.32452866435050964,7.911849772751733e-14,OFFLOADED,1.0,No,1.0,1.0,0.0
2188,0.9448707699775696,0.9993708568348106,ACCEPTED,0.0,Yes,0.0,0.0,0.0
2189,0.7302954792976379,0.5032394458813125,ACCEPTED,0.0,Yes,0.0,0.0,0.0
2190,0.47442197799682617,7.490520201153174e-05,OFFLOADED,1.0,No,1.0,1.0,1.0
2191,0.25008198618888855,4.473709587236021e-35,OFFLOADED,1.0,No,1.0,0.0,0.0
2192,0.32561448216438293,1.0982591802726849e-13,OFFLOADED,1.0,No,1.0,0.0,0.0
2193,0.6378945708274841,0.09510358371006564,ACCEPTED,1.0,No,1.0,1.0,1.0
2194,0.804509162902832,0.8769682464651616,OFFLOADED,0.0,Yes,0.0,0.0,0.0
2195,0.4174772799015045,3.57889953905353e-07,OFFLOADED,1.0,No,0.0,1.0,1.0
2196,0.3455291986465454,8.55576712734258e-12,OFFLOADED,1.0,No,1.0,1.0,1.0
2197,0.27937087416648865,1.2738460343115266e-23,OFFLOADED,1.0,No,1.0,1.0,1.0
2198,0.5657340884208679,0.007015048156669711,OFFLOADED,1.0,No,1.0,0.0,0.0
2199,0.2556288242340088,2.1038379644055605e-33,OFFLOADED,1.0,No,1.0,1.0,1.0
2200,0.877040684223175,0.9923658651779141,ACCEPTED,0.0,Yes,0.0,0.0,0.0
2201,0.32264941930770874,2.8417121222363656e-14,OFFLOADED,1.0,No,1.0,1.0,1.0
2202,0.2502070963382721,2.682420005332393e-35,OFFLOADED,1.0,No,1.0,1.0,1.0
2203,0.25704094767570496,1.870074873818637e-32,OFFLOADED,1.0,No,1.0,1.0,1.0
2204,0.26156312227249146,4.2771152030632916e-30,OFFLOADED,1.0,No,1.0,1.0,1.0
2205,0.2610877454280853,2.4418117903008575e-30,OFFLOADED,1.0,No,1.0,1.0,1.0
2206,0.3562808632850647,4.572540709798582e-11,OFFLOADED,1.0,No,1.0,1.0,1.0
2207,0.27074092626571655,1.4581865841087802e-26,OFFLOADED,1.0,No,1.0,1.0,1.0
2208,0.26100796461105347,1.8617168042777263e-30,OFFLOADED,1.0,No,1.0,1.0,1.0
2209,0.27065134048461914,1.2845669337234561e-26,OFFLOADED,1.0,No,0.0,1.0,1.0
2210,0.9599460959434509,0.9996694977663724,ACCEPTED,0.0,Yes,0.0,0.0,0.0
2211,0.818505048751831,0.9179843641334277,ACCEPTED,0.0,Yes,0.0,0.0,0.0
2212,0.5685710310935974,0.007454680428023003,OFFLOADED,1.0,No,1.0,1.0,1.0
2213,0.33388903737068176,9.11720742702908e-13,OFFLOADED,1.0,No,0.0,1.0,1.0
2214,0.2981104552745819,1.0472267663061034e-18,OFFLOADED,1.0,No,1.0,1.0,1.0
2215,0.3552379608154297,3.397211360748461e-11,OFFLOADED,1.0,No,1.0,1.0,1.0
2216,0.2593713700771332,1.7256634687109847e-31,OFFLOADED,1.0,No,1.0,1.0,1.0
2217,0.8587245345115662,0.9816995438843389,ACCEPTED,0.0,Yes,0.0,0.0,0.0
2218,0.2840272784233093,2.4169220561069525e-22,OFFLOADED,1.0,No,1.0,1.0,1.0
2219,0.9004141092300415,0.9977844330388221,ACCEPTED,1.0,No,1.0,1.0,1.0
2220,0.0,0.0,OFFLOADED,0.0,Yes,0.0,0.0,0.0
2221,0.2554244101047516,6.513183225655653e-34,OFFLOADED,1.0,No,0.0,1.0,1.0
2222,0.3420259654521942,4.071587224085026e-12,OFFLOADED,0.0,Yes,0.0,0.0,0.0
2223,0.2850674092769623,4.398205648052686e-22,OFFLOADED,1.0,No,1.0,1.0,1.0
2224,0.2574296295642853,1.4933803667626322e-32,OFFLOADED,1.0,No,1.0,1.0,1.0
2225,0.8187199831008911,0.9234384721063642,ACCEPTED,0.0,Yes,0.0,0.0,0.0
2226,0.3765571713447571,1.0773475427861515e-09,OFFLOADED,1.0,No,1.0,1.0,1.0
2227,0.32419711351394653,3.74587340077701e-14,OFFLOADED,1.0,No,1.0,0.0,0.0
2228,0.2696716785430908,3.70722047324945e-27,OFFLOADED,1.0,No,1.0,1.0,1.0
2229,0.584198534488678,0.016092195911336732,OFFLOADED,0.0,Yes,0.0,0.0,0.0
2230,0.27604958415031433,5.08816359809459e-25,OFFLOADED,1.0,No,1.0,1.0,1.0
2231,0.37248602509498596,6.032176822793814e-10,OFFLOADED,1.0,No,1.0,1.0,1.0
2232,0.9297907948493958,0.999256606125054,ACCEPTED,1.0,No,1.0,1.0,1.0
2233,0.6359419822692871,0.08754062347892487,OFFLOADED,0.0,Yes,0.0,0.0,0.0
2234,0.340616911649704,3.469978432938001e-12,OFFLOADED,1.0,No,1.0,1.0,1.0
2235,0.8374537825584412,0.9573099560753026,ACCEPTED,0.0,Yes,0.0,0.0,0.0
2236,0.29526740312576294,2.0596667977271682e-19,OFFLOADED,1.0,No,1.0,1.0,1.0
2237,0.2514410614967346,8.209820280615829e-36,OFFLOADED,1.0,No,1.0,1.0,1.0
2238,0.2546316087245941,1.2437759062432068e-34,OFFLOADED,1.0,No,1.0,1.0,1.0
2239,0.2912065088748932,1.8518311201511996e-20,OFFLOADED,1.0,No,1.0,0.0,1.0
2240,0.9118000864982605,0.9986793892455654,ACCEPTED,0.0,Yes,0.0,0.0,0.0
2241,0.251101016998291,6.763148760284732e-36,OFFLOADED,1.0,No,1.0,1.0,1.0
2242,0.25189095735549927,7.002420402068186e-36,OFFLOADED,1.0,No,1.0,1.0,1.0
2243,0.3374049663543701,1.919874312618798e-12,OFFLOADED,1.0,No,1.0,0.0,0.0
2244,0.2695688009262085,2.559740667242119e-27,OFFLOADED,1.0,No,1.0,1.0,1.0
2245,0.2509612739086151,5.329315151922698e-36,OFFLOADED,1.0,No,1.0,1.0,1.0
2246,0.3196621239185333,8.228005713472325e-15,OFFLOADED,1.0,No,1.0,0.0,0.0
2247,0.0,0.0,OFFLOADED,0.0,Yes,0.0,0.0,0.0
2248,0.28837504982948303,2.345187419794467e-21,OFFLOADED,1.0,No,1.0,1.0,1.0
2249,0.3896312415599823,8.574895253729448e-09,OFFLOADED,1.0,No,1.0,1.0,1.0
2250,0.32572561502456665,5.799715678776633e-14,OFFLOADED,1.0,No,1.0,1.0,1.0
2251,0.25330057740211487,1.287808538658907e-35,OFFLOADED,1.0,No,1.0,1.0,1.0
2252,0.28499314188957214,2.3526701830355173e-22,OFFLOADED,1.0,No,1.0,1.0,1.0
2253,0.0,0.0,OFFLOADED,0.0,Yes,0.0,0.0,0.0
2254,0.7093973159790039,0.3893656215366325,OFFLOADED,1.0,No,1.0,1.0,1.0
2255,0.2856229543685913,3.0932633140824896e-22,OFFLOADED,1.0,No,1.0,0.0,0.0
2256,0.7373314499855042,0.5610580404199248,OFFLOADED,1.0,No,1.0,1.0,1.0
2257,0.25129297375679016,3.184865331504344e-36,OFFLOADED,1.0,No,1.0,1.0,1.0
2258,0.2681979238986969,4.471796175579317e-28,OFFLOADED,1.0,No,1.0,1.0,1.0
2259,0.9266870021820068,0.99918700358786,ACCEPTED,0.0,Yes,0.0,0.0,0.0
2260,0.4267273545265198,9.955879904898888e-07,OFFLOADED,1.0,No,1.0,1.0,1.0
2261,0.618310809135437,0.05315865675646489,OFFLOADED,1.0,No,1.0,1.0,1.0
2262,0.2775397300720215,6.473690885481913e-25,OFFLOADED,1.0,No,0.0,1.0,1.0
2263,0.8516573905944824,0.9768741152081544,ACCEPTED,0.0,Yes,0.0,0.0,0.0
2264,0.7318857312202454,0.5129414841023733,ACCEPTED,0.0,Yes,0.0,0.0,0.0
2265,0.0,0.0,OFFLOADED,0.0,Yes,0.0,0.0,0.0
2266,0.29776978492736816,4.868253930422991e-19,OFFLOADED,1.0,No,0.0,1.0,1.0
2267,0.2997044324874878,1.4008560216899137e-18,OFFLOADED,1.0,No,1.0,1.0,0.0
2268,0.2713419795036316,5.385822859073211e-27,OFFLOADED,1.0,No,1.0,1.0,1.0
2269,0.3184560537338257,4.428735981839099e-15,OFFLOADED,1.0,No,1.0,1.0,1.0
2270,0.27213630080223083,9.47466957011522e-27,OFFLOADED,1.0,No,1.0,0.0,0.0
2271,0.2986283600330353,6.848812024611586e-19,OFFLOADED,1.0,No,0.0,1.0,1.0
2272,0.6542746424674988,0.134811890717569,OFFLOADED,0.0,Yes,0.0,0.0,0.0
2273,0.8029941916465759,0.8888516395922702,ACCEPTED,1.0,No,1.0,1.0,1.0
2274,0.26058611273765564,1.7278519906452132e-31,OFFLOADED,1.0,No,1.0,1.0,1.0
2275,0.8877192735671997,0.9962546877406565,ACCEPTED,0.0,Yes,0.0,0.0,0.0
2276,0.3129848539829254,8.013666699808464e-16,OFFLOADED,1.0,No,1.0,1.0,1.0
2277,0.4719010293483734,5.360327697564148e-05,OFFLOADED,0.0,Yes,0.0,0.0,0.0
2278,0.7380474209785461,0.5642230568965412,ACCEPTED,0.0,Yes,0.0,0.0,0.0
2279,0.35849836468696594,5.6050186343931935e-11,OFFLOADED,1.0,No,1.0,0.0,0.0
2280,0.41556045413017273,2.607987549455233e-07,OFFLOADED,1.0,No,1.0,0.0,0.0
2281,0.33812615275382996,1.7102481103868813e-12,OFFLOADED,1.0,No,1.0,1.0,1.0
2282,0.8186726570129395,0.9288604064382575,ACCEPTED,0.0,Yes,0.0,0.0,0.0
2283,0.26003706455230713,6.562158410895347e-32,OFFLOADED,1.0,No,1.0,1.0,1.0
2284,0.4157080352306366,2.526691649480273e-07,OFFLOADED,1.0,No,1.0,0.0,0.0
2285,0.8036730885505676,0.8931334316459887,ACCEPTED,1.0,No,1.0,1.0,1.0
2286,0.3228381872177124,1.3337085791163703e-14,OFFLOADED,1.0,No,1.0,1.0,1.0
2287,0.8742247819900513,0.993867991441664,ACCEPTED,0.0,Yes,0.0,0.0,0.0
2288,0.5081090927124023,0.0005887271773882221,OFFLOADED,1.0,No,0.0,1.0,1.0
2289,0.5734319090843201,0.01022124839341319,OFFLOADED,1.0,No,1.0,1.0,1.0
2290,0.7757636308670044,0.7667178184503768,ACCEPTED,0.0,Yes,0.0,0.0,0.0
2291,0.5434405207633972,0.0026860087916839408,OFFLOADED,1.0,No,0.0,0.0,1.0
2292,0.7557750344276428,0.6902193942903833,ACCEPTED,1.0,No,1.0,1.0,1.0
2293,0.3122393488883972,4.0266620495706027e-16,OFFLOADED,1.0,No,1.0,1.0,1.0
2294,0.32854580879211426,9.910262734548478e-14,OFFLOADED,1.0,No,1.0,1.0,1.0
2295,0.2663351595401764,2.8869810147661445e-29,OFFLOADED,0.0,Yes,0.0,0.0,0.0
2296,0.451282262802124,9.599337934561535e-06,OFFLOADED,1.0,No,0.0,1.0,1.0
2297,0.6945640444755554,0.3078928972769516,OFFLOADED,1.0,No,1.0,1.0,0.0
2298,0.9526191353797913,0.9997167430012546,ACCEPTED,0.0,Yes,0.0,0.0,0.0
2299,0.0,0.0,OFFLOADED,0.0,Yes,0.0,0.0,0.0
2300,0.2587636709213257,9.435414663374692e-33,OFFLOADED,1.0,No,1.0,1.0,1.0
2301,0.2903916835784912,2.9944655934849212e-21,OFFLOADED,1.0,No,1.0,1.0,1.0
2302,0.3076324462890625,4.151815804768763e-17,OFFLOADED,1.0,No,1.0,1.0,1.0
2303,0.25719237327575684,1.0356413821260501e-33,OFFLOADED,1.0,No,1.0,1.0,1.0
2304,0.254281222820282,9.223007789385854e-36,OFFLOADED,1.0,No,1.0,1.0,1.0
2305,0.360350638628006,5.1184279963830455e-11,OFFLOADED,1.0,No,1.0,1.0,1.0
2306,0.3100872337818146,1.320438332802386e-16,OFFLOADED,1.0,No,1.0,1.0,1.0
2307,0.2607698440551758,9.160751441447234e-32,OFFLOADED,1.0,No,1.0,1.0,1.0
2308,0.5132791996002197,0.0005726940395303812,OFFLOADED,0.0,Yes,0.0,0.0,0.0
2309,0.30921757221221924,8.76035512529792e-17,OFFLOADED,1.0,No,1.0,0.0,0.0
2310,0.2974786162376404,1.4782643546210185e-19,OFFLOADED,1.0,No,1.0,1.0,1.0
2311,0.26187920570373535,3.2524971242153724e-31,OFFLOADED,1.0,No,1.0,1.0,1.0
2312,0.4510234594345093,9.03068138416695e-06,OFFLOADED,1.0,No,1.0,1.0,1.0
2313,0.28060072660446167,2.6477354157287785e-24,OFFLOADED,1.0,No,1.0,1.0,1.0
2314,0.4540279805660248,1.0848263995445174e-05,OFFLOADED,0.0,Yes,0.0,0.0,0.0
2315,0.0,0.0,OFFLOADED,0.0,Yes,0.0,0.0,0.0
2316,0.2551855444908142,2.6262380773756393e-35,OFFLOADED,1.0,No,1.0,0.0,0.0
2317,0.772892415523529,0.7528722263740305,ACCEPTED,0.0,Yes,0.0,0.0,0.0
2318,0.32632189989089966,3.7835162044116074e-14,OFFLOADED,1.0,No,1.0,1.0,1.0
2319,0.7967615127563477,0.862752162829779,ACCEPTED,1.0,No,1.0,1.0,1.0
2320,0.29752060770988464,1.3567843927629942e-19,OFFLOADED,1.0,No,1.0,1.0,1.0
2321,0.0,0.0,OFFLOADED,0.0,Yes,0.0,0.0,0.0
2322,0.8982047438621521,0.997994366222543,ACCEPTED,0.0,Yes,0.0,0.0,0.0
2323,0.8095952868461609,0.9050749400825115,ACCEPTED,1.0,No,1.0,1.0,1.0
2324,0.3758753538131714,6.484696132826777e-10,OFFLOADED,1.0,No,0.0,1.0,0.0
2325,0.6130857467651367,0.04410325097477945,OFFLOADED,1.0,No,1.0,1.0,1.0
2326,0.7805799245834351,0.7790455924104577,ACCEPTED,0.0,Yes,0.0,0.0,0.0
2327,0.6193448901176453,0.05227612771052578,ACCEPTED,1.0,No,1.0,1.0,0.0
2328,0.30974307656288147,8.804770892959688e-17,OFFLOADED,1.0,No,1.0,1.0,0.0
2329,0.9428384304046631,0.9996553946042295,ACCEPTED,1.0,No,1.0,1.0,1.0
2330,0.6342706680297852,0.08036013817175972,OFFLOADED,1.0,No,1.0,1.0,1.0
2331,0.40624183416366577,4.6173466704604326e-08,OFFLOADED,1.0,No,1.0,1.0,1.0
2332,0.5922096371650696,0.018882057092173308,OFFLOADED,1.0,No,0.0,0.0,1.0
2333,0.7742812633514404,0.7652952275572484,ACCEPTED,0.0,Yes,0.0,0.0,0.0
2334,0.910494327545166,0.9989687597848093,ACCEPTED,0.0,Yes,0.0,0.0,0.0
2335,0.8965482115745544,0.9980370099010911,ACCEPTED,1.0,No,1.0,1.0,1.0
2336,0.40467560291290283,3.5341781646184646e-08,OFFLOADED,1.0,No,1.0,0.0,0.0
2337,0.2718820571899414,1.4304888078064745e-27,OFFLOADED,1.0,No,1.0,0.0,0.0
2338,0.8799247145652771,0.9954928693401852,ACCEPTED,0.0,Yes,0.0,0.0,0.0
2339,0.8764539361000061,0.9950880333057374,ACCEPTED,1.0,No,1.0,1.0,1.0
2340,0.3742518126964569,3.474927529183165e-10,OFFLOADED,1.0,No,1.0,0.0,0.0
2341,0.31389355659484863,3.333867492516468e-16,OFFLOADED,1.0,No,1.0,1.0,1.0
2342,0.39984768629074097,1.8252402492713906e-08,OFFLOADED,1.0,No,0.0,0.0,1.0
2343,0.25378844141960144,1.3159259152848955e-36,OFFLOADED,1.0,No,1.0,1.0,1.0
2344,0.6853238344192505,0.25000834197009664,OFFLOADED,1.0,No,1.0,1.0,1.0
2345,0.773828387260437,0.770571260843419,OFFLOADED,0.0,Yes,0.0,0.0,0.0
2346,0.35913071036338806,2.4168743883224358e-11,OFFLOADED,1.0,No,1.0,1.0,1.0
2347,0.2503780424594879,1.6815833950761478e-37,OFFLOADED,1.0,No,1.0,1.0,1.0
2348,0.7158650159835815,0.4148424496047195,ACCEPTED,0.0,Yes,0.0,0.0,0.0
2349,0.33025091886520386,8.661497248148e-14,OFFLOADED,1.0,No,1.0,1.0,1.0
2350,0.6150317192077637,0.04022093646869552,OFFLOADED,1.0,No,1.0,1.0,1.0
2351,0.25555554032325745,1.745828623514713e-35,OFFLOADED,1.0,No,1.0,1.0,1.0
2352,0.25601062178611755,3.6521305388929953e-35,OFFLOADED,1.0,No,1.0,0.0,0.0
2353,0.4257427155971527,5.536841247950621e-07,OFFLOADED,0.0,Yes,0.0,0.0,0.0
2354,0.812529981136322,0.9211334650786757,ACCEPTED,1.0,No,1.0,1.0,1.0
2355,0.2786567509174347,2.304981732140889e-25,OFFLOADED,1.0,No,1.0,1.0,1.0
2356,0.7858646512031555,0.8222587245245428,ACCEPTED,1.0,No,1.0,1.0,1.0
2357,0.25964030623435974,5.99285466440392e-33,OFFLOADED,1.0,No,0.0,1.0,1.0
2358,0.2983004152774811,1.0175933602990835e-19,OFFLOADED,1.0,No,1.0,1.0,1.0
2359,0.2821689546108246,3.385918838041232e-24,OFFLOADED,1.0,No,1.0,1.0,1.0
2360,0.864788830280304,0.9895384165407857,ACCEPTED,1.0,No,1.0,1.0,1.0
2361,0.27419233322143555,7.044466709772368e-27,OFFLOADED,1.0,No,0.0,1.0,1.0
2362,0.9068957567214966,0.9986601385787015,ACCEPTED,0.0,Yes,0.0,0.0,0.0
2363,0.45391687750816345,8.769316000435014e-06,OFFLOADED,0.0,Yes,0.0,0.0,0.0
2364,0.25205758213996887,1.2939588432828873e-37,OFFLOADED,1.0,No,1.0,1.0,1.0
2365,0.9376891255378723,0.9995716648510236,ACCEPTED,1.0,No,1.0,1.0,1.0
2366,0.3481954336166382,3.134597210585404e-12,OFFLOADED,1.0,No,1.0,1.0,1.0
2367,0.8416589498519897,0.9645274729467951,ACCEPTED,0.0,Yes,0.0,0.0,0.0
2368,0.27027642726898193,2.1578672833285692e-28,OFFLOADED,1.0,No,1.0,1.0,0.0
2369,0.41213834285736084,9.149227314233783e-08,OFFLOADED,0.0,Yes,0.0,0.0,0.0
2370,0.2605949640274048,1.7326160843427973e-32,OFFLOADED,1.0,No,1.0,1.0,1.0
2371,0.2589706778526306,2.0028679503624344e-33,OFFLOADED,1.0,No,1.0,1.0,1.0
2372,0.3618798553943634,4.434514019380775e-11,OFFLOADED,1.0,No,1.0,1.0,1.0
2373,0.2639206647872925,7.326240605536583e-31,OFFLOADED,1.0,No,0.0,1.0,1.0
2374,0.2673434019088745,1.3576141808407538e-29,OFFLOADED,1.0,No,1.0,1.0,1.0
2375,0.7020369172096252,0.3336467838277692,OFFLOADED,0.0,Yes,0.0,0.0,0.0
2376,0.2770495116710663,4.725753114387983e-26,OFFLOADED,1.0,No,1.0,1.0,1.0
2377,0.8026837110519409,0.8860297834813972,ACCEPTED,0.0,Yes,0.0,0.0,0.0
2378,0.9098610877990723,0.9990012104481685,ACCEPTED,1.0,No,1.0,1.0,1.0
2379,0.47069284319877625,3.6096098749472976e-05,OFFLOADED,1.0,No,1.0,1.0,1.0
2380,0.2679578363895416,2.116980208584931e-29,OFFLOADED,1.0,No,1.0,1.0,1.0
2381,0.3017929494380951,7.997332369376527e-19,OFFLOADED,1.0,No,1.0,1.0,1.0
2382,0.5881466269493103,0.015137975556143915,OFFLOADED,1.0,No,1.0,1.0,1.0
2383,0.25759080052375793,2.1676453369512163e-34,OFFLOADED,1.0,No,1.0,1.0,1.0
2384,0.6263106465339661,0.058479169587616474,OFFLOADED,1.0,No,1.0,1.0,1.0
2385,0.2879953682422638,1.4269624096255207e-22,OFFLOADED,1.0,No,1.0,1.0,1.0
2386,0.329545259475708,5.556059217324844e-14,OFFLOADED,1.0,No,1.0,1.0,1.0
2387,0.31191688776016235,1.0740295824962571e-16,OFFLOADED,1.0,No,1.0,1.0,1.0
2388,0.2853417694568634,1.992380828791555e-23,OFFLOADED,1.0,No,1.0,1.0,1.0
2389,0.6411762833595276,0.09078447033353454,OFFLOADED,1.0,No,1.0,1.0,1.0
2390,0.8579745888710022,0.9853858267393766,ACCEPTED,0.0,Yes,0.0,0.0,0.0
2391,0.2996603846549988,1.6028958512903967e-19,OFFLOADED,1.0,No,1.0,1.0,1.0
2392,0.28306061029434204,3.982522330889959e-24,OFFLOADED,1.0,No,1.0,1.0,1.0
2393,0.2515459358692169,3.5242624086392095e-38,OFFLOADED,1.0,No,1.0,1.0,1.0
2394,0.3668203055858612,8.532863547472871e-11,OFFLOADED,1.0,No,1.0,1.0,1.0
2395,0.6037018299102783,0.023200537175805953,OFFLOADED,1.0,No,1.0,1.0,1.0
2396,0.5736039876937866,0.005925824439554379,OFFLOADED,1.0,No,1.0,1.0,1.0
2397,0.0,0.0,OFFLOADED,0.0,Yes,0.0,0.0,0.0
2398,0.7790193557739258,0.798380250156802,OFFLOADED,0.0,Yes,0.0,0.0,0.0
2399,0.3026640713214874,7.749301736567029e-19,OFFLOADED,1.0,No,1.0,1.0,1.0
2400,0.290005087852478,3.5383578611204326e-22,OFFLOADED,1.0,No,1.0,0.0,0.0
2401,0.34570980072021484,1.5130726550296073e-12,OFFLOADED,1.0,No,1.0,1.0,1.0
2402,0.25641387701034546,1.4259724754397468e-35,OFFLOADED,1.0,No,1.0,1.0,1.0
2403,0.6271428465843201,0.05338222307999478,OFFLOADED,0.0,Yes,0.0,0.0,0.0
2404,0.2645149528980255,4.563190279469083e-31,OFFLOADED,1.0,No,1.0,1.0,1.0
2405,0.2565673887729645,1.7897819331579775e-35,OFFLOADED,1.0,No,1.0,1.0,1.0
2406,0.3313681483268738,8.022738030930462e-14,OFFLOADED,1.0,No,1.0,1.0,1.0
2407,0.2992241680622101,8.615845989150488e-20,OFFLOADED,1.0,No,1.0,1.0,1.0
2408,0.3949112594127655,7.264579443501929e-09,OFFLOADED,1.0,No,1.0,1.0,1.0
2409,0.4302558898925781,8.508530477781245e-07,OFFLOADED,0.0,Yes,0.0,0.0,0.0
2410,0.26006314158439636,1.8740149045008446e-33,OFFLOADED,1.0,No,1.0,1.0,1.0
2411,0.6235909461975098,0.04915535490125047,OFFLOADED,1.0,No,1.0,1.0,1.0
2412,0.25656893849372864,1.3449053240847806e-35,OFFLOADED,1.0,No,1.0,1.0,1.0
2413,0.8947612047195435,0.9979663468662103,ACCEPTED,0.0,Yes,0.0,0.0,0.0
2414,0.29255184531211853,1.510065752800206e-21,OFFLOADED,1.0,No,1.0,1.0,1.0
2415,0.30127596855163574,2.890047286536276e-19,OFFLOADED,1.0,No,0.0,1.0,0.0
2416,0.26046106219291687,2.775254925522679e-33,OFFLOADED,1.0,No,1.0,1.0,1.0
2417,0.8129473924636841,0.9246493608067743,ACCEPTED,1.0,No,1.0,1.0,1.0
2418,0.5923834443092346,0.01412947977973009,OFFLOADED,1.0,No,1.0,1.0,1.0
2419,0.313113272190094,1.0798225135917822e-16,OFFLOADED,1.0,No,1.0,1.0,1.0
2420,0.4610765278339386,1.0785612416346712e-05,OFFLOADED,1.0,No,1.0,1.0,1.0
2421,0.29962605237960815,7.961928373280236e-20,OFFLOADED,1.0,No,1.0,1.0,1.0
2422,0.3262237310409546,9.704880108290669e-15,OFFLOADED,1.0,No,1.0,1.0,1.0
2423,0.6630123853683472,0.15206696426107996,OFFLOADED,1.0,No,1.0,1.0,1.0
2424,0.2793227434158325,8.026082001595004e-26,OFFLOADED,1.0,No,1.0,1.0,1.0
2425,0.2738751769065857,1.064218982289944e-27,OFFLOADED,1.0,No,0.0,1.0,0.0
2426,0.8374067544937134,0.9623600322825792,ACCEPTED,1.0,No,1.0,1.0,1.0
2427,0.2886376678943634,6.412166411988267e-23,OFFLOADED,1.0,No,1.0,1.0,1.0
2428,0.2978833019733429,2.1496480315959162e-20,OFFLOADED,1.0,No,1.0,0.0,0.0
2429,0.3657814860343933,5.0634874325733734e-11,OFFLOADED,1.0,No,1.0,1.0,1.0
2430,0.8678790330886841,0.9917934927596743,ACCEPTED,0.0,Yes,0.0,0.0,0.0
2431,0.5412436723709106,0.0011824520131736766,OFFLOADED,1.0,No,1.0,1.0,1.0
2432,0.28167858719825745,3.918376606406196e-25,OFFLOADED,1.0,No,1.0,1.0,1.0
2433,0.8911100625991821,0.9975594157580642,ACCEPTED,0.0,Yes,0.0,0.0,0.0
2434,0.5216132402420044,0.0004230793844863108,OFFLOADED,1.0,No,0.0,1.0,0.0
2435,0.8434160947799683,0.970306067328751,ACCEPTED,1.0,No,1.0,1.0,1.0
2436,0.7483442425727844,0.6481987223970018,ACCEPTED,0.0,Yes,0.0,0.0,0.0
2437,0.3986099660396576,9.317450472323206e-09,OFFLOADED,1.0,No,1.0,0.0,0.0
2438,0.3086814880371094,9.809402571822156e-18,OFFLOADED,1.0,No,0.0,1.0,1.0
2439,0.2586776614189148,1.0519682808953743e-34,OFFLOADED,1.0,No,1.0,1.0,1.0
2440,0.42467203736305237,3.272555048345376e-07,OFFLOADED,1.0,No,0.0,1.0,1.0
2441,0.4195004105567932,1.55585777971666e-07,OFFLOADED,1.0,No,1.0,1.0,1.0
2442,0.3014962375164032,1.5550568051705618e-19,OFFLOADED,1.0,No,1.0,1.0,1.0
2443,0.2729296088218689,2.2702482481069996e-28,OFFLOADED,1.0,No,1.0,1.0,1.0
2444,0.40197810530662537,1.338468835948862e-08,OFFLOADED,1.0,No,1.0,1.0,1.0
2445,0.3533603549003601,3.1070066009877306e-12,OFFLOADED,1.0,No,1.0,0.0,0.0
2446,0.6805153489112854,0.2198878057540891,OFFLOADED,0.0,Yes,0.0,0.0,0.0
2447,0.47464993596076965,2.964822100460868e-05,OFFLOADED,1.0,No,1.0,1.0,1.0
2448,0.2640925645828247,5.811348173044551e-32,OFFLOADED,1.0,No,1.0,1.0,1.0
2449,0.4703157842159271,1.9635014462927998e-05,OFFLOADED,0.0,Yes,0.0,0.0,0.0
2450,0.3838687837123871,8.222359615378425e-10,OFFLOADED,1.0,No,0.0,0.0,1.0
2451,0.25944599509239197,1.7227224381285894e-34,OFFLOADED,1.0,No,1.0,1.0,1.0
2452,0.3758644163608551,1.948927313529341e-10,OFFLOADED,1.0,No,1.0,1.0,1.0
2453,0.8250682950019836,0.9429546040385838,ACCEPTED,1.0,No,1.0,1.0,0.0
2454,0.7525436878204346,0.6886108272284611,ACCEPTED,1.0,No,1.0,1.0,1.0
2455,0.3090549409389496,8.09780852691461e-18,OFFLOADED,1.0,No,1.0,1.0,1.0
2456,0.3151552081108093,1.0650174251500387e-16,OFFLOADED,1.0,No,1.0,1.0,1.0
2457,0.4638376533985138,1.1196470430654847e-05,OFFLOADED,1.0,No,1.0,1.0,0.0
2458,0.28976142406463623,5.773634987786198e-23,OFFLOADED,1.0,No,1.0,1.0,0.0
2459,0.8460763692855835,0.9709560979146944,ACCEPTED,0.0,Yes,0.0,0.0,0.0
2460,0.2610777020454407,1.4237685375969085e-33,OFFLOADED,1.0,No,1.0,1.0,1.0
2461,0.39093488454818726,2.191976927854591e-09,OFFLOADED,1.0,No,1.0,1.0,1.0
2462,0.3108234703540802,1.6269490606607366e-17,OFFLOADED,1.0,No,1.0,1.0,1.0
2463,0.268657386302948,2.499323085399458e-30,OFFLOADED,1.0,No,1.0,1.0,1.0
2464,0.8648588061332703,0.9903384458769788,ACCEPTED,0.0,Yes,0.0,0.0,0.0
2465,0.3153480589389801,9.64388296167293e-17,OFFLOADED,1.0,No,1.0,0.0,0.0
2466,0.2699878215789795,7.734464953986496e-30,OFFLOADED,1.0,No,1.0,1.0,1.0
2467,0.6530613303184509,0.1196551122263406,ACCEPTED,0.0,Yes,0.0,0.0,0.0
2468,0.7161003947257996,0.4394344309338176,OFFLOADED,0.0,Yes,0.0,0.0,0.0
2469,0.2775489091873169,4.269973850883005e-27,OFFLOADED,1.0,No,0.0,1.0,0.0
2470,0.4348447918891907,1.0706358343039264e-06,OFFLOADED,1.0,No,0.0,1.0,1.0
2471,0.2599583864212036,1.551637270328467e-34,OFFLOADED,1.0,No,1.0,1.0,1.0
2472,0.4754382073879242,3.214050099220527e-05,OFFLOADED,1.0,No,1.0,1.0,1.0
2473,0.2835259735584259,6.239962678888105e-25,OFFLOADED,1.0,No,1.0,1.0,1.0
2474,0.2592935860157013,5.526260711726986e-35,OFFLOADED,1.0,No,1.0,1.0,1.0
2475,0.45665454864501953,6.331634513911359e-06,OFFLOADED,1.0,No,1.0,0.0,0.0
2476,0.8539128303527832,0.9828359347719322,ACCEPTED,0.0,Yes,0.0,0.0,0.0
2477,0.4028429090976715,1.2462237596662903e-08,OFFLOADED,1.0,No,0.0,0.0,1.0
2478,0.27994778752326965,2.9622380150025685e-26,OFFLOADED,1.0,No,1.0,1.0,1.0
2479,0.3621154725551605,1.2234588213755324e-11,OFFLOADED,1.0,No,1.0,1.0,0.0
2480,0.2897856533527374,3.798391367849834e-23,OFFLOADED,1.0,No,1.0,1.0,1.0
2481,0.3790602684020996,2.49767507264772e-10,OFFLOADED,1.0,No,1.0,0.0,0.0
2482,0.4951013922691345,0.00014846114509476288,OFFLOADED,1.0,No,0.0,1.0,1.0
2483,0.6099053025245667,0.028582202573233993,ACCEPTED,1.0,No,1.0,1.0,0.0
2484,0.6491671204566956,0.11629616790923143,OFFLOADED,0.0,Yes,0.0,0.0,0.0
2485,0.29711851477622986,3.420187375827108e-21,OFFLOADED,1.0,No,1.0,1.0,1.0
2486,0.3122130036354065,1.9238194589275244e-17,OFFLOADED,1.0,No,1.0,1.0,1.0
2487,0.2513958513736725,7.087282476428942e-40,OFFLOADED,1.0,No,1.0,1.0,1.0
2488,0.28794193267822266,7.546293991514772e-24,OFFLOADED,1.0,No,1.0,1.0,1.0
2489,0.30151936411857605,5.765196925502342e-20,OFFLOADED,1.0,No,1.0,1.0,1.0
2490,0.6989799737930298,0.3473063057303527,OFFLOADED,0.0,Yes,0.0,0.0,0.0
2491,0.746933102607727,0.6658665084655748,ACCEPTED,0.0,Yes,0.0,0.0,0.0
2492,0.35086944699287415,1.0867815453621657e-12,OFFLOADED,1.0,No,1.0,0.0,0.0
2493,0.6901515126228333,0.31358592781372757,OFFLOADED,1.0,No,1.0,1.0,1.0
2494,0.37874123454093933,2.1175807446141315e-10,OFFLOADED,1.0,No,1.0,1.0,1.0
2495,0.25542908906936646,5.976961548555029e-38,OFFLOADED,1.0,No,1.0,1.0,1.0
2496,0.3431771993637085,2.911673011314329e-13,OFFLOADED,1.0,No,1.0,1.0,1.0
2497,0.3646546006202698,1.594310927492731e-11,OFFLOADED,1.0,No,1.0,1.0,1.0
2498,0.7049257755279541,0.392152082297719,ACCEPTED,0.0,Yes,0.0,0.0,0.0
2499,0.9097155332565308,0.9992305921832363,ACCEPTED,0.0,Yes,0.0,0.0,0.0
2500,0.5248136520385742,0.000543695413185429,OFFLOADED,1.0,No,1.0,1.0,0.0
2501,0.8926109075546265,0.9982470747067448,ACCEPTED,1.0,No,1.0,1.0,1.0
2502,0.27151504158973694,1.0300282483423324e-29,OFFLOADED,1.0,No,1.0,1.0,1.0
2503,0.25021663308143616,4.015311113539965e-40,OFFLOADED,1.0,No,1.0,1.0,1.0
2504,0.2842344045639038,4.196516224243209e-25,OFFLOADED,1.0,No,1.0,1.0,1.0
2505,0.3660891652107239,1.9510138363617793e-11,OFFLOADED,1.0,No,1.0,0.0,0.0
2506,0.7771518230438232,0.815761584928336,ACCEPTED,0.0,Yes,0.0,0.0,0.0
2507,0.40859001874923706,2.500049834120595e-08,OFFLOADED,1.0,No,1.0,1.0,1.0
2508,0.2660177946090698,5.130626189296096e-32,OFFLOADED,1.0,No,1.0,1.0,1.0
2509,0.28475406765937805,5.017977482220336e-25,OFFLOADED,1.0,No,1.0,1.0,1.0
2510,0.25425904989242554,5.085360467605417e-39,OFFLOADED,1.0,No,1.0,1.0,1.0
2511,0.2872343957424164,2.7855337580674844e-24,OFFLOADED,1.0,No,1.0,1.0,0.0
2512,0.2909029722213745,4.7573068006660903e-23,OFFLOADED,1.0,No,1.0,1.0,0.0
2513,0.36860543489456177,2.942813391903536e-11,OFFLOADED,1.0,No,0.0,0.0,1.0
2514,0.3194851875305176,1.8399816494498015e-16,OFFLOADED,1.0,No,1.0,1.0,1.0
2515,0.3213110566139221,3.1091187624395616e-16,OFFLOADED,1.0,No,1.0,1.0,1.0
2516,0.8950591683387756,0.9984367966583355,ACCEPTED,0.0,Yes,0.0,0.0,0.0
2517,0.3707805871963501,4.340879391512502e-11,OFFLOADED,1.0,No,1.0,1.0,1.0
2518,0.5476473569869995,0.0018440843273667532,OFFLOADED,0.0,Yes,0.0,0.0,0.0
2519,0.7634219527244568,0.774622647930473,ACCEPTED,1.0,No,1.0,1.0,1.0
2520,0.859377920627594,0.9889662064573366,ACCEPTED,0.0,Yes,0.0,0.0,0.0
2521,0.2687491476535797,4.587981189242714e-31,OFFLOADED,1.0,No,1.0,1.0,1.0
2522,0.3545605540275574,1.5964479045015917e-12,OFFLOADED,1.0,No,1.0,0.0,0.0
2523,0.351290762424469,7.306693145752477e-13,OFFLOADED,1.0,No,1.0,1.0,0.0
2524,0.9132489562034607,0.9993951292759076,ACCEPTED,0.0,Yes,0.0,0.0,0.0
2525,0.48713597655296326,8.171275981646493e-05,OFFLOADED,1.0,No,1.0,1.0,1.0
2526,0.2919805943965912,6.665836082746215e-23,OFFLOADED,1.0,No,1.0,1.0,1.0
2527,0.304918110370636,2.1220180421924034e-19,OFFLOADED,1.0,No,1.0,1.0,1.0
2528,0.3082219958305359,1.1967528591331857e-18,OFFLOADED,1.0,No,1.0,1.0,1.0
2529,0.5776817202568054,0.0077109601739163945,OFFLOADED,0.0,Yes,0.0,0.0,0.0
2530,0.40250328183174133,1.0373336145687853e-08,OFFLOADED,1.0,No,1.0,1.0,1.0
2531,0.26424533128738403,4.3912599765266936e-33,OFFLOADED,1.0,No,0.0,1.0,1.0
2532,0.859070897102356,0.9894132186921963,ACCEPTED,0.0,Yes,0.0,0.0,0.0
2533,0.31393516063690186,1.795250565418189e-17,OFFLOADED,1.0,No,0.0,1.0,1.0
2534,0.27069708704948425,1.878821030803814e-30,OFFLOADED,1.0,No,1.0,1.0,1.0
2535,0.5455693602561951,0.0018204722303242925,OFFLOADED,1.0,No,1.0,1.0,1.0
2536,0.867300271987915,0.994165964111016,ACCEPTED,0.0,Yes,0.0,0.0,0.0
2537,0.4486928880214691,2.991651910959688e-06,OFFLOADED,1.0,No,1.0,1.0,1.0
2538,0.34545546770095825,2.156149629216547e-13,OFFLOADED,1.0,No,1.0,1.0,1.0
2539,0.4070298373699188,1.646274826907092e-08,OFFLOADED,1.0,No,1.0,1.0,1.0
2540,0.7395358681678772,0.6374616642384648,ACCEPTED,0.0,Yes,0.0,0.0,0.0
2541,0.299770325422287,5.666813002458883e-21,OFFLOADED,1.0,No,1.0,1.0,1.0
2542,0.8050133585929871,0.911550495257883,ACCEPTED,1.0,No,1.0,1.0,1.0
2543,0.6774982213973999,0.24240893778159586,OFFLOADED,1.0,No,1.0,1.0,0.0
2544,0.26427161693573,2.762301484711245e-33,OFFLOADED,1.0,No,1.0,1.0,1.0
2545,0.4605637788772583,6.984986278004893e-06,OFFLOADED,1.0,No,1.0,1.0,1.0
2546,0.8266159892082214,0.9489740876125405,ACCEPTED,0.0,Yes,0.0,0.0,0.0
2547,0.2528581917285919,1.784159898542067e-40,OFFLOADED,1.0,No,1.0,1.0,1.0
2548,0.27757710218429565,3.846018306133848e-28,OFFLOADED,1.0,No,1.0,1.0,1.0
2549,0.2520439028739929,7.88254425002979e-41,OFFLOADED,1.0,No,1.0,1.0,1.0
2550,0.256287157535553,4.2607828895880274e-38,OFFLOADED,1.0,No,1.0,1.0,1.0
2551,0.8700988292694092,0.9955210745330084,ACCEPTED,1.0,No,1.0,1.0,1.0
2552,0.7961855530738831,0.8800206747029885,ACCEPTED,0.0,Yes,0.0,0.0,0.0
2553,0.3276192545890808,2.2870497882635038e-15,OFFLOADED,1.0,No,1.0,1.0,1.0
2554,0.25533178448677063,6.563964566454172e-39,OFFLOADED,1.0,No,1.0,1.0,1.0
2555,0.7644559741020203,0.7790382103894512,ACCEPTED,1.0,No,1.0,1.0,1.0
2556,0.26660871505737305,1.888362789892294e-32,OFFLOADED,1.0,No,1.0,1.0,1.0
2557,0.2999759614467621,5.286678115334043e-21,OFFLOADED,1.0,No,0.0,1.0,1.0
2558,0.26549774408340454,6.687134139683659e-33,OFFLOADED,1.0,No,0.0,1.0,1.0
2559,0.29772070050239563,1.0242549791040663e-21,OFFLOADED,1.0,No,1.0,1.0,0.0
2560,0.4519747495651245,3.4638266856791344e-06,OFFLOADED,1.0,No,1.0,1.0,1.0
2561,0.26763951778411865,4.096721533094587e-32,OFFLOADED,1.0,No,0.0,0.0,1.0
2562,0.8333139419555664,0.9610732833169974,ACCEPTED,1.0,No,1.0,1.0,1.0
2563,0.25858405232429504,1.060727577042228e-36,OFFLOADED,1.0,No,1.0,1.0,1.0
2564,0.7070838212966919,0.4148860620941195,ACCEPTED,0.0,Yes,0.0,0.0,0.0
2565,0.257392942905426,1.8840666047814943e-37,OFFLOADED,1.0,No,1.0,1.0,1.0
2566,0.2892027795314789,3.329862949131372e-24,OFFLOADED,1.0,No,0.0,1.0,1.0
2567,0.6193205118179321,0.044239175445647275,OFFLOADED,1.0,No,1.0,1.0,1.0
2568,0.631045401096344,0.0686814301106185,OFFLOADED,1.0,No,1.0,1.0,1.0
2569,0.28837481141090393,1.4985599485337254e-24,OFFLOADED,1.0,No,1.0,1.0,1.0
2570,0.28508684039115906,1.2810188642466057e-25,OFFLOADED,1.0,No,1.0,1.0,1.0
2571,0.26042404770851135,1.0155308402153048e-35,OFFLOADED,1.0,No,1.0,1.0,1.0
2572,0.2561265230178833,1.2621009407851427e-38,OFFLOADED,1.0,No,1.0,1.0,1.0
2573,0.32895252108573914,3.1774081203631036e-15,OFFLOADED,1.0,No,1.0,1.0,1.0
2574,0.32438015937805176,4.47507048356851e-16,OFFLOADED,1.0,No,1.0,1.0,0.0
2575,0.25088340044021606,1.9572953552798812e-41,OFFLOADED,1.0,No,1.0,1.0,0.0
2576,0.26285117864608765,2.572095315689385e-34,OFFLOADED,1.0,No,1.0,1.0,1.0
2577,0.27547696232795715,4.443766248404275e-29,OFFLOADED,1.0,No,1.0,1.0,1.0
2578,0.6139965057373047,0.0318271579790358,OFFLOADED,1.0,No,1.0,1.0,0.0
2579,0.901215136051178,0.9990433755569732,ACCEPTED,0.0,Yes,0.0,0.0,0.0
2580,0.46867430210113525,1.2800078739829131e-05,OFFLOADED,1.0,No,1.0,1.0,1.0
2581,0.2627153992652893,1.7550937248754004e-34,OFFLOADED,1.0,No,1.0,1.0,1.0
2582,0.3100684881210327,1.4379845634875754e-18,OFFLOADED,1.0,No,0.0,1.0,1.0
2583,0.2623540461063385,1.0042122168992211e-34,OFFLOADED,1.0,No,1.0,1.0,1.0
2584,0.37211593985557556,3.1307247749045565e-11,OFFLOADED,1.0,No,1.0,1.0,1.0
2585,0.25921615958213806,9.114859126746459e-37,OFFLOADED,1.0,No,1.0,0.0,0.0
2586,0.768425703048706,0.787298733777476,ACCEPTED,0.0,Yes,0.0,0.0,0.0
2587,0.47513508796691895,2.190901994353595e-05,OFFLOADED,1.0,No,1.0,1.0,1.0
2588,0.2813495397567749,4.767127336292328e-27,OFFLOADED,1.0,No,1.0,0.0,0.0
2589,0.26470205187797546,1.1349222880493456e-33,OFFLOADED,1.0,No,1.0,1.0,1.0
2590,0.2526838183403015,1.9627870445252212e-41,OFFLOADED,1.0,No,1.0,1.0,1.0
2591,0.27539026737213135,2.834283517740558e-29,OFFLOADED,1.0,No,1.0,1.0,0.0
2592,0.8543767333030701,0.9872406167959406,ACCEPTED,0.0,Yes,0.0,0.0,0.0
2593,0.250379353761673,8.195902623934182e-42,OFFLOADED,1.0,No,1.0,1.0,1.0
2594,0.25204867124557495,9.76116024263639e-42,OFFLOADED,1.0,No,1.0,1.0,1.0
2595,0.38941651582717896,7.027193260425578e-10,OFFLOADED,1.0,No,0.0,1.0,0.0
2596,0.3027137219905853,1.8387046940741475e-20,OFFLOADED,1.0,No,1.0,0.0,0.0
2597,0.7995123863220215,0.8984467708911363,ACCEPTED,0.0,Yes,0.0,0.0,0.0
2598,0.6895352005958557,0.3122375642085828,OFFLOADED,0.0,Yes,0.0,0.0,0.0
2599,0.3629366159439087,4.420094339562001e-12,OFFLOADED,1.0,No,1.0,1.0,1.0
2600,0.26597368717193604,3.0836439698554414e-33,OFFLOADED,1.0,No,1.0,1.0,1.0
2601,0.46556320786476135,8.542997998592317e-06,OFFLOADED,1.0,No,1.0,1.0,0.0
2602,0.2677566111087799,1.5648263803300668e-32,OFFLOADED,1.0,No,0.0,1.0,1.0
2603,0.25904029607772827,4.016188834177766e-37,OFFLOADED,1.0,No,1.0,1.0,1.0
2604,0.33777785301208496,3.0767325229271346e-14,OFFLOADED,1.0,No,1.0,1.0,0.0
2605,0.6160841584205627,0.0350638856305058,OFFLOADED,0.0,Yes,0.0,0.0,0.0
2606,0.3914468586444855,9.40545326488933e-10,OFFLOADED,1.0,No,0.0,1.0,1.0
2607,0.4330384135246277,4.642718704841122e-07,OFFLOADED,0.0,Yes,0.0,0.0,0.0
2608,0.33763349056243896,2.980763944286829e-14,OFFLOADED,1.0,No,1.0,0.0,0.0
2609,0.27494296431541443,1.5610309699808675e-29,OFFLOADED,1.0,No,1.0,1.0,1.0
2610,0.2504524290561676,4.508092119118379e-42,OFFLOADED,1.0,No,1.0,1.0,1.0
2611,0.2528975307941437,1.3372987507450658e-41,OFFLOADED,1.0,No,1.0,1.0,1.0
2612,0.2842620611190796,3.6711043819768845e-26,OFFLOADED,1.0,No,1.0,1.0,0.0
2613,0.2862994372844696,1.44135122659115e-25,OFFLOADED,1.0,No,0.0,1.0,1.0
2614,0.26599735021591187,2.105621833492388e-33,OFFLOADED,1.0,No,1.0,1.0,1.0
2615,0.7425242066383362,0.6802946844222386,ACCEPTED,0.0,Yes,0.0,0.0,0.0
2616,0.2522071599960327,4.859885407419722e-42,OFFLOADED,1.0,No,1.0,1.0,1.0
2617,0.3124951422214508,3.3155246194985795e-18,OFFLOADED,1.0,No,1.0,1.0,1.0
2618,0.28653010725975037,1.599955415078345e-25,OFFLOADED,1.0,No,1.0,1.0,0.0
2619,0.2996772825717926,1.7215774485021026e-21,OFFLOADED,1.0,No,1.0,1.0,1.0
2620,0.33420330286026,1.185333795283884e-14,OFFLOADED,1.0,No,1.0,1.0,1.0
2621,0.6871359944343567,0.31728934611325005,ACCEPTED,0.0,Yes,0.0,0.0,0.0
2622,0.6771916151046753,0.26053788963046376,OFFLOADED,1.0,No,1.0,1.0,1.0
2623,0.30897173285484314,4.933316285544685e-19,OFFLOADED,1.0,No,1.0,0.0,0.0
2624,0.3074372708797455,1.8970507610872094e-19,OFFLOADED,1.0,No,1.0,0.0,0.0
2625,0.25528430938720703,3.823479473466196e-40,OFFLOADED,1.0,No,1.0,1.0,1.0
2626,0.2611788809299469,6.604556358473986e-36,OFFLOADED,1.0,No,1.0,1.0,1.0
2627,0.4974675476551056,0.00015135148911931168,OFFLOADED,1.0,No,1.0,1.0,1.0
2628,0.25195515155792236,2.319815495129641e-42,OFFLOADED,1.0,No,1.0,1.0,1.0
2629,0.3224545121192932,1.1435438133060485e-16,OFFLOADED,1.0,No,1.0,1.0,1.0
2630,0.5136001706123352,0.00031200595598978675,OFFLOADED,1.0,No,1.0,1.0,0.0
2631,0.8453205823898315,0.9810853762931275,ACCEPTED,1.0,No,1.0,1.0,1.0
2632,0.2854142189025879,4.4316573941402985e-26,OFFLOADED,1.0,No,1.0,1.0,1.0
2633,0.38267478346824646,1.8709036094360964e-10,OFFLOADED,1.0,No,0.0,1.0,1.0
2634,0.8988326191902161,0.9991066117512999,ACCEPTED,0.0,Yes,0.0,0.0,0.0
2635,0.7800600528717041,0.8491130780798446,ACCEPTED,1.0,No,1.0,1.0,1.0
2636,0.6018843650817871,0.0211571483891594,OFFLOADED,0.0,Yes,0.0,0.0,0.0
2637,0.26720336079597473,3.57847952551557e-33,OFFLOADED,1.0,No,1.0,1.0,1.0
2638,0.0,0.0,OFFLOADED,0.0,Yes,0.0,0.0,0.0
2639,0.8996662497520447,0.9991626449180072,ACCEPTED,0.0,Yes,0.0,0.0,0.0
2640,0.2592642903327942,1.9288525706821084e-37,OFFLOADED,1.0,No,1.0,1.0,1.0
2641,0.31643247604370117,1.3371819057866799e-17,OFFLOADED,1.0,No,1.0,0.0,0.0
2642,0.2534657120704651,1.0267808214426003e-41,OFFLOADED,1.0,No,1.0,0.0,0.0
2643,0.9043830037117004,0.999403232764251,ACCEPTED,1.0,No,1.0,1.0,1.0
2644,0.2764163911342621,1.9079735521436497e-29,OFFLOADED,1.0,No,0.0,1.0,1.0
2645,0.8869292736053467,0.9982693000059214,ACCEPTED,0.0,Yes,0.0,0.0,0.0
2646,0.256242036819458,1.3607149174575471e-39,OFFLOADED,1.0,No,1.0,1.0,1.0
2647,0.32698914408683777,7.366270446731952e-16,OFFLOADED,1.0,No,1.0,1.0,1.0
2648,0.285498708486557,3.9104193941421834e-26,OFFLOADED,1.0,No,1.0,1.0,1.0
2649,0.2568681538105011,4.422655089633023e-39,OFFLOADED,1.0,No,1.0,1.0,1.0
2650,0.28702080249786377,1.3308578134036426e-25,OFFLOADED,1.0,No,1.0,1.0,0.0
2651,0.25718313455581665,6.639890335219118e-39,OFFLOADED,1.0,No,1.0,1.0,0.0
2652,0.25683435797691345,3.4952160863736774e-39,OFFLOADED,1.0,No,1.0,1.0,1.0
2653,0.28023985028266907,5.631120111565864e-28,OFFLOADED,1.0,No,1.0,1.0,1.0
2654,0.2514610290527344,7.35498837238317e-43,OFFLOADED,1.0,No,1.0,1.0,1.0
2655,0.38656413555145264,4.0223344853599493e-10,OFFLOADED,1.0,No,1.0,1.0,1.0
2656,0.38520047068595886,2.93752482309943e-10,OFFLOADED,1.0,No,1.0,0.0,0.0
2657,0.27104347944259644,1.2340303889851859e-31,OFFLOADED,1.0,No,0.0,1.0,1.0
2658,0.42006540298461914,8.431973678150777e-08,OFFLOADED,1.0,No,1.0,0.0,0.0
2659,0.8268322348594666,0.9557798884981866,ACCEPTED,0.0,Yes,0.0,0.0,0.0
2660,0.8676729202270508,0.9954168268831107,ACCEPTED,0.0,Yes,0.0,0.0,0.0
2661,0.8481156826019287,0.9835102871436017,ACCEPTED,0.0,Yes,0.0,0.0,0.0
2662,0.3571583330631256,8.956015491074556e-13,OFFLOADED,1.0,No,1.0,1.0,1.0
2663,0.0,0.0,OFFLOADED,0.0,Yes,0.0,0.0,0.0
2664,0.47342196106910706,1.8528836336572153e-05,OFFLOADED,1.0,No,1.0,1.0,1.0
2665,0.27322813868522644,9.196118848295033e-31,OFFLOADED,1.0,No,1.0,1.0,1.0
2666,0.7310299873352051,0.6211269639437111,OFFLOADED,0.0,Yes,0.0,0.0,0.0
2667,0.9276983141899109,0.9997942878381958,ACCEPTED,0.0,Yes,0.0,0.0,0.0
2668,0.8378291130065918,0.9733059904043471,ACCEPTED,1.0,No,1.0,1.0,1.0
2669,0.2690076231956482,1.3904180007302934e-32,OFFLOADED,1.0,No,1.0,1.0,1.0
2670,0.3570624887943268,7.972873112001528e-13,OFFLOADED,0.0,Yes,0.0,0.0,0.0
2671,0.3423365652561188,5.0506539977165824e-14,OFFLOADED,1.0,No,1.0,1.0,1.0
2672,0.250314861536026,4.2243601375516015e-43,OFFLOADED,0.0,Yes,0.0,0.0,0.0
2673,0.2978367209434509,2.055964219093173e-22,OFFLOADED,1.0,No,1.0,1.0,1.0
2674,0.2761499583721161,8.450937227060753e-30,OFFLOADED,1.0,No,1.0,0.0,1.0
2675,0.9684339761734009,0.9999447291354382,ACCEPTED,0.0,Yes,0.0,0.0,0.0
2676,0.2583620250225067,2.228402180811517e-38,OFFLOADED,1.0,No,1.0,1.0,1.0
2677,0.8729499578475952,0.9970466471466537,ACCEPTED,0.0,Yes,0.0,0.0,0.0
2678,0.45140013098716736,2.3544092504427693e-06,OFFLOADED,1.0,No,1.0,0.0,0.0
2679,0.2523772120475769,5.918071050133962e-43,OFFLOADED,1.0,No,1.0,1.0,1.0
2680,0.6219483613967896,0.05004126563098062,OFFLOADED,1.0,No,1.0,1.0,1.0
2681,0.2739110589027405,1.3551159776582236e-30,OFFLOADED,1.0,No,1.0,1.0,1.0
2682,0.466716468334198,8.353434054755235e-06,OFFLOADED,0.0,Yes,0.0,0.0,0.0
2683,0.2822471559047699,1.9542452845284486e-27,OFFLOADED,1.0,No,1.0,1.0,1.0
2684,0.3275291621685028,6.37008994706405e-16,OFFLOADED,1.0,No,1.0,1.0,1.0
2685,0.3026350736618042,5.823519457619274e-21,OFFLOADED,1.0,No,1.0,1.0,1.0
2686,0.26429784297943115,5.575734474158636e-35,OFFLOADED,1.0,No,1.0,1.0,1.0
2687,0.0,0.0,OFFLOADED,0.0,Yes,0.0,0.0,0.0
2688,0.5015724301338196,0.0001705271723647292,OFFLOADED,1.0,No,0.0,1.0,1.0
2689,0.3269208073616028,4.344835356158616e-16,OFFLOADED,1.0,No,1.0,0.0,1.0
2690,0.31003615260124207,3.8470874417254715e-19,OFFLOADED,1.0,No,0.0,1.0,1.0
2691,0.8329735994338989,0.9661230730518656,ACCEPTED,1.0,No,1.0,1.0,0.0
2692,0.42802226543426514,2.144000503236003e-07,OFFLOADED,1.0,No,0.0,0.0,1.0
2693,0.4687997102737427,1.0487421742029901e-05,OFFLOADED,1.0,No,1.0,0.0,0.0
2694,0.32072168588638306,2.803732306796513e-17,OFFLOADED,1.0,No,1.0,1.0,1.0
2695,0.28461286425590515,7.838017197164495e-27,OFFLOADED,1.0,No,1.0,1.0,1.0
2696,0.6830730438232422,0.2934277887854796,ACCEPTED,1.0,No,1.0,1.0,1.0
2697,0.6721401810646057,0.21838721774916878,OFFLOADED,1.0,No,1.0,1.0,1.0
2698,0.8046995401382446,0.9174351419107816,ACCEPTED,0.0,Yes,0.0,0.0,0.0
2699,0.7170723676681519,0.5174462118277458,OFFLOADED,0.0,Yes,0.0,0.0,0.0
2700,0.3754645586013794,2.76283166622958e-11,OFFLOADED,1.0,No,1.0,1.0,1.0
2701,0.8112709522247314,0.9371001537155039,ACCEPTED,0.0,Yes,0.0,0.0,0.0
2702,0.8411275744438171,0.9773868289894008,ACCEPTED,0.0,Yes,0.0,0.0,0.0
2703,0.9059992432594299,0.9996131491445436,ACCEPTED,0.0,Yes,0.0,0.0,0.0
2704,0.2792520523071289,7.753802095652744e-29,OFFLOADED,1.0,No,1.0,1.0,1.0
2705,0.8280971646308899,0.9644172705330581,ACCEPTED,1.0,No,1.0,1.0,1.0
2706,0.25093787908554077,1.4207789119409765e-43,OFFLOADED,1.0,No,1.0,1.0,1.0
2707,0.7979070544242859,0.9089692190404339,ACCEPTED,0.0,Yes,0.0,0.0,0.0
2708,0.0,0.0,OFFLOADED,0.0,Yes,0.0,0.0,0.0
2709,0.8298735022544861,0.9660836615159842,ACCEPTED,0.0,Yes,0.0,0.0,0.0
2710,0.2524331212043762,2.420183731153443e-43,OFFLOADED,1.0,No,0.0,0.0,1.0
2711,0.25156232714653015,1.3504818597416371e-43,OFFLOADED,1.0,No,1.0,1.0,1.0
2712,0.31077802181243896,4.225815191968887e-19,OFFLOADED,1.0,No,1.0,0.0,0.0
2713,0.6129499673843384,0.03107334688226881,OFFLOADED,0.0,Yes,0.0,0.0,0.0
2714,0.29976212978363037,4.312055279105729e-22,OFFLOADED,1.0,No,1.0,1.0,1.0
2715,0.9670711159706116,0.9999586814453167,ACCEPTED,1.0,No,1.0,1.0,0.0
2716,0.7572101354598999,0.7790939688921482,OFFLOADED,1.0,No,1.0,1.0,1.0
2717,0.2591380774974823,2.2070841125404338e-38,OFFLOADED,1.0,No,1.0,1.0,1.0
2718,0.35111576318740845,1.6023327643819848e-13,OFFLOADED,1.0,No,1.0,1.0,1.0
2719,0.31852543354034424,1.1707331680481624e-17,OFFLOADED,1.0,No,1.0,1.0,1.0
2720,0.2645888030529022,3.50569656557575e-35,OFFLOADED,1.0,No,0.0,1.0,1.0
2721,0.8647140264511108,0.9956065158733861,ACCEPTED,1.0,No,1.0,1.0,1.0
2722,0.5291498899459839,0.0006114431330577048,OFFLOADED,1.0,No,1.0,0.0,1.0
2723,0.2605379521846771,1.6868834524170012e-37,OFFLOADED,1.0,No,1.0,1.0,1.0
2724,0.29822269082069397,1.1034521415765144e-22,OFFLOADED,1.0,No,1.0,1.0,1.0
2725,0.5707027316093445,0.004947380338541641,OFFLOADED,1.0,No,1.0,1.0,1.0
2726,0.2906029224395752,7.529293281795661e-25,OFFLOADED,1.0,No,1.0,0.0,0.0
2727,0.2663857340812683,1.6511402754129523e-34,OFFLOADED,1.0,No,1.0,1.0,1.0
2728,0.38055866956710815,7.051172996479478e-11,OFFLOADED,1.0,No,1.0,1.0,1.0
2729,0.9127103090286255,0.999712892454986,ACCEPTED,1.0,No,1.0,1.0,0.0
2730,0.9204317927360535,0.9997642408640262,ACCEPTED,0.0,Yes,0.0,0.0,0.0
2731,0.7353551387786865,0.6581072948895581,ACCEPTED,0.0,Yes,0.0,0.0,0.0
2732,0.33123475313186646,1.7731439039870483e-15,OFFLOADED,0.0,Yes,0.0,0.0,0.0
2733,0.2548375725746155,6.48272583248815e-42,OFFLOADED,1.0,No,1.0,1.0,1.0
2734,0.2761996388435364,2.4535044026385364e-30,OFFLOADED,1.0,No,1.0,1.0,1.0
2735,0.0,0.0,OFFLOADED,0.0,Yes,0.0,0.0,0.0
2736,0.5026717185974121,0.00015300066461656462,OFFLOADED,0.0,Yes,0.0,0.0,0.0
2737,0.41707223653793335,3.8828604134325756e-08,OFFLOADED,1.0,No,1.0,1.0,1.0
2738,0.0,0.0,OFFLOADED,0.0,Yes,0.0,0.0,0.0
2739,0.25513359904289246,1.0643942616763638e-41,OFFLOADED,1.0,No,1.0,1.0,1.0
2740,0.5484257340431213,0.0018195559742584795,OFFLOADED,1.0,No,1.0,1.0,1.0
2741,0.26194462180137634,1.0401056015169257e-36,OFFLOADED,1.0,No,1.0,1.0,1.0
2742,0.3281579613685608,4.961413270754807e-16,OFFLOADED,1.0,No,1.0,1.0,1.0
2743,0.909714937210083,0.9996864289761624,ACCEPTED,0.0,Yes,0.0,0.0,0.0
2744,0.31295594573020935,8.753046778802734e-19,OFFLOADED,1.0,No,1.0,1.0,1.0
2745,0.32912278175354004,7.265949905608327e-16,OFFLOADED,1.0,No,1.0,1.0,1.0
2746,0.8129529356956482,0.946962454382034,ACCEPTED,1.0,No,1.0,1.0,0.0
2747,0.3751015067100525,2.066181703180698e-11,OFFLOADED,1.0,No,1.0,0.0,0.0
2748,0.3467901051044464,5.10050894169164e-14,OFFLOADED,1.0,No,1.0,0.0,0.0
2749,0.7231914401054382,0.5888742502253271,OFFLOADED,1.0,No,1.0,1.0,1.0
2750,0.3363533318042755,6.897018961787495e-15,OFFLOADED,1.0,No,0.0,1.0,1.0
2751,0.2661496102809906,7.801805795712106e-35,OFFLOADED,1.0,No,1.0,1.0,1.0
2752,0.35752230882644653,5.030468591977082e-13,OFFLOADED,1.0,No,1.0,1.0,1.0
2753,0.253245085477829,1.9624964654245847e-43,OFFLOADED,1.0,No,1.0,0.0,0.0
2754,0.25783661007881165,1.052664106604595e-39,OFFLOADED,1.0,No,1.0,1.0,1.0
2755,0.26696088910102844,1.5939122184330776e-34,OFFLOADED,1.0,No,1.0,1.0,1.0
2756,0.38085702061653137,6.496537639997807e-11,OFFLOADED,1.0,No,1.0,1.0,1.0
2757,0.743675947189331,0.7047874388168766,ACCEPTED,0.0,Yes,0.0,0.0,0.0
2758,0.5003604888916016,0.00013519162214572895,OFFLOADED,1.0,No,1.0,1.0,1.0
2759,0.40022963285446167,2.284406203838578e-09,OFFLOADED,1.0,No,0.0,1.0,0.0
2760,0.301541805267334,6.605298726057179e-22,OFFLOADED,1.0,No,1.0,1.0,1.0
2761,0.2598462700843811,1.517142112653644e-38,OFFLOADED,1.0,No,1.0,1.0,1.0
2762,0.29086458683013916,4.376537595252919e-25,OFFLOADED,1.0,No,1.0,1.0,0.0
2763,0.2635698914527893,3.034685333138361e-36,OFFLOADED,1.0,No,1.0,1.0,1.0
2764,0.4966174066066742,0.00010304933934170157,OFFLOADED,1.0,No,1.0,0.0,0.0
2765,0.3000509738922119,1.9047131243732305e-22,OFFLOADED,1.0,No,1.0,1.0,0.0
2766,0.7940037846565247,0.8999678401364558,ACCEPTED,1.0,No,1.0,1.0,0.0
2767,0.3140319883823395,7.924479180966674e-19,OFFLOADED,1.0,No,1.0,1.0,1.0
2768,0.30239784717559814,1.0425994097392383e-21,OFFLOADED,1.0,No,1.0,1.0,0.0
2769,0.2661930024623871,4.11185931421985e-35,OFFLOADED,1.0,No,1.0,0.0,0.0
2770,0.2523229718208313,1.984281475871937e-44,OFFLOADED,1.0,No,0.0,1.0,1.0
2771,0.359578400850296,6.318960190519435e-13,OFFLOADED,1.0,No,0.0,1.0,1.0
2772,0.6854695081710815,0.30071089221638353,OFFLOADED,0.0,Yes,0.0,0.0,0.0
2773,0.4382880926132202,5.174518011103979e-07,OFFLOADED,1.0,No,1.0,1.0,1.0
2774,0.8975299000740051,0.9993387407607183,ACCEPTED,0.0,Yes,0.0,0.0,0.0
2775,0.9006602168083191,0.9994969511923812,ACCEPTED,0.0,Yes,0.0,0.0,0.0
2776,0.271085649728775,7.805225397973623e-33,OFFLOADED,1.0,No,1.0,1.0,1.0
2777,0.307632714509964,2.1384423823347324e-20,OFFLOADED,1.0,No,1.0,1.0,1.0
2778,0.29881957173347473,5.422720344676084e-23,OFFLOADED,1.0,No,1.0,1.0,0.0
2779,0.2972014844417572,1.5696482483055803e-23,OFFLOADED,1.0,No,1.0,1.0,1.0
2780,0.2817446291446686,1.223593781789533e-28,OFFLOADED,1.0,No,1.0,1.0,1.0
2781,0.2609963119029999,5.523488240493225e-38,OFFLOADED,1.0,No,1.0,1.0,1.0
2782,0.26776519417762756,1.6185560302662285e-34,OFFLOADED,1.0,No,1.0,1.0,1.0
2783,0.47166070342063904,1.096775834851385e-05,OFFLOADED,0.0,Yes,0.0,0.0,0.0
2784,0.7932924032211304,0.8944670977829743,ACCEPTED,0.0,Yes,0.0,0.0,0.0
2785,0.38347211480140686,9.500638498968882e-11,OFFLOADED,1.0,No,0.0,1.0,0.0
2786,0.2738432288169861,1.0266476575521744e-31,OFFLOADED,1.0,No,0.0,1.0,1.0
2787,0.6020016074180603,0.02237181805240557,OFFLOADED,1.0,No,0.0,1.0,1.0
2788,0.2992675006389618,6.621908944578398e-23,OFFLOADED,1.0,No,1.0,0.0,0.0
2789,0.25028282403945923,5.908539144761864e-45,OFFLOADED,1.0,No,1.0,1.0,1.0
2790,0.7962930202484131,0.9086379717053075,ACCEPTED,1.0,No,1.0,1.0,1.0
2791,0.6850832104682922,0.3094160928774691,OFFLOADED,1.0,No,1.0,1.0,1.0
2792,0.2965754568576813,9.250294954589182e-24,OFFLOADED,1.0,No,1.0,0.0,0.0
2793,0.3876344561576843,2.0339415789964357e-10,OFFLOADED,1.0,No,1.0,1.0,1.0
2794,0.26781511306762695,1.1680548065410468e-34,OFFLOADED,1.0,No,1.0,0.0,0.0
2795,0.26548099517822266,8.360603840576013e-36,OFFLOADED,1.0,No,1.0,1.0,1.0
2796,0.3663986623287201,2.204374239767437e-12,OFFLOADED,1.0,No,1.0,1.0,1.0
2797,0.8698698282241821,0.9966484473281445,ACCEPTED,0.0,Yes,0.0,0.0,0.0
2798,0.6124804615974426,0.030406156586623156,OFFLOADED,1.0,No,1.0,1.0,1.0
2799,0.30992591381073,6.602465857487266e-20,OFFLOADED,1.0,No,0.0,1.0,1.0
2800,0.5254048705101013,0.00037158879445492736,OFFLOADED,0.0,Yes,0.0,0.0,0.0
2801,0.3948410153388977,7.202701367792024e-10,OFFLOADED,1.0,No,1.0,1.0,1.0
2802,0.3300504684448242,4.519123309053674e-16,OFFLOADED,1.0,No,1.0,1.0,0.0
2803,0.31089305877685547,1.0596390254057324e-19,OFFLOADED,1.0,No,1.0,1.0,1.0
2804,0.36790183186531067,2.772515377495151e-12,OFFLOADED,1.0,No,1.0,1.0,0.0
2805,0.5249148011207581,0.00038274790018677854,OFFLOADED,1.0,No,1.0,0.0,0.0
2806,0.818925678730011,0.9505187919943484,ACCEPTED,1.0,No,1.0,1.0,1.0
2807,0.30297693610191345,7.231959995853207e-22,OFFLOADED,1.0,No,1.0,1.0,1.0
2808,0.559607744216919,0.0024495004835819118,OFFLOADED,1.0,No,1.0,1.0,1.0
2809,0.9047797918319702,0.9996234353311018,ACCEPTED,1.0,No,1.0,1.0,1.0
2810,0.8488693833351135,0.9849943321321427,ACCEPTED,1.0,No,1.0,1.0,0.0
2811,0.34651419520378113,1.990221947772969e-14,OFFLOADED,1.0,No,1.0,1.0,1.0
2812,0.3020232319831848,3.093116602688703e-22,OFFLOADED,1.0,No,1.0,1.0,1.0
2813,0.262924462556839,2.355652359350023e-37,OFFLOADED,1.0,No,1.0,0.0,0.0
2814,0.25485774874687195,2.6704195799374168e-43,OFFLOADED,1.0,No,1.0,1.0,1.0
2815,0.6369372010231018,0.07984706729303744,OFFLOADED,0.0,Yes,0.0,0.0,0.0
2816,0.37553778290748596,1.2042776100089072e-11,OFFLOADED,1.0,No,1.0,1.0,1.0
2817,0.2823620140552521,7.95435007724998e-29,OFFLOADED,1.0,No,1.0,0.0,0.0
2818,0.27492839097976685,9.236152759271795e-32,OFFLOADED,1.0,No,1.0,1.0,1.0
2819,0.3449164927005768,1.442570472588091e-14,OFFLOADED,1.0,No,1.0,1.0,1.0
2820,0.3950771391391754,6.663605546718183e-10,OFFLOADED,1.0,No,0.0,1.0,0.0
2821,0.3489268124103546,2.583132787635532e-14,OFFLOADED,1.0,No,1.0,1.0,1.0
2822,0.30209556221961975,2.5756076829648026e-22,OFFLOADED,0.0,Yes,0.0,0.0,0.0
2823,0.2646186053752899,1.2633931203192973e-36,OFFLOADED,1.0,No,1.0,1.0,1.0
2824,0.3037124276161194,8.436877493256588e-22,OFFLOADED,1.0,No,1.0,1.0,1.0
2825,0.8202510476112366,0.9487078564505554,ACCEPTED,0.0,Yes,0.0,0.0,0.0
2826,0.8170886635780334,0.9472814318830995,ACCEPTED,1.0,No,1.0,1.0,1.0
2827,0.34923332929611206,2.6090551854726822e-14,OFFLOADED,1.0,No,1.0,1.0,1.0
2828,0.5074765682220459,0.00016008878888112185,OFFLOADED,0.0,Yes,0.0,0.0,0.0
2829,0.2658933103084564,4.642249979007429e-36,OFFLOADED,1.0,No,1.0,0.0,0.0
2830,0.2818121314048767,3.8629059233792343e-29,OFFLOADED,1.0,No,0.0,0.0,1.0
2831,0.2761603891849518,1.7235600102639524e-31,OFFLOADED,1.0,No,1.0,1.0,1.0
2832,0.26865652203559875,1.1812899121549897e-34,OFFLOADED,1.0,No,0.0,0.0,1.0
2833,0.2569480538368225,1.0781177422834039e-41,OFFLOADED,1.0,No,1.0,1.0,1.0
2834,0.3060222566127777,3.550174311407026e-21,OFFLOADED,1.0,No,1.0,1.0,0.0
2835,0.6127349138259888,0.030378121595799848,OFFLOADED,0.0,Yes,0.0,0.0,0.0
2836,0.2505924105644226,1.0335197477161656e-45,OFFLOADED,1.0,No,1.0,1.0,1.0
2837,0.47683700919151306,1.7692739028465543e-05,OFFLOADED,1.0,No,1.0,1.0,0.0
2838,0.9384981393814087,0.9998795729792699,ACCEPTED,1.0,No,1.0,1.0,1.0
2839,0.29048773646354675,5.857555404829468e-26,OFFLOADED,1.0,No,1.0,1.0,1.0
2840,0.5247215628623962,0.0003836472413784632,OFFLOADED,1.0,No,1.0,0.0,0.0
2841,0.26123327016830444,1.1111451676367807e-38,OFFLOADED,1.0,No,1.0,1.0,1.0
2842,0.874474823474884,0.9973969699586033,ACCEPTED,0.0,Yes,0.0,0.0,0.0
2843,0.26454591751098633,6.831282825388522e-37,OFFLOADED,1.0,No,1.0,1.0,1.0
2844,0.3257528841495514,3.7835869524093867e-17,OFFLOADED,1.0,No,1.0,0.0,0.0
2845,0.2581138610839844,5.470630692601241e-41,OFFLOADED,1.0,No,1.0,1.0,1.0
2846,0.33471447229385376,1.3289253974379546e-15,OFFLOADED,1.0,No,1.0,1.0,1.0
2847,0.253255695104599,4.9368289280458253e-45,OFFLOADED,1.0,No,1.0,1.0,1.0
2848,0.8367180228233337,0.9695825521190101,ACCEPTED,0.0,Yes,0.0,0.0,0.0
2849,0.29495924711227417,1.1827054470758358e-24,OFFLOADED,1.0,No,1.0,1.0,1.0
2850,0.258737176656723,1.1384166847085234e-40,OFFLOADED,1.0,No,1.0,1.0,1.0
2851,0.506182849407196,0.00015761430685855697,OFFLOADED,1.0,No,1.0,1.0,1.0
2852,0.26022177934646606,1.1177147133568634e-39,OFFLOADED,1.0,No,1.0,1.0,0.0
2853,0.37901774048805237,2.242901235222801e-11,OFFLOADED,1.0,No,1.0,1.0,1.0
2854,0.8907907009124756,0.999079892267921,ACCEPTED,1.0,No,1.0,1.0,1.0
2855,0.3580942153930664,2.1177619113197996e-13,OFFLOADED,1.0,No,1.0,0.0,0.0
2856,0.0,0.0,OFFLOADED,0.0,Yes,0.0,0.0,0.0
2857,0.4156494736671448,2.010669138187065e-08,OFFLOADED,1.0,No,1.0,1.0,1.0
2858,0.4488298296928406,1.0655555617482264e-06,OFFLOADED,1.0,No,1.0,1.0,1.0
2859,0.8923914432525635,0.999114319400106,ACCEPTED,0.0,Yes,0.0,0.0,0.0
2860,0.2546326220035553,3.47770621485495e-44,OFFLOADED,1.0,No,1.0,1.0,1.0
2861,0.5080879330635071,0.00016460454482950836,OFFLOADED,0.0,Yes,0.0,0.0,0.0
2862,0.2576534152030945,1.533722784781337e-41,OFFLOADED,1.0,No,1.0,0.0,0.0
2863,0.3123548924922943,9.535074757505881e-20,OFFLOADED,1.0,No,1.0,0.0,0.0
2864,0.2648361623287201,5.8764789719654416e-37,OFFLOADED,1.0,No,1.0,0.0,0.0
2865,0.2527698874473572,1.0773446389217332e-45,OFFLOADED,1.0,No,1.0,1.0,1.0
2866,0.2597758173942566,3.788551826663913e-40,OFFLOADED,1.0,No,1.0,1.0,1.0
2867,0.25627291202545166,7.818797971765779e-43,OFFLOADED,1.0,No,1.0,1.0,1.0
2868,0.28291720151901245,5.787813672882717e-29,OFFLOADED,1.0,No,0.0,1.0,1.0
2869,0.8319326043128967,0.9656107858594575,ACCEPTED,0.0,Yes,0.0,0.0,0.0
2870,0.36395689845085144,7.63595258447802e-13,OFFLOADED,1.0,No,1.0,0.0,0.0
2871,0.6305554509162903,0.06822195518551723,OFFLOADED,0.0,Yes,0.0,0.0,0.0
2872,0.2943550944328308,5.576188774898474e-25,OFFLOADED,1.0,No,1.0,1.0,1.0
2873,0.8144962191581726,0.9443294602033541,ACCEPTED,0.0,Yes,0.0,0.0,0.0
2874,0.2957928478717804,1.372024635351086e-24,OFFLOADED,1.0,No,1.0,1.0,1.0
2875,0.5143795013427734,0.00023994799484019662,OFFLOADED,1.0,No,1.0,1.0,1.0
2876,0.0,0.0,OFFLOADED,0.0,Yes,0.0,0.0,0.0
2877,0.30583956837654114,1.7869782345921393e-21,OFFLOADED,1.0,No,1.0,1.0,1.0
2878,0.616599977016449,0.04018099610138126,OFFLOADED,1.0,No,1.0,1.0,1.0
2879,0.9529621005058289,0.9999340119905346,ACCEPTED,0.0,Yes,0.0,0.0,0.0
2880,0.3723420798778534,4.564122279311548e-12,OFFLOADED,1.0,No,1.0,1.0,1.0
2881,0.2526380717754364,4.683895710134998e-46,OFFLOADED,1.0,No,1.0,1.0,1.0
2882,0.300454705953598,3.3499223344925504e-23,OFFLOADED,1.0,No,1.0,1.0,1.0
2883,0.32500967383384705,1.604940771734574e-17,OFFLOADED,1.0,No,1.0,1.0,1.0
2884,0.2687831521034241,4.201633584468906e-35,OFFLOADED,1.0,No,0.0,0.0,1.0
2885,0.31600838899612427,4.35891453388032e-19,OFFLOADED,1.0,No,1.0,1.0,1.0
2886,0.0,0.0,OFFLOADED,0.0,Yes,0.0,0.0,0.0
2887,0.2604975402355194,7.096479717769108e-40,OFFLOADED,1.0,No,0.0,1.0,1.0
2888,0.28470316529273987,1.3595149816209274e-28,OFFLOADED,1.0,No,1.0,1.0,1.0
2889,0.6817985773086548,0.2773375587658576,OFFLOADED,1.0,No,1.0,1.0,1.0
2890,0.34680649638175964,1.0020321681423826e-14,OFFLOADED,1.0,No,1.0,1.0,0.0
2891,0.0,0.0,OFFLOADED,0.0,Yes,0.0,0.0,0.0
2892,0.2571060359477997,1.8717685384628805e-42,OFFLOADED,1.0,No,1.0,1.0,1.0
2893,0.2543630003929138,6.742906460010485e-45,OFFLOADED,1.0,No,1.0,0.0,0.0
2894,0.2818729877471924,9.683028855551355e-30,OFFLOADED,1.0,No,1.0,0.0,0.0
2895,0.28188836574554443,9.271307451260591e-30,OFFLOADED,1.0,No,1.0,1.0,1.0
2896,0.3226756155490875,4.56667875010163e-18,OFFLOADED,1.0,No,1.0,1.0,0.0
2897,0.3302554488182068,1.6471298800675525e-16,OFFLOADED,1.0,No,1.0,1.0,0.0
2898,0.9341960549354553,0.9998846870557643,ACCEPTED,0.0,Yes,0.0,0.0,0.0
2899,0.8499283194541931,0.9875011870047415,ACCEPTED,0.0,Yes,0.0,0.0,0.0
2900,0.32985010743141174,1.2727258655573406e-16,OFFLOADED,1.0,No,1.0,0.0,0.0
2901,0.2581004202365875,8.134252522808643e-42,OFFLOADED,1.0,No,1.0,1.0,1.0
2902,0.2766660749912262,4.741181299050715e-32,OFFLOADED,1.0,No,0.0,1.0,1.0
2903,0.25839754939079285,1.1909792086891432e-41,OFFLOADED,1.0,No,1.0,1.0,1.0
2904,0.7016619443893433,0.4151344630448813,OFFLOADED,0.0,Yes,0.0,0.0,0.0
2905,0.8936823010444641,0.9993665336078286,ACCEPTED,0.0,Yes,0.0,0.0,0.0
2906,0.28374382853507996,4.902119370338479e-29,OFFLOADED,1.0,No,1.0,1.0,1.0
2907,0.9277596473693848,0.9998835103236109,ACCEPTED,1.0,No,1.0,1.0,1.0
2908,0.25799375772476196,5.638045786634071e-42,OFFLOADED,1.0,No,1.0,1.0,1.0
2909,0.2672659754753113,2.9189959081064134e-36,OFFLOADED,1.0,No,1.0,1.0,1.0
2910,0.2601677477359772,1.8807286797453986e-40,OFFLOADED,1.0,No,1.0,0.0,0.0
2911,0.49373191595077515,7.137861478668856e-05,OFFLOADED,0.0,Yes,0.0,0.0,0.0
2912,0.40671485662460327,4.20519934582145e-09,OFFLOADED,1.0,No,1.0,0.0,0.0
2913,0.48218777775764465,2.689374533682092e-05,OFFLOADED,0.0,Yes,0.0,0.0,0.0
2914,0.2501158118247986,4.928570107471998e-47,OFFLOADED,1.0,No,1.0,1.0,1.0
2915,0.2734223008155823,3.124741095326415e-33,OFFLOADED,1.0,No,1.0,1.0,1.0
2916,0.927463710308075,0.9998754196663113,ACCEPTED,0.0,Yes,0.0,0.0,0.0
2917,0.3846374750137329,7.193331376873345e-11,OFFLOADED,1.0,No,1.0,1.0,1.0
2918,0.9253824949264526,0.9998731113723408,ACCEPTED,1.0,No,1.0,1.0,1.0
2919,0.31840652227401733,8.722195710910585e-19,OFFLOADED,1.0,No,1.0,1.0,1.0
2920,0.27287113666534424,1.460488423902159e-33,OFFLOADED,1.0,No,1.0,1.0,1.0
2921,0.2632311284542084,2.028340120922292e-38,OFFLOADED,1.0,No,1.0,1.0,1.0
2922,0.33003050088882446,1.3590305738214476e-16,OFFLOADED,1.0,No,1.0,1.0,0.0
2923,0.35520806908607483,7.874951240184827e-14,OFFLOADED,1.0,No,0.0,1.0,1.0
2924,0.2576697766780853,1.882248601998628e-42,OFFLOADED,1.0,No,1.0,1.0,1.0
2925,0.31479305028915405,1.4989080247972195e-19,OFFLOADED,0.0,Yes,0.0,0.0,0.0
2926,0.7001081109046936,0.41747516805580864,OFFLOADED,0.0,Yes,0.0,0.0,0.0
2927,0.4840683341026306,3.481011419598325e-05,OFFLOADED,1.0,No,0.0,1.0,1.0
2928,0.4494444727897644,1.1673733167987432e-06,OFFLOADED,1.0,No,1.0,1.0,1.0
2929,0.9307604432106018,0.9998900279761639,ACCEPTED,0.0,Yes,0.0,0.0,0.0
2930,0.2820906937122345,7.155891199971178e-30,OFFLOADED,1.0,No,1.0,1.0,1.0
2931,0.40055015683174133,1.464657527262942e-09,OFFLOADED,1.0,No,1.0,1.0,0.0
2932,0.2964426875114441,7.46279910869963e-25,OFFLOADED,1.0,No,1.0,0.0,0.0
2933,0.2768756151199341,3.7434381061672107e-32,OFFLOADED,1.0,No,1.0,1.0,1.0
2934,0.34747132658958435,9.118048266679343e-15,OFFLOADED,1.0,No,0.0,1.0,1.0
2935,0.30103692412376404,2.629501293204341e-23,OFFLOADED,1.0,No,1.0,0.0,0.0
2936,0.5486363172531128,0.0016153880634923754,OFFLOADED,1.0,No,1.0,1.0,1.0
2937,0.4785619378089905,1.8341353688042398e-05,OFFLOADED,1.0,No,1.0,0.0,0.0
2938,0.2823190987110138,6.115812093810247e-30,OFFLOADED,1.0,No,1.0,0.0,0.0
2939,0.278372198343277,1.3881330432438385e-31,OFFLOADED,1.0,No,1.0,1.0,1.0
2940,0.6796430945396423,0.2680471621352475,ACCEPTED,0.0,Yes,0.0,0.0,0.0
2941,0.2867526412010193,3.422407558811127e-28,OFFLOADED,1.0,No,1.0,1.0,1.0
2942,0.9185160994529724,0.9998427283835805,ACCEPTED,1.0,No,1.0,1.0,1.0
2943,0.26452985405921936,4.316918588573798e-38,OFFLOADED,1.0,No,1.0,1.0,1.0
2944,0.26240718364715576,2.979496438728921e-39,OFFLOADED,1.0,No,1.0,0.0,0.0
2945,0.3462480306625366,6.342562534944129e-15,OFFLOADED,1.0,No,1.0,1.0,1.0
2946,0.31584879755973816,1.8663350407376674e-19,OFFLOADED,1.0,No,1.0,1.0,1.0
2947,0.31019914150238037,9.47589538382471e-21,OFFLOADED,0.0,Yes,0.0,0.0,0.0
2948,0.7597053647041321,0.7976754694787387,ACCEPTED,0.0,Yes,0.0,0.0,0.0
2949,0.2603946030139923,9.087827730588449e-41,OFFLOADED,1.0,No,1.0,1.0,1.0
2950,0.41935834288597107,3.0312313115973386e-08,OFFLOADED,1.0,No,1.0,1.0,1.0
2951,0.774232804775238,0.8566988955536957,ACCEPTED,0.0,Yes,0.0,0.0,0.0
2952,0.8698321580886841,0.9976770063784902,ACCEPTED,1.0,No,1.0,1.0,1.0
2953,0.6929482221603394,0.39140577153234046,OFFLOADED,0.0,Yes,0.0,0.0,0.0
2954,0.2507361173629761,1.242761889492798e-47,OFFLOADED,1.0,No,1.0,1.0,1.0
2955,0.9362282752990723,0.9999162186009869,ACCEPTED,0.0,Yes,0.0,0.0,0.0
2956,0.2694430351257324,1.8145761007593645e-35,OFFLOADED,1.0,No,0.0,1.0,0.0
2957,0.6224549412727356,0.05526950423742732,OFFLOADED,0.0,Yes,0.0,0.0,0.0
2958,0.27888229489326477,2.3763765307334924e-31,OFFLOADED,1.0,No,0.0,1.0,1.0
2959,0.7165628671646118,0.5780933498801551,ACCEPTED,0.0,Yes,0.0,0.0,0.0
2960,0.2693067491054535,1.533842118098003e-35,OFFLOADED,1.0,No,1.0,1.0,1.0
2961,0.27429383993148804,2.6692639500126432e-33,OFFLOADED,1.0,No,1.0,0.0,0.0
2962,0.8503624796867371,0.9907298162994858,ACCEPTED,0.0,Yes,0.0,0.0,0.0
2963,0.5191273093223572,0.00030524280494234374,OFFLOADED,0.0,Yes,0.0,0.0,0.0
2964,0.260718435049057,1.7267834801176452e-40,OFFLOADED,1.0,No,0.0,1.0,1.0
2965,0.0,0.0,OFFLOADED,0.0,Yes,0.0,0.0,0.0
2966,0.34148120880126953,3.0889051860183595e-15,OFFLOADED,1.0,No,1.0,1.0,1.0
2967,0.9085793495178223,0.999801188530868,ACCEPTED,0.0,Yes,0.0,0.0,0.0
2968,0.27612802386283875,1.1570508404083454e-32,OFFLOADED,1.0,No,1.0,1.0,1.0
2969,0.4764738082885742,1.742643800268431e-05,OFFLOADED,1.0,No,1.0,1.0,1.0
2970,0.6235311031341553,0.06271111219989722,OFFLOADED,1.0,No,1.0,0.0,0.0
2971,0.8872182965278625,0.9992553687425036,ACCEPTED,0.0,Yes,0.0,0.0,0.0
2972,0.27218762040138245,2.378874050823823e-34,OFFLOADED,1.0,No,1.0,1.0,1.0
2973,0.5419132709503174,0.0011536556207535223,OFFLOADED,0.0,Yes,0.0,0.0,0.0
2974,0.8238646388053894,0.9682479871922732,ACCEPTED,0.0,Yes,0.0,0.0,0.0
2975,0.3186315596103668,5.771090326088352e-19,OFFLOADED,1.0,No,1.0,1.0,1.0
2976,0.5729418992996216,0.0059669242701500145,OFFLOADED,1.0,No,1.0,1.0,0.0
2977,0.27235203981399536,2.590642291905498e-34,OFFLOADED,1.0,No,1.0,1.0,1.0
2978,0.4936513900756836,8.553588303296511e-05,OFFLOADED,1.0,No,1.0,1.0,1.0
2979,0.6888415217399597,0.38160305173788567,OFFLOADED,0.0,Yes,0.0,0.0,0.0
2980,0.2584390938282013,1.6738381026386374e-42,OFFLOADED,1.0,No,1.0,1.0,1.0
2981,0.4843546450138092,3.520880134465227e-05,OFFLOADED,1.0,No,1.0,1.0,1.0
2982,0.29904112219810486,3.1832904101781362e-24,OFFLOADED,1.0,No,1.0,1.0,1.0
2983,0.28852522373199463,1.164783960720528e-27,OFFLOADED,1.0,No,1.0,0.0,0.0
2984,0.2778209447860718,4.415592232612773e-32,OFFLOADED,1.0,No,1.0,1.0,1.0
2985,0.25724637508392334,1.3911751248434913e-43,OFFLOADED,1.0,No,1.0,1.0,0.0
2986,0.3201688826084137,8.287852901450374e-19,OFFLOADED,1.0,No,0.0,1.0,1.0
2987,0.30129438638687134,2.069486598939154e-23,OFFLOADED,1.0,No,1.0,1.0,1.0
2988,0.2873938977718353,3.8525813094884445e-28,OFFLOADED,1.0,No,1.0,1.0,1.0
2989,0.264424592256546,1.3214157573128786e-38,OFFLOADED,1.0,No,1.0,1.0,1.0
2990,0.46648991107940674,5.274151150245178e-06,OFFLOADED,1.0,No,1.0,1.0,0.0
2991,0.8419433236122131,0.9860857341671178,ACCEPTED,1.0,No,1.0,1.0,0.0
2992,0.26697584986686707,2.6350786780249175e-37,OFFLOADED,1.0,No,0.0,1.0,0.0
2993,0.3386510908603668,1.25809482186071e-15,OFFLOADED,1.0,No,1.0,0.0,0.0
2994,0.42648380994796753,8.25613514492025e-08,OFFLOADED,1.0,No,1.0,1.0,1.0
2995,0.5323278903961182,0.0006351487371814532,OFFLOADED,1.0,No,1.0,1.0,1.0
2996,0.3106801211833954,8.372358959605766e-21,OFFLOADED,1.0,No,1.0,0.0,0.0
2997,0.33094698190689087,9.966320535305644e-17,OFFLOADED,1.0,No,1.0,1.0,1.0
2998,0.30392682552337646,1.07848873651983e-22,OFFLOADED,1.0,No,0.0,1.0,1.0
2999,0.9262691140174866,0.9999097867701857,ACCEPTED,0.0,Yes,0.0,0.0,0.0
3000,0.8611716628074646,0.9959572604443754,ACCEPTED,1.0,No,1.0,1.0,1.0
3001,0.2739807665348053,6.417728875545983e-34,OFFLOADED,1.0,No,1.0,1.0,1.0
3002,0.5311334729194641,0.0005584011720631206,OFFLOADED,1.0,No,1.0,1.0,1.0
3003,0.5981156229972839,0.021230338340984804,OFFLOADED,1.0,No,1.0,1.0,1.0
3004,0.5507476925849915,0.0017874549506225724,OFFLOADED,0.0,Yes,0.0,0.0,0.0
3005,0.8831899762153625,0.9990423251764785,ACCEPTED,0.0,Yes,0.0,0.0,0.0
3006,0.34587594866752625,3.9839709408263316e-15,OFFLOADED,1.0,No,1.0,1.0,1.0
3007,0.8885295391082764,0.9993702044084314,ACCEPTED,0.0,Yes,0.0,0.0,0.0
3008,0.2883121371269226,4.73165696196976e-28,OFFLOADED,1.0,No,1.0,1.0,1.0
3009,0.0,0.0,OFFLOADED,0.0,Yes,0.0,0.0,0.0
3010,0.5114094018936157,0.00020081813424154465,OFFLOADED,1.0,No,1.0,0.0,0.0
3011,0.3034396171569824,5.930261027779339e-23,OFFLOADED,1.0,No,1.0,1.0,1.0
3012,0.255080908536911,5.136791121014412e-46,OFFLOADED,1.0,No,1.0,1.0,1.0
3013,0.40665340423583984,2.4525535387291485e-09,OFFLOADED,1.0,No,1.0,1.0,0.0
3014,0.92449551820755,0.9999134161389591,ACCEPTED,0.0,Yes,0.0,0.0,0.0
3015,0.2527126669883728,5.005006193447629e-48,OFFLOADED,1.0,No,1.0,1.0,1.0
3016,0.9173084497451782,0.9998904678342959,ACCEPTED,1.0,No,1.0,1.0,1.0
3017,0.845573365688324,0.987962077179487,ACCEPTED,1.0,No,1.0,1.0,0.0
3018,0.28184452652931213,9.541288827882494e-31,OFFLOADED,1.0,No,1.0,1.0,0.0
3019,0.3325228691101074,1.3870412478286605e-16,OFFLOADED,1.0,No,1.0,1.0,1.0
3020,0.8736662864685059,0.9983426787385307,ACCEPTED,1.0,No,1.0,1.0,1.0
3021,0.37388360500335693,3.0939259717891046e-12,OFFLOADED,1.0,No,1.0,0.0,0.0
3022,0.38540974259376526,4.340180829701815e-11,OFFLOADED,1.0,No,0.0,1.0,1.0
3023,0.26431214809417725,3.518045064146974e-39,OFFLOADED,1.0,No,1.0,1.0,1.0
3024,0.2910897135734558,4.2227079993202465e-27,OFFLOADED,1.0,No,1.0,1.0,1.0
3025,0.2688605487346649,1.197372301431788e-36,OFFLOADED,1.0,No,1.0,1.0,1.0
3026,0.2785537838935852,3.023825836942518e-32,OFFLOADED,1.0,No,1.0,1.0,1.0
3027,0.3282219171524048,1.6544820558462292e-17,OFFLOADED,1.0,No,1.0,1.0,0.0
3028,0.6757198572158813,0.28432707073619395,OFFLOADED,0.0,Yes,0.0,0.0,0.0
3029,0.8977629542350769,0.9996500810686703,ACCEPTED,1.0,No,1.0,1.0,1.0
3030,0.8151929974555969,0.9602248011717135,ACCEPTED,0.0,Yes,0.0,0.0,0.0
3031,0.2757989168167114,1.5048521584556084e-33,OFFLOADED,1.0,No,1.0,1.0,1.0
3032,0.2553081214427948,4.235092133675634e-46,OFFLOADED,1.0,No,1.0,0.0,0.0
3033,0.4430251121520996,4.984463963509317e-07,OFFLOADED,1.0,No,1.0,1.0,1.0
3034,0.7213296294212341,0.6407450891077721,OFFLOADED,0.0,Yes,0.0,0.0,0.0
3035,0.613474428653717,0.04098573449022671,OFFLOADED,0.0,Yes,0.0,0.0,0.0
3036,0.2726019322872162,6.232034746744358e-35,OFFLOADED,1.0,No,1.0,1.0,1.0
3037,0.5005446672439575,0.00011849976181110016,OFFLOADED,0.0,Yes,0.0,0.0,0.0
3038,0.38999664783477783,1.252123130819994e-10,OFFLOADED,1.0,No,1.0,0.0,0.0
3039,0.2779214382171631,1.31368840308791e-32,OFFLOADED,1.0,No,1.0,1.0,1.0
3040,0.25852543115615845,2.5184876255965516e-43,OFFLOADED,1.0,No,1.0,1.0,1.0
3041,0.7425531148910522,0.7744183894172191,ACCEPTED,0.0,Yes,0.0,0.0,0.0
3042,0.7279296517372131,0.7075093718011495,ACCEPTED,1.0,No,1.0,1.0,1.0
3043,0.5765296220779419,0.008172620699413243,OFFLOADED,0.0,Yes,0.0,0.0,0.0
3044,0.0,0.0,OFFLOADED,0.0,Yes,0.0,0.0,0.0
3045,0.39108020067214966,1.523412627644659e-10,OFFLOADED,1.0,No,1.0,1.0,1.0
3046,0.27668067812919617,2.9927366368197207e-33,OFFLOADED,0.0,Yes,0.0,0.0,0.0
3047,0.2651973366737366,8.572140767896128e-39,OFFLOADED,1.0,No,1.0,0.0,0.0
3048,0.2843211889266968,8.754875224497055e-30,OFFLOADED,1.0,No,1.0,1.0,1.0
3049,0.25584444403648376,1.0464339954173288e-45,OFFLOADED,1.0,No,1.0,0.0,0.0
3050,0.9086914658546448,0.9998307008462453,ACCEPTED,1.0,No,1.0,1.0,1.0
3051,0.8722863793373108,0.9982456742433088,ACCEPTED,0.0,Yes,0.0,0.0,0.0
3052,0.29927122592926025,1.3283670697766998e-24,OFFLOADED,1.0,No,1.0,0.0,0.0
3053,0.31222525238990784,1.1605849222091655e-20,OFFLOADED,1.0,No,1.0,1.0,0.0
3054,0.3383110463619232,7.147579778716534e-16,OFFLOADED,1.0,No,0.0,0.0,1.0
3055,0.34739258885383606,4.303333821631226e-15,OFFLOADED,1.0,No,0.0,0.0,1.0
3056,0.25777801871299744,4.629629305580314e-44,OFFLOADED,1.0,No,0.0,1.0,1.0
3057,0.7414287328720093,0.7698749061932272,ACCEPTED,0.0,Yes,0.0,0.0,0.0
3058,0.2608840763568878,1.5737191491000778e-41,OFFLOADED,1.0,No,1.0,1.0,1.0
3059,0.4346083998680115,2.3122846485738173e-07,OFFLOADED,1.0,No,1.0,1.0,1.0
3060,0.2966323792934418,1.3467860023008571e-25,OFFLOADED,0.0,Yes,0.0,0.0,0.0
3061,0.27450332045555115,3.6048283360661542e-34,OFFLOADED,1.0,No,0.0,0.0,1.0
3062,0.3370237350463867,4.4311506513941676e-16,OFFLOADED,1.0,No,1.0,1.0,1.0
3063,0.32439613342285156,1.986873564871793e-18,OFFLOADED,1.0,No,1.0,1.0,1.0
3064,0.8083931803703308,0.956721788751265,ACCEPTED,0.0,Yes,0.0,0.0,0.0
3065,0.6427663564682007,0.14073660431679072,OFFLOADED,0.0,Yes,0.0,0.0,0.0
3066,0.9302072525024414,0.9999336360368554,ACCEPTED,0.0,Yes,0.0,0.0,0.0
3067,0.8661309480667114,0.9975727533369904,ACCEPTED,0.0,Yes,0.0,0.0,0.0
3068,0.361345112323761,1.761519542625198e-13,OFFLOADED,0.0,Yes,0.0,0.0,0.0
3069,0.272848516702652,5.606695243672734e-35,OFFLOADED,1.0,No,1.0,0.0,0.0
3070,0.34981194138526917,8.080241364872937e-15,OFFLOADED,1.0,No,1.0,1.0,1.0
3071,0.32488369941711426,2.6038443938194576e-18,OFFLOADED,1.0,No,1.0,1.0,1.0
3072,0.9127207398414612,0.9998820224785101,ACCEPTED,0.0,Yes,0.0,0.0,0.0
3073,0.53863924741745,0.0011288835722277932,OFFLOADED,1.0,No,1.0,1.0,1.0
3074,0.2576078176498413,2.2069947385626368e-44,OFFLOADED,1.0,No,1.0,1.0,1.0
3075,0.2500547170639038,2.7974828942913027e-49,OFFLOADED,1.0,No,1.0,1.0,1.0
3076,0.27873465418815613,2.255152343361843e-32,OFFLOADED,1.0,No,1.0,1.0,1.0
3077,0.27024927735328674,2.505107670316996e-36,OFFLOADED,1.0,No,1.0,1.0,1.0
3078,0.6284596920013428,0.08905508201223361,ACCEPTED,1.0,No,1.0,1.0,1.0
3079,0.28106504678726196,2.1698530553515196e-31,OFFLOADED,1.0,No,1.0,1.0,1.0
3080,0.48854631185531616,5.2846645191956605e-05,OFFLOADED,0.0,Yes,0.0,0.0,0.0
3081,0.2560631036758423,6.66972237615559e-46,OFFLOADED,1.0,No,1.0,1.0,1.0
3082,0.34368255734443665,1.9055121099307346e-15,OFFLOADED,1.0,No,1.0,1.0,1.0
3083,0.8741673827171326,0.998779392935049,ACCEPTED,0.0,Yes,0.0,0.0,0.0
3084,0.8549304008483887,0.9947631015074679,ACCEPTED,0.0,Yes,0.0,0.0,0.0
3085,0.6439865827560425,0.1491214473788763,OFFLOADED,0.0,Yes,0.0,0.0,0.0
3086,0.3363942801952362,3.503153833711667e-16,OFFLOADED,0.0,Yes,0.0,0.0,0.0
3087,0.746319055557251,0.8047575880705464,ACCEPTED,1.0,No,1.0,1.0,0.0
3088,0.939369261264801,0.9999625453442264,ACCEPTED,0.0,Yes,0.0,0.0,0.0
3089,0.0,0.0,OFFLOADED,0.0,Yes,0.0,0.0,0.0
3090,0.2861955165863037,2.819530484196034e-29,OFFLOADED,1.0,No,1.0,1.0,1.0
3091,0.4402579367160797,4.3896403197879905e-07,OFFLOADED,1.0,No,1.0,1.0,1.0
3092,0.3124820291996002,8.801091045818679e-21,OFFLOADED,1.0,No,1.0,1.0,1.0
3093,0.3596944212913513,1.1594102823406697e-13,OFFLOADED,0.0,Yes,0.0,0.0,0.0
3094,0.3757830560207367,4.154229200324324e-12,OFFLOADED,1.0,No,1.0,1.0,1.0
3095,0.28166425228118896,3.2054734512878954e-31,OFFLOADED,1.0,No,1.0,1.0,1.0
3096,0.2626786530017853,1.2320200604812641e-40,OFFLOADED,1.0,No,1.0,0.0,0.0
3097,0.37690070271492004,5.271560316826566e-12,OFFLOADED,1.0,No,0.0,1.0,1.0
3098,0.7101850509643555,0.5802364705723795,OFFLOADED,1.0,No,1.0,1.0,1.0
3099,0.8985268473625183,0.9997606075438805,ACCEPTED,1.0,No,1.0,1.0,1.0
3100,0.2671829164028168,3.243177306852602e-38,OFFLOADED,1.0,No,1.0,1.0,1.0
3101,0.32193857431411743,5.054746303890947e-19,OFFLOADED,1.0,No,1.0,1.0,1.0
3102,0.2503228485584259,1.3361590825212704e-49,OFFLOADED,1.0,No,1.0,1.0,0.0
3103,0.9278693795204163,0.9999407461409845,ACCEPTED,1.0,No,1.0,1.0,0.0
3104,0.2606033980846405,3.10138681276691e-42,OFFLOADED,1.0,No,0.0,1.0,1.0
3105,0.5608141422271729,0.0035024831865210896,OFFLOADED,1.0,No,1.0,1.0,1.0
3106,0.3964962661266327,3.8819623681304114e-10,OFFLOADED,0.0,Yes,0.0,0.0,0.0
3107,0.8965631723403931,0.9997079585980716,ACCEPTED,0.0,Yes,0.0,0.0,0.0
3108,0.25063076615333557,1.1959156150752842e-49,OFFLOADED,1.0,No,1.0,1.0,1.0
3109,0.261385440826416,1.5589987995211692e-41,OFFLOADED,1.0,No,1.0,1.0,1.0
3110,0.9214738607406616,0.9999224628525751,ACCEPTED,0.0,Yes,0.0,0.0,0.0
3111,0.2604663372039795,1.9380181765299453e-42,OFFLOADED,1.0,No,1.0,1.0,1.0
3112,0.27521252632141113,3.5335619212592197e-34,OFFLOADED,1.0,No,1.0,1.0,1.0
3113,0.3051738142967224,8.533847878658233e-23,OFFLOADED,1.0,No,1.0,1.0,0.0
3114,0.2848609387874603,6.226196805985279e-30,OFFLOADED,1.0,No,1.0,1.0,1.0
3115,0.5578790903091431,0.002898732474135309,OFFLOADED,1.0,No,1.0,1.0,1.0
3116,0.2520338296890259,1.1429192413967916e-49,OFFLOADED,1.0,No,1.0,0.0,0.0
3117,0.8052933812141418,0.9521810846649489,ACCEPTED,0.0,Yes,0.0,0.0,0.0
3118,0.5771759152412415,0.008875191902332841,OFFLOADED,1.0,No,1.0,1.0,1.0
3119,0.252536803483963,1.9819609217313863e-49,OFFLOADED,1.0,No,1.0,1.0,0.0
3120,0.26052504777908325,1.5978440043451532e-42,OFFLOADED,1.0,No,1.0,1.0,1.0
3121,0.28394943475723267,2.489316410008899e-30,OFFLOADED,1.0,No,1.0,1.0,1.0
3122,0.2761631906032562,5.551564979460122e-34,OFFLOADED,1.0,No,1.0,1.0,1.0
3123,0.9528079628944397,0.9999772784864831,ACCEPTED,0.0,Yes,0.0,0.0,0.0
3124,0.2706104815006256,1.6052242955085663e-36,OFFLOADED,1.0,No,1.0,1.0,1.0
3125,0.8695181012153625,0.9983973017297463,ACCEPTED,1.0,No,1.0,1.0,1.0
3126,0.3298327624797821,2.2821031177457244e-17,OFFLOADED,1.0,No,1.0,1.0,1.0
3127,0.3145841658115387,1.884848060113642e-20,OFFLOADED,1.0,No,1.0,1.0,1.0
3128,0.748801052570343,0.7991192688354302,ACCEPTED,0.0,Yes,0.0,0.0,0.0
3129,0.25719165802001953,2.1626431794889716e-45,OFFLOADED,1.0,No,1.0,1.0,1.0
3130,0.2805675268173218,6.703385911216306e-32,OFFLOADED,1.0,No,1.0,1.0,0.0
3131,0.2565816044807434,5.3980806029738184e-46,OFFLOADED,1.0,No,1.0,1.0,1.0
3132,0.2822258770465851,3.216251419881207e-31,OFFLOADED,1.0,No,1.0,1.0,1.0
3133,0.9104093313217163,0.9998920548516955,ACCEPTED,0.0,Yes,0.0,0.0,0.0
3134,0.536162257194519,0.0007285919566101988,OFFLOADED,1.0,No,1.0,0.0,0.0
3135,0.5849020481109619,0.013069288950348935,OFFLOADED,0.0,Yes,0.0,0.0,0.0
3136,0.26269659399986267,4.855968574756255e-41,OFFLOADED,1.0,No,1.0,0.0,0.0
3137,0.7800621390342712,0.9021055441207673,ACCEPTED,1.0,No,1.0,1.0,0.0
3138,0.2927991449832916,5.8905409322627214e-27,OFFLOADED,1.0,No,1.0,1.0,1.0
3139,0.2756079435348511,2.483415702410312e-34,OFFLOADED,1.0,No,1.0,1.0,1.0
3140,0.3069758117198944,2.0182685445123613e-22,OFFLOADED,1.0,No,1.0,1.0,1.0
3141,0.25271734595298767,1.259167204129586e-49,OFFLOADED,1.0,No,1.0,1.0,1.0
3142,0.2566209137439728,4.211798126088303e-46,OFFLOADED,1.0,No,1.0,0.0,1.0
3143,0.25327709317207336,3.716854638146624e-49,OFFLOADED,1.0,No,0.0,1.0,1.0
3144,0.6388692855834961,0.12751540848671905,OFFLOADED,0.0,Yes,0.0,0.0,0.0
3145,0.8833097219467163,0.9993409500222709,ACCEPTED,0.0,Yes,0.0,0.0,0.0
3146,0.7736172676086426,0.8858048468015542,ACCEPTED,0.0,Yes,0.0,0.0,0.0
3147,0.7777410745620728,0.8988230880534379,ACCEPTED,0.0,Yes,0.0,0.0,0.0
3148,0.74888014793396,0.8154590818605028,ACCEPTED,1.0,No,1.0,1.0,1.0
3149,0.358047753572464,6.403585774514048e-14,OFFLOADED,1.0,No,1.0,1.0,0.0
3150,0.2932789623737335,7.424265763213529e-27,OFFLOADED,1.0,No,1.0,1.0,0.0
3151,0.8564313650131226,0.9956485088509294,ACCEPTED,0.0,Yes,0.0,0.0,0.0
3152,0.8305695652961731,0.981567273338339,ACCEPTED,0.0,Yes,0.0,0.0,0.0
3153,0.2604755461215973,6.561844364523725e-43,OFFLOADED,1.0,No,1.0,1.0,1.0
3154,0.2524053156375885,4.975071468952267e-50,OFFLOADED,1.0,No,1.0,1.0,1.0
3155,0.0,0.0,OFFLOADED,0.0,Yes,0.0,0.0,0.0
3156,0.31900742650032043,1.276141796637673e-19,OFFLOADED,1.0,No,1.0,1.0,1.0
3157,0.2713371217250824,1.947456425317349e-36,OFFLOADED,1.0,No,0.0,1.0,0.0
3158,0.2503785789012909,1.8433422113727123e-50,OFFLOADED,1.0,No,1.0,1.0,1.0
3159,0.2511540949344635,1.8004554528721426e-50,OFFLOADED,1.0,No,0.0,0.0,1.0
3160,0.2911100387573242,1.296212525437883e-27,OFFLOADED,1.0,No,1.0,1.0,1.0
3161,0.2567291855812073,3.978773795761643e-46,OFFLOADED,1.0,No,1.0,1.0,1.0
3162,0.7490348815917969,0.8081070984438847,ACCEPTED,0.0,Yes,0.0,0.0,0.0
3163,0.4389559030532837,3.140606870255812e-07,OFFLOADED,1.0,No,1.0,1.0,1.0
3164,0.5502260327339172,0.0020427220351174253,OFFLOADED,0.0,Yes,0.0,0.0,0.0
3165,0.6793375611305237,0.34302435252138985,ACCEPTED,0.0,Yes,0.0,0.0,0.0
3166,0.2778104543685913,1.9792265395909736e-33,OFFLOADED,1.0,No,1.0,1.0,1.0
3167,0.2586333155632019,1.8018532165192278e-44,OFFLOADED,1.0,No,1.0,0.0,0.0
3168,0.2859315276145935,9.395567965314508e-30,OFFLOADED,1.0,No,0.0,0.0,1.0
3169,0.7315824031829834,0.7381223344207974,ACCEPTED,1.0,No,1.0,1.0,1.0
3170,0.43270036578178406,1.5807014746315215e-07,OFFLOADED,1.0,No,0.0,1.0,1.0
3171,0.2549212574958801,5.0269207368139587e-48,OFFLOADED,1.0,No,1.0,1.0,0.0
3172,0.26225367188453674,1.3632344796807496e-41,OFFLOADED,1.0,No,1.0,1.0,1.0
3173,0.2612968683242798,3.141109545232723e-42,OFFLOADED,1.0,No,1.0,0.0,0.0
3174,0.2977573871612549,1.2616408685042684e-25,OFFLOADED,1.0,No,1.0,1.0,1.0
3175,0.5625320672988892,0.003828062954464837,OFFLOADED,1.0,No,1.0,1.0,1.0
3176,0.4100073575973511,4.034533029448899e-09,OFFLOADED,1.0,No,1.0,0.0,0.0
3177,0.25010380148887634,8.402318190531434e-51,OFFLOADED,1.0,No,1.0,1.0,1.0
3178,0.27461373805999756,5.524662994734286e-35,OFFLOADED,1.0,No,1.0,1.0,1.0
3179,0.2878412902355194,4.8860932675555355e-29,OFFLOADED,1.0,No,1.0,1.0,1.0
3180,0.8800240159034729,0.9993572604340161,ACCEPTED,0.0,Yes,0.0,0.0,0.0
3181,0.8441267013549805,0.9908963152746989,ACCEPTED,0.0,Yes,0.0,0.0,0.0
3182,0.4051152467727661,1.5509665352266269e-09,OFFLOADED,1.0,No,1.0,1.0,1.0
3183,0.8846309781074524,0.9995867406726269,ACCEPTED,1.0,No,1.0,1.0,1.0
3184,0.41872701048851013,1.6754144074772878e-08,OFFLOADED,1.0,No,0.0,1.0,1.0
3185,0.635775625705719,0.12463922554998695,OFFLOADED,0.0,Yes,0.0,0.0,0.0
3186,0.8071190714836121,0.9626400893782754,ACCEPTED,1.0,No,1.0,1.0,1.0
3187,0.35860711336135864,5.832476082340493e-14,OFFLOADED,1.0,No,1.0,1.0,1.0
3188,0.3335520625114441,8.391333552697682e-17,OFFLOADED,1.0,No,0.0,1.0,1.0
3189,0.41292309761047363,6.162961582190694e-09,OFFLOADED,1.0,No,1.0,0.0,0.0
3190,0.5962468981742859,0.025113122594867355,OFFLOADED,1.0,No,1.0,1.0,1.0
3191,0.862747848033905,0.9976877433962559,ACCEPTED,1.0,No,1.0,1.0,1.0
3192,0.2562920153141022,5.042440440578198e-47,OFFLOADED,1.0,No,0.0,1.0,1.0
3193,0.9112749099731445,0.999916534605847,ACCEPTED,0.0,Yes,0.0,0.0,0.0
3194,0.6991577744483948,0.5107058720593546,ACCEPTED,1.0,No,1.0,1.0,1.0
3195,0.6208372712135315,0.06649748442087224,OFFLOADED,1.0,No,1.0,1.0,0.0
3196,0.3521203100681305,7.635792939207108e-15,OFFLOADED,0.0,Yes,0.0,0.0,0.0
3197,0.2900703549385071,2.762316822578689e-28,OFFLOADED,1.0,No,1.0,1.0,1.0
3198,0.2532123327255249,6.922877507832601e-50,OFFLOADED,1.0,No,1.0,0.0,0.0
3199,0.2617802023887634,3.2836969074126796e-42,OFFLOADED,1.0,No,1.0,1.0,1.0
3200,0.4659213423728943,4.145311297263188e-06,OFFLOADED,1.0,No,1.0,1.0,0.0
3201,0.5632739663124084,0.0034301042808157775,OFFLOADED,1.0,No,1.0,1.0,1.0
3202,0.2595115602016449,2.877720802471496e-44,OFFLOADED,1.0,No,1.0,1.0,1.0
3203,0.43241772055625916,1.0939399616346173e-07,OFFLOADED,1.0,No,1.0,1.0,1.0
3204,0.26512765884399414,2.858987716734613e-40,OFFLOADED,1.0,No,1.0,1.0,1.0
3205,0.2601386606693268,7.183672261986059e-44,OFFLOADED,1.0,No,1.0,1.0,1.0
3206,0.4347405731678009,1.352871280517077e-07,OFFLOADED,1.0,No,1.0,1.0,1.0
3207,0.2954070568084717,1.433276415346756e-26,OFFLOADED,1.0,No,1.0,1.0,1.0
3208,0.5910971164703369,0.017528489118066187,OFFLOADED,1.0,No,0.0,1.0,1.0
3209,0.3077056407928467,1.3116004142251319e-22,OFFLOADED,1.0,No,1.0,1.0,1.0
3210,0.33620595932006836,1.3064498872982e-16,OFFLOADED,1.0,No,1.0,1.0,1.0
3211,0.2626417279243469,6.844361157748594e-42,OFFLOADED,1.0,No,1.0,1.0,0.0
3212,0.3284814953804016,4.990183190811434e-18,OFFLOADED,1.0,No,1.0,1.0,1.0
3213,0.4847157895565033,2.762251831392853e-05,OFFLOADED,1.0,No,1.0,1.0,1.0
3214,0.49863818287849426,8.596074546383782e-05,OFFLOADED,1.0,No,1.0,1.0,1.0
3215,0.3194950819015503,5.370904075711749e-20,OFFLOADED,1.0,No,0.0,1.0,1.0
3216,0.9012754559516907,0.9998472802960924,ACCEPTED,0.0,Yes,0.0,0.0,0.0
3217,0.26188141107559204,1.5866717273323012e-42,OFFLOADED,1.0,No,1.0,1.0,1.0
3218,0.256462961435318,2.3383843616175855e-47,OFFLOADED,1.0,No,0.0,1.0,1.0
3219,0.5775403380393982,0.008301261659034232,OFFLOADED,1.0,No,1.0,1.0,1.0
3220,0.2789624035358429,1.9824447529292574e-33,OFFLOADED,1.0,No,1.0,1.0,1.0
3221,0.278297483921051,7.56113641572187e-34,OFFLOADED,1.0,No,1.0,1.0,1.0
3222,0.5187492966651917,0.00021228263061585643,OFFLOADED,1.0,No,1.0,1.0,1.0
3223,0.269435852766037,3.725788562109188e-38,OFFLOADED,1.0,No,0.0,1.0,1.0
3224,0.26363512873649597,1.5152271981424132e-41,OFFLOADED,1.0,No,1.0,0.0,1.0
3225,0.33389022946357727,4.289752691673857e-17,OFFLOADED,1.0,No,1.0,1.0,1.0
3226,0.272882342338562,1.7683187603603516e-36,OFFLOADED,1.0,No,1.0,0.0,0.0
3227,0.26914501190185547,2.273000271976372e-38,OFFLOADED,1.0,No,0.0,0.0,1.0
3228,0.25974297523498535,1.0672862768842854e-44,OFFLOADED,1.0,No,0.0,1.0,1.0
3229,0.29843366146087646,6.214738027094977e-26,OFFLOADED,1.0,No,1.0,1.0,1.0
3230,0.8431226015090942,0.9898991793218802,ACCEPTED,0.0,Yes,0.0,0.0,0.0
3231,0.2912415564060211,3.146472797442643e-28,OFFLOADED,1.0,No,1.0,1.0,1.0
3232,0.3215430974960327,1.0117339354692007e-19,OFFLOADED,1.0,No,1.0,1.0,1.0
3233,0.6340118050575256,0.11308700875735045,OFFLOADED,0.0,Yes,0.0,0.0,0.0
3234,0.2708040475845337,1.33111467268387e-37,OFFLOADED,1.0,No,1.0,1.0,1.0
3235,0.25515079498291016,5.346630633645279e-49,OFFLOADED,1.0,No,1.0,1.0,0.0
3236,0.36986052989959717,3.995640360219823e-13,OFFLOADED,1.0,No,0.0,1.0,0.0
3237,0.2715498208999634,2.7338969283414045e-37,OFFLOADED,1.0,No,1.0,1.0,1.0
3238,0.2600562274456024,1.287510186531049e-44,OFFLOADED,1.0,No,0.0,1.0,1.0
3239,0.7922422289848328,0.930725589562317,ACCEPTED,0.0,Yes,0.0,0.0,0.0
3240,0.2869406044483185,4.420559151509765e-30,OFFLOADED,1.0,No,1.0,1.0,1.0
3241,0.32204321026802063,1.199641711921295e-19,OFFLOADED,1.0,No,1.0,0.0,0.0
3242,0.0,0.0,OFFLOADED,0.0,Yes,0.0,0.0,0.0
3243,0.259611576795578,5.059420224853446e-45,OFFLOADED,1.0,No,1.0,1.0,1.0
3244,0.9516612887382507,0.9999851273960694,ACCEPTED,0.0,Yes,0.0,0.0,0.0
3245,0.2571290135383606,3.705140176235071e-47,OFFLOADED,1.0,No,1.0,1.0,1.0
3246,0.342205286026001,4.2764449817596664e-16,OFFLOADED,1.0,No,1.0,1.0,1.0
3247,0.43315428495407104,8.414956454505705e-08,OFFLOADED,1.0,No,1.0,1.0,1.0
3248,0.3858502507209778,1.6215683170361636e-11,OFFLOADED,1.0,No,0.0,1.0,0.0
3249,0.2832725942134857,1.070587415839383e-31,OFFLOADED,1.0,No,1.0,1.0,1.0
3250,0.25009506940841675,3.277476613640021e-52,OFFLOADED,1.0,No,1.0,1.0,0.0
3251,0.3107466697692871,4.483629973603373e-22,OFFLOADED,1.0,No,1.0,1.0,1.0
3252,0.28183072805404663,1.6376420785447973e-32,OFFLOADED,1.0,No,1.0,1.0,1.0
3253,0.2743770182132721,4.9176929919656264e-36,OFFLOADED,1.0,No,1.0,1.0,0.0
3254,0.26439452171325684,1.5202645975791777e-41,OFFLOADED,1.0,No,1.0,1.0,1.0
3255,0.45749977231025696,1.2278604275158353e-06,OFFLOADED,0.0,Yes,0.0,0.0,0.0
3256,0.30554133653640747,1.4948514222652714e-23,OFFLOADED,1.0,No,1.0,0.0,1.0
3257,0.25014159083366394,2.4485173005309794e-52,OFFLOADED,1.0,No,1.0,1.0,1.0
3258,0.26562440395355225,8.465414597391916e-41,OFFLOADED,1.0,No,1.0,1.0,1.0
3259,0.2570861279964447,1.9001157450768753e-47,OFFLOADED,1.0,No,1.0,1.0,1.0
3260,0.3577379882335663,1.9671784124553334e-14,OFFLOADED,1.0,No,1.0,1.0,1.0
3261,0.8048313856124878,0.9590851386374004,ACCEPTED,1.0,No,1.0,1.0,1.0
3262,0.8987698554992676,0.9998344199504879,ACCEPTED,0.0,Yes,0.0,0.0,0.0
3263,0.2544375956058502,4.0814419522721166e-50,OFFLOADED,1.0,No,1.0,1.0,1.0
3264,0.8469308614730835,0.9925346906954071,ACCEPTED,0.0,Yes,0.0,0.0,0.0
3265,0.25008735060691833,1.8245295058540244e-52,OFFLOADED,1.0,No,1.0,1.0,1.0
3266,0.7102479934692383,0.5723105317036088,OFFLOADED,0.0,Yes,0.0,0.0,0.0
3267,0.278842568397522,7.024755417025286e-34,OFFLOADED,1.0,No,0.0,1.0,1.0
3268,0.32169216871261597,8.234001245146729e-20,OFFLOADED,1.0,No,1.0,1.0,1.0
3269,0.30311253666877747,2.233422454792509e-24,OFFLOADED,1.0,No,0.0,1.0,1.0
3270,0.26069507002830505,2.7825911489676683e-44,OFFLOADED,1.0,No,1.0,1.0,1.0
3271,0.29738762974739075,1.4461133808912863e-26,OFFLOADED,1.0,No,1.0,1.0,1.0
3272,0.7925704717636108,0.9354186878809052,ACCEPTED,1.0,No,0.0,0.0,1.0
3273,0.4899914860725403,4.2476798140734396e-05,OFFLOADED,1.0,No,1.0,1.0,1.0
3274,0.37408655881881714,8.608351640616823e-13,OFFLOADED,1.0,No,1.0,1.0,1.0
3275,0.2865849435329437,1.5017175766937859e-30,OFFLOADED,1.0,No,0.0,1.0,1.0
3276,0.29990559816360474,1.1995644237307091e-25,OFFLOADED,1.0,No,1.0,1.0,1.0
3277,0.3873582184314728,2.2843297493567455e-11,OFFLOADED,1.0,No,1.0,1.0,1.0
3278,0.33599531650543213,6.413821978526693e-17,OFFLOADED,1.0,No,0.0,1.0,0.0
3279,0.0,0.0,OFFLOADED,0.0,Yes,0.0,0.0,0.0
3280,0.3965246379375458,1.5440800031067745e-10,OFFLOADED,1.0,No,1.0,1.0,1.0
3281,0.9548935294151306,0.999987974754853,ACCEPTED,0.0,Yes,0.0,0.0,0.0
3282,0.7163149118423462,0.627621993271657,OFFLOADED,0.0,Yes,0.0,0.0,0.0
3283,0.3752041161060333,9.594290459730452e-13,OFFLOADED,1.0,No,1.0,1.0,1.0
3284,0.25174349546432495,1.0734582346449893e-52,OFFLOADED,1.0,No,0.0,1.0,0.0
3285,0.25181859731674194,1.064729433969163e-52,OFFLOADED,1.0,No,1.0,1.0,1.0
3286,0.2592032551765442,5.8463115342422115e-46,OFFLOADED,1.0,No,1.0,1.0,0.0
3287,0.857358455657959,0.9967281162854683,ACCEPTED,0.0,Yes,0.0,0.0,0.0
3288,0.30656710267066956,1.8007713495679994e-23,OFFLOADED,1.0,No,1.0,1.0,1.0
3289,0.9383082389831543,0.9999813266897225,ACCEPTED,0.0,Yes,0.0,0.0,0.0
3290,0.25396421551704407,7.15981649100799e-51,OFFLOADED,1.0,No,1.0,1.0,1.0
3291,0.26863399147987366,2.0914709324553063e-39,OFFLOADED,1.0,No,0.0,1.0,1.0
3292,0.2879166603088379,4.372900157139628e-30,OFFLOADED,1.0,No,0.0,1.0,1.0
3293,0.29212304949760437,2.295629105266356e-28,OFFLOADED,1.0,No,1.0,1.0,1.0
3294,0.9311417937278748,0.9999759137690378,ACCEPTED,0.0,Yes,0.0,0.0,0.0
3295,0.2618575096130371,1.2851913114452838e-43,OFFLOADED,1.0,No,1.0,1.0,1.0
3296,0.6819522976875305,0.38157987992326825,ACCEPTED,1.0,No,1.0,1.0,1.0
3297,0.3360997140407562,5.471015126615046e-17,OFFLOADED,1.0,No,1.0,1.0,1.0
3298,0.25824689865112305,6.705603771542589e-47,OFFLOADED,1.0,No,1.0,0.0,0.0
3299,0.7520589232444763,0.8262271717221547,OFFLOADED,0.0,Yes,0.0,0.0,0.0
3300,0.36758121848106384,1.5886632184855592e-13,OFFLOADED,1.0,No,1.0,1.0,1.0
3301,0.8336230516433716,0.9855900843286339,ACCEPTED,1.0,No,1.0,1.0,1.0
3302,0.5210714936256409,0.00023928393511753903,OFFLOADED,1.0,No,1.0,1.0,1.0
3303,0.4037705659866333,5.372133755541733e-10,OFFLOADED,1.0,No,1.0,0.0,0.0
3304,0.25956180691719055,6.5807111457244014e-46,OFFLOADED,1.0,No,1.0,1.0,1.0
3305,0.25454461574554443,1.0753607412415012e-50,OFFLOADED,1.0,No,1.0,1.0,1.0
3306,0.269173800945282,3.005869708564938e-39,OFFLOADED,1.0,No,1.0,1.0,1.0
3307,0.3704606890678406,2.6855977717936004e-13,OFFLOADED,1.0,No,1.0,1.0,1.0
3308,0.6932001113891602,0.46714001789272575,OFFLOADED,1.0,No,1.0,1.0,1.0
3309,0.8943737745285034,0.9998002078460906,ACCEPTED,0.0,Yes,0.0,0.0,0.0
3310,0.4264412522315979,2.8057755516609584e-08,OFFLOADED,1.0,No,1.0,1.0,1.0
3311,0.5020138025283813,8.475603511385486e-05,OFFLOADED,1.0,No,1.0,0.0,0.0
3312,0.2600332200527191,1.1626590709591846e-45,OFFLOADED,1.0,No,1.0,1.0,1.0
3313,0.25195619463920593,3.562532737053674e-53,OFFLOADED,0.0,Yes,0.0,0.0,0.0
3314,0.0,0.0,OFFLOADED,0.0,Yes,0.0,0.0,0.0
3315,0.45973873138427734,1.30466943095321e-06,OFFLOADED,1.0,No,0.0,0.0,1.0
3316,0.27544084191322327,3.3456096569165567e-36,OFFLOADED,1.0,No,1.0,1.0,1.0
3317,0.2837003469467163,3.750822944525517e-32,OFFLOADED,1.0,No,1.0,1.0,1.0
3318,0.6735863089561462,0.3038196355202999,ACCEPTED,1.0,No,1.0,1.0,1.0
3319,0.33422794938087463,1.6100368972662733e-17,OFFLOADED,1.0,No,1.0,1.0,1.0
3320,0.8248408436775208,0.9781841784917478,ACCEPTED,1.0,No,1.0,1.0,1.0
3321,0.3715522587299347,2.6153539359275695e-13,OFFLOADED,1.0,No,1.0,1.0,1.0
3322,0.6990017294883728,0.4895767856845484,OFFLOADED,1.0,No,1.0,1.0,1.0
3323,0.8630236387252808,0.9976441200946146,ACCEPTED,0.0,Yes,0.0,0.0,0.0
3324,0.8330808281898499,0.9824193003582586,ACCEPTED,0.0,Yes,0.0,0.0,0.0
3325,0.5562193989753723,0.0019707016916721415,OFFLOADED,1.0,No,1.0,1.0,1.0
3326,0.26398786902427673,1.121163543431287e-42,OFFLOADED,1.0,No,1.0,1.0,1.0
3327,0.48665690422058105,2.0970244636814364e-05,OFFLOADED,1.0,No,1.0,1.0,0.0
3328,0.2628122568130493,2.0333331913479257e-43,OFFLOADED,1.0,No,1.0,0.0,1.0
3329,0.29520946741104126,9.772306442629659e-28,OFFLOADED,1.0,No,1.0,0.0,0.0
3330,0.27420657873153687,5.75665410161409e-37,OFFLOADED,1.0,No,1.0,1.0,0.0
3331,0.868255615234375,0.9986477391513401,ACCEPTED,0.0,Yes,0.0,0.0,0.0
3332,0.25704529881477356,1.302428321224128e-48,OFFLOADED,1.0,No,1.0,1.0,1.0
3333,0.8149425387382507,0.9685535853086724,ACCEPTED,0.0,Yes,0.0,0.0,0.0
3334,0.28320783376693726,1.489600106250022e-32,OFFLOADED,1.0,No,0.0,1.0,1.0
3335,0.2923584282398224,1.059363554922485e-28,OFFLOADED,1.0,No,1.0,1.0,1.0
3336,0.26932457089424133,1.3710860077253144e-39,OFFLOADED,1.0,No,1.0,1.0,1.0
3337,0.8271026015281677,0.9805194848972724,ACCEPTED,0.0,Yes,0.0,0.0,0.0
3338,0.7424328923225403,0.7844581136127934,ACCEPTED,1.0,No,1.0,1.0,1.0
3339,0.25643882155418396,2.2163488612163783e-49,OFFLOADED,1.0,No,0.0,1.0,0.0
3340,0.41437894105911255,2.4942195539150793e-09,OFFLOADED,1.0,No,1.0,1.0,1.0
3341,0.2542438507080078,1.4386882613036527e-51,OFFLOADED,1.0,No,0.0,1.0,1.0
3342,0.31730085611343384,3.900316732910786e-21,OFFLOADED,1.0,No,1.0,1.0,0.0
3343,0.2802453637123108,4.451323693468059e-34,OFFLOADED,1.0,No,1.0,1.0,1.0
3344,0.3112679123878479,1.5719937577415446e-22,OFFLOADED,1.0,No,1.0,1.0,1.0
3345,0.25006040930747986,6.673458827375853e-54,OFFLOADED,1.0,No,1.0,1.0,1.0
3346,0.3056034743785858,3.2450609048244127e-24,OFFLOADED,1.0,No,0.0,0.0,1.0
3347,0.33065247535705566,2.8353843561648694e-18,OFFLOADED,1.0,No,1.0,1.0,1.0
3348,0.753451943397522,0.8212841277996626,ACCEPTED,0.0,Yes,0.0,0.0,0.0
3349,0.29382744431495667,2.430931017213134e-28,OFFLOADED,1.0,No,1.0,1.0,1.0
3350,0.5431825518608093,0.0009008725383602903,OFFLOADED,0.0,Yes,0.0,0.0,0.0
3351,0.7470734119415283,0.8030798647554742,ACCEPTED,0.0,Yes,0.0,0.0,0.0
3352,0.27089011669158936,6.399319339371673e-39,OFFLOADED,1.0,No,1.0,1.0,1.0
3353,0.2623738646507263,4.628546463400443e-44,OFFLOADED,1.0,No,1.0,1.0,1.0
3354,0.2521221935749054,9.743918040003714e-54,OFFLOADED,1.0,No,1.0,1.0,1.0
3355,0.7251375317573547,0.684844084201563,ACCEPTED,0.0,Yes,0.0,0.0,0.0
3356,0.2761424779891968,2.5574350222399477e-36,OFFLOADED,1.0,No,1.0,1.0,1.0
3357,0.3552166223526001,3.8560446428527034e-15,OFFLOADED,1.0,No,1.0,1.0,1.0
3358,0.31279200315475464,3.512747848024067e-22,OFFLOADED,1.0,No,1.0,1.0,1.0
3359,0.25579068064689636,2.5518540684449356e-50,OFFLOADED,1.0,No,1.0,0.0,0.0
3360,0.8051131963729858,0.9617968388649741,ACCEPTED,1.0,No,1.0,1.0,1.0
3361,0.25686705112457275,3.721645684535962e-49,OFFLOADED,1.0,No,1.0,1.0,1.0
3362,0.32933664321899414,1.3208265716128183e-18,OFFLOADED,1.0,No,1.0,1.0,1.0
3363,0.4377508759498596,1.0790047976681855e-07,OFFLOADED,1.0,No,1.0,1.0,1.0
3364,0.2949923574924469,5.022101364237592e-28,OFFLOADED,1.0,No,1.0,1.0,1.0
3365,0.2548084259033203,1.796364663160036e-51,OFFLOADED,1.0,No,1.0,1.0,1.0
3366,0.2857028543949127,8.464868096367453e-32,OFFLOADED,1.0,No,1.0,1.0,1.0
3367,0.49086880683898926,3.4151402498943184e-05,OFFLOADED,1.0,No,1.0,0.0,0.0
3368,0.28038689494132996,2.8161580336808062e-34,OFFLOADED,1.0,No,1.0,0.0,0.0
3369,0.2802967131137848,2.41961451695482e-34,OFFLOADED,1.0,No,0.0,1.0,1.0
3370,0.7922400236129761,0.9360845995032648,ACCEPTED,1.0,No,1.0,1.0,0.0
3371,0.25007304549217224,2.276031815634313e-54,OFFLOADED,1.0,No,1.0,1.0,1.0
3372,0.32431718707084656,7.57843395768688e-20,OFFLOADED,1.0,No,1.0,0.0,0.0
3373,0.3170569837093353,2.5368153130092426e-21,OFFLOADED,1.0,No,1.0,0.0,1.0
3374,0.25570857524871826,1.1084538784083438e-50,OFFLOADED,1.0,No,1.0,0.0,0.0
3375,0.38034117221832275,1.915913651161123e-12,OFFLOADED,0.0,Yes,0.0,0.0,0.0
3376,0.8070588111877441,0.9599299621638813,ACCEPTED,0.0,Yes,0.0,0.0,0.0
3377,0.2869667410850525,2.739853961817299e-31,OFFLOADED,1.0,No,1.0,0.0,0.0
3378,0.2726920545101166,2.8590551142543656e-38,OFFLOADED,1.0,No,1.0,1.0,1.0
3379,0.26010456681251526,1.6048892258628129e-46,OFFLOADED,1.0,No,0.0,1.0,1.0
3380,0.6494117975234985,0.1797974544449071,ACCEPTED,0.0,Yes,0.0,0.0,0.0
3381,0.9481363892555237,0.99999063931755,ACCEPTED,1.0,No,1.0,1.0,1.0
3382,0.2636072635650635,1.467174305110045e-43,OFFLOADED,1.0,No,0.0,1.0,1.0
3383,0.26481661200523376,8.946236351219032e-43,OFFLOADED,1.0,No,1.0,0.0,1.0
3384,0.47717931866645813,7.477899965244867e-06,OFFLOADED,0.0,Yes,0.0,0.0,0.0
3385,0.7730104923248291,0.8998812894014487,ACCEPTED,1.0,No,1.0,1.0,0.0
3386,0.27603864669799805,1.2696142863190308e-36,OFFLOADED,1.0,No,1.0,1.0,1.0
3387,0.7494986057281494,0.8222646251279273,OFFLOADED,0.0,Yes,0.0,0.0,0.0
3388,0.9137367606163025,0.9999593332516263,ACCEPTED,0.0,Yes,0.0,0.0,0.0
3389,0.26070478558540344,8.117788396744583e-46,OFFLOADED,1.0,No,1.0,1.0,1.0
3390,0.37733668088912964,1.006820060960018e-12,OFFLOADED,1.0,No,0.0,1.0,1.0
3391,0.7857066988945007,0.9210873899587417,ACCEPTED,0.0,Yes,0.0,0.0,0.0
3392,0.665695309638977,0.2585288476775554,ACCEPTED,1.0,No,1.0,1.0,0.0
3393,0.8283024430274963,0.9837982347746594,ACCEPTED,0.0,Yes,0.0,0.0,0.0
3394,0.25929152965545654,2.3913169211346325e-47,OFFLOADED,1.0,No,1.0,1.0,1.0
3395,0.2790466248989105,5.31959433616252e-35,OFFLOADED,1.0,No,1.0,1.0,1.0
3396,0.27273428440093994,2.5733167709879556e-38,OFFLOADED,1.0,No,1.0,1.0,1.0
3397,0.25281643867492676,9.935333124864725e-54,OFFLOADED,1.0,No,1.0,0.0,0.0
3398,0.30347856879234314,4.720375434590751e-25,OFFLOADED,1.0,No,0.0,1.0,1.0
3399,0.25447845458984375,3.282187233449915e-52,OFFLOADED,1.0,No,1.0,1.0,1.0
3400,0.27273300290107727,2.2858883373124346e-38,OFFLOADED,1.0,No,1.0,1.0,1.0
3401,0.2850112318992615,3.2919309404961495e-32,OFFLOADED,1.0,No,1.0,0.0,0.0
3402,0.3487059772014618,4.920838669476101e-16,OFFLOADED,1.0,No,1.0,1.0,1.0
3403,0.2617260217666626,4.3227045968010025e-45,OFFLOADED,1.0,No,1.0,1.0,0.0
3404,0.9361366033554077,0.9999871628969602,ACCEPTED,0.0,Yes,0.0,0.0,0.0
3405,0.28410160541534424,1.2577508831589178e-32,OFFLOADED,1.0,No,1.0,1.0,1.0
3406,0.8891279101371765,0.9997957204800041,ACCEPTED,1.0,No,1.0,1.0,0.0
3407,0.8141114711761475,0.9736747975992378,ACCEPTED,0.0,Yes,0.0,0.0,0.0
3408,0.2734021246433258,4.893303546320402e-38,OFFLOADED,1.0,No,1.0,1.0,1.0
3409,0.2740705609321594,1.0174614960778104e-37,OFFLOADED,1.0,No,1.0,0.0,1.0
3410,0.3216594159603119,1.72019808596058e-20,OFFLOADED,1.0,No,1.0,0.0,0.0
3411,0.43934014439582825,1.2966246147403542e-07,OFFLOADED,1.0,No,1.0,1.0,1.0
3412,0.2575048506259918,3.2421486235548327e-49,OFFLOADED,1.0,No,1.0,1.0,1.0
3413,0.2764735817909241,1.2202778851465062e-36,OFFLOADED,1.0,No,1.0,1.0,1.0
3414,0.8397350311279297,0.9912812745864567,ACCEPTED,0.0,Yes,0.0,0.0,0.0
3415,0.2603364586830139,1.047855266079335e-46,OFFLOADED,1.0,No,1.0,1.0,1.0
3416,0.2576158940792084,3.562818354349885e-49,OFFLOADED,1.0,No,1.0,1.0,1.0
3417,0.25512588024139404,6.831725410702156e-52,OFFLOADED,1.0,No,1.0,0.0,0.0
3418,0.2623484432697296,8.207178140951635e-45,OFFLOADED,1.0,No,0.0,1.0,1.0
3419,0.3560236990451813,4.046654415880047e-15,OFFLOADED,1.0,No,1.0,0.0,1.0
3420,0.0,0.0,OFFLOADED,0.0,Yes,0.0,0.0,0.0
3421,0.2632618546485901,3.566725637968615e-44,OFFLOADED,1.0,No,1.0,1.0,1.0
3422,0.6804196238517761,0.3361831430510473,ACCEPTED,1.0,No,0.0,0.0,1.0
3423,0.5287835597991943,0.0003251579657061013,OFFLOADED,1.0,No,1.0,1.0,1.0
3424,0.9113490581512451,0.9999634281094109,ACCEPTED,0.0,Yes,0.0,0.0,0.0
3425,0.2515396773815155,3.557535484334303e-55,OFFLOADED,1.0,No,1.0,0.0,0.0
3426,0.8583539128303528,0.9978987696978258,ACCEPTED,1.0,No,1.0,1.0,1.0
3427,0.7812382578849792,0.9167654911128021,ACCEPTED,1.0,No,1.0,1.0,1.0
3428,0.8382952213287354,0.9901901675515353,ACCEPTED,1.0,No,1.0,1.0,1.0
3429,0.2667215168476105,4.193291494370609e-42,OFFLOADED,1.0,No,1.0,1.0,1.0
3430,0.6772800087928772,0.2980296470773504,OFFLOADED,0.0,Yes,0.0,0.0,0.0
3431,0.26575738191604614,1.2348345507176685e-42,OFFLOADED,1.0,No,1.0,1.0,1.0
3432,0.6596747636795044,0.22035587792036188,OFFLOADED,0.0,Yes,0.0,0.0,0.0
3433,0.2827474772930145,2.3531200130402315e-33,OFFLOADED,1.0,No,0.0,1.0,1.0
3434,0.25529494881629944,6.733018739720835e-52,OFFLOADED,1.0,No,1.0,1.0,1.0
3435,0.9297993779182434,0.9999830817050521,ACCEPTED,0.0,Yes,0.0,0.0,0.0
3436,0.2580886483192444,6.878787272118849e-49,OFFLOADED,1.0,No,1.0,1.0,1.0
3437,0.312444806098938,1.6725704429615319e-22,OFFLOADED,1.0,No,1.0,1.0,1.0
3438,0.3346899151802063,1.1250055078787754e-17,OFFLOADED,1.0,No,1.0,1.0,1.0
3439,0.3380696773529053,3.484256025446315e-17,OFFLOADED,1.0,No,1.0,1.0,1.0
3440,0.36013177037239075,1.266365719949555e-14,OFFLOADED,1.0,No,1.0,1.0,1.0
3441,0.2782704830169678,7.919606520028351e-36,OFFLOADED,0.0,Yes,0.0,0.0,0.0
3442,0.31058961153030396,4.3791270885846874e-23,OFFLOADED,1.0,No,1.0,1.0,1.0
3443,0.4891647398471832,2.7798503935421147e-05,OFFLOADED,1.0,No,1.0,1.0,1.0
3444,0.8466756939888,0.9941917391062929,ACCEPTED,1.0,No,1.0,1.0,0.0
3445,0.7967100739479065,0.9460563941491508,ACCEPTED,1.0,No,1.0,1.0,1.0
3446,0.26292529702186584,1.2279445043603966e-44,OFFLOADED,1.0,No,1.0,1.0,1.0
3447,0.2557418644428253,1.3279791327265825e-51,OFFLOADED,1.0,No,0.0,1.0,1.0
3448,0.8510814905166626,0.9953697305053832,ACCEPTED,0.0,Yes,0.0,0.0,0.0
3449,0.8153189420700073,0.9734859335300179,ACCEPTED,1.0,No,1.0,1.0,1.0
3450,0.8217512965202332,0.9774428654824387,ACCEPTED,1.0,No,1.0,1.0,1.0
3451,0.5461118221282959,0.0012381845335412143,OFFLOADED,0.0,Yes,0.0,0.0,0.0
3452,0.8698172569274902,0.998911216786714,ACCEPTED,1.0,No,1.0,1.0,1.0
3453,0.3803260624408722,1.9595829536187808e-12,OFFLOADED,1.0,No,1.0,0.0,0.0
3454,0.2708224654197693,8.211521293898245e-40,OFFLOADED,1.0,No,1.0,1.0,1.0
3455,0.2730521559715271,1.4307810517737096e-38,OFFLOADED,1.0,No,1.0,1.0,1.0
3456,0.33322402834892273,5.0503884694444735e-18,OFFLOADED,1.0,No,0.0,0.0,1.0
3457,0.27540314197540283,2.237751034059564e-37,OFFLOADED,1.0,No,1.0,1.0,1.0
3458,0.4113115668296814,1.279267493835503e-09,OFFLOADED,0.0,Yes,0.0,0.0,0.0
3459,0.32009926438331604,5.612640896271716e-21,OFFLOADED,1.0,No,1.0,0.0,0.0
3460,0.852970540523529,0.9956895288858068,ACCEPTED,1.0,No,1.0,1.0,1.0
3461,0.8869173526763916,0.9996532209030147,ACCEPTED,0.0,Yes,0.0,0.0,0.0
3462,0.4955551028251648,4.8774634833641714e-05,OFFLOADED,0.0,Yes,0.0,0.0,0.0
3463,0.35662028193473816,4.427773769778916e-15,OFFLOADED,1.0,No,1.0,1.0,1.0
3464,0.2508029043674469,1.2459519436430358e-55,OFFLOADED,1.0,No,1.0,1.0,1.0
3465,0.3805372416973114,2.191890702350317e-12,OFFLOADED,1.0,No,1.0,0.0,1.0
3466,0.0,0.0,OFFLOADED,0.0,Yes,0.0,0.0,0.0
3467,0.8754770755767822,0.9992536977565115,ACCEPTED,0.0,Yes,0.0,0.0,0.0
3468,0.7337870597839355,0.7496033289523079,ACCEPTED,0.0,Yes,0.0,0.0,0.0
3469,0.31605425477027893,8.62245090212924e-22,OFFLOADED,1.0,No,1.0,1.0,1.0
3470,0.8958708643913269,0.9998547101929136,ACCEPTED,0.0,Yes,0.0,0.0,0.0
3471,0.6463075280189514,0.17663646138128128,OFFLOADED,0.0,Yes,0.0,0.0,0.0
3472,0.7039822936058044,0.5453140663429987,ACCEPTED,0.0,Yes,0.0,0.0,0.0
3473,0.26650553941726685,1.732497778562201e-42,OFFLOADED,1.0,No,1.0,1.0,1.0
3474,0.261595755815506,8.252974315962498e-46,OFFLOADED,1.0,No,1.0,1.0,1.0
3475,0.39165183901786804,3.321444862398137e-11,OFFLOADED,0.0,Yes,0.0,0.0,0.0
3476,0.8629466891288757,0.9980935170762848,ACCEPTED,1.0,No,1.0,1.0,1.0
3477,0.4951203465461731,5.477198574624699e-05,OFFLOADED,1.0,No,1.0,0.0,0.0
3478,0.6872456669807434,0.4212222546151439,OFFLOADED,1.0,No,1.0,0.0,0.0
3479,0.2553732395172119,3.2186162905924226e-52,OFFLOADED,1.0,No,1.0,1.0,1.0
3480,0.6179860830307007,0.05941552232635,OFFLOADED,1.0,No,1.0,0.0,0.0
3481,0.2877412736415863,2.758301426971763e-31,OFFLOADED,1.0,No,0.0,1.0,1.0
3482,0.7239515781402588,0.7024124561925822,ACCEPTED,1.0,No,1.0,1.0,1.0
3483,0.3021751642227173,7.535761315955951e-26,OFFLOADED,1.0,No,1.0,1.0,1.0
3484,0.3128618001937866,1.3150975376651886e-22,OFFLOADED,1.0,No,1.0,0.0,1.0
3485,0.9169510006904602,0.9999647526676795,ACCEPTED,0.0,Yes,0.0,0.0,0.0
3486,0.27955684065818787,2.8250402411125494e-35,OFFLOADED,1.0,No,1.0,0.0,1.0
3487,0.8697324991226196,0.9987943747269588,ACCEPTED,0.0,Yes,0.0,0.0,0.0
3488,0.8691362142562866,0.9988030391641598,ACCEPTED,1.0,No,1.0,1.0,1.0
3489,0.30785390734672546,4.522005236800868e-24,OFFLOADED,1.0,No,1.0,1.0,1.0
3490,0.4151739180088043,2.6787585389824074e-09,OFFLOADED,1.0,No,1.0,1.0,1.0
3491,0.9153304100036621,0.9999642007077238,ACCEPTED,0.0,Yes,0.0,0.0,0.0
3492,0.37717974185943604,7.446307060484443e-13,OFFLOADED,1.0,No,0.0,0.0,1.0
3493,0.2515451908111572,6.589727403033557e-56,OFFLOADED,1.0,No,1.0,1.0,1.0
3494,0.2536276578903198,3.974931670180709e-54,OFFLOADED,1.0,No,1.0,0.0,0.0
3495,0.8213998675346375,0.9759278144602588,ACCEPTED,1.0,No,1.0,1.0,1.0
3496,0.8151966333389282,0.9693047856280576,ACCEPTED,1.0,No,1.0,1.0,1.0
3497,0.34433358907699585,1.1671237716383158e-16,OFFLOADED,1.0,No,0.0,1.0,0.0
3498,0.2510617673397064,4.896283129645327e-56,OFFLOADED,1.0,No,1.0,1.0,1.0
3499,0.4484224319458008,3.327312523214731e-07,OFFLOADED,1.0,No,1.0,1.0,0.0
3500,0.2673945724964142,3.1543915792425425e-42,OFFLOADED,1.0,No,1.0,1.0,0.0
3501,0.27837809920310974,4.154128096517295e-36,OFFLOADED,1.0,No,1.0,1.0,1.0
3502,0.8096532821655273,0.9604899202417003,ACCEPTED,1.0,No,1.0,1.0,1.0
3503,0.41962939500808716,5.287863079286569e-09,OFFLOADED,1.0,No,1.0,1.0,1.0
3504,0.3827533423900604,2.925637010864914e-12,OFFLOADED,1.0,No,1.0,1.0,1.0
3505,0.2500156760215759,3.300814614452867e-56,OFFLOADED,1.0,No,0.0,1.0,1.0
3506,0.40019357204437256,1.417826099998497e-10,OFFLOADED,1.0,No,1.0,1.0,0.0
3507,0.8734787106513977,0.9990014627592054,ACCEPTED,0.0,Yes,0.0,0.0,0.0
3508,0.7935140132904053,0.9294512429614467,ACCEPTED,1.0,No,1.0,1.0,0.0
3509,0.2540838420391083,6.531973912437605e-54,OFFLOADED,1.0,No,1.0,1.0,1.0
3510,0.2611912190914154,1.4589301570467807e-46,OFFLOADED,1.0,No,1.0,1.0,1.0
3511,0.2967087924480438,3.2466152763495774e-28,OFFLOADED,1.0,No,1.0,1.0,1.0
3512,0.8216604590415955,0.970210266547009,ACCEPTED,0.0,Yes,0.0,0.0,0.0
3513,0.41035038232803345,9.308679621356896e-10,OFFLOADED,1.0,No,1.0,0.0,0.0
3514,0.283674031496048,1.7143603389006667e-33,OFFLOADED,1.0,No,1.0,1.0,1.0
3515,0.7337650060653687,0.7478994899736336,ACCEPTED,1.0,No,1.0,1.0,1.0
3516,0.4522136151790619,4.921646185143855e-07,OFFLOADED,1.0,No,1.0,0.0,1.0
3517,0.2567250430583954,3.425662415919609e-51,OFFLOADED,1.0,No,1.0,1.0,0.0
3518,0.6773984432220459,0.31186670369968156,OFFLOADED,0.0,Yes,0.0,0.0,0.0
3519,0.25968608260154724,2.3199377954414677e-48,OFFLOADED,1.0,No,1.0,1.0,1.0
3520,0.8426048159599304,0.9887161405013964,ACCEPTED,1.0,No,1.0,1.0,0.0
3521,0.7133287787437439,0.6017059497696565,ACCEPTED,0.0,Yes,0.0,0.0,0.0
3522,0.31895968317985535,1.838574844529294e-21,OFFLOADED,1.0,No,1.0,1.0,1.0
3523,0.5174328088760376,0.00017698432869160782,OFFLOADED,1.0,No,1.0,1.0,1.0
3524,0.3681918680667877,4.973180356251356e-14,OFFLOADED,1.0,No,1.0,1.0,1.0
3525,0.3140234649181366,1.3191088443065122e-22,OFFLOADED,1.0,No,1.0,1.0,1.0
3526,0.5851022601127625,0.01303195344815111,OFFLOADED,1.0,No,1.0,1.0,1.0
3527,0.28685736656188965,3.33208007834859e-32,OFFLOADED,0.0,Yes,0.0,0.0,0.0
3528,0.39277952909469604,2.4324572073067312e-11,OFFLOADED,0.0,Yes,0.0,0.0,0.0
3529,0.2984921336174011,9.95720158736342e-28,OFFLOADED,1.0,No,1.0,1.0,0.0
3530,0.5825979709625244,0.010869840497871113,OFFLOADED,1.0,No,1.0,1.0,1.0
3531,0.6712086200714111,0.29611122157404673,OFFLOADED,1.0,No,1.0,1.0,1.0
3532,0.34180960059165955,3.86035366815047e-17,OFFLOADED,1.0,No,1.0,1.0,1.0
3533,0.8308926820755005,0.9796707697968765,ACCEPTED,0.0,Yes,0.0,0.0,0.0
3534,0.474362313747406,4.522746941640104e-06,OFFLOADED,1.0,No,1.0,1.0,1.0
3535,0.26862695813179016,7.827303457244195e-42,OFFLOADED,1.0,No,1.0,1.0,1.0
3536,0.9159376621246338,0.999963091105052,ACCEPTED,0.0,Yes,0.0,0.0,0.0
3537,0.27444782853126526,1.5918392539397692e-38,OFFLOADED,1.0,No,1.0,1.0,1.0
3538,0.3052760660648346,2.810244850286772e-25,OFFLOADED,0.0,Yes,0.0,0.0,0.0
3539,0.7281714677810669,0.7127974669764523,ACCEPTED,0.0,Yes,0.0,0.0,0.0
3540,0.929233193397522,0.9999827922237265,ACCEPTED,0.0,Yes,0.0,0.0,0.0
3541,0.25410571694374084,2.7494765071948205e-54,OFFLOADED,1.0,No,1.0,1.0,0.0
3542,0.25008994340896606,1.113421966106814e-56,OFFLOADED,1.0,No,0.0,1.0,1.0
3543,0.3127290606498718,4.545412006820518e-23,OFFLOADED,1.0,No,1.0,0.0,0.0
3544,0.2811265289783478,4.965357123048894e-35,OFFLOADED,1.0,No,1.0,1.0,1.0
3545,0.6615263819694519,0.2411432704810015,OFFLOADED,1.0,No,1.0,1.0,1.0
3546,0.2757061719894409,5.625173936678004e-38,OFFLOADED,1.0,No,1.0,1.0,0.0
3547,0.2603859305381775,5.608045364533731e-48,OFFLOADED,1.0,No,1.0,1.0,1.0
3548,0.2706482708454132,9.217906946869087e-41,OFFLOADED,1.0,No,0.0,1.0,1.0
3549,0.25529441237449646,3.03573553783513e-53,OFFLOADED,1.0,No,1.0,1.0,1.0
3550,0.8399388790130615,0.987358669857686,ACCEPTED,1.0,No,1.0,1.0,1.0
3551,0.7027685642242432,0.5302809554698047,ACCEPTED,1.0,No,1.0,1.0,1.0
3552,0.3099380135536194,6.930831344527498e-24,OFFLOADED,1.0,No,1.0,0.0,0.0
3553,0.2766232490539551,1.4735160405189485e-37,OFFLOADED,1.0,No,1.0,1.0,1.0
3554,0.3027965724468231,3.6394137654425e-26,OFFLOADED,1.0,No,1.0,0.0,0.0
3555,0.6364184617996216,0.12180715935906339,OFFLOADED,1.0,No,1.0,1.0,1.0
3556,0.2690085768699646,8.209085574157196e-42,OFFLOADED,0.0,Yes,0.0,0.0,0.0
3557,0.3108001947402954,1.1001065939310629e-23,OFFLOADED,1.0,No,1.0,1.0,1.0
3558,0.267465740442276,7.880609329855743e-43,OFFLOADED,1.0,No,1.0,1.0,1.0
3559,0.31919431686401367,1.2285797918012613e-21,OFFLOADED,1.0,No,0.0,1.0,0.0
3560,0.25615960359573364,2.033262120521724e-52,OFFLOADED,1.0,No,1.0,0.0,1.0
3561,0.5672014355659485,0.0028779080203105846,OFFLOADED,0.0,Yes,0.0,0.0,0.0
3562,0.2710128128528595,1.002084386936243e-40,OFFLOADED,1.0,No,1.0,0.0,1.0
3563,0.6764920949935913,0.29636130307819414,OFFLOADED,1.0,No,1.0,1.0,0.0
3564,0.5517493486404419,0.0014032522527120872,OFFLOADED,1.0,No,1.0,1.0,0.0
3565,0.2597391903400421,6.776327678748335e-49,OFFLOADED,1.0,No,1.0,1.0,1.0
3566,0.5978515148162842,0.018035565347834074,OFFLOADED,1.0,No,0.0,1.0,1.0
3567,0.2616136372089386,6.942219782427732e-47,OFFLOADED,1.0,No,0.0,1.0,1.0
3568,0.31672683358192444,3.476886637673593e-22,OFFLOADED,1.0,No,1.0,1.0,1.0
3569,0.26970627903938293,1.506202382333053e-41,OFFLOADED,1.0,No,1.0,1.0,1.0
3570,0.26611530780792236,8.078282529404195e-44,OFFLOADED,1.0,No,1.0,1.0,1.0
3571,0.5018472671508789,4.993555273123732e-05,OFFLOADED,0.0,Yes,0.0,0.0,0.0
3572,0.36670246720314026,2.394682187307024e-14,OFFLOADED,1.0,No,1.0,0.0,0.0
3573,0.38377782702445984,2.2650517589434838e-12,OFFLOADED,1.0,No,1.0,1.0,1.0
3574,0.532522976398468,0.00031415255325598274,OFFLOADED,1.0,No,1.0,1.0,0.0
3575,0.6950280666351318,0.4358603044203328,OFFLOADED,0.0,Yes,0.0,0.0,0.0
3576,0.6299554109573364,0.08712843584351417,ACCEPTED,1.0,No,1.0,1.0,1.0
3577,0.33802470564842224,8.717446236620274e-18,OFFLOADED,1.0,No,1.0,1.0,1.0
3578,0.4029981195926666,1.2995026726882507e-10,OFFLOADED,1.0,No,1.0,0.0,1.0
3579,0.2599126398563385,5.342679193325028e-49,OFFLOADED,1.0,No,1.0,1.0,1.0
3580,0.5336997509002686,0.00032115269908287433,OFFLOADED,1.0,No,1.0,1.0,0.0
3581,0.2608211934566498,7.163225777637855e-48,OFFLOADED,1.0,No,1.0,1.0,1.0
3582,0.25132015347480774,2.09964315815466e-57,OFFLOADED,1.0,No,1.0,1.0,1.0
3583,0.34546542167663574,4.6723286627153787e-17,OFFLOADED,1.0,No,1.0,1.0,1.0
3584,0.8764091730117798,0.9991888019651899,ACCEPTED,1.0,No,1.0,1.0,1.0
3585,0.2789873480796814,1.6731158079841643e-36,OFFLOADED,1.0,No,1.0,1.0,1.0
3586,0.27731871604919434,1.5901888867715395e-37,OFFLOADED,1.0,No,1.0,1.0,1.0
3587,0.2619830369949341,6.612480558803416e-47,OFFLOADED,1.0,No,1.0,1.0,1.0
3588,0.5531643629074097,0.001276903041849391,OFFLOADED,1.0,No,0.0,1.0,0.0
3589,0.7441090941429138,0.7996120945711593,ACCEPTED,1.0,No,1.0,1.0,1.0
3590,0.26139143109321594,1.9992770300765392e-47,OFFLOADED,1.0,No,1.0,1.0,1.0
3591,0.2636173963546753,9.959997147849578e-46,OFFLOADED,1.0,No,1.0,1.0,1.0
3592,0.7871367335319519,0.9084722384956686,OFFLOADED,1.0,No,1.0,1.0,0.0
3593,0.3049395680427551,9.215688055152345e-26,OFFLOADED,1.0,No,1.0,1.0,1.0
3594,0.9025698900222778,0.9998908987630415,ACCEPTED,0.0,Yes,0.0,0.0,0.0
3595,0.5269458889961243,0.000174662562329313,OFFLOADED,1.0,No,0.0,0.0,1.0
3596,0.440131813287735,6.075367545647623e-08,OFFLOADED,1.0,No,1.0,1.0,1.0
3597,0.2605276107788086,1.379455367815194e-48,OFFLOADED,1.0,No,1.0,1.0,1.0
3598,0.327127605676651,4.552455887450208e-20,OFFLOADED,1.0,No,1.0,1.0,1.0
3599,0.8287497162818909,0.9760155438035921,ACCEPTED,1.0,No,1.0,1.0,1.0
3600,0.3678828179836273,1.9555133753866707e-14,OFFLOADED,1.0,No,1.0,0.0,0.0
3601,0.8961324691772461,0.9997999342859168,ACCEPTED,1.0,No,0.0,0.0,1.0
3602,0.5517740249633789,0.0010944291259046863,OFFLOADED,1.0,No,1.0,1.0,1.0
3603,0.2504473626613617,7.853252424281686e-58,OFFLOADED,1.0,No,1.0,1.0,1.0
3604,0.4884450435638428,1.2817004482678081e-05,OFFLOADED,1.0,No,1.0,0.0,0.0
3605,0.7298424243927002,0.7072178581619359,ACCEPTED,0.0,Yes,0.0,0.0,0.0
3606,0.35863521695137024,1.5707179140426607e-15,OFFLOADED,1.0,No,1.0,1.0,1.0
3607,0.3220115303993225,1.807538323016747e-21,OFFLOADED,1.0,No,1.0,1.0,1.0
3608,0.3472425639629364,4.6383305697053363e-17,OFFLOADED,1.0,No,1.0,0.0,0.0
3609,0.30064016580581665,1.4321330001890525e-27,OFFLOADED,1.0,No,1.0,1.0,1.0
3610,0.2703133821487427,9.654593605729459e-42,OFFLOADED,1.0,No,1.0,1.0,1.0
3611,0.34780922532081604,5.199229817136553e-17,OFFLOADED,1.0,No,0.0,1.0,1.0
3612,0.44041550159454346,5.41297939307407e-08,OFFLOADED,1.0,No,1.0,0.0,0.0
3613,0.5349462628364563,0.0002907925622327099,OFFLOADED,0.0,Yes,0.0,0.0,0.0
3614,0.2551858425140381,1.7486879096202138e-54,OFFLOADED,1.0,No,0.0,1.0,1.0
3615,0.5921716690063477,0.012544035586843838,OFFLOADED,1.0,No,1.0,1.0,1.0
3616,0.2591063976287842,2.306385554130977e-50,OFFLOADED,1.0,No,1.0,1.0,1.0
3617,0.8185628056526184,0.9649550538355846,OFFLOADED,1.0,No,1.0,1.0,0.0
3618,0.5795214772224426,0.006024699277016493,OFFLOADED,1.0,No,0.0,1.0,1.0
3619,0.7509642839431763,0.8166882146755648,ACCEPTED,0.0,Yes,0.0,0.0,0.0
3620,0.8654085993766785,0.9974789362650359,ACCEPTED,0.0,Yes,0.0,0.0,0.0
3621,0.2546539008617401,3.5194698816098956e-55,OFFLOADED,1.0,No,0.0,1.0,1.0
3622,0.37674009799957275,1.6093664102154134e-13,OFFLOADED,1.0,No,1.0,1.0,1.0
3623,0.34888699650764465,5.602725122905802e-17,OFFLOADED,0.0,Yes,0.0,0.0,0.0
3624,0.2664060592651367,2.715538736332776e-44,OFFLOADED,1.0,No,1.0,1.0,1.0
3625,0.29552796483039856,1.4166785208375278e-29,OFFLOADED,1.0,No,0.0,0.0,1.0
3626,0.2679932117462158,2.7118557794829846e-43,OFFLOADED,1.0,No,1.0,1.0,1.0
3627,0.31167420744895935,5.029560410087222e-24,OFFLOADED,1.0,No,1.0,1.0,0.0
3628,0.2513519525527954,3.321199875445551e-58,OFFLOADED,1.0,No,1.0,1.0,1.0
3629,0.45681047439575195,3.4081690976503816e-07,OFFLOADED,1.0,No,1.0,1.0,1.0
3630,0.9315634965896606,0.9999815824368132,ACCEPTED,0.0,Yes,0.0,0.0,0.0
3631,0.35191217064857483,1.6649989295010494e-16,OFFLOADED,1.0,No,1.0,0.0,1.0
3632,0.8311429619789124,0.977520046920339,ACCEPTED,0.0,Yes,0.0,0.0,0.0
3633,0.706479012966156,0.5481138506097862,ACCEPTED,1.0,No,1.0,1.0,1.0
3634,0.2514045238494873,2.7738841696649658e-58,OFFLOADED,1.0,No,1.0,1.0,1.0
3635,0.25513753294944763,8.331192594701918e-55,OFFLOADED,1.0,No,1.0,1.0,0.0
3636,0.26836591958999634,3.8550230155966e-43,OFFLOADED,1.0,No,0.0,0.0,1.0
3637,0.37542030215263367,9.322992111850845e-14,OFFLOADED,1.0,No,0.0,1.0,1.0
3638,0.29383501410484314,2.703089957283651e-30,OFFLOADED,0.0,Yes,0.0,0.0,0.0
3639,0.2751998007297516,3.6991515730965604e-39,OFFLOADED,1.0,No,1.0,1.0,1.0
3640,0.2725389897823334,1.08905083861368e-40,OFFLOADED,1.0,No,1.0,1.0,1.0
3641,0.3043172061443329,2.166561172918411e-26,OFFLOADED,1.0,No,1.0,1.0,0.0
3642,0.26722824573516846,4.943242033616617e-44,OFFLOADED,1.0,No,1.0,1.0,1.0
3643,0.7406529188156128,0.7779057185326278,ACCEPTED,0.0,Yes,0.0,0.0,0.0
3644,0.37552204728126526,9.17602433486963e-14,OFFLOADED,1.0,No,0.0,1.0,1.0
3645,0.25800034403800964,1.1517321795620282e-51,OFFLOADED,1.0,No,1.0,1.0,1.0
3646,0.7924169898033142,0.9220866027308132,ACCEPTED,1.0,No,1.0,1.0,1.0
3647,0.8667141199111938,0.9979295139898219,ACCEPTED,1.0,No,1.0,1.0,1.0
3648,0.8475311398506165,0.9904269919713777,ACCEPTED,1.0,No,1.0,1.0,1.0
3649,0.8610608577728271,0.9962354885384903,ACCEPTED,0.0,Yes,0.0,0.0,0.0
3650,0.29206663370132446,6.289147769828939e-31,OFFLOADED,1.0,No,1.0,1.0,1.0
3651,0.2985156178474426,9.401214021329071e-29,OFFLOADED,1.0,No,1.0,1.0,0.0
3652,0.25762903690338135,3.988596429144326e-52,OFFLOADED,1.0,No,1.0,1.0,0.0
3653,0.544571042060852,0.0006164525852674517,OFFLOADED,1.0,No,0.0,1.0,1.0
3654,0.0,0.0,OFFLOADED,0.0,Yes,0.0,0.0,0.0
3655,0.2541741132736206,4.0982585886104255e-56,OFFLOADED,1.0,No,0.0,1.0,1.0
3656,0.8107094764709473,0.9539996816364751,ACCEPTED,1.0,No,1.0,1.0,1.0
3657,0.8620465993881226,0.9965495143276839,ACCEPTED,0.0,Yes,0.0,0.0,0.0
3658,0.8526815176010132,0.9931171259188719,ACCEPTED,1.0,No,1.0,1.0,1.0
3659,0.2995885908603668,2.3918987993246302e-28,OFFLOADED,1.0,No,1.0,0.0,0.0
3660,0.3514591455459595,1.109437882026606e-16,OFFLOADED,1.0,No,1.0,1.0,0.0
3661,0.2654764950275421,2.8012239661479153e-45,OFFLOADED,1.0,No,1.0,1.0,1.0
3662,0.8809026479721069,0.9992504544626554,ACCEPTED,0.0,Yes,0.0,0.0,0.0
3663,0.2607186436653137,4.5860908467317146e-49,OFFLOADED,1.0,No,0.0,1.0,1.0
3664,0.7548546195030212,0.8351822333242687,ACCEPTED,1.0,No,1.0,1.0,1.0
3665,0.27677398920059204,1.5452809580177206e-38,OFFLOADED,1.0,No,1.0,1.0,1.0
3666,0.45878487825393677,3.5799544845154e-07,OFFLOADED,1.0,No,1.0,1.0,1.0
3667,0.26356515288352966,1.1240852787917774e-46,OFFLOADED,1.0,No,1.0,1.0,1.0
3668,0.7455553412437439,0.7951119461215358,ACCEPTED,1.0,No,1.0,1.0,0.0
3669,0.40617606043815613,1.0869850346473127e-10,OFFLOADED,1.0,No,0.0,1.0,1.0
3670,0.27471452951431274,1.1296703714092527e-39,OFFLOADED,1.0,No,1.0,1.0,1.0
3671,0.31105417013168335,1.8790337030263683e-24,OFFLOADED,1.0,No,1.0,1.0,1.0
3672,0.2867395281791687,1.837515872616552e-33,OFFLOADED,1.0,No,1.0,0.0,0.0
3673,0.33115971088409424,1.5808047072763984e-19,OFFLOADED,1.0,No,1.0,0.0,0.0
3674,0.29184678196907043,3.077678067338443e-31,OFFLOADED,1.0,No,0.0,1.0,1.0
3675,0.31606635451316833,4.2038498487965456e-23,OFFLOADED,1.0,No,0.0,1.0,1.0
3676,0.632905900478363,0.09019594017449692,OFFLOADED,1.0,No,1.0,1.0,1.0
3677,0.946893036365509,0.9999888768711442,ACCEPTED,0.0,Yes,0.0,0.0,0.0
3678,0.2521911859512329,1.3592004179576932e-58,OFFLOADED,1.0,No,1.0,1.0,1.0
3679,0.7054250240325928,0.5136959924392919,OFFLOADED,1.0,No,1.0,1.0,1.0
3680,0.4550762474536896,2.1409347872376956e-07,OFFLOADED,1.0,No,1.0,1.0,0.0
3681,0.30635973811149597,4.835660757586327e-26,OFFLOADED,1.0,No,1.0,1.0,0.0
3682,0.7206381559371948,0.6267609483653436,OFFLOADED,1.0,No,1.0,1.0,1.0
3683,0.32618749141693115,8.100621649007297e-21,OFFLOADED,1.0,No,0.0,1.0,1.0
3684,0.2515042722225189,4.00705681207533e-59,OFFLOADED,1.0,No,1.0,1.0,1.0
3685,0.8704103827476501,0.9980740771003673,ACCEPTED,1.0,No,1.0,1.0,1.0
3686,0.396806925535202,1.532429278241875e-11,OFFLOADED,1.0,No,1.0,0.0,0.0
3687,0.2622915804386139,5.467817885595543e-48,OFFLOADED,1.0,No,1.0,1.0,1.0
3688,0.2689371407032013,2.3242517107891902e-43,OFFLOADED,1.0,No,1.0,1.0,1.0
3689,0.7807230353355408,0.8727808868718337,OFFLOADED,1.0,No,1.0,1.0,1.0
3690,0.7609961032867432,0.8192071960182679,ACCEPTED,0.0,Yes,0.0,0.0,0.0
3691,0.25380921363830566,5.056664423369541e-57,OFFLOADED,1.0,No,1.0,1.0,1.0
3692,0.518843412399292,7.203700017307477e-05,OFFLOADED,1.0,No,1.0,1.0,1.0
3693,0.251748263835907,3.5855113935760713e-59,OFFLOADED,1.0,No,1.0,1.0,1.0
3694,0.281910240650177,4.267172001565788e-36,OFFLOADED,1.0,No,0.0,0.0,1.0
3695,0.26921749114990234,2.9596483758549547e-43,OFFLOADED,1.0,No,1.0,1.0,1.0
3696,0.2970580756664276,1.005051522059597e-29,OFFLOADED,1.0,No,1.0,0.0,0.0
3697,0.2513469159603119,2.0746885752813594e-59,OFFLOADED,1.0,No,1.0,1.0,1.0
3698,0.2834537625312805,2.988252993420559e-35,OFFLOADED,1.0,No,1.0,1.0,0.0
3699,0.4958762228488922,1.824976366749983e-05,OFFLOADED,1.0,No,1.0,1.0,1.0
3700,0.32480043172836304,2.8740341090933933e-21,OFFLOADED,1.0,No,0.0,1.0,1.0
3701,0.25877878069877625,8.23993026581048e-52,OFFLOADED,1.0,No,1.0,1.0,1.0
3702,0.8831544518470764,0.9992558620310602,ACCEPTED,0.0,Yes,0.0,0.0,0.0
3703,0.3533494174480438,1.2342928075231586e-16,OFFLOADED,0.0,Yes,0.0,0.0,0.0
3704,0.3565926253795624,3.218012224705762e-16,OFFLOADED,1.0,No,1.0,0.0,0.0
3705,0.3159131407737732,2.3147377601593788e-23,OFFLOADED,1.0,No,1.0,1.0,1.0
3706,0.884080171585083,0.999348428944994,ACCEPTED,1.0,No,1.0,1.0,1.0
3707,0.27169761061668396,5.998495280527919e-42,OFFLOADED,1.0,No,1.0,0.0,0.0
3708,0.28690025210380554,9.460851132387098e-34,OFFLOADED,1.0,No,1.0,1.0,1.0
3709,0.27860626578330994,5.514960120737628e-38,OFFLOADED,1.0,No,1.0,1.0,1.0
3710,0.39592429995536804,1.0783784902166537e-11,OFFLOADED,1.0,No,1.0,1.0,1.0
3711,0.25388219952583313,2.6096729581464915e-57,OFFLOADED,1.0,No,1.0,0.0,1.0
3712,0.2716861963272095,4.6859018107174215e-42,OFFLOADED,1.0,No,1.0,1.0,1.0
3713,0.29750967025756836,1.0578427275118233e-29,OFFLOADED,1.0,No,1.0,1.0,1.0
3714,0.35002970695495605,3.6859273997035075e-17,OFFLOADED,1.0,No,1.0,0.0,0.0
3715,0.26911330223083496,1.1989866356193616e-43,OFFLOADED,1.0,No,1.0,1.0,0.0
3716,0.9430787563323975,0.9999863560591468,ACCEPTED,0.0,Yes,0.0,0.0,0.0
3717,0.8372253775596619,0.9770403896227109,ACCEPTED,0.0,Yes,0.0,0.0,0.0
3718,0.4728488028049469,1.4858121944399451e-06,OFFLOADED,0.0,Yes,0.0,0.0,0.0
3719,0.8983411192893982,0.9998063663851203,ACCEPTED,1.0,No,1.0,1.0,1.0
3720,0.7667759656906128,0.8451473837087186,ACCEPTED,1.0,No,1.0,1.0,0.0
3721,0.0,0.0,OFFLOADED,0.0,Yes,0.0,0.0,0.0
3722,0.8946542143821716,0.9997062711568443,ACCEPTED,1.0,No,1.0,1.0,0.0
3723,0.2578679323196411,7.039913188883563e-53,OFFLOADED,1.0,No,1.0,1.0,1.0
3724,0.8640105724334717,0.9964772219958254,ACCEPTED,0.0,Yes,0.0,0.0,0.0
3725,0.32101255655288696,2.756104931173569e-22,OFFLOADED,1.0,No,1.0,0.0,1.0
3726,0.6046487092971802,0.019719408964053494,OFFLOADED,0.0,Yes,0.0,0.0,0.0
3727,0.3027472198009491,1.715213354461349e-27,OFFLOADED,1.0,No,0.0,1.0,1.0
3728,0.26008254289627075,7.503229696337097e-51,OFFLOADED,1.0,No,1.0,1.0,1.0
3729,0.2523440420627594,3.3617891889617453e-59,OFFLOADED,1.0,No,1.0,1.0,1.0
3730,0.41979697346687317,1.297178883044817e-09,OFFLOADED,1.0,No,1.0,0.0,1.0
3731,0.8707853555679321,0.9981321479527747,ACCEPTED,1.0,No,1.0,1.0,1.0
3732,0.25880542397499084,4.2541556491979805e-52,OFFLOADED,1.0,No,1.0,1.0,1.0
3733,0.8010931611061096,0.920908888486065,ACCEPTED,0.0,Yes,0.0,0.0,0.0
3734,0.25377750396728516,1.2278212118713112e-57,OFFLOADED,0.0,Yes,0.0,0.0,0.0
3735,0.269625723361969,2.217510856170478e-43,OFFLOADED,1.0,No,1.0,1.0,1.0
3736,0.2554428279399872,7.733644481247444e-56,OFFLOADED,1.0,No,1.0,1.0,1.0
3737,0.2528514564037323,1.2078441090131109e-58,OFFLOADED,1.0,No,1.0,1.0,1.0
3738,0.0,0.0,OFFLOADED,0.0,Yes,0.0,0.0,0.0
3739,0.2802431285381317,3.509707373168242e-37,OFFLOADED,1.0,No,1.0,0.0,0.0
3740,0.25832319259643555,1.3623389549082496e-52,OFFLOADED,1.0,No,1.0,1.0,1.0
3741,0.3264352083206177,6.755051695540344e-21,OFFLOADED,1.0,No,1.0,1.0,1.0
3742,0.258434921503067,1.5549426414106442e-52,OFFLOADED,1.0,No,1.0,1.0,1.0
3743,0.28645554184913635,3.787211791632172e-34,OFFLOADED,1.0,No,1.0,1.0,1.0
3744,0.27574458718299866,7.0359332416883714e-40,OFFLOADED,1.0,No,1.0,1.0,1.0
3745,0.7693536281585693,0.848332886571627,ACCEPTED,0.0,Yes,0.0,0.0,0.0
3746,0.27309951186180115,2.4644781663278634e-41,OFFLOADED,1.0,No,1.0,1.0,1.0
3747,0.28141117095947266,1.1233098886775428e-36,OFFLOADED,1.0,No,1.0,0.0,0.0
3748,0.251385897397995,3.672769363971958e-60,OFFLOADED,1.0,No,1.0,1.0,1.0
3749,0.25698715448379517,3.453429599635726e-54,OFFLOADED,1.0,No,1.0,0.0,1.0
3750,0.2907308042049408,3.931322051154162e-32,OFFLOADED,1.0,No,1.0,1.0,1.0
3751,0.425059974193573,3.4231303414788097e-09,OFFLOADED,1.0,No,1.0,1.0,1.0
3752,0.615556001663208,0.03515179814463633,OFFLOADED,1.0,No,0.0,0.0,1.0
3753,0.2921227216720581,1.1973373189201224e-31,OFFLOADED,1.0,No,1.0,1.0,1.0
3754,0.48559999465942383,6.1270598946724965e-06,OFFLOADED,1.0,No,1.0,0.0,0.0
3755,0.6765937209129333,0.26278544743868265,OFFLOADED,0.0,Yes,0.0,0.0,0.0
3756,0.2563651502132416,4.382760932666497e-55,OFFLOADED,1.0,No,1.0,1.0,1.0
3757,0.43892425298690796,2.4594150118411858e-08,OFFLOADED,1.0,No,1.0,1.0,1.0
3758,0.4040943682193756,4.6651872891134e-11,OFFLOADED,1.0,No,1.0,1.0,1.0
3759,0.6749691367149353,0.26548978388865113,OFFLOADED,0.0,Yes,0.0,0.0,0.0
3760,0.45329198241233826,1.5720687678440583e-07,OFFLOADED,0.0,Yes,0.0,0.0,0.0
3761,0.25719577074050903,4.194581249758763e-54,OFFLOADED,1.0,No,1.0,1.0,1.0
3762,0.354819118976593,1.610542530436422e-16,OFFLOADED,1.0,No,1.0,1.0,1.0
3763,0.40208500623703003,3.339622747518724e-11,OFFLOADED,1.0,No,1.0,1.0,0.0
3764,0.730972945690155,0.7046766553667276,ACCEPTED,0.0,Yes,0.0,0.0,0.0
3765,0.31123587489128113,7.13820600349935e-25,OFFLOADED,1.0,No,1.0,0.0,0.0
3766,0.3200395703315735,1.1737468487636424e-22,OFFLOADED,1.0,No,1.0,1.0,1.0
3767,0.3013986647129059,3.0846278409932163e-28,OFFLOADED,1.0,No,1.0,1.0,1.0
3768,0.6335648894309998,0.09286385244763927,ACCEPTED,0.0,Yes,0.0,0.0,0.0
3769,0.8121076822280884,0.9529958876210234,ACCEPTED,0.0,Yes,0.0,0.0,0.0
3770,0.321732759475708,2.8784715093920335e-22,OFFLOADED,1.0,No,1.0,0.0,0.0
3771,0.2559259831905365,8.829501170940263e-56,OFFLOADED,1.0,No,1.0,1.0,1.0
3772,0.6429464817047119,0.1413145820391549,OFFLOADED,1.0,No,1.0,1.0,1.0
3773,0.317390501499176,3.04942157902551e-23,OFFLOADED,1.0,No,1.0,0.0,0.0
3774,0.8197149634361267,0.9646719948838208,ACCEPTED,1.0,No,1.0,1.0,1.0
3775,0.2870013117790222,3.8203295325676626e-34,OFFLOADED,1.0,No,1.0,1.0,1.0
3776,0.2517692446708679,1.9308196962339486e-60,OFFLOADED,1.0,No,1.0,1.0,1.0
3777,0.29542791843414307,1.1497344544059978e-30,OFFLOADED,1.0,No,1.0,0.0,0.0
3778,0.4209851920604706,1.4904782351742757e-09,OFFLOADED,1.0,No,1.0,1.0,1.0
3779,0.8974955081939697,0.9997930006901398,ACCEPTED,0.0,Yes,0.0,0.0,0.0
3780,0.2528556287288666,2.5088644882075896e-59,OFFLOADED,1.0,No,0.0,1.0,1.0
3781,0.2585483491420746,6.618152977006052e-53,OFFLOADED,1.0,No,0.0,1.0,1.0
3782,0.26948657631874084,5.335528622265056e-44,OFFLOADED,1.0,No,1.0,1.0,1.0
3783,0.2563779950141907,2.004621848442478e-55,OFFLOADED,1.0,No,1.0,1.0,1.0
3784,0.6783204078674316,0.3002230191191534,OFFLOADED,1.0,No,0.0,0.0,1.0
3785,0.38042107224464417,1.8748105911220272e-13,OFFLOADED,1.0,No,1.0,1.0,1.0
3786,0.3210753798484802,1.5474945148937735e-22,OFFLOADED,1.0,No,1.0,1.0,0.0
3787,0.3991643488407135,1.598804691868037e-11,OFFLOADED,1.0,No,1.0,0.0,0.0
3788,0.251505970954895,7.750968053414346e-61,OFFLOADED,1.0,No,0.0,1.0,1.0
3789,0.26802802085876465,3.9368439550368407e-45,OFFLOADED,1.0,No,1.0,0.0,0.0
3790,0.2593451738357544,2.6290510144141978e-52,OFFLOADED,1.0,No,1.0,1.0,1.0
3791,0.5739808082580566,0.0034044946588714306,OFFLOADED,0.0,Yes,0.0,0.0,0.0
3792,0.9098845720291138,0.9999354969155163,ACCEPTED,0.0,Yes,0.0,0.0,0.0
3793,0.31524646282196045,6.638264239958759e-24,OFFLOADED,1.0,No,1.0,1.0,0.0
3794,0.26053115725517273,5.716925363277424e-51,OFFLOADED,1.0,No,1.0,1.0,1.0
3795,0.4837232232093811,5.301010566270178e-06,OFFLOADED,1.0,No,1.0,1.0,0.0
3796,0.269467294216156,3.7082122600780864e-44,OFFLOADED,1.0,No,1.0,0.0,0.0
3797,0.32219254970550537,2.7227591325478516e-22,OFFLOADED,1.0,No,1.0,1.0,0.0
3798,0.26986345648765564,6.207731339086327e-44,OFFLOADED,1.0,No,1.0,1.0,1.0
3799,0.3241139054298401,9.339587691673534e-22,OFFLOADED,1.0,No,1.0,1.0,1.0
3800,0.2508464753627777,3.870758690780741e-61,OFFLOADED,1.0,No,1.0,1.0,1.0
3801,0.25409722328186035,2.096622758252881e-58,OFFLOADED,1.0,No,1.0,1.0,1.0
3802,0.5807338953018188,0.00597634237806544,OFFLOADED,1.0,No,1.0,1.0,1.0
3803,0.26109373569488525,2.3920483210208584e-50,OFFLOADED,1.0,No,1.0,1.0,1.0
3804,0.8472995758056641,0.9890733390770918,ACCEPTED,0.0,Yes,0.0,0.0,0.0
3805,0.5010125041007996,2.6636177498048984e-05,OFFLOADED,1.0,No,1.0,1.0,1.0
3806,0.25238272547721863,1.842665104161851e-60,OFFLOADED,1.0,No,1.0,1.0,1.0
3807,0.8041410446166992,0.9390297361746254,ACCEPTED,0.0,Yes,0.0,0.0,0.0
3808,0.29883185029029846,1.094023691759061e-29,OFFLOADED,1.0,No,1.0,1.0,1.0
3809,0.8837500214576721,0.9994545370293357,ACCEPTED,0.0,Yes,0.0,0.0,0.0
3810,0.2833606004714966,3.5057245413101675e-36,OFFLOADED,1.0,No,1.0,1.0,1.0
3811,0.2597130835056305,3.1439924685972644e-52,OFFLOADED,1.0,No,1.0,1.0,0.0
3812,0.6363900303840637,0.10062695666122272,OFFLOADED,0.0,Yes,0.0,0.0,0.0
3813,0.0,0.0,OFFLOADED,0.0,Yes,0.0,0.0,0.0
3814,0.3181576430797577,2.6953339174529524e-23,OFFLOADED,1.0,No,1.0,0.0,0.0
3815,0.8533782362937927,0.9939093524720285,ACCEPTED,1.0,No,1.0,1.0,1.0
3816,0.9290774464607239,0.9999819344362301,ACCEPTED,0.0,Yes,0.0,0.0,0.0
3817,0.3974120318889618,9.912324379266925e-12,OFFLOADED,0.0,Yes,0.0,0.0,0.0
3818,0.26215603947639465,1.824203705834162e-49,OFFLOADED,1.0,No,0.0,1.0,1.0
3819,0.255539208650589,6.410943373833704e-57,OFFLOADED,1.0,No,1.0,1.0,1.0
3820,0.3223051428794861,2.625537344126293e-22,OFFLOADED,1.0,No,0.0,1.0,1.0
3821,0.891314685344696,0.9997032390434849,ACCEPTED,0.0,Yes,0.0,0.0,0.0
3822,0.8752596378326416,0.9990006058242878,ACCEPTED,0.0,Yes,0.0,0.0,0.0
3823,0.927617073059082,0.99998355874313,ACCEPTED,0.0,Yes,0.0,0.0,0.0
3824,0.8875494599342346,0.9996413266723305,ACCEPTED,0.0,Yes,0.0,0.0,0.0
3825,0.49244919419288635,1.3371504751185855e-05,OFFLOADED,1.0,No,1.0,1.0,1.0
3826,0.35862600803375244,3.6142670281746163e-16,OFFLOADED,1.0,No,1.0,1.0,1.0
3827,0.9191066026687622,0.9999749104834259,ACCEPTED,0.0,Yes,0.0,0.0,0.0
3828,0.33307889103889465,1.2871022674867588e-19,OFFLOADED,1.0,No,1.0,1.0,1.0
3829,0.29680630564689636,1.3011102449676416e-30,OFFLOADED,1.0,No,1.0,1.0,1.0
3830,0.6815605759620667,0.3167307406588554,ACCEPTED,0.0,Yes,0.0,0.0,0.0
3831,0.39956849813461304,1.5874606131547866e-11,OFFLOADED,1.0,No,1.0,1.0,1.0
3832,0.9174281358718872,0.9999741489302866,ACCEPTED,1.0,No,1.0,1.0,1.0
3833,0.25691887736320496,2.5691283142029942e-55,OFFLOADED,1.0,No,1.0,0.0,0.0
3834,0.25493985414505005,7.198278605822472e-58,OFFLOADED,1.0,No,0.0,1.0,1.0
3835,0.3526805639266968,5.341910899270247e-17,OFFLOADED,1.0,No,0.0,1.0,1.0
3836,0.5301855206489563,0.00017080820186014304,OFFLOADED,1.0,No,0.0,1.0,1.0
3837,0.6064692139625549,0.025394004647643402,OFFLOADED,1.0,No,1.0,1.0,1.0
3838,0.9352911710739136,0.9999902815346884,ACCEPTED,1.0,No,1.0,1.0,1.0
3839,0.48387253284454346,4.179866179648223e-06,OFFLOADED,1.0,No,1.0,1.0,1.0
3840,0.7000192403793335,0.4779154274712692,OFFLOADED,0.0,Yes,0.0,0.0,0.0
3841,0.5688334703445435,0.0023708540159374123,OFFLOADED,1.0,No,1.0,1.0,1.0
3842,0.29373008012771606,9.281638691987204e-32,OFFLOADED,1.0,No,1.0,1.0,1.0
3843,0.25984543561935425,2.1400183578801873e-52,OFFLOADED,1.0,No,1.0,1.0,1.0
3844,0.7830712795257568,0.89712583394387,ACCEPTED,0.0,Yes,0.0,0.0,0.0
3845,0.8438597321510315,0.9887568944779055,ACCEPTED,1.0,No,1.0,1.0,0.0
3846,0.3197302222251892,3.458893106268448e-23,OFFLOADED,1.0,No,1.0,0.0,1.0
3847,0.2623277008533478,1.2246000348081994e-49,OFFLOADED,1.0,No,1.0,1.0,1.0
3848,0.3094569146633148,5.698694543766906e-26,OFFLOADED,1.0,No,1.0,1.0,0.0
3849,0.2574310004711151,5.689663544400954e-55,OFFLOADED,1.0,No,1.0,1.0,1.0
3850,0.270513653755188,5.98721540682298e-44,OFFLOADED,1.0,No,1.0,1.0,1.0
3851,0.74671870470047,0.8097923830284027,OFFLOADED,1.0,No,1.0,0.0,0.0
3852,0.32084110379219055,6.150207367579817e-23,OFFLOADED,1.0,No,0.0,1.0,1.0
3853,0.341869056224823,1.841734422258756e-18,OFFLOADED,1.0,No,0.0,1.0,1.0
3854,0.5395405888557434,0.00035219007730078215,OFFLOADED,1.0,No,1.0,1.0,1.0
3855,0.3740472197532654,1.6271358425350305e-14,OFFLOADED,1.0,No,0.0,1.0,0.0
3856,0.2685559391975403,1.98865361336593e-45,OFFLOADED,1.0,No,0.0,1.0,1.0
3857,0.26896315813064575,3.9983737591704476e-45,OFFLOADED,1.0,No,1.0,1.0,1.0
3858,0.3221639096736908,1.136995244492508e-22,OFFLOADED,0.0,Yes,0.0,0.0,0.0
3859,0.7427550554275513,0.7851868127802599,ACCEPTED,0.0,Yes,0.0,0.0,0.0
3860,0.2613591253757477,1.1582128779178542e-50,OFFLOADED,1.0,No,1.0,1.0,1.0
3861,0.31822651624679565,1.3270823208649935e-23,OFFLOADED,1.0,No,1.0,0.0,0.0
3862,0.2502041757106781,4.695795700326684e-62,OFFLOADED,1.0,No,1.0,1.0,1.0
3863,0.9199110269546509,0.999976462477259,ACCEPTED,1.0,No,1.0,1.0,0.0
3864,0.26404517889022827,1.5688221953696655e-48,OFFLOADED,1.0,No,1.0,1.0,1.0
3865,0.8263255953788757,0.9744837165827975,ACCEPTED,0.0,Yes,0.0,0.0,0.0
3866,0.8013749718666077,0.9438527426227308,ACCEPTED,0.0,Yes,0.0,0.0,0.0
3867,0.37092071771621704,7.257354309004128e-15,OFFLOADED,1.0,No,1.0,1.0,1.0
3868,0.36189061403274536,6.490958987440222e-16,OFFLOADED,0.0,Yes,0.0,0.0,0.0
3869,0.7462575435638428,0.8116804797951598,ACCEPTED,1.0,No,1.0,1.0,1.0
3870,0.7901599407196045,0.9166974832122021,ACCEPTED,1.0,No,1.0,1.0,1.0
3871,0.265369713306427,1.3518982415507852e-47,OFFLOADED,1.0,No,1.0,1.0,1.0
3872,0.2572666108608246,1.878166812651647e-55,OFFLOADED,1.0,No,0.0,1.0,1.0
3873,0.2636374235153198,6.943286474399917e-49,OFFLOADED,1.0,No,1.0,1.0,1.0
3874,0.2541331946849823,2.4778218520833372e-59,OFFLOADED,1.0,No,1.0,1.0,1.0
3875,0.39322519302368164,3.0970008240608264e-12,OFFLOADED,1.0,No,1.0,0.0,0.0
3876,0.7666488885879517,0.8648664613148364,ACCEPTED,0.0,Yes,0.0,0.0,0.0
3877,0.46096622943878174,2.5572306687166527e-07,OFFLOADED,1.0,No,1.0,0.0,0.0
3878,0.7875743508338928,0.9109969323616052,ACCEPTED,0.0,Yes,0.0,0.0,0.0
3879,0.5394275784492493,0.00033320046219388144,OFFLOADED,0.0,Yes,0.0,0.0,0.0
3880,0.32178905606269836,8.600512840817092e-23,OFFLOADED,0.0,Yes,0.0,0.0,0.0
3881,0.8527769446372986,0.9942727407869715,ACCEPTED,0.0,Yes,0.0,0.0,0.0
3882,0.7405678629875183,0.7860902163926793,ACCEPTED,0.0,Yes,0.0,0.0,0.0
3883,0.3478844165802002,6.559666159864854e-18,OFFLOADED,1.0,No,1.0,1.0,1.0
3884,0.9251631498336792,0.9999854072898877,ACCEPTED,0.0,Yes,0.0,0.0,0.0
3885,0.3200405538082123,3.040974249946288e-23,OFFLOADED,1.0,No,0.0,1.0,1.0
3886,0.30039161443710327,2.298937336894123e-29,OFFLOADED,1.0,No,1.0,1.0,0.0
3887,0.4026198983192444,2.2394435068717038e-11,OFFLOADED,0.0,Yes,0.0,0.0,0.0
3888,0.40073689818382263,1.6026312265737816e-11,OFFLOADED,0.0,Yes,0.0,0.0,0.0
3889,0.4532102346420288,1.1721672488408024e-07,OFFLOADED,0.0,Yes,0.0,0.0,0.0
3890,0.7080086469650269,0.5639420477199384,OFFLOADED,1.0,No,1.0,1.0,1.0
3891,0.39752569794654846,8.863908069529771e-12,OFFLOADED,1.0,No,1.0,1.0,1.0
3892,0.26750221848487854,2.9533948528999775e-46,OFFLOADED,1.0,No,1.0,1.0,1.0
3893,0.9083431363105774,0.9999590583178998,ACCEPTED,0.0,Yes,0.0,0.0,0.0
3894,0.6502494812011719,0.1753498120006729,OFFLOADED,1.0,No,1.0,1.0,1.0
3895,0.3427084982395172,1.828800452729766e-18,OFFLOADED,0.0,Yes,0.0,0.0,0.0
3896,0.319572776556015,2.439461528780309e-23,OFFLOADED,1.0,No,1.0,1.0,1.0
3897,0.31002679467201233,5.886129912258983e-26,OFFLOADED,1.0,No,1.0,1.0,1.0
3898,0.46596667170524597,4.701433215473205e-07,OFFLOADED,1.0,No,1.0,0.0,0.0
3899,0.3045932948589325,9.828711616421331e-28,OFFLOADED,1.0,No,1.0,1.0,1.0
3900,0.3316303491592407,4.044228191016289e-20,OFFLOADED,1.0,No,1.0,1.0,1.0
3901,0.28176912665367126,1.0538795759993848e-37,OFFLOADED,1.0,No,1.0,0.0,0.0
3902,0.27877795696258545,2.6910205730215197e-39,OFFLOADED,1.0,No,1.0,1.0,1.0
3903,0.2611560821533203,3.1425433734085723e-51,OFFLOADED,1.0,No,1.0,1.0,1.0
3904,0.8404356241226196,0.9874585929410286,ACCEPTED,1.0,No,1.0,1.0,0.0
3905,0.35048428177833557,1.5320787121250927e-17,OFFLOADED,1.0,No,1.0,0.0,0.0
3906,0.29050883650779724,2.2226842709278127e-33,OFFLOADED,1.0,No,1.0,1.0,1.0
3907,0.5523922443389893,0.0008306941958346778,OFFLOADED,1.0,No,1.0,1.0,1.0
3908,0.3492318391799927,8.283189337720515e-18,OFFLOADED,1.0,No,0.0,1.0,1.0
3909,0.39299216866493225,2.647681181780214e-12,OFFLOADED,1.0,No,1.0,0.0,1.0
3910,0.9556481838226318,0.9999960677344623,ACCEPTED,1.0,No,1.0,1.0,1.0
3911,0.25133925676345825,1.5423389180812395e-62,OFFLOADED,1.0,No,1.0,1.0,1.0
3912,0.808009147644043,0.9563808381644233,ACCEPTED,1.0,No,1.0,1.0,1.0
3913,0.4318489134311676,5.912770289077853e-09,OFFLOADED,1.0,No,1.0,1.0,1.0
3914,0.9362307786941528,0.9999912683947814,ACCEPTED,0.0,Yes,0.0,0.0,0.0
3915,0.8760641813278198,0.9992137338370488,ACCEPTED,1.0,No,1.0,1.0,1.0
3916,0.9212773442268372,0.9999795958218648,ACCEPTED,0.0,Yes,0.0,0.0,0.0
3917,0.29834413528442383,1.4256400141723232e-30,OFFLOADED,0.0,Yes,0.0,0.0,0.0
3918,0.2715621888637543,9.455473119110511e-44,OFFLOADED,1.0,No,1.0,1.0,1.0
3919,0.3907119035720825,1.4559106506027784e-12,OFFLOADED,1.0,No,1.0,0.0,0.0
3920,0.2625095546245575,3.579829109398875e-50,OFFLOADED,1.0,No,0.0,1.0,1.0
3921,0.26876768469810486,1.0873298092805872e-45,OFFLOADED,1.0,No,1.0,1.0,1.0
3922,0.3224148154258728,9.193270462699365e-23,OFFLOADED,0.0,Yes,0.0,0.0,0.0
3923,0.7721014618873596,0.8864166933020419,ACCEPTED,1.0,No,1.0,1.0,1.0
3924,0.8473045229911804,0.9903329859119372,ACCEPTED,1.0,No,1.0,1.0,1.0
3925,0.29258599877357483,1.238997042739252e-32,OFFLOADED,1.0,No,1.0,1.0,1.0
3926,0.2520037293434143,2.8697679273503904e-62,OFFLOADED,1.0,No,1.0,1.0,1.0
3927,0.5758546590805054,0.003820978726663253,OFFLOADED,0.0,Yes,0.0,0.0,0.0
3928,0.4573360085487366,1.5964331757570988e-07,OFFLOADED,1.0,No,1.0,1.0,0.0
3929,0.2586751878261566,1.985718476914149e-54,OFFLOADED,1.0,No,1.0,1.0,1.0
3930,0.8035064339637756,0.9443066129888941,ACCEPTED,0.0,Yes,0.0,0.0,0.0
3931,0.2803482711315155,1.3686881213479017e-38,OFFLOADED,1.0,No,0.0,1.0,1.0
3932,0.38324496150016785,1.9486335947109587e-13,OFFLOADED,1.0,No,1.0,1.0,1.0
3933,0.27042075991630554,1.4220211818513493e-44,OFFLOADED,1.0,No,0.0,1.0,1.0
3934,0.49075260758399963,8.594330581608718e-06,OFFLOADED,0.0,Yes,0.0,0.0,0.0
3935,0.31339725852012634,4.430881331617827e-25,OFFLOADED,1.0,No,1.0,1.0,1.0
3936,0.34942638874053955,7.060149062668462e-18,OFFLOADED,1.0,No,1.0,1.0,0.0
3937,0.885409414768219,0.9995875186648538,ACCEPTED,1.0,No,1.0,1.0,1.0
3938,0.25602421164512634,1.0919744753036324e-57,OFFLOADED,1.0,No,1.0,0.0,0.0
3939,0.9180052280426025,0.9999734186073492,ACCEPTED,1.0,No,1.0,1.0,0.0
3940,0.28377100825309753,9.420560163606196e-37,OFFLOADED,1.0,No,1.0,1.0,1.0
3941,0.670222282409668,0.2535642728193604,OFFLOADED,0.0,Yes,0.0,0.0,0.0
3942,0.2732120156288147,8.942048704592844e-43,OFFLOADED,1.0,No,0.0,1.0,1.0
3943,0.26829588413238525,3.3263694324607515e-46,OFFLOADED,1.0,No,1.0,1.0,1.0
3944,0.9063331484794617,0.9999377776836725,ACCEPTED,1.0,No,1.0,1.0,1.0
3945,0.2505074143409729,5.972976663324147e-63,OFFLOADED,1.0,No,0.0,1.0,1.0
3946,0.2580447196960449,3.0414435102280764e-55,OFFLOADED,1.0,No,1.0,1.0,1.0
3947,0.8646879196166992,0.9975936103713704,ACCEPTED,1.0,No,1.0,1.0,1.0
3948,0.4031582176685333,2.4154904977456368e-11,OFFLOADED,1.0,No,1.0,1.0,1.0
3949,0.5784373879432678,0.005112726532028487,OFFLOADED,1.0,No,0.0,1.0,1.0
3950,0.2675907015800476,8.387396013824967e-47,OFFLOADED,1.0,No,1.0,1.0,1.0
3951,0.25063374638557434,4.4906364487811673e-63,OFFLOADED,1.0,No,1.0,1.0,1.0
3952,0.26277944445610046,3.3362038684344084e-50,OFFLOADED,1.0,No,1.0,1.0,1.0
3953,0.7440987825393677,0.798912328006539,ACCEPTED,1.0,No,1.0,1.0,1.0
3954,0.29036417603492737,1.163148049388753e-33,OFFLOADED,1.0,No,1.0,1.0,1.0
3955,0.25803807377815247,2.0851950949104324e-55,OFFLOADED,1.0,No,1.0,1.0,1.0
3956,0.0,0.0,OFFLOADED,0.0,Yes,0.0,0.0,0.0
3957,0.25275975465774536,1.0087108080561432e-61,OFFLOADED,1.0,No,1.0,1.0,1.0
3958,0.35019296407699585,8.635474689473445e-18,OFFLOADED,0.0,Yes,0.0,0.0,0.0
3959,0.29195839166641235,5.776441542087664e-33,OFFLOADED,1.0,No,1.0,0.0,0.0
3960,0.3538905084133148,3.6950813922172236e-17,OFFLOADED,1.0,No,1.0,1.0,1.0
3961,0.3279389441013336,2.830305088636051e-21,OFFLOADED,0.0,Yes,0.0,0.0,0.0
3962,0.4031715393066406,2.1303042246875626e-11,OFFLOADED,1.0,No,1.0,1.0,1.0
3963,0.5980547666549683,0.014767020019912256,OFFLOADED,0.0,Yes,0.0,0.0,0.0
3964,0.7301934957504272,0.7170461538233731,ACCEPTED,1.0,No,1.0,1.0,1.0
3965,0.3286324143409729,4.33501607897333e-21,OFFLOADED,1.0,No,1.0,1.0,1.0
3966,0.3373147249221802,2.3491986253977837e-19,OFFLOADED,1.0,No,1.0,1.0,1.0
3967,0.8638548851013184,0.9970403878804462,ACCEPTED,0.0,Yes,0.0,0.0,0.0
3968,0.3036533296108246,2.0641614368925842e-28,OFFLOADED,1.0,No,1.0,1.0,0.0
3969,0.5464714169502258,0.0005943682190957986,OFFLOADED,1.0,No,1.0,0.0,0.0
3970,0.26057133078575134,1.0887387409034147e-52,OFFLOADED,1.0,No,1.0,1.0,1.0
3971,0.25486868619918823,1.415086635505258e-59,OFFLOADED,1.0,No,1.0,1.0,1.0
3972,0.31183090806007385,1.0100080843625057e-25,OFFLOADED,1.0,No,1.0,0.0,0.0
3973,0.31797313690185547,5.205743135888957e-24,OFFLOADED,1.0,No,1.0,1.0,1.0
3974,0.27256402373313904,1.6787544532488552e-43,OFFLOADED,1.0,No,0.0,1.0,1.0
3975,0.2868000566959381,1.4840146079177054e-35,OFFLOADED,1.0,No,1.0,1.0,1.0
3976,0.7382707595825195,0.7528532215044337,OFFLOADED,0.0,Yes,0.0,0.0,0.0
3977,0.255337655544281,4.459122745855592e-59,OFFLOADED,1.0,No,1.0,1.0,1.0
3978,0.3760494887828827,1.7728898058489562e-14,OFFLOADED,0.0,Yes,0.0,0.0,0.0
3979,0.541705310344696,0.00039266133269905883,OFFLOADED,1.0,No,0.0,1.0,1.0
3980,0.4979185461997986,1.5788552407099798e-05,OFFLOADED,0.0,Yes,0.0,0.0,0.0
3981,0.9315739274024963,0.9999865808125701,ACCEPTED,0.0,Yes,0.0,0.0,0.0
3982,0.37315812706947327,8.37529461701273e-15,OFFLOADED,1.0,No,1.0,1.0,1.0
3983,0.9318121075630188,0.9999874724754055,ACCEPTED,0.0,Yes,0.0,0.0,0.0
3984,0.25248983502388,1.9804384023121497e-62,OFFLOADED,1.0,No,1.0,1.0,1.0
3985,0.7158370018005371,0.6066621033980083,ACCEPTED,0.0,Yes,0.0,0.0,0.0
3986,0.0,0.0,OFFLOADED,0.0,Yes,0.0,0.0,0.0
3987,0.3087325990200043,9.826793999048263e-27,OFFLOADED,0.0,Yes,0.0,0.0,0.0
3988,0.902440071105957,0.9999073611800702,ACCEPTED,0.0,Yes,0.0,0.0,0.0
3989,0.26567021012306213,2.6940517919313205e-48,OFFLOADED,1.0,No,1.0,1.0,1.0
3990,0.3944636285305023,2.970565531564938e-12,OFFLOADED,1.0,No,1.0,1.0,1.0
3991,0.30550262331962585,8.32818476863165e-28,OFFLOADED,1.0,No,1.0,1.0,1.0
3992,0.2547907531261444,7.344853290537014e-60,OFFLOADED,1.0,No,0.0,1.0,1.0
3993,0.5097478628158569,3.8303016427630526e-05,OFFLOADED,1.0,No,1.0,1.0,1.0
3994,0.28837907314300537,8.666240089170062e-35,OFFLOADED,1.0,No,1.0,1.0,1.0
3995,0.280134916305542,4.178999125668922e-39,OFFLOADED,1.0,No,0.0,1.0,1.0
3996,0.5702177286148071,0.0025082873480082317,OFFLOADED,1.0,No,1.0,1.0,1.0
3997,0.40000054240226746,9.114397767964145e-12,OFFLOADED,1.0,No,1.0,1.0,1.0
3998,0.25736528635025024,1.2693151183373724e-56,OFFLOADED,1.0,No,1.0,1.0,1.0
3999,0.6212220191955566,0.05162459320075093,OFFLOADED,1.0,No,0.0,1.0,0.0
4000,0.7149143218994141,0.6110486226409484,OFFLOADED,0.0,Yes,0.0,0.0,0.0
4001,0.30827200412750244,5.559411505237961e-27,OFFLOADED,1.0,No,1.0,1.0,1.0
4002,0.416814386844635,3.2850714084130887e-10,OFFLOADED,1.0,No,1.0,1.0,1.0
4003,0.25666648149490356,1.4289563997905433e-57,OFFLOADED,1.0,No,1.0,1.0,1.0
4004,0.346530020236969,1.769713408048779e-18,OFFLOADED,0.0,Yes,0.0,0.0,0.0
4005,0.2679235637187958,5.307470347871253e-47,OFFLOADED,1.0,No,0.0,1.0,1.0
4006,0.45976683497428894,1.7699443758330334e-07,OFFLOADED,1.0,No,1.0,1.0,1.0
4007,0.3142795264720917,4.047934978199726e-25,OFFLOADED,1.0,No,1.0,0.0,0.0
4008,0.7966318726539612,0.9339874471879478,ACCEPTED,1.0,No,1.0,1.0,1.0
4009,0.2624781131744385,4.8959327168266065e-51,OFFLOADED,1.0,No,1.0,1.0,1.0
4010,0.5082302093505859,3.024424779221845e-05,OFFLOADED,1.0,No,1.0,1.0,1.0
4011,0.30695703625679016,1.5517965733446634e-27,OFFLOADED,1.0,No,1.0,1.0,1.0
4012,0.2776392996311188,7.908974818770281e-41,OFFLOADED,1.0,No,1.0,1.0,1.0
4013,0.2794828712940216,1.1765098065933856e-39,OFFLOADED,1.0,No,1.0,1.0,1.0
4014,0.2605535387992859,2.964248886625533e-53,OFFLOADED,1.0,No,1.0,1.0,1.0
4015,0.8756024837493896,0.9990601778869614,ACCEPTED,0.0,Yes,0.0,0.0,0.0
4016,0.25064617395401,5.032729383062734e-64,OFFLOADED,1.0,No,1.0,0.0,1.0
4017,0.8064929246902466,0.9507800202358715,ACCEPTED,1.0,No,1.0,1.0,1.0
4018,0.2572280168533325,4.230799667827595e-57,OFFLOADED,1.0,No,0.0,1.0,1.0
4019,0.9179971814155579,0.9999728694355197,ACCEPTED,1.0,No,1.0,1.0,1.0
4020,0.4136020839214325,1.4316087809003256e-10,OFFLOADED,1.0,No,1.0,1.0,0.0
4021,0.4437403678894043,2.600502698717951e-08,OFFLOADED,1.0,No,0.0,1.0,1.0
4022,0.4560679793357849,1.061843095654081e-07,OFFLOADED,1.0,No,1.0,1.0,1.0
4023,0.4583611786365509,1.269033276580713e-07,OFFLOADED,0.0,Yes,0.0,0.0,0.0
4024,0.2603004276752472,1.0437911587657973e-53,OFFLOADED,1.0,No,1.0,1.0,1.0
4025,0.35692059993743896,4.8875318092870586e-17,OFFLOADED,1.0,No,1.0,1.0,1.0
4026,0.2523704767227173,2.9321128586164693e-63,OFFLOADED,1.0,No,1.0,1.0,1.0
4027,0.25948867201805115,1.1137432425741889e-54,OFFLOADED,1.0,No,0.0,1.0,1.0
4028,0.3810011148452759,5.251297525071221e-14,OFFLOADED,1.0,No,1.0,1.0,1.0
4029,0.2541939318180084,3.8480162402954156e-61,OFFLOADED,1.0,No,1.0,1.0,1.0
4030,0.5491917133331299,0.000605328975137757,OFFLOADED,1.0,No,0.0,1.0,0.0
4031,0.4256995916366577,1.3905982059207963e-09,OFFLOADED,1.0,No,1.0,1.0,1.0
4032,0.29624640941619873,6.233976208623791e-32,OFFLOADED,1.0,No,1.0,1.0,1.0
4033,0.3121512532234192,5.27539797659589e-26,OFFLOADED,1.0,No,1.0,1.0,1.0
4034,0.34084200859069824,3.112510597704398e-19,OFFLOADED,1.0,No,1.0,1.0,1.0
4035,0.26978781819343567,6.0243363298079644e-46,OFFLOADED,0.0,Yes,0.0,0.0,0.0
4036,0.3475780785083771,1.5215856880092654e-18,OFFLOADED,1.0,No,1.0,1.0,1.0
4037,0.32485008239746094,1.642818665853283e-22,OFFLOADED,1.0,No,1.0,1.0,1.0
4038,0.40984463691711426,5.3025527056996175e-11,OFFLOADED,1.0,No,1.0,1.0,0.0
4039,0.9387524127960205,0.9999915750836142,ACCEPTED,0.0,Yes,0.0,0.0,0.0
4040,0.5303903222084045,0.00011057146993154685,OFFLOADED,1.0,No,1.0,1.0,1.0
4041,0.6644041538238525,0.2357575876288459,OFFLOADED,1.0,No,1.0,0.0,1.0
4042,0.8487524390220642,0.9906062529233599,ACCEPTED,1.0,No,1.0,1.0,1.0
4043,0.3306495249271393,4.493234260459448e-21,OFFLOADED,1.0,No,1.0,0.0,0.0
4044,0.475930392742157,1.054193916919145e-06,OFFLOADED,1.0,No,1.0,1.0,1.0
4045,0.28365713357925415,9.710793741593314e-38,OFFLOADED,1.0,No,1.0,1.0,1.0
4046,0.7044810056686401,0.5263762672120986,ACCEPTED,1.0,No,1.0,1.0,1.0
4047,0.2524503469467163,1.469464949182298e-63,OFFLOADED,1.0,No,1.0,1.0,1.0
4048,0.7642102837562561,0.8567784417312512,ACCEPTED,1.0,No,1.0,1.0,1.0
4049,0.2918761968612671,7.959186234783312e-34,OFFLOADED,1.0,No,1.0,1.0,1.0
4050,0.8738400936126709,0.9987370524048166,ACCEPTED,1.0,No,1.0,1.0,1.0
4051,0.3512353003025055,4.355173157738388e-18,OFFLOADED,1.0,No,1.0,0.0,0.0
4052,0.7918325662612915,0.9080045590904242,ACCEPTED,1.0,No,1.0,1.0,1.0
4053,0.26854854822158813,3.784736254898568e-47,OFFLOADED,1.0,No,1.0,1.0,1.0
4054,0.40618789196014404,1.636160775207525e-11,OFFLOADED,1.0,No,1.0,1.0,1.0
4055,0.25034409761428833,9.961138531946782e-65,OFFLOADED,1.0,No,1.0,1.0,1.0
4056,0.32411083579063416,5.96630800944898e-23,OFFLOADED,1.0,No,1.0,0.0,0.0
4057,0.8036577105522156,0.934565631098547,ACCEPTED,1.0,No,1.0,1.0,1.0
4058,0.27588051557540894,1.808916148243099e-42,OFFLOADED,1.0,No,1.0,1.0,1.0
4059,0.7379897236824036,0.7480686152403402,OFFLOADED,1.0,No,1.0,1.0,1.0
4060,0.3069167733192444,4.721566165499846e-28,OFFLOADED,1.0,No,1.0,1.0,1.0
4061,0.3906156122684479,4.4649530321002995e-13,OFFLOADED,1.0,No,1.0,1.0,1.0
4062,0.9091976284980774,0.9999306926651401,ACCEPTED,0.0,Yes,0.0,0.0,0.0
4063,0.26844334602355957,2.1688306748330908e-47,OFFLOADED,1.0,No,1.0,1.0,1.0
4064,0.7876631617546082,0.8854284664451189,ACCEPTED,1.0,No,1.0,1.0,1.0
4065,0.8929919004440308,0.9996583917540564,ACCEPTED,0.0,Yes,0.0,0.0,0.0
4066,0.7792550325393677,0.862214154303599,ACCEPTED,1.0,No,1.0,1.0,1.0
4067,0.3074502646923065,6.273510178264903e-28,OFFLOADED,1.0,No,1.0,1.0,1.0
4068,0.2762761414051056,2.3515119920645896e-42,OFFLOADED,1.0,No,0.0,1.0,1.0
4069,0.29910019040107727,3.092325873354613e-31,OFFLOADED,1.0,No,1.0,1.0,1.0
4070,0.2752009332180023,5.69041947704596e-43,OFFLOADED,1.0,No,1.0,1.0,1.0
4071,0.2506869435310364,5.454372136935654e-65,OFFLOADED,1.0,No,1.0,1.0,1.0
4072,0.3267522156238556,3.0459811965870693e-22,OFFLOADED,1.0,No,1.0,0.0,0.0
4073,0.3316422700881958,5.3878415712722396e-21,OFFLOADED,1.0,No,1.0,1.0,0.0
4074,0.7606644630432129,0.811612953365689,OFFLOADED,0.0,Yes,0.0,0.0,0.0
4075,0.7976794838905334,0.907029804070514,ACCEPTED,1.0,No,0.0,0.0,1.0
4076,0.8978314399719238,0.9997827250435929,ACCEPTED,1.0,No,1.0,1.0,1.0
4077,0.328393816947937,7.611055213178945e-22,OFFLOADED,1.0,No,1.0,1.0,0.0
4078,0.4325411915779114,3.3678932262882257e-09,OFFLOADED,1.0,No,1.0,1.0,1.0
4079,0.8803468942642212,0.998948649995425,ACCEPTED,1.0,No,1.0,1.0,1.0
4080,0.29285645484924316,1.007170444057843e-33,OFFLOADED,1.0,No,1.0,1.0,1.0
4081,0.2715325653553009,2.0392227941054924e-45,OFFLOADED,1.0,No,1.0,1.0,1.0
4082,0.8249444961547852,0.9588896507223182,ACCEPTED,1.0,No,1.0,1.0,1.0
4083,0.3158899247646332,2.5478837763479264e-25,OFFLOADED,1.0,No,1.0,1.0,1.0
4084,0.483167439699173,2.1581031408756877e-06,OFFLOADED,1.0,No,0.0,0.0,1.0
4085,0.5868427753448486,0.007238420374710907,OFFLOADED,1.0,No,1.0,1.0,0.0
4086,0.7738369703292847,0.8463705931997672,ACCEPTED,0.0,Yes,0.0,0.0,0.0
4087,0.2863703668117523,6.442552048967401e-37,OFFLOADED,1.0,No,1.0,1.0,0.0
4088,0.36251458525657654,1.3792372259848327e-16,OFFLOADED,1.0,No,1.0,0.0,0.0
4089,0.7681761384010315,0.8408246024730683,ACCEPTED,0.0,Yes,0.0,0.0,0.0
4090,0.8720105290412903,0.9979680649192976,ACCEPTED,1.0,No,1.0,1.0,1.0
4091,0.2641228139400482,7.324005812824279e-51,OFFLOADED,1.0,No,1.0,1.0,1.0
4092,0.7949770092964172,0.900764514118446,ACCEPTED,1.0,No,1.0,1.0,1.0
4093,0.5018195509910583,1.3727633174027294e-05,OFFLOADED,1.0,No,1.0,1.0,1.0
4094,0.6223861575126648,0.047473238156317654,OFFLOADED,1.0,No,1.0,1.0,1.0
4095,0.2644902169704437,1.2256995257779735e-50,OFFLOADED,1.0,No,1.0,1.0,1.0
4096,0.7740830779075623,0.8556859678062295,ACCEPTED,1.0,No,1.0,1.0,0.0
4097,0.2606649100780487,3.24236646208008e-54,OFFLOADED,1.0,No,1.0,1.0,1.0
4098,0.3158227801322937,1.7351327272164522e-25,OFFLOADED,1.0,No,0.0,1.0,1.0
4099,0.28286343812942505,9.741431624279501e-39,OFFLOADED,1.0,No,0.0,1.0,1.0
4100,0.25384312868118286,1.2881663327033248e-62,OFFLOADED,1.0,No,1.0,1.0,1.0
4101,0.860540509223938,0.9938297281480574,ACCEPTED,0.0,Yes,0.0,0.0,0.0
4102,0.4198228120803833,2.3351359159638834e-10,OFFLOADED,1.0,No,1.0,1.0,1.0
4103,0.2685156762599945,7.212571997784818e-48,OFFLOADED,1.0,No,1.0,1.0,1.0
4104,0.405082106590271,8.393404860735167e-12,OFFLOADED,1.0,No,0.0,1.0,0.0
4105,0.7799893021583557,0.8572857958124971,ACCEPTED,1.0,No,1.0,1.0,1.0
4106,0.5909382104873657,0.008214973561791197,OFFLOADED,1.0,No,1.0,1.0,0.0
4107,0.2560024559497833,4.227540958337489e-60,OFFLOADED,1.0,No,1.0,1.0,0.0
4108,0.27071648836135864,2.8669418644174117e-46,OFFLOADED,1.0,No,1.0,1.0,1.0
4109,0.3436248302459717,2.0529962235677078e-19,OFFLOADED,1.0,No,1.0,1.0,1.0
4110,0.7921462059020996,0.8766959370288605,ACCEPTED,0.0,Yes,0.0,0.0,0.0
4111,0.28686127066612244,7.507576239997195e-37,OFFLOADED,1.0,No,1.0,1.0,1.0
4112,0.9478502869606018,0.9999901240032942,ACCEPTED,0.0,Yes,0.0,0.0,0.0
4113,0.29869747161865234,8.251920373324904e-32,OFFLOADED,1.0,No,0.0,1.0,0.0
4114,0.584867000579834,0.0054857741805236886,OFFLOADED,0.0,Yes,0.0,0.0,0.0
4115,0.35750991106033325,1.9358709970691786e-17,OFFLOADED,1.0,No,0.0,0.0,1.0
4116,0.2614592909812927,1.7865722786666697e-53,OFFLOADED,1.0,No,1.0,1.0,1.0
4117,0.3564668595790863,1.2929698880486998e-17,OFFLOADED,1.0,No,1.0,1.0,1.0
4118,0.5708099007606506,0.001869628236423817,OFFLOADED,0.0,Yes,0.0,0.0,0.0
4119,0.26089179515838623,3.717537890974892e-54,OFFLOADED,1.0,No,1.0,1.0,0.0
4120,0.8654516935348511,0.9961152324665957,ACCEPTED,0.0,Yes,0.0,0.0,0.0
4121,0.9160972237586975,0.9999503109984902,ACCEPTED,0.0,Yes,0.0,0.0,0.0
4122,0.5434831380844116,0.00030695044208064147,OFFLOADED,0.0,Yes,0.0,0.0,0.0
4123,0.3157689869403839,1.3291701530821972e-25,OFFLOADED,1.0,No,1.0,0.0,1.0
4124,0.30219098925590515,3.170842627728852e-30,OFFLOADED,1.0,No,1.0,0.0,0.0
4125,0.8771659135818481,0.9985965481293967,ACCEPTED,0.0,Yes,0.0,0.0,0.0
4126,0.8112781643867493,0.9339105628590687,ACCEPTED,0.0,Yes,0.0,0.0,0.0
4127,0.2666625678539276,1.878392978215973e-49,OFFLOADED,1.0,No,1.0,0.0,0.0
4128,0.2624283730983734,1.1557786709602927e-52,OFFLOADED,1.0,No,1.0,1.0,0.0
4129,0.45071080327033997,3.799580843730104e-08,OFFLOADED,1.0,No,1.0,1.0,1.0
4130,0.25819262862205505,1.511542678959527e-57,OFFLOADED,1.0,No,1.0,1.0,1.0
4131,0.25209271907806396,2.854556679157257e-65,OFFLOADED,1.0,No,0.0,1.0,1.0
4132,0.8382825255393982,0.9748850655784175,ACCEPTED,1.0,No,1.0,1.0,1.0
4133,0.0,0.0,OFFLOADED,0.0,Yes,0.0,0.0,0.0
4134,0.33885449171066284,5.4143459765561464e-20,OFFLOADED,1.0,No,1.0,1.0,1.0
4135,0.2711113393306732,3.556091481395297e-46,OFFLOADED,1.0,No,1.0,1.0,1.0
4136,0.5151906609535217,3.1592551843231374e-05,OFFLOADED,1.0,No,1.0,1.0,1.0
4137,0.7147595286369324,0.5762862959665627,ACCEPTED,0.0,Yes,0.0,0.0,0.0
4138,0.8837636709213257,0.9992341089902258,ACCEPTED,1.0,No,1.0,1.0,1.0
4139,0.5638169050216675,0.0012334672347932985,OFFLOADED,1.0,No,1.0,1.0,1.0
4140,0.3709941804409027,9.269072974398592e-16,OFFLOADED,1.0,No,1.0,1.0,1.0
4141,0.2522130310535431,2.8897249919163103e-65,OFFLOADED,1.0,No,1.0,1.0,1.0
4142,0.49956265091896057,1.0634741695886197e-05,OFFLOADED,0.0,Yes,0.0,0.0,0.0
4143,0.5008513927459717,1.2313663849072251e-05,OFFLOADED,0.0,Yes,0.0,0.0,0.0
4144,0.8850525617599487,0.9992669936934166,ACCEPTED,1.0,No,1.0,1.0,1.0
4145,0.2728147804737091,4.8053017740109783e-45,OFFLOADED,1.0,No,1.0,1.0,1.0
4146,0.2720293700695038,1.3115391841471466e-45,OFFLOADED,1.0,No,1.0,1.0,1.0
4147,0.2996445894241333,1.7591493003432364e-31,OFFLOADED,1.0,No,1.0,1.0,0.0
4148,0.8025610446929932,0.9197393996179201,ACCEPTED,1.0,No,1.0,1.0,1.0
4149,0.569683313369751,0.0017809542286344562,OFFLOADED,0.0,Yes,0.0,0.0,0.0
4150,0.2812724709510803,5.5481582138574554e-40,OFFLOADED,1.0,No,1.0,1.0,1.0
4151,0.3069223165512085,1.4951606370301755e-28,OFFLOADED,1.0,No,1.0,1.0,1.0
4152,0.2807926833629608,2.928875572180452e-40,OFFLOADED,1.0,No,1.0,1.0,1.0
4153,0.2742787003517151,3.485873581445783e-44,OFFLOADED,1.0,No,1.0,1.0,1.0
4154,0.2531127333641052,4.69111782092482e-64,OFFLOADED,1.0,No,1.0,1.0,1.0
4155,0.27685678005218506,1.073073559511646e-42,OFFLOADED,1.0,No,1.0,1.0,0.0
4156,0.5522152781486511,0.0006054458371260163,OFFLOADED,1.0,No,1.0,1.0,1.0
4157,0.9081606268882751,0.9999111303864417,ACCEPTED,0.0,Yes,0.0,0.0,0.0
4158,0.5524103045463562,0.0005785350701354614,OFFLOADED,1.0,No,1.0,1.0,1.0
4159,0.25004300475120544,2.810901983587209e-66,OFFLOADED,1.0,No,1.0,1.0,1.0
4160,0.3642760217189789,1.519455774088011e-16,OFFLOADED,1.0,No,1.0,1.0,1.0
4161,0.29215145111083984,1.4809889137306072e-34,OFFLOADED,1.0,No,1.0,1.0,1.0
4162,0.41212329268455505,4.511855311280904e-11,OFFLOADED,1.0,No,1.0,1.0,0.0
4163,0.26222535967826843,2.7855213825410663e-53,OFFLOADED,1.0,No,1.0,1.0,1.0
4164,0.2969701588153839,8.545220862772388e-33,OFFLOADED,1.0,No,1.0,1.0,1.0
4165,0.3464530408382416,3.08130496273678e-19,OFFLOADED,1.0,No,1.0,1.0,1.0
4166,0.45585331320762634,6.457421041747853e-08,OFFLOADED,1.0,No,0.0,1.0,1.0
4167,0.3116908073425293,4.470851148211791e-27,OFFLOADED,1.0,No,1.0,1.0,1.0
4168,0.2514041066169739,2.0321464576451445e-66,OFFLOADED,1.0,No,1.0,1.0,1.0
4169,0.5168556571006775,3.09501213186875e-05,OFFLOADED,1.0,No,0.0,1.0,0.0
4170,0.47871363162994385,1.0677559091917338e-06,OFFLOADED,1.0,No,0.0,0.0,1.0
4171,0.8234841823577881,0.9543302574302501,ACCEPTED,1.0,No,1.0,1.0,1.0
4172,0.5202816724777222,3.641108876953104e-05,OFFLOADED,1.0,No,1.0,1.0,0.0
4173,0.2578422427177429,1.5225573936533307e-58,OFFLOADED,1.0,No,0.0,0.0,1.0
4174,0.306874543428421,7.578130383376113e-29,OFFLOADED,0.0,Yes,0.0,0.0,0.0
4175,0.33206167817115784,2.0115495408474653e-21,OFFLOADED,1.0,No,1.0,1.0,1.0
4176,0.273893803358078,9.716223897208497e-45,OFFLOADED,1.0,No,1.0,1.0,1.0
4177,0.27682626247406006,4.773693429983201e-43,OFFLOADED,1.0,No,1.0,1.0,1.0
4178,0.7698407173156738,0.8394378167730873,ACCEPTED,1.0,No,1.0,1.0,1.0
4179,0.7845948934555054,0.8580471157869336,ACCEPTED,0.0,Yes,0.0,0.0,0.0
4180,0.6722118258476257,0.2541537950102255,OFFLOADED,1.0,No,1.0,1.0,1.0
4181,0.5135343074798584,2.2070418505239937e-05,OFFLOADED,1.0,No,1.0,1.0,1.0
4182,0.4395446181297302,5.419032053576456e-09,OFFLOADED,1.0,No,1.0,1.0,1.0
4183,0.9081076383590698,0.9999097135533906,ACCEPTED,1.0,No,1.0,1.0,1.0
4184,0.2615904211997986,3.492349042021172e-54,OFFLOADED,1.0,No,1.0,0.0,0.0
4185,0.3374592363834381,1.613207162796983e-20,OFFLOADED,1.0,No,1.0,1.0,1.0
4186,0.9599136710166931,0.9999937064585112,ACCEPTED,1.0,No,1.0,1.0,1.0
4187,0.850830614566803,0.9865487191605247,ACCEPTED,1.0,No,1.0,1.0,1.0
4188,0.7450346946716309,0.7586908571157257,ACCEPTED,1.0,No,1.0,1.0,1.0
4189,0.3257910907268524,3.392770461089844e-23,OFFLOADED,1.0,No,1.0,0.0,0.0
4190,0.8507844805717468,0.9850601562048037,ACCEPTED,0.0,Yes,0.0,0.0,0.0
4191,0.2607617974281311,2.9655177863635615e-55,OFFLOADED,1.0,No,1.0,1.0,1.0
4192,0.424399733543396,4.031526092975917e-10,OFFLOADED,1.0,No,1.0,1.0,1.0
4193,0.8821130990982056,0.998849924127402,ACCEPTED,0.0,Yes,0.0,0.0,0.0
4194,0.2572880685329437,1.526168778602424e-59,OFFLOADED,1.0,No,1.0,1.0,1.0
4195,0.2900407016277313,7.21124300368992e-36,OFFLOADED,1.0,No,1.0,1.0,1.0
4196,0.45352932810783386,3.536271557477294e-08,OFFLOADED,1.0,No,1.0,1.0,1.0
4197,0.2976323366165161,6.782303222422094e-33,OFFLOADED,1.0,No,0.0,1.0,0.0
4198,0.5236116647720337,4.140322353502591e-05,OFFLOADED,1.0,No,1.0,1.0,1.0
4199,0.2519080936908722,1.5131497894427218e-66,OFFLOADED,1.0,No,1.0,1.0,1.0
4200,0.7908605933189392,0.8721847604371891,ACCEPTED,0.0,Yes,0.0,0.0,0.0
4201,0.4531196653842926,3.0104626887970206e-08,OFFLOADED,1.0,No,0.0,1.0,1.0
4202,0.2926918566226959,8.571615152679929e-35,OFFLOADED,1.0,No,0.0,0.0,1.0
4203,0.38818734884262085,8.289962605210156e-14,OFFLOADED,1.0,No,1.0,1.0,1.0
4204,0.29057782888412476,8.908431065604032e-36,OFFLOADED,1.0,No,0.0,1.0,1.0
4205,0.7982402443885803,0.8997446042576691,ACCEPTED,1.0,No,1.0,1.0,1.0
4206,0.3281378448009491,1.0796762450123293e-22,OFFLOADED,0.0,Yes,0.0,0.0,0.0
4207,0.4117577075958252,2.0677513309243526e-11,OFFLOADED,1.0,No,1.0,1.0,1.0
4208,0.9375483393669128,0.999985795025829,ACCEPTED,0.0,Yes,0.0,0.0,0.0
4209,0.30147820711135864,3.899258277290894e-31,OFFLOADED,1.0,No,0.0,1.0,1.0
4210,0.28521713614463806,1.6321891122828743e-38,OFFLOADED,1.0,No,1.0,1.0,1.0
4211,0.9085489511489868,0.9999100751440265,ACCEPTED,1.0,No,1.0,1.0,1.0
4212,0.25295159220695496,3.348475443055097e-65,OFFLOADED,1.0,No,1.0,1.0,1.0
4213,0.783966064453125,0.8565398788121872,OFFLOADED,1.0,No,1.0,1.0,1.0
4214,0.3406262993812561,3.046311259474352e-20,OFFLOADED,1.0,No,1.0,1.0,1.0
4215,0.49706748127937317,6.718893534197414e-06,OFFLOADED,1.0,No,1.0,0.0,0.0
4216,0.338669091463089,1.441428641783334e-20,OFFLOADED,1.0,No,1.0,0.0,0.0
4217,0.5246396660804749,4.209924406870669e-05,OFFLOADED,1.0,No,1.0,1.0,1.0
4218,0.3247939944267273,9.384187442597241e-24,OFFLOADED,1.0,No,1.0,1.0,1.0
4219,0.29073554277420044,6.937401503739618e-36,OFFLOADED,1.0,No,1.0,1.0,1.0
4220,0.4359113276004791,2.115697150383013e-09,OFFLOADED,1.0,No,0.0,1.0,1.0
4221,0.8318672776222229,0.9601868956530758,ACCEPTED,0.0,Yes,0.0,0.0,0.0
4222,0.5651362538337708,0.0011907306787007697,OFFLOADED,0.0,Yes,0.0,0.0,0.0
4223,0.267990380525589,1.1021239921071637e-49,OFFLOADED,1.0,No,1.0,1.0,1.0
4224,0.7813921570777893,0.8457425119246019,ACCEPTED,0.0,Yes,0.0,0.0,0.0
4225,0.2641313374042511,1.785053212519214e-52,OFFLOADED,1.0,No,1.0,1.0,1.0
4226,0.9218050837516785,0.9999632823504438,ACCEPTED,0.0,Yes,0.0,0.0,0.0
4227,0.8370517492294312,0.9698409196350062,ACCEPTED,0.0,Yes,0.0,0.0,0.0
4228,0.7577552795410156,0.7993880169918306,ACCEPTED,1.0,No,1.0,1.0,1.0
4229,0.3916628062725067,1.464832655685109e-13,OFFLOADED,0.0,Yes,0.0,0.0,0.0
4230,0.3058261275291443,1.491256176721784e-29,OFFLOADED,1.0,No,1.0,0.0,0.0
4231,0.2566109299659729,6.704078643406991e-61,OFFLOADED,1.0,No,0.0,1.0,1.0
4232,0.29184821248054504,2.1974525902006487e-35,OFFLOADED,1.0,No,1.0,0.0,0.0
4233,0.31622976064682007,3.8916603322059863e-26,OFFLOADED,1.0,No,1.0,1.0,1.0
4234,0.49362245202064514,4.770129658081e-06,OFFLOADED,1.0,No,1.0,1.0,1.0
4235,0.25727182626724243,3.949580641277825e-60,OFFLOADED,1.0,No,1.0,1.0,1.0
4236,0.28878912329673767,6.614079973902759e-37,OFFLOADED,1.0,No,1.0,1.0,1.0
4237,0.2670350670814514,1.5579207480427298e-50,OFFLOADED,1.0,No,1.0,0.0,0.0
4238,0.29814413189888,6.125228863203444e-33,OFFLOADED,1.0,No,0.0,1.0,1.0
4239,0.0,0.0,OFFLOADED,0.0,Yes,0.0,0.0,0.0
4240,0.3407757580280304,2.6060467348676897e-20,OFFLOADED,1.0,No,1.0,1.0,1.0
4241,0.7051140666007996,0.4842912639140327,ACCEPTED,1.0,No,1.0,1.0,1.0
4242,0.35280707478523254,1.2425179948673746e-18,OFFLOADED,1.0,No,1.0,1.0,1.0
4243,0.3003215789794922,6.426389940328924e-32,OFFLOADED,1.0,No,1.0,1.0,1.0
4244,0.41922488808631897,8.21057654403997e-11,OFFLOADED,0.0,Yes,0.0,0.0,0.0
4245,0.3011537194252014,1.5912914505310562e-31,OFFLOADED,1.0,No,1.0,1.0,0.0
4246,0.32245126366615295,1.6444392101776773e-24,OFFLOADED,1.0,No,1.0,0.0,0.0
4247,0.3076130449771881,4.4712133882641166e-29,OFFLOADED,1.0,No,1.0,1.0,1.0
4248,0.2697739005088806,1.756202772579811e-48,OFFLOADED,1.0,No,1.0,1.0,1.0
4249,0.252070814371109,3.892977305506116e-67,OFFLOADED,1.0,No,1.0,1.0,1.0
4250,0.2535434663295746,4.38486822340849e-65,OFFLOADED,1.0,No,1.0,1.0,1.0
4251,0.30531150102615356,6.7635077265804e-30,OFFLOADED,1.0,No,1.0,1.0,0.0
4252,0.29327917098999023,5.669907976806093e-35,OFFLOADED,1.0,No,1.0,1.0,1.0
4253,0.9396465420722961,0.9999881087738458,ACCEPTED,0.0,Yes,0.0,0.0,0.0
4254,0.8298201560974121,0.9604697958035867,ACCEPTED,1.0,No,1.0,1.0,1.0
4255,0.31112396717071533,7.268146881494159e-28,OFFLOADED,1.0,No,1.0,1.0,0.0
4256,0.8628454804420471,0.994749654094979,ACCEPTED,0.0,Yes,0.0,0.0,0.0
4257,0.8246129751205444,0.9491908543263752,ACCEPTED,1.0,No,1.0,1.0,1.0
4258,0.2659200429916382,1.4677453091116346e-51,OFFLOADED,1.0,No,1.0,1.0,1.0
4259,0.3270288109779358,3.7154280103893454e-23,OFFLOADED,1.0,No,1.0,1.0,1.0
4260,0.25455284118652344,3.880404961320407e-64,OFFLOADED,1.0,No,1.0,1.0,1.0
4261,0.27777403593063354,2.160849845647218e-43,OFFLOADED,1.0,No,1.0,1.0,1.0
4262,0.2932005822658539,4.3684033817263774e-35,OFFLOADED,1.0,No,1.0,1.0,1.0
4263,0.2572801113128662,1.4544771553205404e-60,OFFLOADED,1.0,No,0.0,1.0,1.0
4264,0.3528439402580261,1.2542289133454834e-18,OFFLOADED,1.0,No,1.0,1.0,1.0
4265,0.6370965242385864,0.09038446181193448,OFFLOADED,1.0,No,1.0,1.0,1.0
4266,0.6153655648231506,0.02667468877756978,OFFLOADED,1.0,No,1.0,1.0,1.0
4267,0.8978278040885925,0.9997151398608277,ACCEPTED,0.0,Yes,0.0,0.0,0.0
4268,0.25541988015174866,3.758814736960921e-63,OFFLOADED,0.0,Yes,0.0,0.0,0.0
4269,0.25814199447631836,1.6442640074683376e-59,OFFLOADED,1.0,No,1.0,1.0,0.0
4270,0.5116304159164429,1.4593609108150718e-05,OFFLOADED,1.0,No,1.0,1.0,0.0
4271,0.33356040716171265,1.1756005607486197e-21,OFFLOADED,1.0,No,1.0,1.0,1.0
4272,0.6024091839790344,0.013169348084836994,OFFLOADED,1.0,No,1.0,0.0,0.0
4273,0.25139570236206055,3.887940442918482e-68,OFFLOADED,1.0,No,0.0,1.0,1.0
4274,0.3518725335597992,6.491666866345832e-19,OFFLOADED,1.0,No,1.0,0.0,0.0
4275,0.28948915004730225,4.635261478018254e-37,OFFLOADED,1.0,No,1.0,0.0,0.0
4276,0.6668885946273804,0.19684737721572712,OFFLOADED,1.0,No,1.0,1.0,1.0
4277,0.5645383596420288,0.0009361006637887786,OFFLOADED,1.0,No,1.0,1.0,1.0
4278,0.37190166115760803,3.412255171342919e-16,OFFLOADED,1.0,No,1.0,1.0,0.0
4279,0.2520550787448883,1.027257613796207e-67,OFFLOADED,1.0,No,1.0,1.0,1.0
4280,0.29235750436782837,8.97134370887496e-36,OFFLOADED,1.0,No,1.0,1.0,1.0
4281,0.8977727293968201,0.999726693387318,ACCEPTED,1.0,No,1.0,1.0,1.0
4282,0.4455045759677887,6.249118300240861e-09,OFFLOADED,1.0,No,1.0,1.0,1.0
4283,0.7747224569320679,0.824391973854768,ACCEPTED,1.0,No,1.0,1.0,0.0
4284,0.25953811407089233,2.938004536617527e-58,OFFLOADED,1.0,No,1.0,1.0,0.0
4285,0.25933101773262024,1.6155041519186483e-58,OFFLOADED,1.0,No,1.0,1.0,1.0
4286,0.27862516045570374,3.5120187628958558e-43,OFFLOADED,1.0,No,1.0,1.0,1.0
4287,0.25727877020835876,5.105526110448103e-61,OFFLOADED,1.0,No,1.0,1.0,1.0
4288,0.2599574625492096,7.378183461657077e-58,OFFLOADED,1.0,No,1.0,1.0,1.0
4289,0.4289163053035736,4.206143305001738e-10,OFFLOADED,1.0,No,0.0,1.0,1.0
4290,0.2880244553089142,6.050426952945313e-38,OFFLOADED,1.0,No,1.0,1.0,1.0
4291,0.2765473425388336,1.196744067712283e-44,OFFLOADED,1.0,No,0.0,1.0,1.0
4292,0.28789183497428894,4.917252041392203e-38,OFFLOADED,1.0,No,1.0,1.0,1.0
4293,0.3459051549434662,5.0065678919762503e-20,OFFLOADED,1.0,No,1.0,1.0,0.0
4294,0.27275949716567993,4.578168827322855e-47,OFFLOADED,1.0,No,1.0,1.0,1.0
4295,0.28161412477493286,1.4877184311567362e-41,OFFLOADED,1.0,No,1.0,1.0,1.0
4296,0.2516719698905945,1.701122296452354e-68,OFFLOADED,1.0,No,1.0,1.0,1.0
4297,0.5161723494529724,1.4941700611252193e-05,OFFLOADED,1.0,No,1.0,1.0,1.0
4298,0.47742486000061035,3.8530099557981396e-07,OFFLOADED,1.0,No,0.0,1.0,0.0
4299,0.2727299928665161,3.435570344630335e-47,OFFLOADED,1.0,No,1.0,1.0,1.0
4300,0.38128700852394104,4.8332083440110735e-15,OFFLOADED,1.0,No,1.0,1.0,1.0
4301,0.33117732405662537,1.8739819207284768e-22,OFFLOADED,1.0,No,1.0,0.0,0.0
4302,0.2772558927536011,2.388093292328139e-44,OFFLOADED,1.0,No,1.0,0.0,0.0
4303,0.6837335824966431,0.2893330833315663,OFFLOADED,0.0,Yes,0.0,0.0,0.0
4304,0.27411317825317383,2.8163899544124034e-46,OFFLOADED,1.0,No,0.0,1.0,1.0
4305,0.4687299132347107,1.3419257282506718e-07,OFFLOADED,1.0,No,1.0,1.0,1.0
4306,0.29698824882507324,3.907225257875674e-34,OFFLOADED,1.0,No,1.0,1.0,1.0
4307,0.8819589614868164,0.9988251032768388,ACCEPTED,0.0,Yes,0.0,0.0,0.0
4308,0.9543538093566895,0.9999929157301517,ACCEPTED,0.0,Yes,0.0,0.0,0.0
4309,0.27795878052711487,6.335920134862319e-44,OFFLOADED,1.0,No,1.0,1.0,1.0
4310,0.7766359448432922,0.8223630763632962,ACCEPTED,1.0,No,1.0,0.0,0.0
4311,0.3879389464855194,3.380782793457203e-14,OFFLOADED,1.0,No,1.0,0.0,0.0
4312,0.38836410641670227,3.559566080897209e-14,OFFLOADED,1.0,No,1.0,1.0,1.0
4313,0.26725631952285767,1.4728769771625432e-51,OFFLOADED,1.0,No,1.0,1.0,1.0
4314,0.28111323714256287,4.964596236208673e-42,OFFLOADED,1.0,No,0.0,0.0,1.0
4315,0.6438729166984558,0.10716252086663679,OFFLOADED,1.0,No,1.0,1.0,0.0
4316,0.4983440935611725,4.264349418461127e-06,OFFLOADED,0.0,Yes,0.0,0.0,0.0
4317,0.8969190120697021,0.9996798033045848,ACCEPTED,1.0,No,1.0,1.0,1.0
4318,0.7990162372589111,0.8766547229455975,ACCEPTED,1.0,No,1.0,1.0,1.0
4319,0.2573521137237549,1.820985041737027e-61,OFFLOADED,1.0,No,1.0,1.0,1.0
4320,0.25319740176200867,9.515433522295784e-67,OFFLOADED,1.0,No,1.0,1.0,1.0
4321,0.3066341280937195,5.404923573968003e-30,OFFLOADED,1.0,No,1.0,1.0,0.0
4322,0.5373036861419678,0.00010756093503557743,OFFLOADED,1.0,No,1.0,0.0,0.0
4323,0.3471203148365021,4.6914560643361485e-20,OFFLOADED,1.0,No,1.0,1.0,1.0
4324,0.3571614921092987,2.2089647626038054e-18,OFFLOADED,1.0,No,1.0,1.0,1.0
4325,0.26594141125679016,1.2832562332430884e-52,OFFLOADED,1.0,No,1.0,1.0,1.0
4326,0.46768850088119507,1.012689340090217e-07,OFFLOADED,1.0,No,0.0,1.0,1.0
4327,0.33745303750038147,2.1395664761361555e-21,OFFLOADED,1.0,No,1.0,1.0,1.0
4328,0.31264153122901917,5.208541273978874e-28,OFFLOADED,1.0,No,1.0,1.0,1.0
4329,0.3060941994190216,2.344592640543396e-30,OFFLOADED,1.0,No,0.0,1.0,1.0
4330,0.6117159128189087,0.01858613855660941,OFFLOADED,1.0,No,1.0,1.0,0.0
4331,0.31562483310699463,4.12146248136999e-27,OFFLOADED,1.0,No,1.0,0.0,0.0
4332,0.6457823514938354,0.10723146325621842,ACCEPTED,1.0,No,0.0,1.0,0.0
4333,0.8947891592979431,0.9995708851753632,ACCEPTED,1.0,No,1.0,1.0,0.0
4334,0.0,0.0,OFFLOADED,0.0,Yes,0.0,0.0,0.0
4335,0.2707172632217407,3.9731151269208754e-49,OFFLOADED,1.0,No,1.0,0.0,0.0
4336,0.40558475255966187,1.5717847739285387e-12,OFFLOADED,1.0,No,1.0,0.0,0.0
4337,0.2863290011882782,1.6846528018184385e-39,OFFLOADED,1.0,No,1.0,0.0,0.0
4338,0.5729346871376038,0.0015298187091639082,OFFLOADED,1.0,No,1.0,1.0,0.0
4339,0.26024264097213745,2.0848962840179333e-58,OFFLOADED,1.0,No,1.0,1.0,1.0
4340,0.4374099671840668,1.053739883145212e-09,OFFLOADED,1.0,No,1.0,0.0,0.0
4341,0.3245183229446411,1.1030702150948843e-24,OFFLOADED,1.0,No,1.0,1.0,0.0
4342,0.774480402469635,0.8012841427577735,ACCEPTED,1.0,No,1.0,1.0,0.0
4343,0.25852856040000916,1.9758771978156947e-60,OFFLOADED,1.0,No,1.0,0.0,1.0
4344,0.0,0.0,OFFLOADED,0.0,Yes,0.0,0.0,0.0
4345,0.8402934074401855,0.9637241389905252,ACCEPTED,0.0,Yes,0.0,0.0,0.0
4346,0.3640933334827423,1.556091604705162e-17,OFFLOADED,1.0,No,1.0,1.0,0.0
4347,0.8900330066680908,0.9993312840272716,ACCEPTED,0.0,Yes,0.0,0.0,0.0
4348,0.2696347236633301,4.517198640364229e-50,OFFLOADED,1.0,No,0.0,1.0,1.0
4349,0.30724263191223145,3.726998635929901e-30,OFFLOADED,1.0,No,1.0,1.0,1.0
4350,0.2805522382259369,8.099004369485777e-43,OFFLOADED,1.0,No,1.0,1.0,1.0
4351,0.6860755085945129,0.3026462103219996,OFFLOADED,0.0,Yes,0.0,0.0,0.0
4352,0.30035725235939026,5.850784366744408e-33,OFFLOADED,1.0,No,1.0,1.0,1.0
4353,0.9387134313583374,0.9999864381900913,ACCEPTED,0.0,Yes,0.0,0.0,0.0
4354,0.8089226484298706,0.899171987754447,ACCEPTED,1.0,No,1.0,1.0,0.0
4355,0.8694283366203308,0.996374170109499,ACCEPTED,0.0,Yes,0.0,0.0,0.0
4356,0.9054468274116516,0.9998543501624204,ACCEPTED,1.0,No,1.0,1.0,0.0
4357,0.2797383666038513,2.64680943398022e-43,OFFLOADED,1.0,No,1.0,0.0,0.0
4358,0.8249207139015198,0.9346360417111654,ACCEPTED,0.0,Yes,0.0,0.0,0.0
4359,0.8167951703071594,0.9196522110779792,ACCEPTED,1.0,No,1.0,1.0,1.0
4360,0.6594277620315552,0.15268510321625064,OFFLOADED,0.0,Yes,0.0,0.0,0.0
4361,0.5697588324546814,0.001152654166588417,OFFLOADED,1.0,No,0.0,0.0,1.0
4362,0.3817736804485321,3.1133423221263945e-15,OFFLOADED,1.0,No,1.0,1.0,0.0
4363,0.3887394368648529,2.5061901054470698e-14,OFFLOADED,1.0,No,1.0,1.0,1.0
4364,0.35238778591156006,2.1993013697584335e-19,OFFLOADED,1.0,No,0.0,1.0,1.0
4365,0.41631603240966797,1.883785588320203e-11,OFFLOADED,1.0,No,1.0,1.0,1.0
4366,0.296216756105423,5.328619259014847e-35,OFFLOADED,1.0,No,0.0,1.0,1.0
4367,0.5332673788070679,5.457215346563615e-05,OFFLOADED,1.0,No,1.0,1.0,1.0
4368,0.25435754656791687,3.0162618011291435e-66,OFFLOADED,1.0,No,1.0,0.0,0.0
4369,0.9457213282585144,0.999989732105066,ACCEPTED,1.0,No,1.0,1.0,1.0
4370,0.41420799493789673,1.0247162999466991e-11,OFFLOADED,1.0,No,1.0,1.0,1.0
4371,0.3589816987514496,2.3486045336223477e-18,OFFLOADED,1.0,No,1.0,1.0,1.0
4372,0.8261187672615051,0.9387694779150616,ACCEPTED,1.0,No,1.0,1.0,1.0
4373,0.3908379375934601,3.4005273918925474e-14,OFFLOADED,1.0,No,1.0,1.0,1.0
4374,0.2735033333301544,1.4675739214236286e-47,OFFLOADED,1.0,No,1.0,1.0,1.0
4375,0.3934260308742523,6.333104534730296e-14,OFFLOADED,1.0,No,1.0,1.0,0.0
4376,0.2761126160621643,4.330981133614122e-46,OFFLOADED,1.0,No,1.0,1.0,1.0
4377,0.2896483242511749,4.363572926609118e-38,OFFLOADED,1.0,No,1.0,1.0,1.0
4378,0.31110092997550964,5.412462118222659e-29,OFFLOADED,1.0,No,1.0,0.0,0.0
4379,0.3714678883552551,8.078248926532846e-17,OFFLOADED,1.0,No,1.0,1.0,1.0
4380,0.2530808448791504,5.837818565625701e-68,OFFLOADED,1.0,No,0.0,1.0,1.0
4381,0.2632206082344055,1.6131914244578388e-55,OFFLOADED,1.0,No,0.0,1.0,1.0
4382,0.278912752866745,3.4605422202041674e-44,OFFLOADED,1.0,No,1.0,1.0,1.0
4383,0.26858511567115784,1.7858357669674744e-51,OFFLOADED,1.0,No,1.0,0.0,0.0
4384,0.2522600293159485,2.3195402383475183e-69,OFFLOADED,1.0,No,1.0,1.0,1.0
4385,0.2529234290122986,2.7750979115243915e-68,OFFLOADED,1.0,No,0.0,1.0,1.0
4386,0.3016015887260437,1.1337008640700647e-32,OFFLOADED,1.0,No,1.0,0.0,0.0
4387,0.3749559819698334,2.13861381974926e-16,OFFLOADED,1.0,No,1.0,1.0,1.0
4388,0.2794824242591858,7.113658115825862e-44,OFFLOADED,1.0,No,1.0,0.0,0.0
4389,0.28113019466400146,6.375160578227184e-43,OFFLOADED,1.0,No,1.0,1.0,0.0
4390,0.40781715512275696,2.0435170786849213e-12,OFFLOADED,1.0,No,1.0,1.0,0.0
4391,0.6108067631721497,0.01688729730425717,OFFLOADED,1.0,No,1.0,0.0,0.0
4392,0.6149915456771851,0.020174662785948982,OFFLOADED,1.0,No,1.0,1.0,1.0
4393,0.41992127895355225,3.13126958659656e-11,OFFLOADED,1.0,No,1.0,1.0,1.0
4394,0.52627032995224,2.28749055054594e-05,OFFLOADED,1.0,No,1.0,1.0,1.0
4395,0.2648022174835205,1.4608067800879307e-54,OFFLOADED,1.0,No,1.0,1.0,1.0
4396,0.25738924741744995,8.648562974745275e-63,OFFLOADED,1.0,No,1.0,1.0,1.0
4397,0.5206705331802368,1.2451389757345843e-05,OFFLOADED,0.0,Yes,0.0,0.0,0.0
4398,0.2681867778301239,4.843862157586018e-52,OFFLOADED,1.0,No,1.0,1.0,0.0
4399,0.5937198400497437,0.005738267982053283,OFFLOADED,1.0,No,0.0,0.0,1.0
4400,0.4513553977012634,6.619871926654643e-09,OFFLOADED,1.0,No,1.0,1.0,1.0
4401,0.9147571921348572,0.9999261832990527,ACCEPTED,1.0,No,1.0,1.0,0.0
4402,0.32936134934425354,9.762728432163882e-24,OFFLOADED,1.0,No,1.0,1.0,1.0
4403,0.938534140586853,0.999984205201626,ACCEPTED,0.0,Yes,0.0,0.0,0.0
4404,0.3996046483516693,2.0184065134047715e-13,OFFLOADED,1.0,No,1.0,0.0,1.0
4405,0.33128494024276733,2.992829824651118e-23,OFFLOADED,1.0,No,1.0,1.0,1.0
4406,0.3563426434993744,3.836403912372326e-19,OFFLOADED,0.0,Yes,0.0,0.0,0.0
4407,0.3486693501472473,1.7950084672250606e-20,OFFLOADED,1.0,No,0.0,1.0,1.0
4408,0.2663671374320984,1.3285263534154559e-53,OFFLOADED,1.0,No,1.0,1.0,1.0
4409,0.6809571981430054,0.27384437777082304,OFFLOADED,1.0,No,1.0,1.0,0.0
4410,0.3700568974018097,3.00227408215497e-17,OFFLOADED,0.0,Yes,0.0,0.0,0.0
4411,0.744954526424408,0.6960223911103384,ACCEPTED,0.0,Yes,0.0,0.0,0.0
4412,0.6161272525787354,0.019676296692556484,OFFLOADED,1.0,No,1.0,1.0,1.0
4413,0.2666461765766144,1.8859856660314203e-53,OFFLOADED,1.0,No,1.0,1.0,1.0
4414,0.48234495520591736,4.0198017276832796e-07,OFFLOADED,0.0,Yes,0.0,0.0,0.0
4415,0.2651336193084717,1.6876205521647898e-54,OFFLOADED,1.0,No,1.0,1.0,1.0
4416,0.28117635846138,3.91957990160952e-43,OFFLOADED,1.0,No,1.0,1.0,1.0
4417,0.5406421422958374,9.375090318211913e-05,OFFLOADED,1.0,No,1.0,0.0,0.0
4418,0.8477781414985657,0.9769924036319656,ACCEPTED,0.0,Yes,0.0,0.0,0.0
4419,0.27329689264297485,2.9111919225931153e-48,OFFLOADED,1.0,No,1.0,1.0,1.0
4420,0.46203067898750305,2.4502310423836556e-08,OFFLOADED,1.0,No,0.0,1.0,1.0
4421,0.26918184757232666,2.363364052683938e-51,OFFLOADED,1.0,No,1.0,1.0,1.0
4422,0.26152366399765015,8.371809619241163e-58,OFFLOADED,1.0,No,1.0,1.0,1.0
4423,0.8694456219673157,0.9966866192573026,ACCEPTED,0.0,Yes,0.0,0.0,0.0
4424,0.26224997639656067,3.957036123872668e-57,OFFLOADED,1.0,No,1.0,1.0,1.0
4425,0.6653812527656555,0.17601057463617054,OFFLOADED,0.0,Yes,0.0,0.0,0.0
4426,0.2705193758010864,2.4029938898042372e-50,OFFLOADED,1.0,No,1.0,1.0,1.0
4427,0.31542256474494934,7.371068251176981e-28,OFFLOADED,1.0,No,1.0,1.0,1.0
4428,0.7506852149963379,0.7322386025769483,ACCEPTED,0.0,Yes,0.0,0.0,0.0
4429,0.4607256054878235,2.0010191238000346e-08,OFFLOADED,1.0,No,1.0,1.0,1.0
4430,0.6701558828353882,0.21188175775671386,OFFLOADED,1.0,No,1.0,1.0,1.0
4431,0.33853840827941895,6.766171324534252e-22,OFFLOADED,1.0,No,1.0,1.0,1.0
4432,0.9537783861160278,0.9999927528267011,ACCEPTED,0.0,Yes,0.0,0.0,0.0
4433,0.8132645487785339,0.911857866284317,ACCEPTED,0.0,Yes,0.0,0.0,0.0
4434,0.27018192410469055,1.1045555666568576e-50,OFFLOADED,1.0,No,1.0,1.0,1.0
4435,0.6953494548797607,0.38732478678330595,ACCEPTED,0.0,Yes,0.0,0.0,0.0
4436,0.27694448828697205,4.739194883543566e-46,OFFLOADED,1.0,No,1.0,1.0,1.0
4437,0.2710084617137909,4.07488022767203e-50,OFFLOADED,1.0,No,1.0,1.0,1.0
4438,0.42016172409057617,2.4386026490858126e-11,OFFLOADED,1.0,No,0.0,0.0,1.0
4439,0.0,0.0,OFFLOADED,0.0,Yes,0.0,0.0,0.0
4440,0.42949655652046204,1.752074279740433e-10,OFFLOADED,1.0,No,1.0,1.0,1.0
4441,0.5675795078277588,0.0007386266733676621,OFFLOADED,0.0,Yes,0.0,0.0,0.0
4442,0.7942884564399719,0.8587820101392599,OFFLOADED,0.0,Yes,0.0,0.0,0.0
4443,0.37373918294906616,7.830142468913035e-17,OFFLOADED,1.0,No,1.0,0.0,0.0
4444,0.31401726603507996,2.15962726390971e-28,OFFLOADED,1.0,No,1.0,1.0,1.0
4445,0.2967643737792969,1.806884078137665e-35,OFFLOADED,1.0,No,1.0,1.0,1.0
4446,0.3431262671947479,2.7923587700683398e-21,OFFLOADED,1.0,No,1.0,1.0,1.0
4447,0.3986648917198181,1.2484318807409073e-13,OFFLOADED,0.0,Yes,0.0,0.0,0.0
4448,0.40848690271377563,1.4633868915638851e-12,OFFLOADED,1.0,No,1.0,1.0,1.0
4449,0.8679666519165039,0.9970163250726014,ACCEPTED,0.0,Yes,0.0,0.0,0.0
4450,0.48228761553764343,4.5007849100595676e-07,OFFLOADED,1.0,No,1.0,1.0,1.0
4451,0.33893322944641113,6.248103180321762e-22,OFFLOADED,1.0,No,1.0,1.0,1.0
4452,0.6327399611473083,0.061812609311353836,OFFLOADED,0.0,Yes,0.0,0.0,0.0
4453,0.6172341108322144,0.02260859926230525,OFFLOADED,1.0,No,1.0,1.0,0.0
4454,0.39090991020202637,1.5957744732867212e-14,OFFLOADED,0.0,Yes,0.0,0.0,0.0
4455,0.4516648054122925,5.72538634547042e-09,OFFLOADED,1.0,No,1.0,0.0,1.0
4456,0.9150450825691223,0.9999477640480479,ACCEPTED,0.0,Yes,0.0,0.0,0.0
4457,0.2630617618560791,1.2993629076784028e-56,OFFLOADED,1.0,No,1.0,0.0,1.0
4458,0.3007572591304779,1.4400571722488636e-33,OFFLOADED,1.0,No,1.0,1.0,1.0
4459,0.34572523832321167,4.799964566097549e-21,OFFLOADED,1.0,No,1.0,1.0,1.0
4460,0.7576165795326233,0.7785088023981873,OFFLOADED,0.0,Yes,0.0,0.0,0.0
4461,0.6259624361991882,0.04179089012033021,OFFLOADED,0.0,Yes,0.0,0.0,0.0
4462,0.4562321901321411,1.102004201119391e-08,OFFLOADED,1.0,No,1.0,1.0,1.0
4463,0.2609094977378845,5.585113793464326e-59,OFFLOADED,1.0,No,1.0,1.0,1.0
4464,0.30634447932243347,2.654194376880961e-31,OFFLOADED,1.0,No,1.0,1.0,1.0
4465,0.27182528376579285,8.69796959112826e-50,OFFLOADED,1.0,No,1.0,1.0,1.0
4466,0.9010772109031677,0.9998409048827103,ACCEPTED,0.0,Yes,0.0,0.0,0.0
4467,0.9192824959754944,0.9999666421429287,ACCEPTED,0.0,Yes,0.0,0.0,0.0
4468,0.2767189145088196,1.6928435602543682e-46,OFFLOADED,1.0,No,1.0,0.0,1.0
4469,0.3295833468437195,5.836769690890881e-24,OFFLOADED,0.0,Yes,0.0,0.0,0.0
4470,0.25093141198158264,1.7718274040342855e-71,OFFLOADED,1.0,No,1.0,1.0,1.0
4471,0.2532893419265747,6.294340640445691e-69,OFFLOADED,1.0,No,1.0,1.0,1.0
4472,0.8851976990699768,0.9993557389886362,ACCEPTED,0.0,Yes,0.0,0.0,0.0
4473,0.3223074972629547,4.4196288424930713e-26,OFFLOADED,1.0,No,1.0,0.0,1.0
4474,0.7757952213287354,0.830866046846223,ACCEPTED,0.0,Yes,0.0,0.0,0.0
4475,0.8957605957984924,0.999768021404802,ACCEPTED,1.0,No,1.0,1.0,1.0
4476,0.8799459934234619,0.9990961080334959,ACCEPTED,0.0,Yes,0.0,0.0,0.0
4477,0.31869369745254517,4.107183644350869e-27,OFFLOADED,0.0,Yes,0.0,0.0,0.0
4478,0.9700816869735718,0.9999976377214943,ACCEPTED,0.0,Yes,0.0,0.0,0.0
4479,0.6720353960990906,0.23180928136370701,OFFLOADED,0.0,Yes,0.0,0.0,0.0
4480,0.3178196847438812,2.817401456058673e-27,OFFLOADED,1.0,No,1.0,1.0,1.0
4481,0.3387371897697449,5.454524748732085e-22,OFFLOADED,1.0,No,1.0,1.0,1.0
4482,0.25829076766967773,1.898877141586229e-62,OFFLOADED,1.0,No,1.0,1.0,1.0
4483,0.2602149546146393,3.017895268164662e-60,OFFLOADED,1.0,No,1.0,1.0,1.0
4484,0.8472592830657959,0.9833018903641142,ACCEPTED,0.0,Yes,0.0,0.0,0.0
4485,0.293536514043808,7.806898840534502e-37,OFFLOADED,1.0,No,1.0,0.0,0.0
4486,0.27043741941452026,6.85407061582972e-51,OFFLOADED,1.0,No,1.0,1.0,1.0
4487,0.26419293880462646,6.287531755888678e-56,OFFLOADED,1.0,No,1.0,1.0,1.0
4488,0.2554105222225189,1.8032658287485324e-66,OFFLOADED,1.0,No,1.0,1.0,1.0
4489,0.3134550452232361,1.089232849043718e-28,OFFLOADED,1.0,No,1.0,1.0,1.0
4490,0.2642003893852234,5.67938246350003e-56,OFFLOADED,1.0,No,1.0,1.0,1.0
4491,0.8871521949768066,0.9995673276113802,ACCEPTED,1.0,No,1.0,1.0,1.0
4492,0.25688329339027405,1.5606028547369788e-64,OFFLOADED,1.0,No,1.0,0.0,0.0
4493,0.2529747784137726,1.2515997871217544e-69,OFFLOADED,1.0,No,1.0,1.0,1.0
4494,0.9638550877571106,0.9999972766986771,ACCEPTED,0.0,Yes,0.0,0.0,0.0
4495,0.2858998775482178,7.410356947379148e-41,OFFLOADED,1.0,No,1.0,1.0,1.0
4496,0.8680952787399292,0.9977051738470467,ACCEPTED,0.0,Yes,0.0,0.0,0.0
4497,0.37627124786376953,1.7993373356127155e-16,OFFLOADED,0.0,Yes,0.0,0.0,0.0
4498,0.2887061536312103,2.8302006015144526e-39,OFFLOADED,1.0,No,1.0,1.0,1.0
4499,0.3530893325805664,1.0764548792573874e-19,OFFLOADED,1.0,No,1.0,1.0,1.0
4500,0.6607146263122559,0.1838832297663245,OFFLOADED,1.0,No,1.0,0.0,0.0
4501,0.4484165906906128,3.380647160100608e-09,OFFLOADED,1.0,No,1.0,1.0,1.0
4502,0.32550689578056335,3.992599121805851e-25,OFFLOADED,1.0,No,1.0,1.0,1.0
4503,0.2694450914859772,7.978218313038238e-52,OFFLOADED,1.0,No,1.0,0.0,0.0
4504,0.574658989906311,0.0016307550126531652,OFFLOADED,0.0,Yes,0.0,0.0,0.0
4505,0.31864336133003235,3.615765491556073e-27,OFFLOADED,1.0,No,0.0,1.0,1.0
4506,0.7621557116508484,0.8109045866296799,OFFLOADED,1.0,No,0.0,0.0,1.0
4507,0.34339672327041626,2.46721523590168e-21,OFFLOADED,1.0,No,1.0,1.0,0.0
4508,0.3780193030834198,3.3538275793747863e-16,OFFLOADED,0.0,Yes,0.0,0.0,0.0
4509,0.2737857401371002,1.766866322776574e-48,OFFLOADED,1.0,No,1.0,1.0,1.0
4510,0.5050356388092041,5.191716287934284e-06,OFFLOADED,1.0,No,1.0,1.0,0.0
4511,0.2830342948436737,1.9016328395596665e-42,OFFLOADED,1.0,No,1.0,1.0,1.0
4512,0.9639454483985901,0.9999974405534037,ACCEPTED,0.0,Yes,0.0,0.0,0.0
4513,0.275642454624176,1.930719352967997e-47,OFFLOADED,1.0,No,0.0,1.0,1.0
4514,0.2915262281894684,5.859620589832083e-38,OFFLOADED,1.0,No,1.0,1.0,1.0
4515,0.4684746265411377,7.235339394892618e-08,OFFLOADED,1.0,No,1.0,1.0,1.0
4516,0.9284679889678955,0.9999870658256625,ACCEPTED,1.0,No,1.0,1.0,1.0
4517,0.7202516794204712,0.608144623446466,ACCEPTED,0.0,Yes,0.0,0.0,0.0
4518,0.3112967610359192,1.2672622120343227e-29,OFFLOADED,1.0,No,1.0,1.0,1.0
4519,0.378015398979187,3.231154721849249e-16,OFFLOADED,1.0,No,1.0,1.0,1.0
4520,0.3652079105377197,5.8716872099872475e-18,OFFLOADED,1.0,No,1.0,1.0,1.0
4521,0.5902863144874573,0.004892541339186194,OFFLOADED,1.0,No,1.0,0.0,0.0
4522,0.2573503851890564,2.5156058927320703e-64,OFFLOADED,1.0,No,1.0,1.0,0.0
4523,0.2655744254589081,2.940498123298669e-55,OFFLOADED,1.0,No,1.0,1.0,1.0
4524,0.25352948904037476,2.408154984566712e-69,OFFLOADED,1.0,No,1.0,0.0,1.0
4525,0.26082858443260193,9.387669114457901e-60,OFFLOADED,1.0,No,0.0,0.0,1.0
4526,0.6448421478271484,0.11414999259969236,OFFLOADED,0.0,Yes,0.0,0.0,0.0
4527,0.2643511891365051,3.0058491936207285e-56,OFFLOADED,1.0,No,1.0,1.0,1.0
4528,0.2837333381175995,3.384681740746984e-42,OFFLOADED,1.0,No,1.0,1.0,1.0
4529,0.6522605419158936,0.15110857490021487,ACCEPTED,1.0,No,1.0,1.0,1.0
4530,0.9001370072364807,0.9998578908968601,ACCEPTED,1.0,No,1.0,1.0,1.0
4531,0.2582687735557556,3.7686280637093127e-63,OFFLOADED,1.0,No,1.0,0.0,0.0
4532,0.7920520305633545,0.8727617206240179,ACCEPTED,1.0,No,1.0,1.0,0.0
4533,0.2588895857334137,1.9566396768515707e-62,OFFLOADED,1.0,No,1.0,1.0,0.0
4534,0.535043478012085,5.666844557098986e-05,OFFLOADED,0.0,Yes,0.0,0.0,0.0
4535,0.2725083529949188,9.717919943469878e-50,OFFLOADED,1.0,No,1.0,1.0,1.0
4536,0.8185851573944092,0.9361284367352808,ACCEPTED,0.0,Yes,0.0,0.0,0.0
4537,0.42289039492607117,3.8115122281677315e-11,OFFLOADED,1.0,No,1.0,1.0,1.0
4538,0.4800334870815277,3.427977505662029e-07,OFFLOADED,0.0,Yes,0.0,0.0,0.0
4539,0.31171533465385437,1.5219023984435663e-29,OFFLOADED,1.0,No,1.0,1.0,1.0
4540,0.31923189759254456,3.815151161096218e-27,OFFLOADED,1.0,No,1.0,1.0,1.0
4541,0.8570454120635986,0.9931059062645643,ACCEPTED,1.0,No,1.0,1.0,1.0
4542,0.3315254747867584,1.5683477342495766e-23,OFFLOADED,0.0,Yes,0.0,0.0,0.0
4543,0.33351898193359375,4.3345958186391016e-23,OFFLOADED,1.0,No,1.0,0.0,0.0
4544,0.37445488572120667,8.325909842023225e-17,OFFLOADED,1.0,No,1.0,1.0,1.0
4545,0.283760666847229,2.7976473994523843e-42,OFFLOADED,1.0,No,1.0,1.0,1.0
4546,0.27746105194091797,1.9439158265777306e-46,OFFLOADED,1.0,No,1.0,0.0,0.0
4547,0.2547195851802826,3.063653177761018e-68,OFFLOADED,1.0,No,1.0,1.0,1.0
4548,0.9154746532440186,0.9999601826879407,ACCEPTED,1.0,No,1.0,1.0,1.0
4549,0.2613063156604767,2.719061676399448e-59,OFFLOADED,1.0,No,1.0,1.0,1.0
4550,0.9301401972770691,0.9999861090731889,ACCEPTED,0.0,Yes,0.0,0.0,0.0
4551,0.28467705845832825,8.403705073310584e-42,OFFLOADED,1.0,No,1.0,1.0,1.0
4552,0.26975199580192566,5.103428806877232e-52,OFFLOADED,1.0,No,1.0,1.0,1.0
4553,0.6961249709129333,0.42654459125157296,OFFLOADED,1.0,No,1.0,1.0,1.0
4554,0.8084720969200134,0.914499023534439,ACCEPTED,0.0,Yes,0.0,0.0,0.0
4555,0.2860519289970398,3.707476688541918e-41,OFFLOADED,1.0,No,1.0,0.0,1.0
4556,0.329448938369751,3.9448031611032594e-24,OFFLOADED,1.0,No,0.0,1.0,0.0
4557,0.0,0.0,OFFLOADED,0.0,Yes,0.0,0.0,0.0
4558,0.27206331491470337,2.6453759934927564e-50,OFFLOADED,1.0,No,1.0,1.0,1.0
4559,0.5949032306671143,0.005918447522373708,OFFLOADED,1.0,No,0.0,0.0,1.0
4560,0.47817158699035645,2.5677367890269613e-07,OFFLOADED,1.0,No,1.0,1.0,1.0
4561,0.25418511033058167,4.128552923050106e-69,OFFLOADED,1.0,No,1.0,1.0,1.0
4562,0.633161723613739,0.06744793343824824,OFFLOADED,1.0,No,1.0,1.0,1.0
4563,0.27610597014427185,1.2351886870589546e-47,OFFLOADED,1.0,No,1.0,1.0,1.0
4564,0.3179689943790436,1.2767651426715067e-27,OFFLOADED,1.0,No,1.0,1.0,1.0
4565,0.3030086159706116,4.7903058681313696e-33,OFFLOADED,1.0,No,1.0,1.0,1.0
4566,0.2627199590206146,4.03831387980623e-58,OFFLOADED,1.0,No,1.0,1.0,1.0
4567,0.25156205892562866,9.050160161081468e-73,OFFLOADED,1.0,No,0.0,1.0,0.0
4568,0.258186012506485,8.848441827494906e-64,OFFLOADED,1.0,No,0.0,1.0,1.0
4569,0.27726197242736816,8.003703937000183e-47,OFFLOADED,0.0,Yes,0.0,0.0,0.0
4570,0.250301718711853,5.694654135255437e-73,OFFLOADED,1.0,No,1.0,1.0,1.0
4571,0.2841912806034088,2.866937397624673e-42,OFFLOADED,1.0,No,1.0,1.0,1.0
4572,0.5279555320739746,2.4214656508056698e-05,OFFLOADED,0.0,Yes,0.0,0.0,0.0
4573,0.779641330242157,0.8399507249826312,ACCEPTED,0.0,Yes,0.0,0.0,0.0
4574,0.2535988390445709,6.515302548886e-70,OFFLOADED,1.0,No,0.0,1.0,1.0
4575,0.36766907572746277,9.42327660650056e-18,OFFLOADED,1.0,No,0.0,1.0,1.0
4576,0.6776348948478699,0.2618419496672125,OFFLOADED,0.0,Yes,0.0,0.0,0.0
4577,0.3578715920448303,4.086862941889122e-19,OFFLOADED,1.0,No,1.0,1.0,1.0
4578,0.45274901390075684,5.8922694546963235e-09,OFFLOADED,1.0,No,1.0,1.0,1.0
4579,0.2569895386695862,1.6113350323728916e-65,OFFLOADED,1.0,No,1.0,1.0,1.0
4580,0.8838855028152466,0.9994276773134262,ACCEPTED,0.0,Yes,0.0,0.0,0.0
4581,0.25364950299263,6.0480802066678e-70,OFFLOADED,1.0,No,1.0,1.0,1.0
4582,0.3179744780063629,1.1325509695401449e-27,OFFLOADED,1.0,No,1.0,1.0,1.0
4583,0.3197689354419708,3.316585403547411e-27,OFFLOADED,1.0,No,1.0,1.0,0.0
4584,0.2506478726863861,3.599400882632732e-73,OFFLOADED,1.0,No,1.0,0.0,0.0
4585,0.38505819439888,2.4686930291346513e-15,OFFLOADED,1.0,No,1.0,1.0,1.0
4586,0.2530718445777893,7.883842597519582e-71,OFFLOADED,1.0,No,1.0,1.0,1.0
4587,0.8538615107536316,0.9913200324658904,ACCEPTED,0.0,Yes,0.0,0.0,0.0
4588,0.2775062322616577,9.275213984534753e-47,OFFLOADED,1.0,No,1.0,1.0,1.0
4589,0.2969928979873657,3.966507650889815e-36,OFFLOADED,1.0,No,1.0,1.0,1.0
4590,0.5593230724334717,0.00042719428410906585,OFFLOADED,1.0,No,1.0,0.0,0.0
4591,0.2761858105659485,7.827053547289527e-48,OFFLOADED,0.0,Yes,0.0,0.0,0.0
4592,0.8056934475898743,0.9177357571462237,ACCEPTED,1.0,No,1.0,1.0,1.0
4593,0.2835766673088074,8.335493347269868e-43,OFFLOADED,1.0,No,1.0,1.0,1.0
4594,0.2715763747692108,4.8714066271620544e-51,OFFLOADED,1.0,No,1.0,1.0,1.0
4595,0.6591041684150696,0.16875748267554108,OFFLOADED,1.0,No,1.0,1.0,1.0
4596,0.4005163311958313,1.2362616631891427e-13,OFFLOADED,1.0,No,1.0,1.0,1.0
4597,0.2781093418598175,1.9152090170784842e-46,OFFLOADED,1.0,No,1.0,1.0,1.0
4598,0.43645161390304565,3.871897123706768e-10,OFFLOADED,1.0,No,0.0,1.0,1.0
4599,0.44605761766433716,1.816155454357366e-09,OFFLOADED,0.0,Yes,0.0,0.0,0.0
4600,0.3017353117465973,8.394855813256087e-34,OFFLOADED,1.0,No,1.0,0.0,1.0
4601,0.2771589756011963,3.3748274643847017e-47,OFFLOADED,1.0,No,1.0,1.0,1.0
4602,0.9527076482772827,0.9999962749159321,ACCEPTED,0.0,Yes,0.0,0.0,0.0
4603,0.2941095232963562,2.7410510382912603e-37,OFFLOADED,1.0,No,1.0,1.0,1.0
4604,0.33579978346824646,7.53990852423434e-23,OFFLOADED,1.0,No,1.0,1.0,1.0
4605,0.5855966806411743,0.0030680490268361928,OFFLOADED,0.0,Yes,0.0,0.0,0.0
4606,0.2934105098247528,1.233414062979629e-37,OFFLOADED,1.0,No,1.0,1.0,1.0
4607,0.32238802313804626,1.6811388014085754e-26,OFFLOADED,1.0,No,1.0,0.0,0.0
4608,0.4081357717514038,8.177915271452223e-13,OFFLOADED,1.0,No,1.0,1.0,0.0
4609,0.2687729001045227,1.493342126176084e-53,OFFLOADED,1.0,No,0.0,1.0,1.0
4610,0.2696914076805115,9.017488715415195e-53,OFFLOADED,1.0,No,1.0,1.0,0.0
4611,0.29005274176597595,2.0822088968302172e-39,OFFLOADED,1.0,No,1.0,0.0,0.0
4612,0.2620018720626831,2.047117683189078e-59,OFFLOADED,1.0,No,1.0,0.0,0.0
4613,0.3714902102947235,2.2389066911118515e-17,OFFLOADED,1.0,No,1.0,1.0,1.0
4614,0.8192406296730042,0.9422991596176103,ACCEPTED,1.0,No,1.0,1.0,0.0
4615,0.27665776014328003,8.948373004904261e-48,OFFLOADED,1.0,No,1.0,1.0,1.0
4616,0.5138871669769287,7.808675757457474e-06,OFFLOADED,1.0,No,1.0,0.0,0.0
4617,0.25549954175949097,3.854628317853797e-68,OFFLOADED,1.0,No,0.0,1.0,1.0
4618,0.497780978679657,2.514554890377454e-06,OFFLOADED,1.0,No,1.0,1.0,0.0
4619,0.26961594820022583,5.459444016958693e-53,OFFLOADED,1.0,No,1.0,1.0,1.0
4620,0.8828412890434265,0.9993773971695392,ACCEPTED,0.0,Yes,0.0,0.0,0.0
4621,0.3377668559551239,1.2520571161361673e-22,OFFLOADED,1.0,No,1.0,1.0,1.0
4622,0.630381166934967,0.05446157534794522,OFFLOADED,1.0,No,0.0,1.0,1.0
4623,0.0,0.0,OFFLOADED,0.0,Yes,0.0,0.0,0.0
4624,0.32086992263793945,3.754064400681489e-27,OFFLOADED,1.0,No,1.0,1.0,1.0
4625,0.6049957871437073,0.009796990235948985,OFFLOADED,1.0,No,1.0,0.0,0.0
4626,0.5485060214996338,0.0001743007956363475,OFFLOADED,1.0,No,1.0,1.0,1.0
4627,0.34226274490356445,5.755432694412281e-22,OFFLOADED,1.0,No,1.0,0.0,1.0
4628,0.2753959596157074,8.543442091891205e-49,OFFLOADED,1.0,No,1.0,0.0,1.0
4629,0.9890772104263306,0.9999993338147232,ACCEPTED,0.0,Yes,0.0,0.0,0.0
4630,0.30650413036346436,3.6814638273491264e-32,OFFLOADED,1.0,No,1.0,1.0,1.0
4631,0.4465993642807007,1.6271804871846038e-09,OFFLOADED,1.0,No,1.0,1.0,1.0
4632,0.29428577423095703,1.4392278259702733e-37,OFFLOADED,1.0,No,1.0,1.0,1.0
4633,0.8614144325256348,0.9954835500179933,ACCEPTED,1.0,No,1.0,1.0,1.0
4634,0.6765172481536865,0.25356196290180266,OFFLOADED,1.0,No,1.0,1.0,1.0
4635,0.8806250691413879,0.9992316501557102,ACCEPTED,0.0,Yes,0.0,0.0,0.0
4636,0.2970718443393707,1.4186990373817332e-36,OFFLOADED,1.0,No,1.0,1.0,1.0
4637,0.3092639148235321,4.25694008182236e-31,OFFLOADED,1.0,No,1.0,1.0,1.0
4638,0.2628498077392578,5.767121870251123e-59,OFFLOADED,1.0,No,1.0,1.0,1.0
4639,0.2799227833747864,1.023496184753408e-45,OFFLOADED,1.0,No,1.0,1.0,1.0
4640,0.3192158341407776,8.204802603518911e-28,OFFLOADED,1.0,No,1.0,0.0,0.0
4641,0.8608675003051758,0.9949027835711614,ACCEPTED,0.0,Yes,0.0,0.0,0.0
4642,0.5520163774490356,0.00020075114061937548,OFFLOADED,1.0,No,0.0,1.0,1.0
4643,0.2679462432861328,6.277664337512133e-55,OFFLOADED,1.0,No,0.0,1.0,1.0
4644,0.2592788636684418,1.2752377327937117e-63,OFFLOADED,1.0,No,1.0,1.0,1.0
4645,0.8796272873878479,0.9992534937902265,ACCEPTED,1.0,No,1.0,1.0,1.0
4646,0.2536831498146057,4.676586855306443e-71,OFFLOADED,1.0,No,1.0,1.0,1.0
4647,0.7876486778259277,0.8563046411343064,ACCEPTED,1.0,No,1.0,1.0,1.0
4648,0.3158787786960602,7.254134163429555e-29,OFFLOADED,1.0,No,1.0,1.0,1.0
4649,0.4584783613681793,7.997390017942455e-09,OFFLOADED,0.0,Yes,0.0,0.0,0.0
4650,0.48150959610939026,2.5808998374132985e-07,OFFLOADED,1.0,No,1.0,1.0,1.0
4651,0.33159276843070984,4.6145193073010186e-24,OFFLOADED,1.0,No,1.0,1.0,1.0
4652,0.3510209023952484,1.1204057849300627e-20,OFFLOADED,1.0,No,1.0,1.0,1.0
4653,0.26203659176826477,4.648906788958646e-60,OFFLOADED,1.0,No,1.0,1.0,1.0
4654,0.0,0.0,OFFLOADED,0.0,Yes,0.0,0.0,0.0
4655,0.33046627044677734,2.08080811196064e-24,OFFLOADED,1.0,No,1.0,1.0,1.0
4656,0.5080714821815491,3.879806004755072e-06,OFFLOADED,1.0,No,1.0,1.0,0.0
4657,0.32559189200401306,7.219497268181638e-26,OFFLOADED,1.0,No,1.0,1.0,1.0
4658,0.7374495267868042,0.706537104764045,OFFLOADED,1.0,No,1.0,1.0,1.0
4659,0.0,0.0,OFFLOADED,0.0,Yes,0.0,0.0,0.0
4660,0.6423337459564209,0.08713084504759153,ACCEPTED,1.0,No,1.0,0.0,0.0
4661,0.2780415415763855,2.552445491628229e-47,OFFLOADED,1.0,No,1.0,1.0,1.0
4662,0.41377443075180054,1.8900806960919734e-12,OFFLOADED,1.0,No,1.0,1.0,1.0
4663,0.3857837915420532,1.2968900188718225e-15,OFFLOADED,1.0,No,1.0,1.0,1.0
4664,0.32520538568496704,4.224210305554848e-26,OFFLOADED,1.0,No,1.0,0.0,0.0
4665,0.5314476490020752,2.3984032002094635e-05,OFFLOADED,0.0,Yes,0.0,0.0,0.0
4666,0.40786728262901306,3.919871388095775e-13,OFFLOADED,1.0,No,1.0,1.0,1.0
4667,0.3573862314224243,1.0971024583013555e-19,OFFLOADED,1.0,No,1.0,1.0,1.0
4668,0.5014094114303589,2.230937204715433e-06,OFFLOADED,1.0,No,1.0,1.0,1.0
4669,0.9528976678848267,0.9999961511122164,ACCEPTED,0.0,Yes,0.0,0.0,0.0
4670,0.25196588039398193,4.606489830119875e-74,OFFLOADED,1.0,No,1.0,1.0,1.0
4671,0.4591157138347626,7.67682700624879e-09,OFFLOADED,1.0,No,1.0,1.0,1.0
4672,0.8644750118255615,0.9963610643321643,ACCEPTED,0.0,Yes,0.0,0.0,0.0
4673,0.2875269949436188,1.6464126565611983e-41,OFFLOADED,1.0,No,0.0,1.0,0.0
4674,0.37735500931739807,6.949734258655697e-17,OFFLOADED,1.0,No,1.0,0.0,0.0
4675,0.35311225056648254,1.7158843931579204e-20,OFFLOADED,1.0,No,1.0,1.0,1.0
4676,0.0,0.0,OFFLOADED,0.0,Yes,0.0,0.0,0.0
4677,0.8550513982772827,0.9909402998031134,ACCEPTED,0.0,Yes,0.0,0.0,0.0
4678,0.8205626606941223,0.9348626260343894,ACCEPTED,0.0,Yes,0.0,0.0,0.0
4679,0.4122959077358246,1.1385669139058972e-12,OFFLOADED,1.0,No,1.0,1.0,1.0
4680,0.8816742897033691,0.99938661659558,ACCEPTED,0.0,Yes,0.0,0.0,0.0
4681,0.3289989233016968,4.143387535996601e-25,OFFLOADED,1.0,No,1.0,1.0,1.0
4682,0.9252840876579285,0.9999854428481013,ACCEPTED,0.0,Yes,0.0,0.0,0.0
4683,0.25136443972587585,8.683309332077791e-75,OFFLOADED,1.0,No,1.0,1.0,1.0
4684,0.25787171721458435,7.652116504423178e-66,OFFLOADED,1.0,No,1.0,1.0,0.0
4685,0.29598453640937805,1.7770911257520002e-37,OFFLOADED,1.0,No,0.0,1.0,1.0
4686,0.9086318016052246,0.9999480670989619,ACCEPTED,0.0,Yes,0.0,0.0,0.0
4687,0.9297246336936951,0.9999910829937975,ACCEPTED,0.0,Yes,0.0,0.0,0.0
4688,0.2571960985660553,5.955196084325356e-67,OFFLOADED,1.0,No,1.0,1.0,1.0
4689,0.9286016225814819,0.9999907339094961,ACCEPTED,1.0,No,1.0,1.0,1.0
4690,0.2553349435329437,1.5312173190840824e-69,OFFLOADED,1.0,No,1.0,0.0,0.0
4691,0.2796795070171356,2.0159357857560455e-46,OFFLOADED,1.0,No,1.0,1.0,0.0
4692,0.3617740869522095,4.929727609834584e-19,OFFLOADED,1.0,No,1.0,1.0,1.0
4693,0.3147808313369751,1.1846829561672347e-29,OFFLOADED,0.0,Yes,0.0,0.0,0.0
4694,0.2962002456188202,1.9711426630012775e-37,OFFLOADED,1.0,No,1.0,1.0,1.0
4695,0.2637591063976288,6.936757858932971e-59,OFFLOADED,1.0,No,1.0,1.0,1.0
4696,0.0,0.0,OFFLOADED,0.0,Yes,0.0,0.0,0.0
4697,0.8668386340141296,0.99763423918991,ACCEPTED,0.0,Yes,0.0,0.0,0.0
4698,0.25258925557136536,2.1000099836912627e-73,OFFLOADED,1.0,No,1.0,1.0,1.0
4699,0.7359830737113953,0.6882652752134569,ACCEPTED,1.0,No,1.0,1.0,1.0
4700,0.6583427786827087,0.13790620375216295,OFFLOADED,1.0,No,1.0,1.0,1.0
4701,0.8578980565071106,0.9935827773047267,ACCEPTED,1.0,No,1.0,1.0,1.0
4702,0.913250744342804,0.9999650761660912,ACCEPTED,1.0,No,1.0,1.0,0.0
4703,0.45314159989356995,2.918836402909699e-09,OFFLOADED,1.0,No,1.0,0.0,0.0
4704,0.9571765065193176,0.9999975730626053,ACCEPTED,0.0,Yes,0.0,0.0,0.0
4705,0.3558351695537567,3.815472630730985e-20,OFFLOADED,1.0,No,1.0,1.0,1.0
4706,0.3858412504196167,9.222291878008307e-16,OFFLOADED,1.0,No,1.0,1.0,1.0
4707,0.7345538139343262,0.6657786460867811,ACCEPTED,1.0,No,1.0,1.0,0.0
4708,0.3282732367515564,1.8226112433830443e-25,OFFLOADED,1.0,No,1.0,1.0,1.0
4709,0.290815532207489,4.527535682673585e-40,OFFLOADED,1.0,No,0.0,1.0,1.0
4710,0.25355497002601624,3.9300169673783004e-72,OFFLOADED,1.0,No,1.0,1.0,1.0
4711,0.3833461105823517,3.691652354893073e-16,OFFLOADED,1.0,No,0.0,0.0,1.0
4712,0.2529277503490448,4.512949939955228e-73,OFFLOADED,1.0,No,1.0,1.0,1.0
4713,0.4184223413467407,4.5730713563774785e-12,OFFLOADED,1.0,No,0.0,1.0,0.0
4714,0.25311222672462463,7.893372933761978e-73,OFFLOADED,1.0,No,1.0,1.0,1.0
4715,0.8788912296295166,0.9991878076028663,ACCEPTED,0.0,Yes,0.0,0.0,0.0
4716,0.36081740260124207,2.503851435930393e-19,OFFLOADED,1.0,No,1.0,0.0,0.0
4717,0.4452124834060669,8.34834523562389e-10,OFFLOADED,1.0,No,1.0,1.0,1.0
4718,0.2757083773612976,1.073605373049327e-49,OFFLOADED,1.0,No,1.0,1.0,1.0
4719,0.3102208077907562,1.5886090320531677e-31,OFFLOADED,1.0,No,1.0,1.0,1.0
4720,0.3066923916339874,6.251296351877928e-33,OFFLOADED,1.0,No,1.0,1.0,1.0
4721,0.3096228539943695,9.501727322272333e-32,OFFLOADED,1.0,No,1.0,1.0,1.0
4722,0.2542203962802887,1.6462309695135498e-71,OFFLOADED,1.0,No,1.0,1.0,1.0
4723,0.27412110567092896,9.149299919516277e-51,OFFLOADED,1.0,No,1.0,0.0,0.0
4724,0.2887658178806305,2.2841256486708524e-41,OFFLOADED,1.0,No,0.0,1.0,1.0
4725,0.2675066590309143,2.729354145681745e-56,OFFLOADED,1.0,No,1.0,1.0,1.0
4726,0.3367164731025696,1.6031505443583533e-23,OFFLOADED,1.0,No,1.0,0.0,0.0
4727,0.7589433193206787,0.7597822877663533,ACCEPTED,1.0,No,1.0,1.0,1.0
4728,0.5965657830238342,0.004294583647580777,OFFLOADED,1.0,No,1.0,1.0,1.0
4729,0.4801197350025177,1.5253222812356123e-07,OFFLOADED,1.0,No,1.0,1.0,1.0
4730,0.8958423733711243,0.9998016075930909,ACCEPTED,0.0,Yes,0.0,0.0,0.0
4731,0.0,0.0,OFFLOADED,0.0,Yes,0.0,0.0,0.0
4732,0.8632735013961792,0.9960689035184339,ACCEPTED,1.0,No,1.0,1.0,1.0
4733,0.8839593529701233,0.9994686672732347,ACCEPTED,0.0,Yes,0.0,0.0,0.0
4734,0.7307994961738586,0.6239140612476461,OFFLOADED,1.0,No,1.0,1.0,1.0
4735,0.31099846959114075,2.224989308291928e-31,OFFLOADED,1.0,No,1.0,1.0,1.0
4736,0.3212893307209015,5.684825920596809e-28,OFFLOADED,1.0,No,1.0,0.0,0.0
4737,0.8828738927841187,0.9994299058073556,ACCEPTED,0.0,Yes,0.0,0.0,0.0
4738,0.4206196665763855,6.014640346785894e-12,OFFLOADED,1.0,No,0.0,1.0,1.0
4739,0.386942982673645,8.862809272734461e-16,OFFLOADED,1.0,No,1.0,0.0,0.0
4740,0.342658668756485,1.1936712784764302e-22,OFFLOADED,0.0,Yes,0.0,0.0,0.0
4741,0.25063762068748474,8.258162731925247e-76,OFFLOADED,1.0,No,1.0,1.0,1.0
4742,0.2728711664676666,6.2499825004613724e-52,OFFLOADED,1.0,No,1.0,1.0,1.0
4743,0.8746882081031799,0.9988110545155109,ACCEPTED,1.0,No,1.0,1.0,0.0
4744,0.3111708462238312,2.204731316164122e-31,OFFLOADED,1.0,No,1.0,0.0,0.0
4745,0.2672382891178131,9.044305866771918e-57,OFFLOADED,1.0,No,1.0,1.0,1.0
4746,0.5897607803344727,0.002641178896359586,OFFLOADED,1.0,No,1.0,1.0,0.0
4747,0.35239022970199585,4.568490519926441e-21,OFFLOADED,1.0,No,0.0,1.0,1.0
4748,0.9276980757713318,0.9999884287457315,ACCEPTED,0.0,Yes,0.0,0.0,0.0
4749,0.92109614610672,0.9999799147024181,ACCEPTED,0.0,Yes,0.0,0.0,0.0
4750,0.2683087885379791,7.183554818171295e-56,OFFLOADED,1.0,No,1.0,1.0,1.0
4751,0.2995516061782837,2.1453103253604792e-36,OFFLOADED,1.0,No,1.0,0.0,0.0
4752,0.36832934617996216,1.530615404178665e-18,OFFLOADED,1.0,No,1.0,1.0,0.0
4753,0.32229647040367126,9.448250414782136e-28,OFFLOADED,1.0,No,1.0,1.0,1.0
4754,0.2541775107383728,4.59599856998018e-72,OFFLOADED,1.0,No,1.0,1.0,1.0
4755,0.45599430799484253,3.2783686386001083e-09,OFFLOADED,1.0,No,1.0,1.0,0.0
4756,0.6242421269416809,0.025609585435348418,OFFLOADED,0.0,Yes,0.0,0.0,0.0
4757,0.29121896624565125,2.2558069295669965e-40,OFFLOADED,1.0,No,1.0,0.0,0.0
4758,0.7279511094093323,0.5947897921935038,ACCEPTED,1.0,No,1.0,1.0,0.0
4759,0.2841978371143341,2.5439421865787894e-44,OFFLOADED,1.0,No,1.0,1.0,1.0
4760,0.8704731464385986,0.9979087449418999,ACCEPTED,0.0,Yes,0.0,0.0,0.0
4761,0.3388954699039459,2.4709815186238974e-23,OFFLOADED,1.0,No,1.0,1.0,1.0
4762,0.25999295711517334,2.4290320164521373e-64,OFFLOADED,1.0,No,1.0,1.0,1.0
4763,0.8106457591056824,0.8981181151071793,ACCEPTED,1.0,No,1.0,1.0,1.0
4764,0.7133964896202087,0.4799285569498958,OFFLOADED,1.0,No,1.0,1.0,1.0
4765,0.8397542238235474,0.9630913992110967,ACCEPTED,0.0,Yes,0.0,0.0,0.0
4766,0.7266635894775391,0.5592718860138514,ACCEPTED,0.0,Yes,0.0,0.0,0.0
4767,0.36471953988075256,4.625901373801391e-19,OFFLOADED,1.0,No,0.0,1.0,1.0
4768,0.27075251936912537,6.714675541651168e-54,OFFLOADED,1.0,No,1.0,1.0,1.0
4769,0.2590861916542053,1.766560270966742e-65,OFFLOADED,1.0,No,0.0,1.0,1.0
4770,0.9057403802871704,0.999931109894965,ACCEPTED,0.0,Yes,0.0,0.0,0.0
4771,0.30098408460617065,9.693421449869462e-36,OFFLOADED,1.0,No,1.0,1.0,1.0
4772,0.8061114549636841,0.8788866319234103,ACCEPTED,0.0,Yes,0.0,0.0,0.0
4773,0.27181485295295715,4.1545960956700134e-53,OFFLOADED,1.0,No,1.0,1.0,1.0
4774,0.8526235818862915,0.9878704423632144,ACCEPTED,1.0,No,1.0,1.0,1.0
4775,0.36899712681770325,1.7413594281168033e-18,OFFLOADED,1.0,No,1.0,1.0,1.0
4776,0.25991225242614746,1.3729030181672456e-64,OFFLOADED,1.0,No,0.0,1.0,1.0
4777,0.28655678033828735,3.636215187408752e-43,OFFLOADED,1.0,No,1.0,0.0,0.0
4778,0.519853949546814,6.485480758471209e-06,OFFLOADED,1.0,No,1.0,1.0,1.0
4779,0.0,0.0,OFFLOADED,0.0,Yes,0.0,0.0,0.0
4780,0.9252144694328308,0.9999880936095815,ACCEPTED,0.0,Yes,0.0,0.0,0.0
4781,0.4672465920448303,2.0289491671843457e-08,OFFLOADED,0.0,Yes,0.0,0.0,0.0
4782,0.42318737506866455,1.0470532678700916e-11,OFFLOADED,1.0,No,1.0,1.0,1.0
4783,0.5931434035301208,0.0031471872202242066,OFFLOADED,1.0,No,1.0,0.0,0.0
4784,0.7153628468513489,0.49876089716541544,OFFLOADED,0.0,Yes,0.0,0.0,0.0
4785,0.47439703345298767,5.7544507130975416e-08,OFFLOADED,1.0,No,1.0,1.0,1.0
4786,0.2871159613132477,7.35953201246032e-43,OFFLOADED,1.0,No,1.0,0.0,0.0
4787,0.2784038186073303,2.2425022558826264e-48,OFFLOADED,1.0,No,1.0,0.0,0.0
4788,0.893598735332489,0.9997854881400476,ACCEPTED,0.0,Yes,0.0,0.0,0.0
4789,0.2874828577041626,1.2721749674466253e-42,OFFLOADED,1.0,No,1.0,1.0,1.0
4790,0.2881588339805603,2.9417615337347655e-42,OFFLOADED,1.0,No,1.0,1.0,1.0
4791,0.8793371915817261,0.999248537571271,ACCEPTED,1.0,No,1.0,1.0,1.0
4792,0.0,0.0,OFFLOADED,0.0,Yes,0.0,0.0,0.0
4793,0.3624991774559021,1.912034771494234e-19,OFFLOADED,1.0,No,0.0,1.0,1.0
4794,0.2693553566932678,2.1832584450674707e-55,OFFLOADED,1.0,No,1.0,1.0,0.0
4795,0.261229008436203,9.573993050519152e-63,OFFLOADED,1.0,No,1.0,1.0,0.0
4796,0.2917105555534363,2.4376920851401925e-40,OFFLOADED,1.0,No,1.0,0.0,0.0
4797,0.2921324372291565,3.705990514036783e-40,OFFLOADED,1.0,No,1.0,1.0,1.0
4798,0.2597927749156952,4.522275700682049e-65,OFFLOADED,1.0,No,1.0,1.0,1.0
4799,0.3018253743648529,1.93158032703295e-35,OFFLOADED,1.0,No,1.0,1.0,1.0
4800,0.30139726400375366,1.0390577371048048e-35,OFFLOADED,1.0,No,1.0,0.0,1.0
4801,0.27083688974380493,3.054719102604327e-54,OFFLOADED,1.0,No,1.0,1.0,1.0
4802,0.5333318710327148,2.4127181907471045e-05,OFFLOADED,1.0,No,1.0,1.0,1.0
4803,0.7162890434265137,0.5206730075200348,OFFLOADED,1.0,No,1.0,1.0,1.0
4804,0.26367703080177307,1.9225773514558634e-60,OFFLOADED,1.0,No,1.0,0.0,1.0
4805,0.26108524203300476,3.7166454991155345e-63,OFFLOADED,1.0,No,0.0,1.0,1.0
4806,0.9397769570350647,0.999996173710814,ACCEPTED,0.0,Yes,0.0,0.0,0.0
4807,0.2714792490005493,9.021658615069494e-54,OFFLOADED,1.0,No,0.0,1.0,1.0
4808,0.0,0.0,OFFLOADED,0.0,Yes,0.0,0.0,0.0
4809,0.0,0.0,OFFLOADED,0.0,Yes,0.0,0.0,0.0
4810,0.2577475905418396,8.480653798501048e-68,OFFLOADED,1.0,No,1.0,1.0,1.0
4811,0.2548719048500061,5.297664425332837e-72,OFFLOADED,1.0,No,1.0,0.0,1.0
4812,0.32277801632881165,8.217827061372717e-28,OFFLOADED,1.0,No,1.0,1.0,1.0
4813,0.47591662406921387,6.005334385816141e-08,OFFLOADED,1.0,No,1.0,0.0,0.0
4814,0.5199952721595764,5.513784621894605e-06,OFFLOADED,1.0,No,0.0,1.0,0.0
4815,0.2702263295650482,6.713405122178165e-55,OFFLOADED,1.0,No,1.0,0.0,0.0
4816,0.0,0.0,OFFLOADED,0.0,Yes,0.0,0.0,0.0
4817,0.36273419857025146,1.5937376770068512e-19,OFFLOADED,1.0,No,1.0,1.0,1.0
4818,0.31793496012687683,1.890619523906783e-29,OFFLOADED,1.0,No,1.0,1.0,1.0
4819,0.0,0.0,OFFLOADED,0.0,Yes,0.0,0.0,0.0
4820,0.327640175819397,2.9260819478618344e-26,OFFLOADED,1.0,No,0.0,1.0,1.0
4821,0.26379311084747314,1.4582454188769594e-60,OFFLOADED,1.0,No,1.0,1.0,1.0
4822,0.4570487141609192,2.796646678685446e-09,OFFLOADED,0.0,Yes,0.0,0.0,0.0
4823,0.29169005155563354,1.2915110037060363e-40,OFFLOADED,1.0,No,0.0,1.0,0.0
4824,0.2723867893218994,3.5450622013606656e-53,OFFLOADED,1.0,No,0.0,1.0,0.0
4825,0.30956172943115234,1.9715083623926744e-32,OFFLOADED,1.0,No,1.0,1.0,0.0
4826,0.26703253388404846,5.46803070257006e-58,OFFLOADED,1.0,No,1.0,0.0,0.0
4827,0.8667954206466675,0.9970802694111837,ACCEPTED,0.0,Yes,0.0,0.0,0.0
4828,0.26523327827453613,2.4203766175052106e-59,OFFLOADED,1.0,No,0.0,1.0,0.0
4829,0.8566097617149353,0.9911739740043729,ACCEPTED,0.0,Yes,0.0,0.0,0.0
4830,0.3856527805328369,3.629602930181906e-16,OFFLOADED,1.0,No,0.0,1.0,1.0
4831,0.3433694839477539,6.896622912031189e-23,OFFLOADED,1.0,No,1.0,1.0,1.0
4832,0.2599065899848938,1.686485237081136e-65,OFFLOADED,1.0,No,1.0,1.0,1.0
4833,0.30246567726135254,2.140124812196376e-35,OFFLOADED,1.0,No,1.0,1.0,1.0
4834,0.2635459303855896,5.6870655828786524e-61,OFFLOADED,1.0,No,1.0,0.0,0.0
4835,0.6380477547645569,0.05950937043540057,OFFLOADED,0.0,Yes,0.0,0.0,0.0
4836,0.3129860758781433,3.996291787182775e-31,OFFLOADED,1.0,No,1.0,0.0,0.0
4837,0.251228392124176,2.429655922143236e-77,OFFLOADED,1.0,No,0.0,1.0,1.0
4838,0.8789586424827576,0.9992454518361304,ACCEPTED,1.0,No,1.0,1.0,0.0
4839,0.2628392279148102,1.2920569039368297e-61,OFFLOADED,1.0,No,1.0,1.0,1.0
4840,0.27093806862831116,1.5665691220950656e-54,OFFLOADED,1.0,No,1.0,1.0,1.0
4841,0.25463297963142395,7.701875604123976e-73,OFFLOADED,1.0,No,1.0,1.0,1.0
4842,0.5182870626449585,4.693500494170471e-06,OFFLOADED,1.0,No,1.0,1.0,1.0
4843,0.3356449007987976,3.2220817558634117e-24,OFFLOADED,1.0,No,1.0,0.0,0.0
4844,0.26448485255241394,3.5608087271747987e-60,OFFLOADED,1.0,No,1.0,1.0,1.0
4845,0.8778384327888489,0.9991159746282394,ACCEPTED,0.0,Yes,0.0,0.0,0.0
4846,0.2548137605190277,1.0768538189694186e-72,OFFLOADED,1.0,No,1.0,1.0,1.0
4847,0.8840318322181702,0.9995454629529231,ACCEPTED,0.0,Yes,0.0,0.0,0.0
4848,0.26818567514419556,4.062138545267021e-57,OFFLOADED,1.0,No,0.0,1.0,0.0
4849,0.3517475426197052,1.6359596479249886e-21,OFFLOADED,1.0,No,0.0,1.0,1.0
4850,0.26887083053588867,1.9349208224891897e-56,OFFLOADED,1.0,No,1.0,1.0,1.0
4851,0.33023950457572937,1.355064112007238e-25,OFFLOADED,1.0,No,1.0,1.0,1.0
4852,0.5215330123901367,6.1645458165314405e-06,OFFLOADED,1.0,No,1.0,1.0,1.0
4853,0.4922642409801483,5.543464343036112e-07,OFFLOADED,0.0,Yes,0.0,0.0,0.0
4854,0.3223954737186432,3.480183604660157e-28,OFFLOADED,1.0,No,1.0,0.0,1.0
4855,0.36911168694496155,1.1838763394090738e-18,OFFLOADED,1.0,No,1.0,1.0,0.0
4856,0.2600388526916504,1.1295478029223304e-65,OFFLOADED,1.0,No,1.0,1.0,1.0
4857,0.25234654545783997,1.705660754139618e-76,OFFLOADED,1.0,No,1.0,0.0,0.0
4858,0.3410933017730713,2.725896017600706e-23,OFFLOADED,1.0,No,1.0,0.0,0.0
4859,0.5389206409454346,4.460311214612445e-05,OFFLOADED,1.0,No,0.0,0.0,1.0
4860,0.2501501142978668,7.390829474530633e-78,OFFLOADED,1.0,No,1.0,1.0,1.0
4861,0.26197654008865356,6.473010624379783e-63,OFFLOADED,1.0,No,1.0,1.0,1.0
4862,0.3080945611000061,2.8533173679774845e-33,OFFLOADED,1.0,No,1.0,1.0,1.0
4863,0.3894473612308502,1.15733025839556e-15,OFFLOADED,1.0,No,1.0,1.0,1.0
4864,0.34258243441581726,3.97131520699762e-23,OFFLOADED,1.0,No,1.0,0.0,0.0
4865,0.47027328610420227,2.511984229247865e-08,OFFLOADED,1.0,No,1.0,0.0,0.0
4866,0.5243877172470093,7.792497190251014e-06,OFFLOADED,1.0,No,1.0,1.0,0.0
4867,0.4004490375518799,1.781276151161029e-14,OFFLOADED,1.0,No,0.0,1.0,1.0
4868,0.3574371337890625,1.2490758683414391e-20,OFFLOADED,1.0,No,0.0,1.0,1.0
4869,0.7193562984466553,0.5295462949452259,OFFLOADED,1.0,No,1.0,1.0,0.0
4870,0.8613356351852417,0.9948443998198826,ACCEPTED,1.0,No,1.0,1.0,1.0
4871,0.3444298803806305,5.137349053781313e-23,OFFLOADED,1.0,No,1.0,1.0,1.0
4872,0.5382564663887024,3.739040314538098e-05,OFFLOADED,0.0,Yes,0.0,0.0,0.0
4873,0.3538111746311188,2.964736519732933e-21,OFFLOADED,1.0,No,1.0,1.0,1.0
4874,0.9556970596313477,0.9999983832162809,ACCEPTED,0.0,Yes,0.0,0.0,0.0
4875,0.28735876083374023,1.3633134091066447e-43,OFFLOADED,1.0,No,1.0,1.0,1.0
4876,0.43693387508392334,1.0160923086947327e-10,OFFLOADED,1.0,No,1.0,1.0,1.0
4877,0.3311569392681122,1.279318736320252e-25,OFFLOADED,1.0,No,1.0,1.0,0.0
4878,0.2719447910785675,3.3972231074995503e-54,OFFLOADED,1.0,No,1.0,1.0,1.0
4879,0.2566852271556854,1.514127048052401e-70,OFFLOADED,1.0,No,1.0,1.0,1.0
4880,0.2881932556629181,3.686225866624235e-43,OFFLOADED,1.0,No,1.0,1.0,1.0
4881,0.31729355454444885,3.985865746169673e-30,OFFLOADED,1.0,No,1.0,1.0,1.0
4882,0.8426227569580078,0.9720030121268106,ACCEPTED,0.0,Yes,0.0,0.0,0.0
4883,0.29075607657432556,9.597924193472797e-42,OFFLOADED,1.0,No,1.0,1.0,1.0
4884,0.25765085220336914,3.571054796970263e-69,OFFLOADED,1.0,No,1.0,1.0,1.0
4885,0.27618885040283203,3.5478858278548844e-51,OFFLOADED,1.0,No,1.0,1.0,1.0
4886,0.7102558612823486,0.444138627525977,OFFLOADED,0.0,Yes,0.0,0.0,0.0
4887,0.25279656052589417,3.212242377175623e-76,OFFLOADED,1.0,No,0.0,1.0,1.0
4888,0.43516916036605835,7.169696714948518e-11,OFFLOADED,1.0,No,1.0,1.0,1.0
4889,0.25348639488220215,3.3733811548043003e-75,OFFLOADED,1.0,No,0.0,1.0,1.0
4890,0.257809042930603,5.436605804248009e-69,OFFLOADED,1.0,No,1.0,1.0,1.0
4891,0.28844520449638367,4.264089133213558e-43,OFFLOADED,1.0,No,0.0,1.0,1.0
4892,0.29905012249946594,9.438324618609171e-38,OFFLOADED,1.0,No,1.0,1.0,0.0
4893,0.3082897663116455,1.7937296691498582e-33,OFFLOADED,1.0,No,0.0,1.0,1.0
4894,0.2586035430431366,5.272999276626038e-68,OFFLOADED,0.0,Yes,0.0,0.0,0.0
4895,0.25522759556770325,7.380285979939462e-73,OFFLOADED,1.0,No,0.0,1.0,0.0
4896,0.25882768630981445,9.984437825623316e-68,OFFLOADED,1.0,No,1.0,1.0,1.0
4897,0.7300558686256409,0.5970435927394483,OFFLOADED,1.0,No,1.0,1.0,1.0
4898,0.3294892907142639,3.4452580431816576e-26,OFFLOADED,1.0,No,1.0,1.0,1.0
4899,0.5687552094459534,0.0005025543434098417,OFFLOADED,1.0,No,1.0,0.0,0.0
4900,0.2718248963356018,1.4063731975758482e-54,OFFLOADED,1.0,No,1.0,1.0,1.0
4901,0.276827871799469,7.738131918758568e-51,OFFLOADED,1.0,No,1.0,1.0,1.0
4902,0.2530720829963684,4.4248422672553283e-76,OFFLOADED,1.0,No,1.0,1.0,1.0
4903,0.3065069317817688,2.2882527184088405e-34,OFFLOADED,1.0,No,0.0,1.0,1.0
4904,0.5629940032958984,0.0002962893678615359,OFFLOADED,1.0,No,0.0,1.0,1.0
4905,0.27267730236053467,6.575503757072567e-54,OFFLOADED,1.0,No,1.0,1.0,1.0
4906,0.6018156409263611,0.005654903873234516,OFFLOADED,0.0,Yes,0.0,0.0,0.0
4907,0.2712419331073761,3.8080903454203396e-55,OFFLOADED,1.0,No,1.0,1.0,1.0
4908,0.25629711151123047,1.4503031509136918e-71,OFFLOADED,1.0,No,1.0,1.0,1.0
4909,0.2580791711807251,6.6143078945062e-69,OFFLOADED,1.0,No,1.0,1.0,0.0
4910,0.962683916091919,0.9999989060291681,ACCEPTED,0.0,Yes,0.0,0.0,0.0
4911,0.644385039806366,0.08059286664237161,OFFLOADED,0.0,Yes,0.0,0.0,0.0
4912,0.3002290427684784,3.384965092745654e-37,OFFLOADED,1.0,No,1.0,1.0,1.0
4913,0.5781493186950684,0.0013134846299988343,OFFLOADED,1.0,No,1.0,1.0,1.0
4914,0.2670494318008423,4.468319344966366e-59,OFFLOADED,1.0,No,1.0,1.0,1.0
4915,0.5235658288002014,6.4958183830463065e-06,OFFLOADED,1.0,No,1.0,1.0,1.0
4916,0.261624276638031,4.4486079439886056e-64,OFFLOADED,1.0,No,1.0,1.0,1.0
4917,0.27094414830207825,1.6840971643504756e-55,OFFLOADED,1.0,No,1.0,1.0,1.0
4918,0.80812007188797,0.8890903564958264,OFFLOADED,1.0,No,1.0,1.0,0.0
4919,0.847011923789978,0.9794363390292847,ACCEPTED,1.0,No,1.0,1.0,1.0
4920,0.2652505338191986,1.629254836639379e-60,OFFLOADED,1.0,No,1.0,1.0,1.0
4921,0.47446921467781067,3.512442671469554e-08,OFFLOADED,1.0,No,1.0,1.0,1.0
4922,0.2544221580028534,1.6489950603098731e-74,OFFLOADED,1.0,No,1.0,1.0,1.0
4923,0.5504893064498901,0.00011461331585591512,OFFLOADED,1.0,No,1.0,1.0,1.0
4924,0.9232915639877319,0.9999871980161634,ACCEPTED,1.0,No,1.0,1.0,1.0
4925,0.2516118288040161,8.823708557057383e-79,OFFLOADED,1.0,No,1.0,1.0,1.0
4926,0.2569238245487213,6.800257031434896e-71,OFFLOADED,1.0,No,1.0,1.0,1.0
4927,0.3050011098384857,5.075991773596616e-35,OFFLOADED,1.0,No,0.0,1.0,1.0
4928,0.3057703673839569,9.235375229638607e-35,OFFLOADED,0.0,Yes,0.0,0.0,0.0
4929,0.9260380268096924,0.9999897652077877,ACCEPTED,1.0,No,1.0,1.0,1.0
4930,0.4082043766975403,8.937111390025167e-14,OFFLOADED,1.0,No,1.0,1.0,1.0
4931,0.4237919747829437,5.3996610291841665e-12,OFFLOADED,0.0,Yes,0.0,0.0,0.0
4932,0.9391308426856995,0.9999961407271173,ACCEPTED,0.0,Yes,0.0,0.0,0.0
4933,0.2772153913974762,1.1571565123911529e-50,OFFLOADED,1.0,No,1.0,1.0,1.0
4934,0.2522726356983185,6.299284436924399e-78,OFFLOADED,1.0,No,1.0,1.0,1.0
4935,0.8292809724807739,0.9441760260042672,ACCEPTED,0.0,Yes,0.0,0.0,0.0
4936,0.25172916054725647,9.515388925626495e-79,OFFLOADED,1.0,No,1.0,0.0,1.0
4937,0.38373199105262756,9.58489458487922e-17,OFFLOADED,1.0,No,1.0,0.0,1.0
4938,0.26698052883148193,2.5936518287927644e-59,OFFLOADED,1.0,No,1.0,0.0,0.0
4939,0.2899514436721802,1.6759990857251753e-42,OFFLOADED,1.0,No,1.0,1.0,1.0
4940,0.4064864218235016,5.2160081239422364e-14,OFFLOADED,1.0,No,1.0,0.0,0.0
4941,0.3921552896499634,1.3768100828410873e-15,OFFLOADED,1.0,No,1.0,0.0,0.0
4942,0.25443142652511597,1.0069495999048823e-74,OFFLOADED,1.0,No,1.0,0.0,0.0
4943,0.49901583790779114,8.295760409877073e-07,OFFLOADED,1.0,No,0.0,1.0,1.0
4944,0.33784371614456177,2.1258551218950353e-24,OFFLOADED,1.0,No,1.0,0.0,0.0
4945,0.43607282638549805,5.887737050597914e-11,OFFLOADED,1.0,No,1.0,1.0,0.0
4946,0.5291664600372314,1.1521879687400296e-05,OFFLOADED,0.0,Yes,0.0,0.0,0.0
4947,0.25170621275901794,5.2946391590868246e-79,OFFLOADED,1.0,No,1.0,1.0,0.0
4948,0.8871336579322815,0.9996436687807005,ACCEPTED,0.0,Yes,0.0,0.0,0.0
4949,0.4002488851547241,1.0199171437882834e-14,OFFLOADED,0.0,Yes,0.0,0.0,0.0
4950,0.29321956634521484,9.410091175944783e-41,OFFLOADED,1.0,No,1.0,1.0,1.0
4951,0.2706823945045471,5.508015801879073e-56,OFFLOADED,1.0,No,1.0,0.0,0.0
4952,0.8358705639839172,0.9597754994186188,ACCEPTED,0.0,Yes,0.0,0.0,0.0
4953,0.0,0.0,OFFLOADED,0.0,Yes,0.0,0.0,0.0
4954,0.4093800485134125,1.242505111040097e-13,OFFLOADED,0.0,Yes,0.0,0.0,0.0
4955,0.6147180199623108,0.013910381198433982,OFFLOADED,0.0,Yes,0.0,0.0,0.0
4956,0.742145299911499,0.6544909882852923,OFFLOADED,1.0,No,1.0,1.0,0.0
4957,0.40464407205581665,3.3720413689475755e-14,OFFLOADED,1.0,No,1.0,1.0,1.0
4958,0.4050397574901581,3.477321027204902e-14,OFFLOADED,1.0,No,1.0,1.0,1.0
4959,0.0,0.0,OFFLOADED,0.0,Yes,0.0,0.0,0.0
4960,0.3211999535560608,3.328660242224991e-29,OFFLOADED,0.0,Yes,0.0,0.0,0.0
4961,0.9271399974822998,0.9999916787411776,ACCEPTED,0.0,Yes,0.0,0.0,0.0
4962,0.7071115970611572,0.4162957266107127,ACCEPTED,1.0,No,1.0,1.0,1.0
4963,0.2582626938819885,4.3526233402571504e-69,OFFLOADED,1.0,No,1.0,1.0,1.0
4964,0.7865186333656311,0.7920857827280622,ACCEPTED,0.0,Yes,0.0,0.0,0.0
4965,0.31058835983276367,7.344635377383507e-33,OFFLOADED,1.0,No,1.0,1.0,1.0
4966,0.9155514240264893,0.9999774619132138,ACCEPTED,1.0,No,1.0,1.0,1.0
4967,0.29925593733787537,5.183854715962491e-38,OFFLOADED,1.0,No,1.0,1.0,1.0
4968,0.2668134570121765,1.1719219218006222e-59,OFFLOADED,1.0,No,0.0,1.0,1.0
4969,0.2717297673225403,4.210621497144321e-55,OFFLOADED,1.0,No,1.0,1.0,1.0
4970,0.26729726791381836,2.8543021737828466e-59,OFFLOADED,1.0,No,1.0,1.0,1.0
4971,0.30219557881355286,2.2533762346461577e-36,OFFLOADED,1.0,No,1.0,0.0,0.0
4972,0.28530213236808777,1.7697024837313095e-45,OFFLOADED,1.0,No,1.0,1.0,1.0
4973,0.35816800594329834,9.873391120370065e-21,OFFLOADED,1.0,No,1.0,0.0,1.0
4974,0.2652747631072998,5.449918939788256e-61,OFFLOADED,1.0,No,1.0,0.0,0.0
4975,0.26083195209503174,1.0759823181087378e-65,OFFLOADED,1.0,No,1.0,1.0,1.0
4976,0.2834579646587372,1.3537286244097101e-46,OFFLOADED,1.0,No,1.0,0.0,0.0
4977,0.47674107551574707,4.4394773961637066e-08,OFFLOADED,1.0,No,1.0,1.0,1.0
4978,0.5454044342041016,7.505130187936285e-05,OFFLOADED,0.0,Yes,0.0,0.0,0.0
4979,0.422799676656723,4.442484913287531e-12,OFFLOADED,1.0,No,1.0,0.0,0.0
4980,0.5563234686851501,0.00017545115061272682,OFFLOADED,1.0,No,1.0,0.0,0.0
4981,0.3310438394546509,5.300189827173884e-26,OFFLOADED,1.0,No,1.0,1.0,1.0
4982,0.3045349717140198,2.0819636999370545e-35,OFFLOADED,1.0,No,0.0,1.0,0.0
4983,0.9322218894958496,0.9999946881816792,ACCEPTED,0.0,Yes,0.0,0.0,0.0
4984,0.27019697427749634,1.1161522344330793e-56,OFFLOADED,1.0,No,1.0,0.0,0.0
4985,0.39915189146995544,7.002719577820673e-15,OFFLOADED,1.0,No,1.0,1.0,0.0
4986,0.3634062111377716,6.390362524569705e-20,OFFLOADED,1.0,No,1.0,1.0,1.0
4987,0.4212106168270111,2.5315760954446737e-12,OFFLOADED,0.0,Yes,0.0,0.0,0.0
4988,0.3215084373950958,3.204412932157118e-29,OFFLOADED,1.0,No,0.0,1.0,1.0
4989,0.3516305387020111,4.2201051720734617e-22,OFFLOADED,1.0,No,1.0,0.0,0.0
4990,0.2750958502292633,1.1801058845332492e-52,OFFLOADED,1.0,No,1.0,1.0,1.0
4991,0.9416716694831848,0.999997388815084,ACCEPTED,1.0,No,1.0,1.0,1.0
4992,0.3480836749076843,7.653130206950308e-23,OFFLOADED,1.0,No,1.0,0.0,0.0
4993,0.28728437423706055,1.5810688544088206e-44,OFFLOADED,1.0,No,1.0,0.0,0.0
4994,0.2548597753047943,8.658031027655383e-75,OFFLOADED,1.0,No,1.0,1.0,1.0
4995,0.4896022379398346,3.2657627383856096e-07,OFFLOADED,0.0,Yes,0.0,0.0,0.0
4996,0.26625990867614746,1.6889560287106676e-60,OFFLOADED,1.0,No,1.0,1.0,0.0
4997,0.3269089162349701,2.2868006561436035e-27,OFFLOADED,1.0,No,0.0,1.0,0.0
4998,0.9042378067970276,0.999935735633796,ACCEPTED,0.0,Yes,0.0,0.0,0.0
4999,0.2791816294193268,1.322260040106439e-49,OFFLOADED,1.0,No,1.0,1.0,1.0
