Index,p_t,q_t,cluster_safety_t,q_cluster_t,Action,Y_t,Success,FP,FN,Misclassified,SSM decision,Weakest Link decision
0,0.26585614681243896,0.26585614681243896,0.30636725688478755,0.30636725688478755,OFFLOADED,1.0,No,1.0,1.0,1.0,False,False
1,0.9637613892555237,0.9632067830033523,1.0,1.0,ACCEPTED,0.0,Yes,0.0,0.0,0.0,True,True
2,0.25439348816871643,0.24415169738110637,0.19107449384243202,0.18342711148847127,OFFLOADED,1.0,No,0.0,1.0,0.0,False,False
3,0.2979348301887512,0.27779307803622233,0.7198584729565592,0.711910110098365,OFFLOADED,1.0,No,0.0,1.0,1.0,False,True
4,0.345176637172699,0.3157557372191385,0.923989521022817,0.9185450434752546,ACCEPTED,1.0,No,0.0,1.0,1.0,True,True
5,0.5436350107192993,0.5151024530013463,0.8189210581385075,0.8020240663277435,ACCEPTED,1.0,No,1.0,1.0,0.0,True,True
6,0.5530577301979065,0.5108744409767212,0.7766729303714783,0.7480686587574624,OFFLOADED,0.0,Yes,0.0,0.0,0.0,False,True
7,0.5625702142715454,0.5355932337907532,0.68468550388066,0.6626938557097017,ACCEPTED,1.0,No,1.0,1.0,1.0,True,True
8,0.2593642473220825,0.2133490779970168,0.3754845943596556,0.343886633776749,OFFLOADED,1.0,No,1.0,1.0,0.0,False,False
9,0.2560470998287201,0.2009579406780369,0.49880677681580404,0.45516493875916036,OFFLOADED,1.0,No,1.0,1.0,1.0,False,False
10,0.26373130083084106,0.19843416768981922,0.48726491997781174,0.4294650633499304,OFFLOADED,1.0,No,1.0,1.0,1.0,False,True
11,0.272605299949646,0.1976834743855835,0.7492727832707041,0.698540916948314,OFFLOADED,1.0,No,1.0,1.0,1.0,False,True
12,0.27001428604125977,0.18622533190283982,0.8482110337883549,0.8059344490991794,OFFLOADED,1.0,No,1.0,1.0,1.0,False,True
13,0.4782658517360687,0.399819547404534,0.6685090141290043,0.5891013316308129,ACCEPTED,1.0,No,1.0,1.0,1.0,True,True
14,0.32967469096183777,0.22930086790997914,0.9289557079534776,0.8986615177731794,ACCEPTED,0.0,Yes,0.0,0.0,0.0,True,True
15,0.42118319869041443,0.3345535353870701,0.556235935120851,0.4647429478674863,OFFLOADED,1.0,No,1.0,1.0,1.0,False,False
16,0.5973943471908569,0.5201588789076004,0.33606748602245246,0.2535564179909417,OFFLOADED,1.0,No,1.0,1.0,1.0,False,False
17,0.41891196370124817,0.31044928105808817,0.47449970198871777,0.3630775297697994,OFFLOADED,1.0,No,1.0,1.0,0.0,False,False
18,0.5691311359405518,0.4632200669799716,0.7581161916284559,0.6619017552092017,ACCEPTED,1.0,No,0.0,0.0,1.0,True,True
19,0.8816627264022827,0.8499532637124052,0.6829616712637403,0.5564231197849903,OFFLOADED,0.0,Yes,0.0,0.0,0.0,True,False
20,0.7879819273948669,0.735326773515419,0.9770653716790981,0.9668002527030629,OFFLOADED,1.0,No,1.0,1.0,0.0,False,True
21,0.37450551986694336,0.24661520735366663,0.6225864254689134,0.50355794510619,OFFLOADED,1.0,No,1.0,1.0,1.0,False,True
22,0.29038193821907043,0.164423626740249,0.6363345055576335,0.5042379760132134,OFFLOADED,1.0,No,1.0,1.0,1.0,False,True
23,0.2818906605243683,0.14997526720680335,0.5192944852752196,0.37185640763093825,ACCEPTED,1.0,No,1.0,1.0,1.0,True,True
24,0.2703932821750641,0.1342944671670432,0.7186121757232177,0.5781565313552155,OFFLOADED,1.0,No,1.0,1.0,1.0,False,True
25,0.2503828704357147,0.11670637498122445,0.2665259317614727,0.16248419587028043,OFFLOADED,1.0,No,1.0,1.0,1.0,True,False
26,0.7265478372573853,0.6283051304081665,0.8063681936373817,0.6862356366459035,OFFLOADED,1.0,No,1.0,1.0,1.0,False,True
27,0.2548733353614807,0.11047502764624857,0.18691140496531009,0.10469737228916799,OFFLOADED,1.0,No,1.0,1.0,1.0,True,False
28,0.40717190504074097,0.23171976723509122,0.5290380474127385,0.34238667730289846,OFFLOADED,1.0,No,1.0,1.0,1.0,False,False
29,0.3881216049194336,0.20454844006937664,0.6959910740459889,0.5100164021401756,ACCEPTED,0.0,Yes,0.0,0.0,0.0,True,True
30,0.6910274028778076,0.5647970965587022,0.7874214821777888,0.6481648908780283,OFFLOADED,0.0,Yes,0.0,0.0,0.0,False,True
31,0.5997812747955322,0.455406816561542,0.7035905106881369,0.5445013289127926,OFFLOADED,1.0,No,1.0,1.0,1.0,True,False
32,0.9289001226425171,0.9039322542137397,0.6591359401307426,0.4755867643171076,ACCEPTED,1.0,No,1.0,1.0,1.0,True,True
33,0.33293259143829346,0.16347573707167143,0.37812936008041786,0.21147844030071214,OFFLOADED,1.0,No,1.0,1.0,1.0,False,True
34,0.2549479901790619,0.09869346302044947,0.48830003071145217,0.28270615272122895,OFFLOADED,1.0,No,1.0,1.0,1.0,False,True
35,0.6055801510810852,0.43814002261803353,0.7674983857625879,0.5982788615143279,OFFLOADED,1.0,No,1.0,1.0,0.0,False,False
36,0.28152963519096375,0.10596927054752026,0.9008257986459346,0.814756876568445,OFFLOADED,1.0,No,1.0,1.0,0.0,False,True
37,0.35543912649154663,0.15949276071476498,0.7697901512267296,0.5816678231953987,OFFLOADED,1.0,No,1.0,1.0,1.0,False,False
38,0.4910355508327484,0.2829543592247949,0.7297779342817212,0.5082710976789433,OFFLOADED,1.0,No,0.0,1.0,1.0,False,False
39,0.5330115556716919,0.3178421956496315,0.5588472969400459,0.3079311868445222,OFFLOADED,1.0,No,1.0,1.0,1.0,True,False
40,0.35204312205314636,0.13726650797752465,0.5247878517164616,0.26609160667824644,OFFLOADED,1.0,No,1.0,1.0,1.0,False,True
41,0.2545405626296997,0.0714979604062086,0.30939262668238143,0.12766467578879115,OFFLOADED,1.0,No,1.0,1.0,1.0,True,False
42,0.2559645473957062,0.06821082328393828,0.20884388255994113,0.07828488317588801,OFFLOADED,1.0,No,1.0,1.0,1.0,False,False
43,0.8842488527297974,0.8188698119122145,0.8158062814709783,0.6158995108754683,OFFLOADED,0.0,Yes,0.0,0.0,0.0,True,False
44,0.7638370394706726,0.631628921296451,0.9447373751887171,0.8829021548631524,ACCEPTED,0.0,Yes,0.0,0.0,0.0,True,True
45,0.3786698281764984,0.14978717606029524,0.9722805287863824,0.9428753624780508,ACCEPTED,1.0,No,1.0,1.0,1.0,True,True
46,0.31693795323371887,0.09776771110191852,0.724925084996147,0.4755691347222022,OFFLOADED,0.0,Yes,0.0,0.0,0.0,False,False
47,0.2535310983657837,0.06607045830221389,0.3981578589408582,0.17426787012367367,OFFLOADED,1.0,No,1.0,1.0,1.0,True,False
48,0.25663962960243225,0.06358860056892866,0.4744339297012724,0.21436624240870106,OFFLOADED,1.0,No,1.0,1.0,1.0,False,False
49,0.25153687596321106,0.05873179125204136,0.48603509308458365,0.21258729238563634,OFFLOADED,1.0,No,1.0,1.0,1.0,False,False
50,0.2710472643375397,0.0634169388934053,0.40249470709244906,0.15388254180363103,OFFLOADED,1.0,No,1.0,1.0,1.0,False,False
51,0.9151860475540161,0.8752436694700237,0.754580590295754,0.5144112652429405,ACCEPTED,1.0,No,1.0,1.0,0.0,True,True
52,0.36912164092063904,0.1264395411691789,0.7781145000665368,0.5442506359781517,OFFLOADED,1.0,No,1.0,1.0,1.0,False,False
53,0.32062608003616333,0.08732228037048541,0.9637610086647025,0.91691515747391,OFFLOADED,0.0,Yes,0.0,0.0,0.0,False,True
54,0.30384817719459534,0.0803466760721091,0.27983379012367804,0.0865095066570308,OFFLOADED,1.0,No,1.0,1.0,1.0,False,False
55,0.2547134459018707,0.05032034015303289,0.46380288108846224,0.1690253250414306,OFFLOADED,1.0,No,1.0,1.0,1.0,False,False
56,0.2887030839920044,0.06370858584343099,0.8111376781361423,0.5902366758342783,OFFLOADED,1.0,No,1.0,0.0,0.0,False,True
57,0.2724905014038086,0.05169688008902994,0.8667519619516958,0.6948022169476402,OFFLOADED,1.0,No,1.0,0.0,0.0,False,True
58,0.25549736618995667,0.04283962672674107,0.5746080727964548,0.24329060410986278,OFFLOADED,1.0,No,1.0,1.0,1.0,False,False
59,0.25868597626686096,0.04148611298607466,0.5565485480085429,0.2151533587767884,OFFLOADED,1.0,No,1.0,1.0,0.0,False,False
60,0.2771086096763611,0.04669139090138292,0.8231696734497723,0.5792530071846623,OFFLOADED,1.0,No,1.0,0.0,0.0,False,True
61,0.40508174896240234,0.13702202963295543,0.49978771090602714,0.15755186957826872,OFFLOADED,1.0,No,0.0,1.0,1.0,False,False
62,0.28006455302238464,0.04341662220253732,0.43058944919065884,0.1165156943540229,OFFLOADED,1.0,No,0.0,1.0,1.0,False,False
63,0.25592073798179626,0.03265854649255839,0.434651611301293,0.11240200737503397,OFFLOADED,1.0,No,1.0,1.0,1.0,False,False
64,0.3623082935810089,0.0916785716713921,0.6056109452499385,0.23280540699286412,OFFLOADED,1.0,No,1.0,1.0,1.0,False,True
65,0.28872808814048767,0.041646203047252105,0.7435430776265721,0.39860329468769146,OFFLOADED,1.0,No,1.0,1.0,1.0,False,True
66,0.3375084102153778,0.06901746173398612,0.6170549090878337,0.22650418664560723,OFFLOADED,0.0,Yes,0.0,0.0,0.0,False,False
67,0.43769925832748413,0.15570200346330296,0.9855821845433775,0.9606908765302081,OFFLOADED,1.0,No,1.0,1.0,1.0,False,True
68,0.2872796654701233,0.03884966031192975,0.7196287795744213,0.35821982725772045,OFFLOADED,1.0,No,1.0,0.0,0.0,False,True
69,0.2912842035293579,0.03889380297702509,0.7190878020198295,0.3442114768546716,OFFLOADED,1.0,No,1.0,1.0,1.0,False,False
70,0.38123276829719543,0.0944620875838213,0.9042621765334822,0.7320850171559821,OFFLOADED,1.0,No,1.0,1.0,0.0,False,True
71,0.8479547500610352,0.7529472159567102,0.8612030596023834,0.6075743235971544,ACCEPTED,1.0,No,1.0,1.0,1.0,True,True
72,0.25014573335647583,0.02258281025888198,0.8303207930126518,0.521216065573433,OFFLOADED,1.0,No,1.0,1.0,0.0,False,True
73,0.33225423097610474,0.056873247900483655,0.6231631084310365,0.20996760387402003,OFFLOADED,1.0,No,1.0,1.0,1.0,False,True
74,0.3239637315273285,0.049567409270075635,0.3132472564549786,0.05251994098483345,OFFLOADED,1.0,No,0.0,1.0,1.0,True,False
75,0.25386887788772583,0.01942673814285726,0.2352758165260359,0.035229263998349976,OFFLOADED,1.0,No,1.0,1.0,1.0,False,False
76,0.8959904313087463,0.8230002249810129,1.0,1.0,ACCEPTED,0.0,Yes,0.0,0.0,0.0,True,True
77,0.3074598014354706,0.03735724197384577,0.5494780388661317,0.13631417525510695,OFFLOADED,1.0,No,1.0,0.0,0.0,False,False
78,0.3171733319759369,0.040773505346612976,0.8487326360607741,0.5388070017976092,OFFLOADED,1.0,No,1.0,1.0,0.0,False,True
79,0.2770995795726776,0.02107852310283969,0.4859747112403969,0.09178796354709297,OFFLOADED,1.0,No,1.0,1.0,1.0,False,False
80,0.2501760721206665,0.015377077839135935,1.0,1.0,OFFLOADED,1.0,No,1.0,0.0,0.0,False,True
81,0.7817273139953613,0.632713746510074,0.4295192463733565,0.06899239905226018,OFFLOADED,1.0,No,1.0,1.0,1.0,True,False
82,0.26988857984542847,0.016972017859504945,0.3255968316104662,0.04207399052038122,OFFLOADED,1.0,No,1.0,1.0,1.0,False,False
83,0.6892049312591553,0.46848798328322744,0.5989538538501383,0.15490512634314935,OFFLOADED,0.0,Yes,0.0,0.0,0.0,True,False
84,0.39450547099113464,0.08621555716027501,0.5113025546261083,0.09830276328468819,OFFLOADED,1.0,No,1.0,1.0,1.0,False,False
85,0.27436596155166626,0.016641770280700997,0.648460128944351,0.2028595144076325,OFFLOADED,1.0,No,1.0,1.0,0.0,False,False
86,0.8722785115242004,0.7864847494471927,0.9220813172388856,0.7389770706795203,OFFLOADED,0.0,Yes,0.0,0.0,0.0,False,True
87,0.3066078722476959,0.02811579929149904,0.5232803960026323,0.09683262129075548,OFFLOADED,1.0,No,1.0,1.0,1.0,False,False
88,0.3246650695800781,0.03578762758700547,0.4696688415432468,0.06908242265452409,OFFLOADED,1.0,No,1.0,1.0,1.0,False,False
89,0.4236096441745758,0.10480724158577144,0.38384355742867826,0.04487140758138293,OFFLOADED,1.0,No,1.0,1.0,1.0,False,False
90,0.3473762273788452,0.04341483828767664,0.5220611443650209,0.08529251444155145,OFFLOADED,1.0,No,1.0,1.0,1.0,False,False
91,0.5599762201309204,0.26197893696535,0.9826599264050154,0.9397428895402893,ACCEPTED,0.0,Yes,0.0,0.0,0.0,True,True
92,0.2991967797279358,0.020599018667728966,0.5882925076372784,0.12990573052945184,OFFLOADED,1.0,No,1.0,1.0,0.0,False,True
93,0.2821657657623291,0.014215039345699952,0.30176283447647256,0.026436182519368117,OFFLOADED,1.0,No,1.0,1.0,1.0,False,False
94,0.6370915770530701,0.3950480779384412,0.8359233731036952,0.47989368930509146,OFFLOADED,1.0,No,1.0,1.0,0.0,False,True
95,0.26477834582328796,0.010186632458423025,0.5713891569267674,0.1050460184130258,OFFLOADED,1.0,No,1.0,1.0,1.0,False,False
96,0.3920290172100067,0.06857319721341551,0.24218142104674226,0.017451801880054137,OFFLOADED,1.0,No,1.0,1.0,1.0,False,False
97,0.33135393261909485,0.029603755513854697,0.7631620448811443,0.3108722572073937,OFFLOADED,1.0,No,0.0,1.0,1.0,False,True
98,0.3661381006240845,0.04557970137450236,0.40000240714806506,0.03430081321237613,OFFLOADED,1.0,No,0.0,1.0,1.0,False,False
99,0.4793521463871002,0.15086750774940863,0.4275398475666907,0.03735727039056579,OFFLOADED,1.0,No,1.0,1.0,1.0,False,False
100,0.2565646469593048,0.007114771382052468,0.4438987729771821,0.03869110353439911,OFFLOADED,1.0,No,0.0,1.0,1.0,False,False
101,0.25620755553245544,0.006691936266624528,0.592946000569481,0.10604258813216723,OFFLOADED,1.0,No,1.0,0.0,0.0,False,False
102,0.6692644953727722,0.4288244418583162,0.7344830806175048,0.24532185258159894,OFFLOADED,1.0,No,0.0,1.0,1.0,False,False
103,0.36065322160720825,0.03612279697711179,0.5388138751030285,0.06264364967845869,OFFLOADED,1.0,No,1.0,1.0,1.0,False,True
104,0.25471553206443787,0.005704931818005328,0.25332032814731253,0.012167009708664191,OFFLOADED,1.0,No,1.0,1.0,1.0,False,False
105,0.8619072437286377,0.7614824124432884,1.0,1.0,ACCEPTED,0.0,Yes,0.0,0.0,0.0,True,True
106,0.27033886313438416,0.006605428723745024,0.903198757917162,0.6515760445332577,OFFLOADED,0.0,Yes,0.0,0.0,0.0,False,True
107,0.8078591227531433,0.6673205318925168,0.9559548337882585,0.8520801980113958,OFFLOADED,1.0,No,1.0,1.0,0.0,True,False
108,0.3322720527648926,0.022548993500140963,0.758602626887913,0.2715063419381644,OFFLOADED,0.0,Yes,0.0,0.0,0.0,False,False
109,0.888700544834137,0.8133778357820725,0.7665816527625282,0.29791737253753864,OFFLOADED,1.0,No,1.0,1.0,1.0,False,False
110,0.5622039437294006,0.23883082992172663,0.7886480042363136,0.3330942515858984,OFFLOADED,1.0,No,1.0,1.0,1.0,False,False
111,0.2679409682750702,0.00665010879620439,0.3349428689517236,0.01701077225364981,OFFLOADED,1.0,No,1.0,1.0,1.0,False,False
112,0.32548999786376953,0.019900770801988342,0.48797956743482984,0.0378428037845304,OFFLOADED,1.0,No,1.0,1.0,1.0,False,False
113,0.0,0.0,0.8649810768813893,0.5149656050992348,OFFLOADED,0.0,Yes,0.0,0.0,0.0,False,True
114,0.25090768933296204,0.004959868354915159,0.6252260858760854,0.1149540303401068,OFFLOADED,1.0,No,0.0,1.0,1.0,False,False
115,0.8869134783744812,0.798332492255201,0.9696971500982055,0.8912171345718678,ACCEPTED,0.0,Yes,0.0,0.0,0.0,True,True
116,0.0,0.0,0.4875991223508624,0.035048254490896706,OFFLOADED,0.0,Yes,0.0,0.0,0.0,False,False
117,0.31327369809150696,0.014984331059474798,0.9444313016623194,0.812348896434253,OFFLOADED,1.0,No,1.0,1.0,1.0,False,True
118,0.30266496539115906,0.011194448216659847,0.16269490627525401,0.006259897168540411,OFFLOADED,1.0,No,1.0,1.0,1.0,False,False
119,0.38530585169792175,0.04460871005121526,0.5888618374958697,0.08326918360525856,OFFLOADED,1.0,No,1.0,1.0,1.0,False,True
120,0.2786966860294342,0.00582042315999493,0.42781448825022755,0.02394759939806236,OFFLOADED,1.0,No,1.0,1.0,1.0,False,False
121,0.26034945249557495,0.004098918526844016,0.3874930306659935,0.01812679828159722,OFFLOADED,1.0,No,1.0,1.0,1.0,False,False
122,0.6049360036849976,0.28744448565070335,0.481788548108209,0.030846456126872045,OFFLOADED,0.0,Yes,0.0,0.0,0.0,True,False
123,0.2536226212978363,0.003754602924690701,0.2670579539152317,0.00952813408212375,OFFLOADED,1.0,No,1.0,1.0,1.0,False,False
124,0.2525292932987213,0.0035220093673269033,0.8336849633001747,0.4244872945423171,OFFLOADED,1.0,No,1.0,0.0,0.0,False,True
125,0.2641153633594513,0.0038331938339689494,0.9391800303308259,0.7785441130129122,OFFLOADED,1.0,No,0.0,0.0,1.0,False,True
126,0.6629723906517029,0.39845101806083594,0.48483570975870277,0.03124697876107919,OFFLOADED,1.0,No,1.0,1.0,1.0,True,False
127,0.8152262568473816,0.6605162490426286,0.9662509535597196,0.8704678796985973,OFFLOADED,0.0,Yes,0.0,0.0,0.0,True,False
128,0.44939714670181274,0.09699472159582816,0.8983857669075261,0.6239676986053999,OFFLOADED,1.0,No,1.0,1.0,0.0,False,True
129,0.258976548910141,0.0031238902576298795,0.3032917550920453,0.009722546399066272,OFFLOADED,1.0,No,1.0,1.0,1.0,False,False
130,0.2664983868598938,0.003340460213679112,0.6750892649746962,0.14113556942571434,OFFLOADED,1.0,No,1.0,1.0,1.0,False,False
131,0.8872183561325073,0.81225141784259,0.7226450763992518,0.1832527984434933,OFFLOADED,0.0,Yes,0.0,0.0,0.0,True,False
132,0.27001312375068665,0.0034172244277835165,0.14850282453769245,0.003803927481628706,OFFLOADED,1.0,No,1.0,1.0,1.0,False,False
133,0.25289538502693176,0.002489241671591457,0.3913015409227268,0.015164746467553981,OFFLOADED,1.0,No,0.0,1.0,1.0,False,False
134,0.533891499042511,0.19101865537774593,0.9273895106395905,0.7220706941769016,OFFLOADED,1.0,No,0.0,0.0,1.0,False,True
135,0.2934719920158386,0.005837098320182826,0.3721338140668542,0.01260338566232096,OFFLOADED,1.0,No,1.0,1.0,1.0,False,False
136,0.7196115255355835,0.49229766864599434,0.7322766183805278,0.19935016705749628,OFFLOADED,1.0,No,1.0,1.0,1.0,False,False
137,0.25132420659065247,0.0020335693291211676,0.17795310602413214,0.00365230099297042,OFFLOADED,1.0,No,1.0,1.0,1.0,False,False
138,0.46589288115501404,0.10104651374382752,0.449771703988375,0.019203329682900134,OFFLOADED,1.0,No,1.0,1.0,0.0,False,False
139,0.3235226571559906,0.0115835101219322,0.8614321363641787,0.4683841441460098,OFFLOADED,1.0,No,0.0,1.0,1.0,False,False
140,0.2882787883281708,0.003950597511392136,0.33911245360682074,0.0083479807068677,OFFLOADED,1.0,No,1.0,1.0,1.0,False,False
141,0.3003024756908417,0.00558575016017535,0.8464183744433375,0.4070209580262548,OFFLOADED,1.0,No,1.0,1.0,0.0,False,False
142,0.0,0.0,0.7907219142576353,0.2697191461916167,OFFLOADED,0.0,Yes,0.0,0.0,0.0,False,False
143,0.39102378487586975,0.03650311797550822,0.6112370475214991,0.07604458639127648,OFFLOADED,1.0,No,1.0,1.0,1.0,False,False
144,0.31528109312057495,0.007997159423142048,0.9629857857462418,0.8458518331819663,OFFLOADED,1.0,No,0.0,0.0,1.0,False,True
145,0.3230973184108734,0.009289276010824798,0.518040806038842,0.029022944377148006,OFFLOADED,1.0,No,1.0,0.0,0.0,False,False
146,0.0,0.0,0.6087499557579273,0.06831779835896439,OFFLOADED,0.0,Yes,0.0,0.0,0.0,False,False
147,0.25154051184654236,0.0012893032845261527,0.4791820062604179,0.02039083654968325,OFFLOADED,1.0,No,1.0,1.0,0.0,False,False
148,0.5558156967163086,0.19754857371354242,0.42713134268584274,0.012725647649883596,OFFLOADED,1.0,No,1.0,1.0,1.0,False,False
149,0.3139341175556183,0.006465889892227021,0.5497550510918715,0.03836786591909095,OFFLOADED,1.0,No,1.0,1.0,1.0,False,False
150,0.7122718691825867,0.4531721283221047,0.6665125444118847,0.11178910836100692,OFFLOADED,1.0,No,1.0,1.0,1.0,False,False
151,0.34958645701408386,0.01438779712575778,0.768869938210406,0.2267358002569641,OFFLOADED,1.0,No,1.0,1.0,1.0,False,False
152,0.2714208960533142,0.0014159389128438249,0.2436096272169479,0.003213814614549512,OFFLOADED,1.0,No,1.0,1.0,1.0,False,False
153,0.7398840188980103,0.49237294150392463,0.5948877987720816,0.05384040020278998,OFFLOADED,0.0,Yes,0.0,0.0,0.0,True,False
154,0.25322601199150085,0.000982271936411636,0.8052014911096841,0.2901671199368627,OFFLOADED,1.0,No,1.0,1.0,1.0,False,True
155,0.9368590712547302,0.8917996735972317,0.9869044706992537,0.9392802386004905,ACCEPTED,0.0,Yes,0.0,0.0,0.0,True,True
156,0.25572866201400757,0.0009548405765189983,0.6629624924386661,0.09752433459240888,OFFLOADED,1.0,No,1.0,1.0,1.0,False,False
157,0.3683893084526062,0.020225788727601817,0.45310239300528576,0.012195239868931378,OFFLOADED,1.0,No,1.0,1.0,1.0,False,False
158,0.32458245754241943,0.007202021833862969,0.4280712149551609,0.009281639975708994,OFFLOADED,1.0,No,1.0,1.0,1.0,False,False
159,0.2685306966304779,0.0010498361730599808,0.29446722113751417,0.0035504038907529316,OFFLOADED,1.0,No,1.0,1.0,1.0,False,False
160,0.28761205077171326,0.0019176881992521851,0.41057256537793757,0.007524814196842874,OFFLOADED,1.0,No,1.0,1.0,1.0,False,False
161,0.35091567039489746,0.012906531880821193,0.24751284977555937,0.0023767215459409292,OFFLOADED,1.0,No,1.0,1.0,1.0,False,False
162,0.2908332347869873,0.0019441845562043227,0.30904040268303035,0.0033288929477510287,OFFLOADED,1.0,No,1.0,1.0,1.0,False,False
163,0.9046529531478882,0.8429496605344784,1.0,1.0,ACCEPTED,0.0,Yes,0.0,0.0,0.0,True,True
164,0.7849525213241577,0.6026132542486057,0.9310494634738814,0.6928506294731346,ACCEPTED,1.0,No,1.0,1.0,1.0,True,True
165,0.2649761736392975,0.0007519716539380137,0.5863071724817683,0.044486470913447776,OFFLOADED,1.0,No,1.0,0.0,0.0,False,False
166,0.2976640462875366,0.0023622277180334462,0.8384936943591456,0.34178119503356985,OFFLOADED,1.0,No,1.0,1.0,1.0,False,True
167,0.269893616437912,0.0007618261674879079,0.8869542887001155,0.49464406612172385,OFFLOADED,1.0,No,1.0,1.0,0.0,False,True
168,0.9041958451271057,0.8444418073862651,0.9104427980383564,0.574987455713312,OFFLOADED,0.0,Yes,0.0,0.0,0.0,True,False
169,0.30804961919784546,0.0033776290499379427,0.7487157871506759,0.16230997667039326,OFFLOADED,1.0,No,1.0,1.0,1.0,False,False
170,0.30108457803726196,0.0024034823365849853,0.46277000035864246,0.009361768976751486,OFFLOADED,1.0,No,1.0,1.0,1.0,False,False
171,0.32526272535324097,0.005705107454359449,0.6937122223251857,0.10257027805529682,OFFLOADED,1.0,No,1.0,0.0,1.0,False,False
172,0.4266701340675354,0.05010205371915518,0.6816309305686419,0.0879916457726755,OFFLOADED,1.0,No,1.0,1.0,1.0,False,True
173,0.41467994451522827,0.03928126923981526,0.8912650256734135,0.4986242433650395,OFFLOADED,1.0,No,0.0,1.0,1.0,False,True
174,0.25349998474121094,0.00039027987195646455,0.33107386151383783,0.002589534750047266,OFFLOADED,1.0,No,1.0,1.0,1.0,False,False
175,0.25527647137641907,0.00037464182249363114,0.47556833377623053,0.008663929602660563,OFFLOADED,1.0,No,1.0,1.0,1.0,False,False
176,0.3186793029308319,0.003850698484413554,0.2542094127399327,0.0013701334197505916,OFFLOADED,1.0,No,1.0,1.0,1.0,False,False
177,0.8892373442649841,0.8251586376593443,0.8080832949297369,0.23766454653994312,ACCEPTED,0.0,Yes,0.0,0.0,0.0,True,True
178,0.2561003565788269,0.0003408041982102149,0.22295194812640107,0.0011227750202794785,OFFLOADED,1.0,No,1.0,1.0,1.0,False,False
179,0.7049271464347839,0.43771130720532536,0.5312861604525734,0.017010970181144298,OFFLOADED,1.0,No,1.0,1.0,1.0,True,False
180,0.36878103017807007,0.014496620223561565,0.44320062701105134,0.0056383958503691215,OFFLOADED,1.0,No,1.0,1.0,1.0,False,False
181,0.25214844942092896,0.00028263362155944,0.15130701459940266,0.0005945142526659953,OFFLOADED,1.0,No,1.0,1.0,1.0,False,False
182,0.2630232274532318,0.0003279345906735437,0.4248762024281482,0.004378213758756772,OFFLOADED,1.0,No,1.0,1.0,1.0,False,False
183,0.37399742007255554,0.01553054136001163,0.8073158502132652,0.24562114450523365,OFFLOADED,1.0,No,0.0,1.0,1.0,False,True
184,0.4193790555000305,0.037233738057434344,0.3612761719973722,0.0023231863088429084,OFFLOADED,1.0,No,1.0,1.0,1.0,False,False
185,0.26646021008491516,0.0003052495701737615,0.9291502817681042,0.6494077142487682,OFFLOADED,1.0,No,1.0,0.0,0.0,False,True
186,0.830478847026825,0.6928285276567068,0.855601565742309,0.34600582764471977,OFFLOADED,0.0,Yes,0.0,0.0,0.0,True,False
187,0.6032796502113342,0.24546231771022997,0.5576623627882018,0.021453900101831996,OFFLOADED,1.0,No,1.0,1.0,1.0,False,False
188,0.2602725028991699,0.00023627995064061274,0.6676321003984758,0.06908757229343737,OFFLOADED,1.0,No,0.0,1.0,1.0,False,False
189,0.2509255111217499,0.00019314295928049723,0.3174015597572241,0.0013744066607944423,OFFLOADED,1.0,No,1.0,1.0,1.0,False,False
190,0.2871614098548889,0.0006778553266482595,0.44924205203319173,0.00450764158744833,OFFLOADED,1.0,No,1.0,1.0,1.0,False,False
191,0.526603102684021,0.13278533589924904,0.6288471457056403,0.04537309369887572,OFFLOADED,0.0,Yes,0.0,0.0,0.0,False,False
192,0.4197371304035187,0.03619620511261461,0.6398209908638212,0.0531041621552748,OFFLOADED,1.0,No,1.0,1.0,1.0,False,False
193,0.2517252266407013,0.00017163331949024906,0.647602269877383,0.05404335526490784,OFFLOADED,1.0,No,1.0,1.0,0.0,False,False
194,0.5187697410583496,0.12903956251763896,0.7126347081163593,0.09661000112276763,OFFLOADED,1.0,No,1.0,0.0,0.0,False,False
195,0.8217769861221313,0.6793768231789947,0.5511915599209628,0.015490992673289867,OFFLOADED,1.0,No,1.0,1.0,1.0,False,False
196,0.822227954864502,0.6676698876181449,0.7099830255073105,0.08875121820299386,OFFLOADED,1.0,No,1.0,1.0,1.0,True,False
197,0.9310725331306458,0.889464239452134,1.0,1.0,ACCEPTED,0.0,Yes,0.0,0.0,0.0,True,True
198,0.8985909223556519,0.8415397874286903,0.9497945372890061,0.7383916985919226,OFFLOADED,0.0,Yes,0.0,0.0,0.0,True,False
199,0.8880704641342163,0.8296435573936038,1.0,1.0,ACCEPTED,0.0,Yes,0.0,0.0,0.0,True,True
200,0.610907256603241,0.2432339923583902,0.9006911928743826,0.5194936198687577,OFFLOADED,1.0,No,1.0,1.0,1.0,True,False
201,0.2619486451148987,0.0001782840017321108,0.4864090434676995,0.005452742112322482,OFFLOADED,1.0,No,1.0,1.0,1.0,False,False
202,0.3966226279735565,0.020026742177623298,0.3515878254573454,0.001245768707741765,OFFLOADED,1.0,No,1.0,1.0,1.0,False,False
203,0.890284538269043,0.8393532540792484,0.6498789540617705,0.0452478326351747,OFFLOADED,1.0,No,1.0,1.0,1.0,True,False
204,0.27393200993537903,0.0002633690896796498,0.5026076350965535,0.006197577166435524,OFFLOADED,0.0,Yes,0.0,0.0,0.0,False,False
205,0.2772427499294281,0.0003287237701655355,0.30217926211935664,0.0007654608401046254,OFFLOADED,1.0,No,1.0,1.0,1.0,False,False
206,0.25140634179115295,0.00012780669608956533,0.3941606112456495,0.0016849658326509817,OFFLOADED,1.0,No,1.0,1.0,1.0,False,False
207,0.2961154580116272,0.0008222579273845687,0.9685725915838769,0.8396078792485879,OFFLOADED,1.0,No,1.0,0.0,0.0,False,True
208,0.259299635887146,0.00013040258350208202,0.44403121526945155,0.002757131645784732,OFFLOADED,1.0,No,1.0,1.0,1.0,False,False
209,0.31912606954574585,0.0022825168006060737,0.9188060191257088,0.5817704804820972,OFFLOADED,1.0,No,1.0,1.0,1.0,False,True
210,0.6201454997062683,0.24506950773476102,0.8143260468767183,0.22461124813536443,OFFLOADED,1.0,No,1.0,1.0,0.0,False,False
211,0.3408050537109375,0.00456310759491186,0.579418572673201,0.01791087794958117,OFFLOADED,1.0,No,0.0,1.0,0.0,False,False
212,0.3491290807723999,0.005384335439189737,0.7979416964892664,0.1848505038791371,OFFLOADED,1.0,No,1.0,0.0,1.0,False,True
213,0.9257065057754517,0.8881762922169646,0.8245434082890581,0.22661637583332672,OFFLOADED,1.0,No,1.0,1.0,1.0,True,False
214,0.7058273553848267,0.39137467889791444,0.5007504934788536,0.004831477580883079,OFFLOADED,0.0,Yes,0.0,0.0,0.0,True,False
215,0.28243017196655273,0.0003047224637724345,0.8853598078823108,0.4066230373873287,OFFLOADED,1.0,No,1.0,1.0,0.0,False,True
216,0.29398617148399353,0.000550679226521642,0.8760309227735197,0.3604185499322129,OFFLOADED,1.0,No,0.0,0.0,1.0,False,False
217,0.30752381682395935,0.0010873230414709203,0.5131606926960014,0.005652542675113853,OFFLOADED,1.0,No,1.0,1.0,1.0,False,False
218,0.28088507056236267,0.0002353288117220637,0.47576833933967133,0.00302378606071659,OFFLOADED,1.0,No,1.0,1.0,1.0,False,False
219,0.5327723622322083,0.12525994788857947,0.6916557651118389,0.05157438862728477,OFFLOADED,1.0,No,0.0,1.0,1.0,False,False
220,0.8734836578369141,0.7888578469091851,0.815725960350489,0.1825969835622353,OFFLOADED,0.0,Yes,0.0,0.0,0.0,True,False
221,0.9247682690620422,0.8879404932854414,1.0,1.0,ACCEPTED,0.0,Yes,0.0,0.0,0.0,True,True
222,0.911359429359436,0.873509895247433,0.6388644360362521,0.02884412833569313,OFFLOADED,1.0,No,1.0,1.0,1.0,True,False
223,0.5199807286262512,0.10779163409486209,0.6307341474364817,0.02515483343871952,OFFLOADED,1.0,No,1.0,1.0,1.0,False,False
224,0.842674970626831,0.7149327523292495,0.8142552950687554,0.1861193697642797,OFFLOADED,0.0,Yes,0.0,0.0,0.0,True,False
225,0.2569461464881897,7.006976630495827e-05,0.6272859197384502,0.024023299681919387,OFFLOADED,1.0,No,0.0,1.0,0.0,False,False
226,0.4605354964733124,0.053083739120159665,0.861065413350051,0.3076541072686737,OFFLOADED,1.0,No,1.0,1.0,0.0,False,False
227,0.2708372175693512,0.00010869677703926958,0.8610193523228961,0.2952338338857062,OFFLOADED,0.0,Yes,0.0,0.0,0.0,False,False
228,0.7255358695983887,0.4474953344873938,0.9367565620848642,0.6301234680797717,ACCEPTED,0.0,Yes,0.0,0.0,0.0,True,True
229,0.5262226462364197,0.11120417124694362,0.6703666446492339,0.038552366255452615,OFFLOADED,1.0,No,1.0,1.0,1.0,False,False
230,0.25123703479766846,6.027418758103609e-05,0.42849225668071383,0.001268449821274768,OFFLOADED,1.0,No,1.0,1.0,1.0,False,False
231,0.2889694571495056,0.00030089215869694093,0.5400756971535405,0.006511694745464235,OFFLOADED,1.0,No,1.0,1.0,1.0,False,False
232,0.3004426062107086,0.0005748717632658598,0.5116613891273473,0.003973211988732763,OFFLOADED,1.0,No,1.0,1.0,1.0,False,False
233,0.2889390289783478,0.0002672356227854332,0.16493379423372564,0.00012537073698863172,OFFLOADED,1.0,No,1.0,1.0,1.0,False,False
234,0.4461674392223358,0.0396329451073629,0.43506864662216427,0.0011587319281329482,OFFLOADED,1.0,No,1.0,1.0,1.0,False,False
235,0.903314471244812,0.8624178454762325,0.7090082822497973,0.05856998077582863,OFFLOADED,0.0,Yes,0.0,0.0,0.0,True,False
236,0.25211021304130554,4.57527101965783e-05,0.39998941583626113,0.0007792224988210158,OFFLOADED,1.0,No,1.0,1.0,1.0,False,False
237,0.2503681182861328,4.2714187966168026e-05,0.5346508965869778,0.005611224430726038,OFFLOADED,1.0,No,1.0,1.0,1.0,False,False
238,0.28332534432411194,0.00017065826835968868,0.15713175736925442,9.930344351701873e-05,OFFLOADED,1.0,No,1.0,1.0,1.0,False,False
239,0.27486130595207214,9.924292752739205e-05,0.8206107753729205,0.2100510036638361,OFFLOADED,0.0,Yes,0.0,0.0,0.0,False,False
240,0.8347370028495789,0.715838321028172,0.7749694689656715,0.13803644445876329,OFFLOADED,1.0,No,1.0,1.0,1.0,False,False
241,0.27229049801826477,8.858451330975252e-05,0.45960133198466835,0.0015236627608861324,OFFLOADED,1.0,No,1.0,1.0,1.0,False,False
242,0.8883907794952393,0.8381479733394086,0.9697990025661208,0.8283213836662049,OFFLOADED,1.0,No,1.0,1.0,0.0,False,True
243,0.2825506031513214,0.00014993335241555476,0.6960118052642551,0.051964411355432095,OFFLOADED,1.0,No,1.0,1.0,1.0,False,False
244,0.6747015118598938,0.3406825020358104,0.9267964754211051,0.5835620457802088,OFFLOADED,0.0,Yes,0.0,0.0,0.0,False,True
245,0.38283324241638184,0.010479029054620578,0.33390392441730593,0.0003257609186251538,OFFLOADED,1.0,No,1.0,1.0,1.0,False,False
246,0.5756767392158508,0.16804939991130877,0.5214712136572701,0.003925416383549299,OFFLOADED,1.0,No,1.0,1.0,1.0,False,False
247,0.25234347581863403,3.3029196787912224e-05,0.1982643432582652,0.00010232164287545284,OFFLOADED,1.0,No,1.0,1.0,1.0,False,False
248,0.758928656578064,0.5261871318526782,0.9787394086440907,0.8763966433119459,ACCEPTED,0.0,Yes,0.0,0.0,0.0,True,True
249,0.47983258962631226,0.0607779028912445,0.6178931647142691,0.01875971415298798,OFFLOADED,0.0,Yes,0.0,0.0,0.0,False,False
250,0.5036094784736633,0.08494617414260201,0.8039507119406327,0.18297598067514298,OFFLOADED,1.0,No,0.0,1.0,1.0,True,False
251,0.2525824308395386,3.212795124507376e-05,0.2726673968080094,0.00017116091405487154,OFFLOADED,1.0,No,1.0,1.0,1.0,False,False
252,0.40770474076271057,0.017349021162974276,0.3327247892367321,0.00027583491188374866,OFFLOADED,1.0,No,1.0,1.0,1.0,False,False
253,0.2599945068359375,3.5032783391884145e-05,0.3007659813118117,0.00019107288617773994,OFFLOADED,1.0,No,0.0,1.0,1.0,False,False
254,0.5678948760032654,0.1515541785043009,0.5987697748430335,0.014786845493700464,OFFLOADED,1.0,No,1.0,1.0,1.0,False,False
255,0.2516160309314728,2.5473117724628197e-05,0.3435500587524347,0.00026898858834258554,OFFLOADED,1.0,No,1.0,1.0,1.0,False,False
256,0.27665433287620544,8.070757524822267e-05,0.45721378375697663,0.001130963017613874,OFFLOADED,1.0,No,1.0,1.0,1.0,False,False
257,0.33572348952293396,0.0023018049286289764,0.9566763557091029,0.7578416729960392,OFFLOADED,0.0,Yes,0.0,0.0,0.0,False,True
258,0.3094625771045685,0.0007341380369935897,0.543649913000947,0.0053200923150868735,OFFLOADED,0.0,Yes,0.0,0.0,0.0,False,False
259,0.34874606132507324,0.003575276733070207,0.8073515462948027,0.18291260689148794,OFFLOADED,1.0,No,0.0,1.0,0.0,False,False
260,0.3299046754837036,0.0018805899625212194,0.38246547257884284,0.0003850817603237245,OFFLOADED,1.0,No,1.0,1.0,1.0,False,False
261,0.4269503951072693,0.023411150393584042,0.7735718356614001,0.11887129913436847,OFFLOADED,0.0,Yes,0.0,0.0,0.0,False,False
262,0.2680663466453552,4.6102543170964675e-05,0.7456989655572682,0.08937498949788998,OFFLOADED,1.0,No,1.0,1.0,1.0,False,False
263,0.5705928802490234,0.14909553158445404,0.7753662828604069,0.12349583529309784,OFFLOADED,1.0,No,1.0,0.0,0.0,False,False
264,0.4869033098220825,0.06050869801636824,0.8002911935809717,0.15779230296128094,OFFLOADED,1.0,No,1.0,1.0,1.0,False,False
265,0.7500212788581848,0.51109609963925,0.5311363562507634,0.003796368550822811,OFFLOADED,1.0,No,1.0,1.0,1.0,False,False
266,0.8400426506996155,0.70846775366452,0.9615390797455488,0.7888917731186129,OFFLOADED,0.0,Yes,0.0,0.0,0.0,False,True
267,0.2565448582172394,2.194236589145249e-05,0.9017905378745025,0.47067026370190096,OFFLOADED,1.0,No,0.0,1.0,0.0,False,True
268,0.381540447473526,0.007793095261572765,0.8963694814467448,0.4306001190761335,OFFLOADED,1.0,No,1.0,0.0,0.0,False,False
269,0.28973665833473206,0.0001593849684624751,0.6609786717102314,0.024993526391040157,OFFLOADED,1.0,No,1.0,1.0,1.0,False,False
270,0.2871209681034088,0.0001240283652785217,0.44366929462630156,0.0006425731634749465,OFFLOADED,1.0,No,1.0,1.0,1.0,False,False
271,0.2801751494407654,7.216687006323404e-05,0.8900135972401605,0.3885029041365839,OFFLOADED,1.0,No,1.0,0.0,0.0,False,False
272,0.34936508536338806,0.0029322293425945345,0.856587645767557,0.2627104136133152,OFFLOADED,1.0,No,1.0,1.0,1.0,False,False
273,0.8985700607299805,0.8535598407603264,0.6997012859117243,0.03736860970950222,OFFLOADED,1.0,No,1.0,1.0,1.0,True,False
274,0.4069775342941284,0.013581726544621552,0.3873353563204093,0.00024190774783087866,OFFLOADED,1.0,No,1.0,1.0,1.0,False,False
275,0.2547883987426758,1.382682728526198e-05,0.21578132935764213,4.5194191063404384e-05,OFFLOADED,1.0,No,1.0,1.0,1.0,False,False
276,0.5313173532485962,0.0906600643754161,0.7819976627796335,0.10362082758621532,OFFLOADED,1.0,No,1.0,1.0,1.0,False,False
277,0.3250509798526764,0.0010350843378930294,0.7900871894691616,0.10954094278471159,OFFLOADED,1.0,No,0.0,1.0,1.0,False,False
278,0.30558064579963684,0.0003656810601168841,0.2293972666555607,4.2556376507837e-05,OFFLOADED,1.0,No,1.0,1.0,1.0,False,False
279,0.8517201542854309,0.7416781117177506,0.937482012213407,0.6262601122272086,OFFLOADED,0.0,Yes,0.0,0.0,0.0,True,False
280,0.5426225662231445,0.09921367907985537,0.9237287585664128,0.5529743584097635,OFFLOADED,0.0,Yes,0.0,0.0,0.0,False,False
281,0.8900752663612366,0.8381863824931974,1.0,1.0,ACCEPTED,0.0,Yes,0.0,0.0,0.0,True,True
282,0.250980019569397,1.136737809917317e-05,0.70463682187139,0.035627439067548984,OFFLOADED,1.0,No,1.0,1.0,0.0,False,False
283,0.3617579936981201,0.0038275132685953875,0.6190403134995529,0.011076713882189696,OFFLOADED,1.0,No,1.0,1.0,1.0,False,False
284,0.2504732012748718,1.0090919519341957e-05,0.5051391377173178,0.0014579827660553878,OFFLOADED,1.0,No,1.0,1.0,0.0,False,False
285,0.41122475266456604,0.014256879267762703,0.7341830682555466,0.04950700761705453,OFFLOADED,1.0,No,1.0,1.0,1.0,False,True
286,0.3280844986438751,0.0010763184700369264,0.23752615479303463,3.567411612369549e-05,OFFLOADED,1.0,No,1.0,1.0,1.0,False,False
287,0.7416850924491882,0.4931380266933593,0.8673257508337271,0.28427720486862224,ACCEPTED,1.0,No,1.0,1.0,1.0,True,True
288,0.257500022649765,9.568961521235444e-06,0.14412985114767318,1.603803509265313e-05,OFFLOADED,1.0,No,1.0,1.0,1.0,False,False
289,0.8085334897041321,0.6362654710102875,0.9788148005013299,0.8829450533331533,ACCEPTED,0.0,Yes,0.0,0.0,0.0,True,True
290,0.261979877948761,1.1844025527468015e-05,0.11607290819955536,1.2265098081991417e-05,OFFLOADED,1.0,No,1.0,1.0,1.0,False,False
291,0.2553730905056,7.992098547766289e-06,0.2559918613427338,3.651021275179377e-05,OFFLOADED,1.0,No,1.0,1.0,1.0,False,False
292,0.43118709325790405,0.021672912558816346,0.4279127895274201,0.0002769665536840943,OFFLOADED,1.0,No,1.0,1.0,1.0,False,False
293,0.2642335295677185,1.1776808166310041e-05,0.2998375996824916,5.001422625782731e-05,OFFLOADED,1.0,No,1.0,1.0,1.0,False,False
294,0.2605873942375183,8.732583291535493e-06,0.7662569117872053,0.07085980823724247,OFFLOADED,1.0,No,1.0,0.0,0.0,False,False
295,0.4267893433570862,0.018463184005743684,0.5204533618908547,0.0015358513743984328,OFFLOADED,1.0,No,1.0,1.0,1.0,False,False
296,0.3574789762496948,0.0025918497535348185,0.751826163947882,0.05471068601694306,OFFLOADED,1.0,No,1.0,1.0,1.0,False,False
297,0.8543877601623535,0.7691012869446971,0.9875975238711152,0.9354000863084597,OFFLOADED,0.0,Yes,0.0,0.0,0.0,False,True
298,0.8782529830932617,0.8322412281504826,0.7322407021360653,0.03951530025621114,OFFLOADED,0.0,Yes,0.0,0.0,0.0,False,False
299,0.2855164408683777,5.453891561279253e-05,0.5420424558679189,0.0023391343885201667,OFFLOADED,1.0,No,1.0,0.0,1.0,False,False
300,0.2724434733390808,1.823199511713978e-05,0.9439835849011525,0.688431128284043,OFFLOADED,1.0,No,0.0,1.0,0.0,False,True
301,0.3978641629219055,0.008598498078213002,0.4944733965063171,0.0008286005245814927,OFFLOADED,1.0,No,1.0,1.0,1.0,False,False
302,0.26225078105926514,7.0667559666780045e-06,0.9227690307101255,0.5452014580065075,OFFLOADED,1.0,No,1.0,0.0,1.0,False,True
303,0.8133103251457214,0.676394321226765,0.7140845509201088,0.030946249979246738,OFFLOADED,0.0,Yes,0.0,0.0,0.0,False,False
304,0.26161566376686096,6.501573763525006e-06,0.4088318738046779,0.00016019007941764547,OFFLOADED,1.0,No,1.0,0.0,1.0,False,False
305,0.7331429123878479,0.48712450274748587,0.8320553529636989,0.16458481037713327,OFFLOADED,0.0,Yes,0.0,0.0,0.0,False,True
306,0.8867759704589844,0.8650719598541526,0.5930872445718389,0.006303486042209383,OFFLOADED,1.0,No,1.0,1.0,1.0,False,False
307,0.25293809175491333,4.291126155392195e-06,0.3750971778077097,9.341905065525639e-05,OFFLOADED,1.0,No,1.0,1.0,1.0,False,False
308,0.2954362630844116,0.00011941906105086562,0.36378935687158165,7.685530413796996e-05,OFFLOADED,1.0,No,1.0,1.0,1.0,False,False
309,0.5527538061141968,0.1199458884824822,0.6798591484981941,0.0208456911270758,OFFLOADED,0.0,Yes,0.0,0.0,0.0,False,False
310,0.2736814618110657,1.791911986674446e-05,0.4323311089518026,0.00021764361433391073,OFFLOADED,1.0,No,1.0,1.0,1.0,False,False
311,0.35802656412124634,0.0026211433473159363,0.39673619820121997,0.00011465015950786935,OFFLOADED,1.0,No,1.0,1.0,1.0,False,False
312,0.8205379247665405,0.7115274145887295,0.4529891168311341,0.00031612893296743496,OFFLOADED,1.0,No,1.0,1.0,1.0,True,False
313,0.26675400137901306,8.085096163650124e-06,0.35590884580509297,5.820099496340046e-05,OFFLOADED,1.0,No,1.0,1.0,1.0,False,False
314,0.7921518683433533,0.628036693592807,0.9897572019481092,0.9465537687055724,ACCEPTED,0.0,Yes,0.0,0.0,0.0,True,True
315,0.2776998281478882,2.2265596203486955e-05,0.2699341646286903,1.98942097464054e-05,OFFLOADED,1.0,No,1.0,1.0,1.0,False,False
316,0.8753010630607605,0.838909378396635,0.8701532603875511,0.2794721723750243,OFFLOADED,0.0,Yes,0.0,0.0,0.0,True,False
317,0.8094732165336609,0.6909290107569099,0.7692084463520179,0.07563547954110733,OFFLOADED,1.0,No,1.0,1.0,1.0,False,False
318,0.2894078493118286,6.0351523495057746e-05,0.21502663593019652,1.1373695660164047e-05,OFFLOADED,1.0,No,1.0,1.0,1.0,False,False
319,0.39350464940071106,0.007700838147435437,0.6731673032180976,0.019635586076437787,OFFLOADED,1.0,No,1.0,1.0,1.0,False,False
320,0.3092729449272156,0.00029222318240840705,0.6720266144268201,0.01820487615054581,OFFLOADED,1.0,No,0.0,1.0,1.0,False,False
321,0.5902649164199829,0.17907466515883158,0.7123474139888962,0.03196331259560033,OFFLOADED,1.0,No,0.0,1.0,1.0,True,False
322,0.5407084822654724,0.1044136785280563,0.28562154499872494,1.7924549164372244e-05,OFFLOADED,1.0,No,1.0,1.0,1.0,False,False
323,0.28635868430137634,3.469547187774257e-05,0.2876527628699287,1.7294446776701034e-05,OFFLOADED,1.0,No,1.0,1.0,1.0,False,False
324,0.8220419883728027,0.7042033539620375,0.8856336831445445,0.3409444310102491,OFFLOADED,1.0,No,1.0,1.0,0.0,True,False
325,0.3120412230491638,0.0002907702317877593,0.6060829307791108,0.006253606233273507,OFFLOADED,1.0,No,1.0,0.0,0.0,False,False
326,0.3024289011955261,0.00013859358677784726,0.3437354689826043,3.194243426114499e-05,OFFLOADED,1.0,No,1.0,1.0,1.0,False,False
327,0.0,0.0,0.7161501846249567,0.030380672624747945,OFFLOADED,0.0,Yes,0.0,0.0,0.0,False,False
328,0.3032844066619873,0.00014035671781118336,0.8248351719229197,0.15396862965565639,OFFLOADED,1.0,No,1.0,0.0,0.0,False,True
329,0.2669472098350525,4.385905088736116e-06,0.3184470832855737,2.089366752167917e-05,OFFLOADED,1.0,No,1.0,1.0,1.0,False,False
330,0.33435913920402527,0.000878368710612066,0.5562588733614685,0.0023079143402769935,OFFLOADED,1.0,No,1.0,1.0,1.0,False,False
331,0.2514062821865082,1.6382094827497405e-06,0.2989414570701204,1.4203432984839801e-05,OFFLOADED,1.0,No,1.0,1.0,1.0,False,False
332,0.4245433509349823,0.015079824865288508,0.5387535704587377,0.0014786651610057993,OFFLOADED,1.0,No,1.0,1.0,1.0,False,False
333,0.5207508206367493,0.07641028781579758,0.7042156635536766,0.025404272849570354,OFFLOADED,1.0,No,0.0,1.0,0.0,False,False
334,0.2544688284397125,1.444567559575925e-06,0.15449715382125662,3.1746833001479244e-06,OFFLOADED,1.0,No,1.0,1.0,1.0,False,False
335,0.2521519958972931,1.3131994085611673e-06,0.529542549098384,0.0010585495554224862,OFFLOADED,1.0,No,1.0,0.0,1.0,False,False
336,0.2566944360733032,1.405138263826417e-06,0.8745272074445496,0.2826910366681981,OFFLOADED,1.0,No,1.0,0.0,0.0,False,False
337,0.4767342805862427,0.040655048840285014,0.5996586792201869,0.004603464560331853,OFFLOADED,1.0,No,1.0,1.0,1.0,False,False
338,0.2916746437549591,3.697704569541827e-05,0.22527805061491538,4.675866797028914e-06,OFFLOADED,1.0,No,1.0,1.0,1.0,False,False
339,0.30659982562065125,0.00013534451965736515,0.7334143255229767,0.035275796090999824,OFFLOADED,1.0,No,0.0,1.0,0.0,False,False
340,0.25040340423583984,9.703459957281783e-07,0.30344612522478653,9.802299419190507e-06,OFFLOADED,1.0,No,1.0,1.0,1.0,False,False
341,0.25258079171180725,9.333085981250647e-07,0.5979321267487725,0.003978928659042796,OFFLOADED,1.0,No,1.0,1.0,1.0,False,False
342,0.26879438757896423,3.1663723226801082e-06,0.29592605199146055,7.937458746971215e-06,OFFLOADED,1.0,No,1.0,1.0,1.0,False,False
343,0.3573613166809082,0.0016082156078783413,0.2784588398633829,6.110553949449488e-06,OFFLOADED,1.0,No,1.0,1.0,1.0,False,False
344,0.29383736848831177,3.906561655878378e-05,0.8381232319124038,0.16474228317999703,OFFLOADED,1.0,No,1.0,1.0,1.0,False,False
345,0.2673009932041168,2.241173268362806e-06,0.5540212611982248,0.0013986988608707422,OFFLOADED,1.0,No,1.0,1.0,1.0,False,False
346,0.850169837474823,0.7691395889837251,0.8552691261581215,0.2017968679364788,ACCEPTED,0.0,Yes,0.0,0.0,0.0,True,True
347,0.7962958216667175,0.634180386706503,0.7084040659149579,0.022632649693068916,OFFLOADED,1.0,No,1.0,1.0,1.0,False,False
348,0.8886776566505432,0.8546307170916657,0.8234945872256882,0.13292657745249578,OFFLOADED,0.0,Yes,0.0,0.0,0.0,True,False
349,0.8944487571716309,0.870201624329452,0.8503797039826262,0.20190535348601985,OFFLOADED,0.0,Yes,0.0,0.0,0.0,True,False
350,0.7537822723388672,0.5298686356887863,0.8308488286781607,0.16160894275638793,OFFLOADED,0.0,Yes,0.0,0.0,0.0,True,False
351,0.2628079652786255,1.367671302696077e-06,0.7797515866017729,0.07804438908273999,OFFLOADED,1.0,No,1.0,1.0,1.0,False,False
352,0.2836037576198578,1.2904782595560295e-05,0.6309130266911012,0.006679513393954802,OFFLOADED,1.0,No,1.0,1.0,1.0,False,False
353,0.7450177073478699,0.5226753689524293,0.8964652266009006,0.37514092866797927,OFFLOADED,0.0,Yes,0.0,0.0,0.0,False,True
354,0.42689114809036255,0.014414438098128366,0.4650110205506134,0.00017719409452998362,OFFLOADED,1.0,No,1.0,1.0,1.0,False,False
355,0.26597505807876587,1.6582006013728565e-06,0.09499676322926975,9.743318293346247e-07,OFFLOADED,1.0,No,1.0,1.0,1.0,False,False
356,0.3250933885574341,0.0003919778969497291,0.3855128066295587,3.066774347333514e-05,OFFLOADED,1.0,No,1.0,1.0,1.0,False,False
357,0.8497930765151978,0.7951470244387305,0.6589312145387253,0.010295187478904493,OFFLOADED,1.0,No,1.0,1.0,1.0,True,False
358,0.2595653235912323,7.734318257268011e-07,0.27722897765556126,4.498094271371194e-06,OFFLOADED,1.0,No,1.0,1.0,1.0,False,False
359,0.6713774800300598,0.34773753077738334,0.8874254980166301,0.34604400411537123,OFFLOADED,0.0,Yes,0.0,0.0,0.0,False,True
360,0.8300886750221252,0.7365420911344953,0.9579535117247069,0.7682804905429841,OFFLOADED,1.0,No,1.0,1.0,1.0,True,False
361,0.32430675625801086,0.0003575561100849096,0.937517226000644,0.6338265633584137,OFFLOADED,0.0,Yes,0.0,0.0,0.0,False,False
362,0.2827262580394745,1.0713750773051669e-05,0.5489084703638106,0.001213041329036431,OFFLOADED,1.0,No,1.0,1.0,1.0,False,False
363,0.2736424207687378,3.967486324976494e-06,0.3876686264496637,2.7796341577171458e-05,OFFLOADED,1.0,No,1.0,1.0,1.0,False,False
364,0.6631844639778137,0.3333593848213682,1.0,1.0,OFFLOADED,0.0,Yes,0.0,0.0,0.0,False,True
365,0.2603318989276886,7.812831395670193e-07,0.41929943575217504,5.133195804458278e-05,OFFLOADED,1.0,No,1.0,1.0,1.0,False,False
366,0.680770754814148,0.39171869887202043,0.9429489308353939,0.6779357003503893,OFFLOADED,1.0,No,0.0,1.0,1.0,False,True
367,0.26131054759025574,7.854495004954131e-07,0.37437481770989106,1.917923703731444e-05,OFFLOADED,1.0,No,1.0,1.0,1.0,False,False
368,0.2504129111766815,4.357107593016513e-07,0.32284862025187416,7.064334097340447e-06,OFFLOADED,1.0,No,1.0,1.0,1.0,False,False
369,0.2757711410522461,4.728163362879226e-06,0.7500086006297726,0.046535746576377955,OFFLOADED,1.0,No,1.0,1.0,1.0,False,False
370,0.0,0.0,0.960990069941278,0.7759333130816615,OFFLOADED,0.0,Yes,0.0,0.0,0.0,False,True
371,0.31013819575309753,0.0001594790438327438,0.80157931116846,0.1110406721897684,OFFLOADED,1.0,No,0.0,1.0,1.0,False,False
372,0.346930593252182,0.0010443367290989922,0.7176150666309477,0.025422513380493884,OFFLOADED,1.0,No,1.0,0.0,0.0,False,False
373,0.3599814772605896,0.0016323670920145375,0.6764018309167487,0.011776396637820515,OFFLOADED,1.0,No,1.0,1.0,1.0,False,False
374,0.607429563999176,0.20027958712113136,0.8639485205158965,0.2658060155074652,OFFLOADED,1.0,No,1.0,0.0,0.0,False,False
375,0.855710506439209,0.7937073088537165,0.6154707540357713,0.0037998986345204274,OFFLOADED,1.0,No,1.0,1.0,1.0,True,False
376,0.8816090822219849,0.8463635607534511,0.5120077130068156,0.00033754221189947873,OFFLOADED,1.0,No,1.0,1.0,1.0,True,False
377,0.2813456356525421,6.421845780561929e-06,0.7240563681652132,0.025010651370126674,OFFLOADED,1.0,No,0.0,0.0,1.0,False,False
378,0.3949686884880066,0.005079152985836288,0.735232718546214,0.02863880972673199,OFFLOADED,1.0,No,0.0,1.0,1.0,False,False
379,0.919604480266571,0.8958888421887342,0.39927101938489673,1.815780214013317e-05,OFFLOADED,1.0,No,1.0,1.0,1.0,True,False
380,0.8097348809242249,0.650399849791544,0.6710556056101749,0.008306194354279147,OFFLOADED,1.0,No,1.0,1.0,1.0,True,False
381,0.34313368797302246,0.0007027495593215277,0.6413844838129401,0.004657044264991267,OFFLOADED,1.0,No,1.0,1.0,1.0,False,False
382,0.28161799907684326,5.407842678317506e-06,0.6758961431033532,0.008464497400607528,OFFLOADED,1.0,No,1.0,0.0,0.0,False,False
383,0.5217651128768921,0.068431204285772,0.7668853560621004,0.04789582868603322,OFFLOADED,1.0,No,1.0,1.0,1.0,False,True
384,0.3758898675441742,0.0023158754768458846,0.8314613332844765,0.15696471527850486,OFFLOADED,1.0,No,1.0,0.0,0.0,False,True
385,0.7525866627693176,0.514485730227181,0.6928895831642677,0.010398981092756747,OFFLOADED,1.0,No,0.0,1.0,1.0,True,False
386,0.2865458130836487,8.110701327685895e-06,0.7640437829517381,0.040311844274189906,OFFLOADED,1.0,No,1.0,0.0,0.0,False,False
387,0.3518542945384979,0.0007973937120861461,0.7094428173796921,0.012966485479132294,OFFLOADED,1.0,No,0.0,1.0,0.0,False,False
388,0.30634862184524536,6.318084475867416e-05,0.6918379684802703,0.008581295074343532,OFFLOADED,1.0,No,1.0,1.0,1.0,False,False
389,0.3176228702068329,0.00014632299207990727,0.5467110713591558,0.0004069913558410091,OFFLOADED,1.0,No,1.0,1.0,1.0,False,False
390,0.2912210524082184,1.1867866063123281e-05,0.5872556311172122,0.0010734782807643995,OFFLOADED,1.0,No,1.0,1.0,1.0,False,False
391,0.2786654829978943,2.413559925422472e-06,0.7038852881037303,0.010339894562771275,OFFLOADED,1.0,No,1.0,0.0,0.0,False,False
392,0.35576164722442627,0.0008780338902194926,0.9506394609686687,0.7089989977982243,OFFLOADED,1.0,No,1.0,0.0,0.0,False,True
393,0.0,0.0,0.5857168970983582,0.0009103264284059983,OFFLOADED,0.0,Yes,0.0,0.0,0.0,False,False
394,0.4701530635356903,0.029803117466607378,0.28502482811054325,1.1013322647694967e-06,OFFLOADED,1.0,No,1.0,1.0,1.0,False,False
395,0.26392486691474915,3.019841324698909e-07,0.43012996693732514,1.807378167717445e-05,OFFLOADED,1.0,No,1.0,1.0,1.0,False,False
396,0.8652626276016235,0.7810551410128846,0.9481565843032408,0.680716580789498,ACCEPTED,1.0,No,1.0,1.0,1.0,True,True
397,0.2873188257217407,5.689544278166401e-06,0.6433856671604037,0.0027800242970322238,OFFLOADED,1.0,No,1.0,0.0,0.0,False,False
398,0.4445309340953827,0.016562458981173454,0.564325083525058,0.0005414721636677622,OFFLOADED,1.0,No,1.0,1.0,1.0,False,False
399,0.6770501732826233,0.32591545904787955,0.890253242507537,0.3290631900902887,OFFLOADED,1.0,No,0.0,0.0,1.0,False,False
400,0.43406441807746887,0.011464890115036153,0.6950043409864773,0.007385707395460795,OFFLOADED,1.0,No,1.0,1.0,1.0,False,False
401,0.26851606369018555,4.2834873863552927e-07,0.22842433903178824,4.1675816141558616e-07,OFFLOADED,1.0,No,1.0,1.0,1.0,False,False
402,0.2507111430168152,9.080666741276721e-08,0.42874080057385416,1.2990496251412483e-05,OFFLOADED,1.0,No,1.0,1.0,1.0,False,False
403,0.41159653663635254,0.005488138437307853,0.3820891206830761,4.345518626682649e-06,OFFLOADED,1.0,No,1.0,1.0,1.0,False,False
404,0.26370880007743835,1.9214506686206726e-07,0.6829263852299339,0.005391028383358283,OFFLOADED,1.0,No,1.0,1.0,1.0,False,False
405,0.0,0.0,0.6153411211758424,0.0013571655632173456,OFFLOADED,0.0,Yes,0.0,0.0,0.0,False,False
406,0.5769461989402771,0.11507369387616342,0.42015474941395686,1.002350051779992e-05,OFFLOADED,1.0,No,1.0,1.0,1.0,False,False
407,0.5092436671257019,0.04533244093574883,0.5227453157824289,0.0001479398674940081,OFFLOADED,1.0,No,0.0,1.0,0.0,False,False
408,0.27414029836654663,7.721474015098253e-07,0.7747988801980852,0.04302094340152708,OFFLOADED,1.0,No,1.0,0.0,0.0,False,False
409,0.7452694773674011,0.46122048936287907,0.9772870782878579,0.861890446950962,OFFLOADED,1.0,No,1.0,1.0,1.0,False,True
410,0.3487325608730316,0.00040061600067412787,0.6207539716245583,0.0014653321741007633,OFFLOADED,1.0,No,1.0,1.0,1.0,False,False
411,0.2729657292366028,5.612396733450376e-07,0.828330746978973,0.12427591891808966,OFFLOADED,1.0,No,1.0,0.0,0.0,False,False
412,0.9377687573432922,0.9010964828191472,1.0,1.0,ACCEPTED,0.0,Yes,0.0,0.0,0.0,True,True
413,0.5320272445678711,0.05762687473168685,0.47674474548531,3.7729302158599896e-05,OFFLOADED,1.0,No,1.0,1.0,0.0,True,False
414,0.9022853970527649,0.8467001963978348,0.7030961275244194,0.007159542849491337,OFFLOADED,0.0,Yes,0.0,0.0,0.0,True,False
415,0.25576892495155334,5.98798098698845e-08,0.3623745017221118,2.139269309535897e-06,OFFLOADED,1.0,No,1.0,1.0,1.0,False,False
416,0.73708575963974,0.43330925690968125,0.6808582214272105,0.004559513938599129,OFFLOADED,1.0,No,1.0,1.0,1.0,False,False
417,0.8203508257865906,0.6196277997261318,0.8942428445480267,0.32624343749243384,OFFLOADED,1.0,No,1.0,1.0,0.0,True,False
418,0.29715147614479065,1.1995369246083509e-05,0.6681397475969277,0.0030449821374656785,OFFLOADED,1.0,No,1.0,1.0,1.0,False,False
419,0.3583109974861145,0.000531091469826258,0.45035018293139334,1.5089648379798477e-05,OFFLOADED,1.0,No,0.0,1.0,1.0,False,False
420,0.2583357095718384,5.7869358720444034e-08,0.40875859681787946,4.556626685047662e-06,OFFLOADED,0.0,Yes,0.0,0.0,0.0,False,False
421,0.4480687081813812,0.012129725507640089,0.7333043718186436,0.014209805221694224,OFFLOADED,1.0,No,1.0,1.0,1.0,False,False
422,0.26425430178642273,1.0921978813028885e-07,0.5001160874342545,5.80748656253673e-05,OFFLOADED,1.0,No,0.0,1.0,1.0,False,False
423,0.2570717930793762,4.911567760119933e-08,0.38557289372249215,2.4153357074004327e-06,OFFLOADED,1.0,No,1.0,1.0,1.0,False,False
424,0.777518630027771,0.499443064403221,0.8720703168527706,0.22846471284281752,ACCEPTED,1.0,No,1.0,1.0,1.0,True,True
425,0.46376779675483704,0.01614155147102095,0.6966937187051923,0.005291219372507547,OFFLOADED,1.0,No,1.0,1.0,1.0,False,False
426,0.4846183657646179,0.023305585166432306,0.5193566349557917,7.8126647746027e-05,OFFLOADED,1.0,No,1.0,1.0,1.0,False,False
427,0.2932629883289337,5.431393549009612e-06,0.7699295035777568,0.029822103741479217,OFFLOADED,1.0,No,1.0,1.0,1.0,False,False
428,0.88194739818573,0.7952871538426511,0.6700075338498324,0.002403142891814043,OFFLOADED,1.0,No,1.0,1.0,1.0,False,False
429,0.8364453315734863,0.6407866395662956,0.9060162092803534,0.3697969608794416,OFFLOADED,1.0,No,1.0,0.0,0.0,True,False
430,0.25981074571609497,4.6504687723248235e-08,0.828851361726585,0.10292755094437593,OFFLOADED,1.0,No,0.0,1.0,1.0,False,False
431,0.0,0.0,0.5315869917892811,8.604981618053921e-05,OFFLOADED,0.0,Yes,0.0,0.0,0.0,False,False
432,0.34266623854637146,0.00020456483564174015,0.9242237742838493,0.470124738652652,OFFLOADED,0.0,Yes,0.0,0.0,0.0,False,True
433,0.7202402353286743,0.34786225534588017,0.83194239821429,0.10667602961023957,OFFLOADED,0.0,Yes,0.0,0.0,0.0,False,False
434,0.253303200006485,3.202858022910354e-08,0.4261912389366089,4.913806101196767e-06,OFFLOADED,1.0,No,1.0,1.0,1.0,False,False
435,0.3830556571483612,0.0012717508267672008,0.6514754381323388,0.0015662341112923093,OFFLOADED,1.0,No,0.0,1.0,1.0,False,False
436,0.3548675775527954,0.00034267543268125196,0.9554126319547228,0.6949348687400155,OFFLOADED,0.0,Yes,0.0,0.0,0.0,False,True
437,0.2757144570350647,5.101233185242236e-07,0.3046833379327271,3.303743637095156e-07,OFFLOADED,1.0,No,1.0,1.0,1.0,False,False
438,0.26552554965019226,9.55399667433604e-08,0.4827630768955803,2.538717322638994e-05,OFFLOADED,1.0,No,1.0,1.0,1.0,False,False
439,0.2978680729866028,9.677920289824772e-06,0.27262316530420266,1.8584629302533604e-07,OFFLOADED,1.0,No,1.0,0.0,0.0,False,False
440,0.8356043100357056,0.6319192678099838,0.8768487778627129,0.2353329229036091,OFFLOADED,0.0,Yes,0.0,0.0,0.0,False,False
441,0.32801735401153564,0.00011315356808030835,0.8277647908191609,0.11061918404174416,OFFLOADED,1.0,No,1.0,1.0,1.0,False,False
442,0.2795168161392212,7.222842174881947e-07,0.7280221942369678,0.010356779020803931,OFFLOADED,1.0,No,1.0,1.0,1.0,False,False
443,0.4873742163181305,0.0237460669078824,0.6402268866643359,0.0011306104676575587,OFFLOADED,1.0,No,1.0,1.0,1.0,False,False
444,0.35812675952911377,0.000395217034462141,0.9509255230433525,0.6764855241061745,OFFLOADED,1.0,No,0.0,0.0,1.0,False,True
445,0.4740215241909027,0.017268240297130876,0.5828079430568243,0.0003421052465812872,OFFLOADED,1.0,No,1.0,1.0,1.0,False,False
446,0.3789508640766144,0.0009207871155387199,0.5517024137793558,0.00013612667283184997,OFFLOADED,1.0,No,1.0,1.0,1.0,False,False
447,0.7893221974372864,0.5143394424971438,0.6565651416675417,0.001441039383818214,OFFLOADED,1.0,No,1.0,1.0,1.0,True,False
448,0.7739502191543579,0.4668112877777208,0.65324691369252,0.0012666171784993013,OFFLOADED,0.0,Yes,0.0,0.0,0.0,False,False
449,0.25480929017066956,1.9107099102648567e-08,0.718380760286824,0.007392495461684675,OFFLOADED,1.0,No,1.0,1.0,0.0,False,False
450,0.2832670509815216,9.172379578808765e-07,0.861711183215354,0.18654307191731911,OFFLOADED,1.0,No,1.0,0.0,0.0,False,False
451,0.36821943521499634,0.0005466530342558086,0.7221933745108767,0.007439809962091613,OFFLOADED,1.0,No,1.0,1.0,1.0,False,False
452,0.6927651166915894,0.31186301304948105,0.8212343808654889,0.08650737698765344,OFFLOADED,1.0,No,1.0,1.0,0.0,True,False
453,0.8679829239845276,0.7448310087128106,0.8201590934381583,0.0804393732366012,OFFLOADED,0.0,Yes,0.0,0.0,0.0,False,False
454,0.3215736746788025,5.262989348748949e-05,0.49969091479097205,2.596166693344237e-05,OFFLOADED,1.0,No,1.0,1.0,1.0,False,False
455,0.8559520840644836,0.7166824749679861,0.7847016766707167,0.03843084937258999,OFFLOADED,1.0,No,1.0,1.0,1.0,False,False
456,0.3016476035118103,9.068705872644974e-06,0.6419659540014472,0.0008464719782000052,OFFLOADED,1.0,No,0.0,0.0,1.0,False,False
457,0.7991847395896912,0.5282019767371875,0.976579981241627,0.8436991279513794,ACCEPTED,0.0,Yes,0.0,0.0,0.0,True,True
458,0.2679119408130646,7.10212984900755e-08,0.7366670689099595,0.0098797189833836,OFFLOADED,1.0,No,1.0,1.0,1.0,False,False
459,0.3236478865146637,5.602863217336473e-05,0.49063925238201656,1.599073080998221e-05,OFFLOADED,1.0,No,1.0,1.0,0.0,False,False
460,0.793505847454071,0.5281421898841508,0.9206690761950981,0.46327217674174986,ACCEPTED,0.0,Yes,0.0,0.0,0.0,True,True
461,0.5219837427139282,0.040014467892039204,0.9836787764054282,0.9038797060801524,OFFLOADED,1.0,No,1.0,0.0,0.0,False,True
462,0.29545673727989197,3.911951393521306e-06,0.5249390998052156,4.11781504987687e-05,OFFLOADED,0.0,Yes,0.0,0.0,0.0,False,False
463,0.903162956237793,0.8440021492354176,0.9714158595967657,0.8140167458106662,OFFLOADED,0.0,Yes,0.0,0.0,0.0,False,True
464,0.28706371784210205,1.1977637544944447e-06,0.07710890679020467,1.4549426456157368e-08,OFFLOADED,1.0,No,1.0,0.0,0.0,False,False
465,0.6262016892433167,0.1725348338290871,0.5855342035237111,0.00025146521389636306,OFFLOADED,1.0,No,1.0,1.0,1.0,False,False
466,0.8777111172676086,0.7930309135234438,1.0,1.0,ACCEPTED,0.0,Yes,0.0,0.0,0.0,True,True
467,0.30916932225227356,1.7358732228941016e-05,0.9889473709461264,0.9370212495393249,OFFLOADED,1.0,No,1.0,0.0,0.0,False,True
468,0.9018691778182983,0.8545708542601195,0.9255000872321181,0.5099935811715015,OFFLOADED,0.0,Yes,0.0,0.0,0.0,True,False
469,0.9020572900772095,0.8620092185538277,0.7134888654375615,0.005226390466169167,OFFLOADED,1.0,No,1.0,1.0,1.0,False,False
470,0.8142415285110474,0.6019608506572204,0.8968377620546589,0.3298136914812299,ACCEPTED,0.0,Yes,0.0,0.0,0.0,True,True
471,0.30641382932662964,1.2617656586037032e-05,0.3142205744777248,1.788578786849389e-07,OFFLOADED,1.0,No,1.0,1.0,1.0,False,False
472,0.8785901069641113,0.8114307538351688,0.7765404725815049,0.031046876869061584,OFFLOADED,1.0,No,1.0,1.0,1.0,True,False
473,0.2876693904399872,1.0757447121060116e-06,0.5559726793954718,9.818259037447103e-05,OFFLOADED,1.0,No,1.0,1.0,1.0,False,False
474,0.32356297969818115,4.8654293476230885e-05,0.4615438009552132,5.869253790669606e-06,OFFLOADED,1.0,No,1.0,1.0,1.0,False,False
475,0.3007134199142456,6.078519064529627e-06,0.7682269035661089,0.022547125207757892,OFFLOADED,1.0,No,1.0,1.0,0.0,False,False
476,0.48035430908203125,0.01747919079048528,0.7658620032067048,0.019950171119094827,OFFLOADED,1.0,No,1.0,0.0,0.0,False,False
477,0.46402984857559204,0.01164837160765327,0.8222700259939167,0.09106890949761494,OFFLOADED,1.0,No,1.0,1.0,0.0,False,False
478,0.7893045544624329,0.5423421470523377,0.8676119722640404,0.20776329406741326,OFFLOADED,1.0,No,1.0,1.0,0.0,True,False
479,0.7592819929122925,0.460149668017327,0.9892884995925082,0.9374511038392128,OFFLOADED,0.0,Yes,0.0,0.0,0.0,False,True
480,0.29560866951942444,2.8493605490885426e-06,0.7475482049278414,0.010442191588569068,OFFLOADED,0.0,Yes,0.0,0.0,0.0,False,False
481,0.25420716404914856,8.309426373425194e-09,0.3653588341838139,3.7178633875415666e-07,OFFLOADED,1.0,No,1.0,1.0,1.0,False,False
482,0.2509716749191284,7.41815551222561e-09,0.4000416305770949,7.924192064410302e-07,OFFLOADED,1.0,No,1.0,1.0,1.0,False,False
483,0.33321598172187805,8.221592525010885e-05,0.2206162210200581,3.082001292833517e-08,OFFLOADED,1.0,No,1.0,1.0,1.0,False,False
484,0.3647402226924896,0.0003556389382445311,0.33661861369035667,1.7654517394700794e-07,OFFLOADED,1.0,No,0.0,1.0,1.0,False,False
485,0.28642064332962036,6.380567199731977e-07,0.9847294748883648,0.9125758179106006,OFFLOADED,1.0,No,1.0,0.0,0.0,False,True
486,0.259234219789505,9.335509645879205e-09,0.29786879841812525,7.167484076091282e-08,OFFLOADED,1.0,No,1.0,1.0,1.0,False,False
487,0.2737811207771301,9.827775486561134e-08,0.8979493082593681,0.3347131062139823,OFFLOADED,0.0,Yes,0.0,0.0,0.0,False,True
488,0.3402165472507477,0.00010722615178364073,0.6612661288617316,0.0010003044937891418,OFFLOADED,1.0,No,0.0,1.0,1.0,False,False
489,0.926080048084259,0.8898450785266996,1.0,1.0,ACCEPTED,0.0,Yes,0.0,0.0,0.0,True,True
490,0.25422611832618713,5.913689850224736e-09,0.4475615368609497,2.8960651675773424e-06,OFFLOADED,1.0,No,0.0,1.0,1.0,False,False
491,0.29660770297050476,2.830318626500505e-06,0.2940271343838518,5.891973539906695e-08,OFFLOADED,1.0,No,1.0,1.0,1.0,False,False
492,0.8321774005889893,0.6627429304823607,0.5785347616461306,0.00015426456759646412,OFFLOADED,1.0,No,1.0,1.0,1.0,True,False
493,0.6889448761940002,0.3046800386277007,0.5616380397564948,8.902201375696904e-05,OFFLOADED,1.0,No,1.0,1.0,1.0,False,False
494,0.7339577078819275,0.3972009245138392,0.948027502272266,0.6694793985565205,OFFLOADED,0.0,Yes,0.0,0.0,0.0,True,False
495,0.27450454235076904,1.0130712459885318e-07,0.34373414147053816,1.589564312722617e-07,OFFLOADED,1.0,No,1.0,1.0,1.0,False,False
496,0.285756379365921,4.807314876458486e-07,0.555531734035446,6.890346439378908e-05,OFFLOADED,1.0,No,1.0,1.0,1.0,False,False
497,0.42791563272476196,0.004038125849871368,0.3924751231481815,4.5701198418638323e-07,OFFLOADED,1.0,No,1.0,1.0,1.0,False,False
498,0.2505023777484894,4.0453856514216485e-09,0.5665548529766351,9.73813834262633e-05,OFFLOADED,1.0,No,0.0,1.0,0.0,False,False
499,0.8690409660339355,0.7725582935937241,0.8954056440357142,0.33912160076345654,OFFLOADED,0.0,Yes,0.0,0.0,0.0,True,False
500,0.8706175088882446,0.7873853783634234,0.9160700321458695,0.48794095055280473,ACCEPTED,0.0,Yes,0.0,0.0,0.0,True,True
501,0.2880452871322632,6.259278560545502e-07,0.43976087435495914,1.797440477167032e-06,OFFLOADED,1.0,No,0.0,1.0,0.0,False,False
502,0.33246830105781555,6.220644265443757e-05,0.2551095079116921,2.3681581213204316e-08,OFFLOADED,1.0,No,1.0,1.0,1.0,False,False
503,0.25224030017852783,3.5447306293704603e-09,0.3248897866660804,7.914712828445795e-08,OFFLOADED,1.0,No,1.0,1.0,1.0,False,False
504,0.2927438020706177,1.3351243131864734e-06,0.8615314999838183,0.20206538060119736,OFFLOADED,1.0,No,0.0,1.0,1.0,False,True
505,0.0,0.0,0.5526836195131003,5.725577017523675e-05,OFFLOADED,0.0,Yes,0.0,0.0,0.0,False,False
506,0.2505017817020416,3.0982542029238695e-09,0.20782532751691463,1.3084087523388298e-08,OFFLOADED,1.0,No,1.0,1.0,1.0,False,False
507,0.25882861018180847,4.867439485231681e-09,0.3234841925435608,7.223640696390818e-08,OFFLOADED,1.0,No,1.0,1.0,1.0,False,False
508,0.31387877464294434,1.5135879338124422e-05,0.7513298163193796,0.013076986387807528,OFFLOADED,1.0,No,1.0,0.0,0.0,False,False
509,0.2731423079967499,5.467253862204815e-08,0.48069500957739103,6.572628068240738e-06,OFFLOADED,1.0,No,1.0,1.0,0.0,False,False
510,0.4612109363079071,0.010167409819796256,0.8816080043545355,0.2789268483121036,OFFLOADED,1.0,No,1.0,1.0,1.0,False,False
511,0.32749924063682556,3.817056605031215e-05,0.6663631176218457,0.0009869336021398523,OFFLOADED,1.0,No,1.0,1.0,1.0,False,False
512,0.267062783241272,1.485086859598333e-08,0.5346027041907824,3.0359977387793457e-05,OFFLOADED,1.0,No,1.0,1.0,1.0,False,False
513,0.571293294429779,0.08050003369453157,0.7599877737969081,0.015062410068225701,OFFLOADED,1.0,No,1.0,1.0,1.0,False,False
514,0.25363248586654663,2.0569017394076672e-09,0.9771895333409979,0.8711709769556789,OFFLOADED,0.0,Yes,0.0,0.0,0.0,False,True
515,0.2646191716194153,8.468275100187631e-09,0.41840742946496584,6.346795542724403e-07,OFFLOADED,1.0,No,1.0,1.0,1.0,False,False
516,0.0,0.0,0.9859012640062963,0.925895634325539,OFFLOADED,0.0,Yes,0.0,0.0,0.0,False,True
517,0.4290756285190582,0.0036399273830995983,0.6729411042806883,0.0010813222650085006,OFFLOADED,1.0,No,1.0,1.0,1.0,False,False
518,0.4129161536693573,0.001991155394252181,0.7250531789618818,0.005245364777685086,OFFLOADED,1.0,No,1.0,1.0,1.0,False,False
519,0.25549593567848206,1.990205109462096e-09,0.2908542716674102,1.989222395325715e-08,OFFLOADED,1.0,No,1.0,1.0,1.0,False,False
520,0.6131152510643005,0.13782955757153068,0.6498362290388326,0.0005342045961072015,OFFLOADED,1.0,No,1.0,1.0,1.0,False,False
521,0.2687467932701111,1.5526419206983427e-08,0.3648502200239082,1.1481338709475532e-07,OFFLOADED,1.0,No,1.0,1.0,1.0,False,False
522,0.2513136863708496,1.479643298053575e-09,0.21655062744953688,6.44739380428874e-09,OFFLOADED,1.0,No,1.0,1.0,1.0,False,False
523,0.2790009677410126,8.81399024924484e-08,0.7716842605202242,0.02022795338000301,OFFLOADED,0.0,Yes,0.0,0.0,0.0,False,False
524,0.44063740968704224,0.004742258502895007,0.804497871974726,0.056573210683984534,OFFLOADED,1.0,No,1.0,1.0,1.0,True,False
525,0.42303431034088135,0.0023951224895028037,0.5341693066625862,2.2680354547786657e-05,OFFLOADED,0.0,Yes,0.0,0.0,0.0,False,False
526,0.6650708913803101,0.2449546556570219,1.0,1.0,ACCEPTED,1.0,No,1.0,0.0,0.0,True,True
527,0.9077253937721252,0.8706916118355599,0.6531276099090584,0.0005514634975965919,OFFLOADED,1.0,No,1.0,1.0,1.0,True,False
528,0.9057156443595886,0.861224726771358,0.9760101070022549,0.8739501441262113,ACCEPTED,0.0,Yes,0.0,0.0,0.0,True,True
529,0.27636203169822693,6.038843926426905e-08,0.5327602170097664,2.1880225626435853e-05,OFFLOADED,1.0,No,1.0,1.0,1.0,False,False
530,0.2721550762653351,2.783037885641665e-08,0.20675132677336894,5.2970471785398516e-09,OFFLOADED,1.0,No,1.0,1.0,1.0,False,False
531,0.9119128584861755,0.8764963418381599,0.986394063113911,0.9358460434431533,ACCEPTED,0.0,Yes,0.0,0.0,0.0,True,True
532,0.25713083148002625,1.7264392908991174e-09,0.2137014884361801,5.358237500811367e-09,OFFLOADED,1.0,No,1.0,1.0,1.0,False,False
533,0.3655192255973816,0.0002323138436418236,0.6601850862457639,0.000624794843140181,OFFLOADED,1.0,No,0.0,1.0,1.0,False,False
534,0.2785552442073822,7.467256287905917e-08,0.639106604695736,0.00035593840173277604,OFFLOADED,1.0,No,1.0,0.0,0.0,False,False
535,0.3020593822002411,2.6355091485469632e-06,0.340550690787796,4.805851548821205e-08,OFFLOADED,1.0,No,1.0,1.0,1.0,False,False
536,0.2804718613624573,8.912680815593327e-08,0.5632668176454956,4.9158222080357345e-05,OFFLOADED,1.0,No,0.0,1.0,1.0,False,False
537,0.28917843103408813,3.63598300039817e-07,0.3787723992507503,1.195530838271506e-07,OFFLOADED,1.0,No,1.0,1.0,1.0,False,False
538,0.2590849697589874,1.5795293512136334e-09,0.5592130646128455,3.9909453455180564e-05,OFFLOADED,1.0,No,1.0,1.0,0.0,False,False
539,0.3265281319618225,2.411032129514922e-05,0.6230503729191014,0.00023933425841227163,OFFLOADED,1.0,No,1.0,1.0,1.0,False,False
540,0.7209570407867432,0.37433700733181036,0.4899730418544297,4.116913850413415e-06,OFFLOADED,1.0,No,1.0,1.0,1.0,False,False
541,0.2562674283981323,9.404347674114977e-10,0.22071088797845248,3.421586925641977e-09,OFFLOADED,1.0,No,1.0,1.0,0.0,False,False
542,0.2534780204296112,7.551893276126783e-10,0.35405165835406066,5.0192836564430574e-08,OFFLOADED,1.0,No,1.0,1.0,1.0,False,False
543,0.5695790648460388,0.06530592631455186,0.7520913157081436,0.011155672601501564,OFFLOADED,1.0,No,0.0,1.0,1.0,False,False
544,0.534995436668396,0.0351902504045203,0.34916013138523466,3.9054062688317317e-08,OFFLOADED,1.0,No,1.0,1.0,1.0,False,False
545,0.25355154275894165,6.390508108471633e-10,0.48229291372758665,2.8058476975375313e-06,OFFLOADED,1.0,No,1.0,1.0,0.0,False,False
546,0.6540236473083496,0.19925731808016608,0.8814619308695606,0.2697229454654082,OFFLOADED,0.0,Yes,0.0,0.0,0.0,False,False
547,0.392412006855011,0.0007266336494959632,0.8135585993817313,0.07173477937180489,OFFLOADED,1.0,No,1.0,0.0,1.0,False,False
548,0.26326891779899597,2.3952808775935354e-09,0.5846246376096621,7.896660351575335e-05,OFFLOADED,1.0,No,1.0,1.0,1.0,False,False
549,0.3218211829662323,1.3680553177995558e-05,0.5419638648571673,1.7835896616986275e-05,OFFLOADED,1.0,No,1.0,1.0,1.0,False,False
550,0.3242718279361725,1.532884446194677e-05,0.7281968691424996,0.005003242937915005,OFFLOADED,1.0,No,1.0,0.0,0.0,False,False
551,0.3345257043838501,3.471381622167549e-05,0.42254186276691974,2.655504550958481e-07,OFFLOADED,1.0,No,1.0,1.0,1.0,False,False
552,0.25039881467819214,4.4736898417989577e-10,0.8857391463461985,0.29904565102842345,OFFLOADED,1.0,No,0.0,1.0,0.0,False,False
553,0.29100024700164795,3.372281516922844e-07,0.2966333922263556,6.108241771733021e-09,OFFLOADED,1.0,No,1.0,1.0,1.0,False,False
554,0.7582575082778931,0.4614604503419385,0.6197836734347029,0.00017384427466404252,OFFLOADED,1.0,No,1.0,1.0,1.0,True,False
555,0.2625642418861389,1.4895352401342025e-09,0.9593500794243379,0.778488758114021,OFFLOADED,1.0,No,1.0,0.0,0.0,False,True
556,0.5576575994491577,0.05137710161227545,0.8530295732284104,0.15473951822232343,OFFLOADED,1.0,No,1.0,1.0,0.0,False,False
557,0.8434703946113586,0.6909443406305998,0.35117849041568483,2.4227637643438692e-08,OFFLOADED,1.0,No,1.0,1.0,1.0,False,False
558,0.29747274518013,8.331115497075343e-07,0.35496838398401254,2.5697599221813058e-08,OFFLOADED,1.0,No,1.0,1.0,1.0,False,False
559,0.4309878945350647,0.0025695222340465225,0.8100904417582545,0.05546283411978203,OFFLOADED,1.0,No,1.0,1.0,1.0,False,False
560,0.3012247681617737,1.212008991802284e-06,0.42079880104547934,1.8906825066447505e-07,OFFLOADED,1.0,No,1.0,1.0,1.0,False,False
561,0.796026885509491,0.5296808539499498,0.9619525754638191,0.7841698878134201,ACCEPTED,1.0,No,1.0,1.0,1.0,True,True
562,0.6866154074668884,0.2581735316511093,0.8661172765713748,0.1842529958867577,OFFLOADED,0.0,Yes,0.0,0.0,0.0,False,False
563,0.0,0.0,0.8313305436375097,0.09213026948379142,OFFLOADED,0.0,Yes,0.0,0.0,0.0,False,False
564,0.3376642167568207,3.520769462191816e-05,0.7393014224150627,0.006361362969278424,OFFLOADED,0.0,Yes,0.0,0.0,0.0,False,False
565,0.2642735540866852,1.6912930573714215e-09,0.48732834601980274,2.4064590799191994e-06,OFFLOADED,1.0,No,1.0,1.0,1.0,False,False
566,0.2812606990337372,4.5905168260225734e-08,0.6640170177104573,0.0005214341418516252,OFFLOADED,1.0,No,0.0,1.0,1.0,False,False
567,0.42117032408714294,0.0017339471243694386,0.7336230091890611,0.005483667470274314,OFFLOADED,1.0,No,1.0,0.0,0.0,False,False
568,0.4663538932800293,0.007155149782158833,0.43181651094199097,2.5369587410430085e-07,OFFLOADED,1.0,No,1.0,1.0,1.0,False,False
569,0.497989296913147,0.015260954499915139,0.8893601676398081,0.30261333208707053,OFFLOADED,1.0,No,1.0,1.0,0.0,False,False
570,0.4938468933105469,0.013090550048909563,0.9195673969869592,0.49978181655801207,OFFLOADED,1.0,No,0.0,1.0,1.0,False,False
571,0.25125831365585327,2.1698970601174769e-10,0.20068563234365344,8.943324853642731e-10,OFFLOADED,1.0,No,1.0,1.0,1.0,False,False
572,0.25657299160957336,2.732625824345965e-10,0.7091305764688166,0.00220602127445851,OFFLOADED,1.0,No,1.0,1.0,1.0,False,False
573,0.2666877806186676,2.109260789777653e-09,0.5018561607511605,3.1381771531599117e-06,OFFLOADED,1.0,No,1.0,1.0,1.0,False,False
574,0.9316529631614685,0.9027344198166436,0.9633320870166004,0.7772852013927742,OFFLOADED,1.0,No,1.0,1.0,1.0,True,False
575,0.9002656936645508,0.8456828558729429,0.9829120534549167,0.9048493960468095,ACCEPTED,0.0,Yes,0.0,0.0,0.0,True,True
576,0.29323458671569824,3.140849339919054e-07,0.2962046729709855,2.983981364167372e-09,OFFLOADED,1.0,No,1.0,1.0,1.0,False,False
577,0.2751379907131195,1.2176134807603073e-08,0.3783088393350594,3.27747568183443e-08,OFFLOADED,1.0,No,1.0,1.0,1.0,False,False
578,0.8760640025138855,0.7942112521305794,0.8955734789200231,0.31786235813688923,OFFLOADED,0.0,Yes,0.0,0.0,0.0,False,True
579,0.26085636019706726,4.81223206790758e-10,0.18940171164893996,6.235464213519112e-10,OFFLOADED,1.0,No,1.0,1.0,1.0,False,False
580,0.8544685244560242,0.7248255993521671,0.8008369801011017,0.04276035020548556,OFFLOADED,0.0,Yes,0.0,0.0,0.0,True,False
581,0.8908379077911377,0.846845054371076,0.9825826660618163,0.909742960747493,OFFLOADED,1.0,No,1.0,1.0,0.0,False,True
582,0.9190258383750916,0.8868634773083796,0.7099447381684232,0.002319760427284639,OFFLOADED,0.0,Yes,0.0,0.0,0.0,True,False
583,0.27819767594337463,1.9852086586069705e-08,0.26105044521758825,1.6510253869420537e-09,OFFLOADED,1.0,No,1.0,1.0,1.0,False,False
584,0.31154075264930725,3.550648236051261e-06,0.44479599638649664,3.9496854014868927e-07,OFFLOADED,1.0,No,0.0,1.0,1.0,False,False
585,0.2861172556877136,7.044670390073526e-08,0.4752538554215261,1.2222723541980291e-06,OFFLOADED,1.0,No,1.0,1.0,1.0,False,False
586,0.46630507707595825,0.006178249140009785,0.578759525074451,4.793905508406069e-05,OFFLOADED,1.0,No,1.0,1.0,1.0,False,False
587,0.857641875743866,0.7456989839661694,0.6291848344670479,0.00018438851858207825,OFFLOADED,1.0,No,1.0,1.0,1.0,True,False
588,0.7330273985862732,0.3781458387318134,0.7054915032469529,0.002115354880896664,OFFLOADED,1.0,No,1.0,1.0,0.0,True,False
589,0.5044273138046265,0.015158750503682854,0.9317139798055732,0.5678601968791043,OFFLOADED,0.0,Yes,0.0,0.0,0.0,False,False
590,0.27646127343177795,1.1707102245428451e-08,0.36061435626238575,1.600991598458316e-08,OFFLOADED,1.0,No,1.0,1.0,1.0,False,False
591,0.35776081681251526,7.888924570174597e-05,0.6565368808278418,0.0003506445473364842,OFFLOADED,1.0,No,1.0,1.0,0.0,False,False
592,0.2803376019001007,2.0797282940135465e-08,0.8785526328898153,0.24751887246694157,OFFLOADED,1.0,No,1.0,0.0,1.0,False,True
593,0.6414749026298523,0.16635994943431856,0.7862067772869942,0.02958063682819527,OFFLOADED,0.0,Yes,0.0,0.0,0.0,False,False
594,0.7366346120834351,0.37959339442023843,0.8320178986928439,0.09639321976623068,OFFLOADED,1.0,No,1.0,1.0,1.0,False,True
595,0.27194714546203613,4.2576725164512474e-09,0.2721017254660191,1.223135173728716e-09,OFFLOADED,1.0,No,1.0,1.0,1.0,False,False
596,0.7869675755500793,0.48660279714575166,0.9081057045626115,0.41109282999027136,OFFLOADED,0.0,Yes,0.0,0.0,0.0,True,False
597,0.26766297221183777,1.5205771659799005e-09,0.9608249882359451,0.7642620964816853,OFFLOADED,1.0,No,0.0,1.0,1.0,False,True
598,0.3518040180206299,5.684532138913238e-05,0.5413618403202647,9.998496358352957e-06,OFFLOADED,1.0,No,1.0,1.0,1.0,False,False
599,0.8008823990821838,0.5402668186095378,0.8031384101083513,0.046705809998876704,OFFLOADED,0.0,Yes,0.0,0.0,0.0,False,False
600,0.3461461365222931,4.1554044247317706e-05,0.6330205140362268,0.0001797767298679399,OFFLOADED,1.0,No,1.0,0.0,0.0,False,False
601,0.25129634141921997,8.90668682029902e-11,0.35637212418474806,1.1422046879115036e-08,OFFLOADED,1.0,No,1.0,1.0,1.0,False,False
602,0.9216012358665466,0.894782128379142,0.9306344923431313,0.5710205907486663,OFFLOADED,0.0,Yes,0.0,0.0,0.0,False,False
603,0.6757041811943054,0.2519927121233927,0.8113114059975052,0.061784716589539,OFFLOADED,1.0,No,1.0,0.0,0.0,False,False
604,0.25728586316108704,1.2467001360902827e-10,0.3861354057001541,2.842589849617839e-08,OFFLOADED,1.0,No,0.0,1.0,1.0,False,False
605,0.893020510673523,0.8500534029828632,0.9421344419897237,0.6484364306411883,OFFLOADED,0.0,Yes,0.0,0.0,0.0,True,False
606,0.3464200794696808,3.855039967558651e-05,0.9378639193016975,0.6390381318930644,OFFLOADED,0.0,Yes,0.0,0.0,0.0,False,False
607,0.36516451835632324,0.0001171404151788166,0.6193348774511002,0.0001245098151552506,OFFLOADED,1.0,No,1.0,1.0,1.0,False,False
608,0.29409709572792053,2.7210052765781925e-07,0.46963013133231507,6.783925058332655e-07,OFFLOADED,1.0,No,0.0,1.0,0.0,False,False
609,0.2600235641002655,1.8801875611632904e-10,0.39366894389591045,3.3766689045981856e-08,OFFLOADED,1.0,No,1.0,1.0,1.0,False,False
610,0.26649901270866394,8.658615884265408e-10,0.26802795835337767,7.801246365967238e-10,OFFLOADED,1.0,No,1.0,1.0,1.0,False,False
611,0.6372619867324829,0.16351791793942738,0.7012820644708849,0.0018311162839110449,OFFLOADED,1.0,No,1.0,0.0,0.0,False,False
612,0.40169399976730347,0.0006489560261224151,0.4097480531831661,5.808690088317044e-08,OFFLOADED,1.0,No,1.0,1.0,1.0,False,False
613,0.8642212748527527,0.7724798230580809,1.0,1.0,OFFLOADED,0.0,Yes,0.0,0.0,0.0,False,True
614,0.2650921642780304,5.221084141497482e-10,0.6008871474178417,6.972791018121789e-05,OFFLOADED,1.0,No,1.0,1.0,1.0,False,False
615,0.254954993724823,6.303871058955137e-11,0.39259378059959327,2.5569170828717216e-08,OFFLOADED,1.0,No,1.0,1.0,1.0,False,False
616,0.2941471040248871,2.3591641594854778e-07,0.6610760963073014,0.00035446648640786413,OFFLOADED,1.0,No,1.0,1.0,1.0,False,False
617,0.8545702695846558,0.7451694845090541,0.4877228692341625,1.0677730943126839e-06,OFFLOADED,0.0,Yes,0.0,0.0,0.0,True,False
618,0.31149187684059143,2.513951778346085e-06,0.7621541303935412,0.013726981784606868,OFFLOADED,1.0,No,1.0,1.0,1.0,False,False
619,0.832427442073822,0.6682786932387268,0.9641375040095406,0.799809544279433,OFFLOADED,0.0,Yes,0.0,0.0,0.0,False,False
620,0.2590719759464264,1.0564953571548373e-10,0.37937705467032107,1.3961753906058387e-08,OFFLOADED,1.0,No,1.0,1.0,1.0,False,False
621,0.56855708360672,0.0559887506209788,0.6061553638659637,6.924218785195201e-05,OFFLOADED,1.0,No,1.0,1.0,0.0,False,False
622,0.9012313485145569,0.8877588190660651,0.5327792747910185,5.0976963821346614e-06,OFFLOADED,1.0,No,1.0,1.0,1.0,True,False
623,0.4336491525173187,0.0020497773321360396,0.985696944187869,0.9346407258690375,OFFLOADED,1.0,No,0.0,1.0,1.0,False,True
624,0.848420262336731,0.7359496111509216,0.9476170272099868,0.7085743107857927,ACCEPTED,0.0,Yes,0.0,0.0,0.0,True,True
625,0.26993605494499207,1.5499190343881249e-09,0.5174464728161152,2.8734386014596814e-06,OFFLOADED,1.0,No,1.0,1.0,1.0,False,False
626,0.6455477476119995,0.18073838215613436,0.8267333566751998,0.08869152409507382,OFFLOADED,1.0,No,1.0,1.0,1.0,False,False
627,0.2922425866127014,1.2964910194782684e-07,0.6763653175521898,0.0005913852957477017,OFFLOADED,1.0,No,0.0,1.0,0.0,False,False
628,0.5952117443084717,0.08145779717280807,0.8013063963138971,0.045568955068811035,OFFLOADED,1.0,No,0.0,1.0,0.0,False,False
629,0.8866399526596069,0.8581001495813398,0.7614555549028361,0.011627298210097538,OFFLOADED,0.0,Yes,0.0,0.0,0.0,True,False
630,0.2575828731060028,5.518476355349835e-11,0.22548667136278078,2.088360737703292e-10,OFFLOADED,1.0,No,1.0,1.0,0.0,False,False
631,0.27102169394493103,1.6689145709645725e-09,0.597782908275393,4.5824378216546325e-05,OFFLOADED,1.0,No,0.0,1.0,1.0,False,False
632,0.3649166524410248,8.384361489007876e-05,0.5103567247040024,1.8294231734708376e-06,OFFLOADED,1.0,No,1.0,1.0,1.0,False,False
633,0.3226419985294342,5.1000706787059615e-06,0.4913585411548601,8.586489451610161e-07,OFFLOADED,1.0,No,1.0,1.0,1.0,False,False
634,0.26951608061790466,9.466183046430885e-10,0.19791571775264766,1.2155062910421062e-10,OFFLOADED,1.0,No,1.0,1.0,1.0,False,False
635,0.3165516257286072,2.963095468728016e-06,0.442084575238647,1.0932386378338911e-07,OFFLOADED,1.0,No,1.0,1.0,0.0,False,False
636,0.2588304281234741,4.96541389919395e-11,0.6217646351732568,8.562936305077976e-05,OFFLOADED,1.0,No,0.0,1.0,0.0,False,False
637,0.2591192126274109,4.965554158255805e-11,0.3192521758207902,1.0647840782477112e-09,OFFLOADED,1.0,No,1.0,1.0,1.0,False,False
638,0.27111443877220154,1.2950343771912014e-09,0.46678113469101784,2.859662629641977e-07,OFFLOADED,1.0,No,1.0,1.0,1.0,False,False
639,0.8044084906578064,0.5911363966943449,0.8009268549052425,0.04338376141656106,OFFLOADED,0.0,Yes,0.0,0.0,0.0,False,False
640,0.2667790949344635,3.6110605238693237e-10,0.766758880285144,0.0152411439793644,OFFLOADED,1.0,No,1.0,1.0,1.0,False,False
641,0.2782958745956421,6.1370064259965555e-09,0.40636834282524603,2.2130422867588848e-08,OFFLOADED,1.0,No,1.0,1.0,1.0,False,False
642,0.8222435116767883,0.6591186735777241,1.0,1.0,ACCEPTED,0.0,Yes,0.0,0.0,0.0,True,True
643,0.0,0.0,0.5722018969231774,1.695848833888198e-05,OFFLOADED,0.0,Yes,0.0,0.0,0.0,False,False
644,0.27485716342926025,2.9907646158003797e-09,0.5492388141443754,7.035105784141705e-06,OFFLOADED,1.0,No,1.0,0.0,0.0,False,False
645,0.31182968616485596,1.79525189419102e-06,0.41343477471106665,2.7677533576859187e-08,OFFLOADED,1.0,No,1.0,1.0,1.0,False,False
646,0.7861961722373962,0.5561564147051906,0.7620325746194189,0.012487661342718746,OFFLOADED,1.0,No,1.0,1.0,0.0,True,False
647,0.3060813546180725,8.226324079665516e-07,1.0,1.0,OFFLOADED,1.0,No,1.0,0.0,1.0,False,True
648,0.3216680884361267,4.2406734582284016e-06,0.48916226453152306,6.300984291363416e-07,OFFLOADED,1.0,No,1.0,1.0,1.0,False,False
649,0.5807502865791321,0.06208765293570183,0.8866356945236706,0.29717710856108503,OFFLOADED,0.0,Yes,0.0,0.0,0.0,False,False
650,0.2709779441356659,9.31529715683349e-10,0.06835138885074303,2.0607485123496995e-11,OFFLOADED,1.0,No,1.0,1.0,1.0,False,False
651,0.2559662163257599,1.7539843310924967e-11,0.5104975250487412,1.4979481655182446e-06,OFFLOADED,1.0,No,1.0,1.0,1.0,False,False
652,0.2815325856208801,9.42910221848687e-09,0.4990173556578833,9.145548040672072e-07,OFFLOADED,1.0,No,1.0,1.0,1.0,False,False
653,0.44700735807418823,0.0031218118831937377,0.6063161176561774,5.264931096157265e-05,OFFLOADED,1.0,No,1.0,0.0,0.0,False,False
654,0.29702505469322205,2.0128375010227868e-07,0.6363598194956532,0.00011851621170486614,OFFLOADED,1.0,No,1.0,1.0,1.0,False,False
655,0.2778153419494629,3.7239457608701517e-09,0.1898026502676324,5.39441921847487e-11,OFFLOADED,1.0,No,1.0,1.0,1.0,False,False
656,0.5310156345367432,0.025858669065373156,0.6276301587872846,8.619187054568742e-05,OFFLOADED,1.0,No,1.0,1.0,0.0,False,False
657,0.5939782857894897,0.07953063923961032,0.5251015350906068,2.0641750204121693e-06,OFFLOADED,1.0,No,0.0,1.0,1.0,False,False
658,0.2865058481693268,1.9554783785877634e-08,0.644380603645787,0.00014170898402587645,OFFLOADED,1.0,No,1.0,1.0,1.0,False,False
659,0.5347354412078857,0.025156679171887797,0.3249157545284012,6.208692048829366e-10,OFFLOADED,1.0,No,1.0,1.0,1.0,False,False
660,0.2702670693397522,4.5704157546037703e-10,0.6885323863877724,0.0009131450630386858,OFFLOADED,1.0,No,1.0,0.0,0.0,False,False
661,0.6934175491333008,0.2828560394642327,0.7485456607371709,0.007919264718314011,OFFLOADED,0.0,Yes,0.0,0.0,0.0,False,False
662,0.26214826107025146,4.3784054021590613e-11,0.5026480809654794,7.585153720966243e-07,OFFLOADED,1.0,No,0.0,0.0,1.0,False,False
663,0.2504747211933136,7.670723654890481e-12,0.38432038116946193,4.298761209210848e-09,OFFLOADED,1.0,No,1.0,1.0,1.0,False,False
664,0.31961697340011597,2.9619818101791107e-06,0.4217760181920399,2.0177447742461263e-08,OFFLOADED,1.0,No,1.0,1.0,1.0,False,False
665,0.3985326290130615,0.0004070905865613625,0.6746704421857678,0.00047447872677934126,OFFLOADED,1.0,No,1.0,1.0,1.0,False,False
666,0.7048923969268799,0.322750507805123,0.72237159556558,0.003307822611719549,OFFLOADED,1.0,No,1.0,1.0,1.0,True,False
667,0.26190027594566345,3.265129629397603e-11,0.47043791194674944,1.5832259360871593e-07,OFFLOADED,1.0,No,1.0,1.0,1.0,False,False
668,0.0,0.0,0.7354965077209131,0.005117584215456462,OFFLOADED,0.0,Yes,0.0,0.0,0.0,False,False
669,0.4831598699092865,0.007383184291640148,0.9287261110677683,0.6146325338672061,OFFLOADED,1.0,No,1.0,1.0,1.0,False,True
670,0.764197826385498,0.47727394972314247,0.9608720679451285,0.7889290137315061,ACCEPTED,0.0,Yes,0.0,0.0,0.0,True,True
671,0.2885321378707886,2.3612482480292746e-08,0.5169634094860153,1.1686816667449226e-06,OFFLOADED,1.0,No,1.0,1.0,0.0,False,False
672,0.6876177787780762,0.27703019920070965,0.9873999423696129,0.9443002954468535,OFFLOADED,0.0,Yes,0.0,0.0,0.0,False,False
673,0.8009132146835327,0.6086049736094259,0.9819612199449766,0.9197865073146884,OFFLOADED,0.0,Yes,0.0,0.0,0.0,True,False
674,0.604599118232727,0.0973704632375855,1.0,1.0,OFFLOADED,0.0,Yes,0.0,0.0,0.0,False,True
675,0.9636173248291016,0.9674747550961694,1.0,1.0,ACCEPTED,0.0,Yes,0.0,0.0,0.0,True,True
676,0.9200087785720825,0.9259952952499065,1.0,1.0,ACCEPTED,0.0,Yes,0.0,0.0,0.0,True,True
677,0.3506251871585846,2.9600934912922515e-05,0.6990374336513944,0.0013483239889543366,OFFLOADED,1.0,No,1.0,0.0,0.0,False,False
678,0.5104137063026428,0.016495814949802432,0.9877849450200141,0.9516943460037626,OFFLOADED,0.0,Yes,0.0,0.0,0.0,False,True
679,0.31145817041397095,1.1830837081130718e-06,0.46298908619069123,1.0376207790954205e-07,OFFLOADED,1.0,No,1.0,1.0,0.0,False,False
680,0.25266650319099426,5.909936572731781e-12,0.19533572268923347,2.6701277380856026e-11,OFFLOADED,1.0,No,1.0,1.0,1.0,False,False
681,0.8498489856719971,0.7880901991974301,0.9142338101018425,0.5108602788870475,ACCEPTED,0.0,Yes,0.0,0.0,0.0,True,True
682,0.315180242061615,1.7649280508314424e-06,0.5496867725257717,4.456039604524634e-06,OFFLOADED,1.0,No,1.0,0.0,0.0,False,False
683,0.824021577835083,0.7067482579006763,0.7773233457204544,0.023231234996865954,OFFLOADED,1.0,No,1.0,1.0,1.0,True,False
684,0.6493513584136963,0.2014631272459819,1.0,1.0,ACCEPTED,0.0,Yes,0.0,0.0,0.0,True,True
685,0.285132497549057,1.172163209997711e-08,0.9330044475216085,0.6538301670756079,OFFLOADED,1.0,No,1.0,0.0,0.0,False,True
686,0.2679600417613983,1.702861632573894e-10,0.30824393917353055,1.884209809401994e-10,OFFLOADED,1.0,No,1.0,1.0,1.0,False,False
687,0.2610834240913391,2.0749803493125534e-11,0.574831954006575,1.2117140727426244e-05,OFFLOADED,1.0,No,1.0,0.0,1.0,False,False
688,0.2914811074733734,4.731603548440937e-08,0.8643563116058602,0.20115160299796842,OFFLOADED,1.0,No,1.0,0.0,0.0,False,False
689,0.2939188778400421,7.743546381966383e-08,0.7405657534372471,0.005918599420411909,OFFLOADED,1.0,No,1.0,0.0,0.0,False,False
690,0.35269856452941895,3.487632617061626e-05,0.7784133756752644,0.021098500534479196,OFFLOADED,1.0,No,0.0,1.0,1.0,False,False
691,0.32993122935295105,7.576900530449042e-06,0.29080386981873124,8.671069836004566e-11,OFFLOADED,1.0,No,1.0,1.0,1.0,False,False
692,0.3046737015247345,4.022099871434816e-07,0.7905711171131196,0.031707246560705206,OFFLOADED,1.0,No,1.0,1.0,1.0,False,False
693,0.42726603150367737,0.0014047874155302341,0.9424710037316694,0.6931613283208045,OFFLOADED,0.0,Yes,0.0,0.0,0.0,False,False
694,0.37475356459617615,0.00014703504117115273,0.5374701167405546,1.8197539394625749e-06,OFFLOADED,1.0,No,1.0,1.0,1.0,False,False
695,0.2713589072227478,3.442790044976135e-10,0.519872285277367,7.721262554964877e-07,OFFLOADED,1.0,No,1.0,0.0,0.0,False,False
696,0.30776843428611755,5.847981166215031e-07,0.8500384052452881,0.14341696403448895,OFFLOADED,1.0,No,1.0,1.0,1.0,False,False
697,0.3225288689136505,3.097905998103129e-06,0.7796668980892967,0.019232294808535683,OFFLOADED,1.0,No,1.0,1.0,1.0,False,False
698,0.4152396023273468,0.0009250998103419662,0.5200960151975232,6.61112357750288e-07,OFFLOADED,1.0,No,1.0,1.0,0.0,False,False
699,0.44811615347862244,0.0031386011372365728,0.7337560785482669,0.0034697228133865874,OFFLOADED,1.0,No,1.0,1.0,1.0,False,False
700,0.7260187268257141,0.40683489002777695,0.9873577865912097,0.9528269426634776,OFFLOADED,0.0,Yes,0.0,0.0,0.0,False,True
701,0.30692431330680847,4.2339398380816835e-07,0.6555841438346457,0.00011948562406739373,OFFLOADED,1.0,No,1.0,0.0,0.0,False,False
702,0.30361613631248474,2.5161964472898933e-07,0.5937878715638341,1.4706252844814286e-05,OFFLOADED,1.0,No,1.0,1.0,1.0,False,False
703,0.38197076320648193,0.0001928284274771235,0.9239390096310329,0.5835143909164756,OFFLOADED,1.0,No,1.0,1.0,0.0,False,True
704,0.6789035201072693,0.2943016040874658,0.7925870175382378,0.02903567084201848,OFFLOADED,1.0,No,1.0,1.0,1.0,True,False
705,0.5143646001815796,0.019346517454964608,0.6159665527574878,2.6932116179165147e-05,OFFLOADED,1.0,No,1.0,1.0,1.0,False,False
706,0.2597372829914093,5.75424668739303e-12,0.32175443885398264,1.187661700944042e-10,OFFLOADED,1.0,No,1.0,1.0,1.0,False,False
707,0.3013805150985718,1.433506791992044e-07,0.2898585196932621,4.0104033487827114e-11,OFFLOADED,1.0,No,1.0,1.0,1.0,False,False
708,0.4760574996471405,0.006696727954522545,0.6001084152521231,1.507231277815633e-05,OFFLOADED,1.0,No,1.0,1.0,1.0,False,False
709,0.3532625436782837,2.4862694847666357e-05,0.8608474656981963,0.16579348035078448,OFFLOADED,1.0,No,0.0,1.0,1.0,False,False
710,0.2986815869808197,7.957652959485285e-08,0.8590297047557506,0.15233911957711815,OFFLOADED,1.0,No,1.0,0.0,0.0,False,False
711,0.720479428768158,0.3938885775007994,0.7426122027527912,0.003927752914236823,OFFLOADED,1.0,No,1.0,1.0,1.0,True,False
712,0.25041335821151733,1.404379897407574e-12,0.2486199239688805,1.348698147245763e-11,OFFLOADED,1.0,No,1.0,1.0,1.0,False,False
713,0.7910350561141968,0.5892834513292186,0.7015000266258445,0.0007262487438758331,OFFLOADED,1.0,No,1.0,1.0,1.0,False,False
714,0.3148922622203827,8.414783795630207e-07,0.3071891954874401,4.8045968513822357e-11,OFFLOADED,1.0,No,1.0,1.0,1.0,False,False
715,0.2857701778411865,4.0534322660918794e-09,0.813886213832665,0.0469616942285927,OFFLOADED,1.0,No,1.0,1.0,1.0,False,False
716,0.25165194272994995,1.1664792955174334e-12,0.2601535321079957,1.3284425833840202e-11,OFFLOADED,1.0,No,1.0,1.0,1.0,False,False
717,0.3202635943889618,1.4830881413681014e-06,0.307354916432307,4.239867798512887e-11,OFFLOADED,1.0,No,1.0,1.0,1.0,False,False
718,0.2525225579738617,1.059585500142838e-12,0.5932136370236737,8.493756807941399e-06,OFFLOADED,1.0,No,1.0,1.0,1.0,False,False
719,0.5617287158966064,0.04626934461458626,0.7686590418025082,0.008647579881282395,OFFLOADED,1.0,No,1.0,1.0,1.0,False,False
720,0.36058756709098816,3.416079580860234e-05,0.7644930016535332,0.00697235143813609,OFFLOADED,1.0,No,1.0,0.0,0.0,False,False
721,0.25103241205215454,8.659585732386932e-13,0.5502648585732981,1.1494715118447835e-06,OFFLOADED,1.0,No,1.0,1.0,1.0,False,False
722,0.3237245976924896,1.7874555159640829e-06,0.8223116533448255,0.05541788707214143,OFFLOADED,1.0,No,1.0,1.0,1.0,False,False
723,0.29670530557632446,3.736777160146737e-08,0.47371998089782374,3.195829255146544e-08,OFFLOADED,1.0,No,1.0,1.0,1.0,False,False
724,0.385515034198761,0.00016698014580552765,0.34313944196906104,1.2017820736160402e-10,OFFLOADED,1.0,No,1.0,1.0,1.0,False,False
725,0.2860214114189148,2.83675873772298e-09,0.4470809584028087,9.262950636517967e-09,OFFLOADED,1.0,No,1.0,1.0,1.0,False,False
726,0.2784004509449005,5.163953572880263e-10,0.7861383780834991,0.01675695319970421,OFFLOADED,1.0,No,0.0,1.0,0.0,False,False
727,0.25040850043296814,6.0692609785048e-13,0.3380125110163169,8.27563732797971e-11,OFFLOADED,1.0,No,0.0,1.0,1.0,False,False
728,0.4803813695907593,0.0064225557702589494,0.9755347646105589,0.8893773047716913,OFFLOADED,0.0,Yes,0.0,0.0,0.0,False,True
729,0.26931750774383545,4.810702817551724e-11,0.9325884061804073,0.623273507539486,OFFLOADED,0.0,Yes,0.0,0.0,0.0,False,True
730,0.2717161476612091,1.0233218869376549e-10,0.5581603494471465,1.481253274121204e-06,OFFLOADED,1.0,No,1.0,1.0,1.0,False,False
731,0.9099876880645752,0.9159855776654733,0.9874866059584677,0.9571218051580432,OFFLOADED,0.0,Yes,0.0,0.0,0.0,False,True
732,0.26254168152809143,5.565952015186555e-12,0.7255662970998774,0.0014432579923231907,OFFLOADED,1.0,No,1.0,0.0,0.0,False,False
733,0.48623839020729065,0.008098806394196401,0.9172137110415496,0.5233173952216015,OFFLOADED,1.0,No,1.0,0.0,0.0,False,False
734,0.25145968794822693,5.489810525738456e-13,0.24302287890027716,4.3201557883463876e-12,OFFLOADED,1.0,No,1.0,1.0,1.0,False,False
735,0.41734686493873596,0.0006898832775229239,0.8572219695390706,0.13308410267331816,OFFLOADED,0.0,Yes,0.0,0.0,0.0,False,False
736,0.3682195842266083,5.6723304044963555e-05,0.9860739039673647,0.9517256938964781,OFFLOADED,0.0,Yes,0.0,0.0,0.0,False,True
737,0.4150683581829071,0.0006669048452414112,0.6901808009143328,0.00032246149610109815,OFFLOADED,1.0,No,0.0,0.0,1.0,False,False
738,0.5791475176811218,0.06208047125487238,0.6646379700119291,8.431909017703347e-05,OFFLOADED,1.0,No,1.0,1.0,1.0,False,False
739,0.7965075373649597,0.5946394716138406,0.840633872187415,0.09236427363523061,OFFLOADED,1.0,No,1.0,1.0,1.0,False,False
740,0.2502973675727844,5.012337481120384e-13,0.397488224593308,6.931149079431494e-10,OFFLOADED,1.0,No,1.0,1.0,1.0,False,False
741,0.45265403389930725,0.0025495249174556094,0.6301541849114247,1.919050716188622e-05,OFFLOADED,1.0,No,1.0,1.0,1.0,False,False
742,0.5740941166877747,0.051331837382872274,0.6339464920135929,2.0881032146088443e-05,OFFLOADED,1.0,No,1.0,1.0,1.0,False,False
743,0.278683066368103,4.5560785378777234e-10,0.3459039392206183,7.23065495387397e-11,OFFLOADED,1.0,No,1.0,1.0,1.0,False,False
744,0.3287368714809418,2.7502103754432473e-06,0.7675781373132333,0.006520095832542087,OFFLOADED,1.0,No,1.0,0.0,0.0,False,False
745,0.4270617365837097,0.00086031170395869,0.7403611567762186,0.0023006186220024703,OFFLOADED,1.0,No,0.0,1.0,1.0,False,False
746,0.2524426281452179,3.687303249371062e-13,0.41480805385814057,1.1557427957868143e-09,OFFLOADED,1.0,No,1.0,1.0,1.0,False,False
747,0.2897992432117462,5.41671789711322e-09,0.3402185973429114,4.499044120770164e-11,OFFLOADED,1.0,No,1.0,1.0,1.0,False,False
748,0.49307557940483093,0.00805820889328966,0.9570649352097714,0.7854539712552482,OFFLOADED,0.0,Yes,0.0,0.0,0.0,False,True
749,0.935674786567688,0.9443639698392479,1.0,1.0,ACCEPTED,0.0,Yes,0.0,0.0,0.0,True,True
750,0.2555828094482422,4.592513737397589e-13,0.24304310028147558,2.303403385551578e-12,OFFLOADED,1.0,No,0.0,1.0,1.0,False,False
751,0.258953332901001,1.0581214179389702e-12,0.9252014843524339,0.580945862368669,OFFLOADED,0.0,Yes,0.0,0.0,0.0,False,True
752,0.8425827622413635,0.748786274868279,1.0,1.0,ACCEPTED,0.0,Yes,0.0,0.0,0.0,True,True
753,0.8697522878646851,0.8516131838050344,0.9794497124194251,0.9280308173641075,ACCEPTED,0.0,Yes,0.0,0.0,0.0,True,True
754,0.2684383690357208,2.5459300834519196e-11,0.7122711075071994,0.0006964460539408668,OFFLOADED,1.0,No,1.0,1.0,1.0,False,False
755,0.7751176357269287,0.5285820809603045,0.8902293767595839,0.3114651239787946,OFFLOADED,0.0,Yes,0.0,0.0,0.0,True,False
756,0.34977099299430847,1.3415730313213536e-05,0.7613628302588608,0.005161236212066126,OFFLOADED,1.0,No,0.0,1.0,1.0,False,False
757,0.2698777914047241,3.715207894822197e-11,0.3401988646266977,4.07728190608964e-11,OFFLOADED,1.0,No,1.0,1.0,1.0,False,False
758,0.8617212176322937,0.838749599173195,0.9756560499348085,0.9142821867044367,ACCEPTED,0.0,Yes,0.0,0.0,0.0,True,True
759,0.5225957632064819,0.017838030350066487,0.6904220820848089,0.00024552649659912384,OFFLOADED,1.0,No,1.0,1.0,1.0,False,False
760,0.5809268951416016,0.05992283146285397,0.9113898562627307,0.49795136955243263,OFFLOADED,1.0,No,1.0,0.0,0.0,False,False
761,0.5500727891921997,0.030759354810496277,0.9221548234633975,0.5711556615602168,OFFLOADED,1.0,No,1.0,0.0,0.0,False,False
762,0.3716057240962982,5.2524011359262496e-05,0.43531089990999233,2.4372396913274456e-09,OFFLOADED,1.0,No,1.0,1.0,1.0,False,False
763,0.907598078250885,0.9299985321149519,0.8146768800502403,0.04189312783085557,OFFLOADED,0.0,Yes,0.0,0.0,0.0,True,False
764,0.4804924428462982,0.005238515023289845,0.7496848667376006,0.003166815205232215,OFFLOADED,1.0,No,0.0,0.0,1.0,False,False
765,0.2839982807636261,1.032093136478675e-09,0.521373775173817,1.3316127681155794e-07,OFFLOADED,1.0,No,0.0,1.0,1.0,False,False
766,0.2617388069629669,1.75947477607188e-12,0.3157142295256509,1.1358649968289024e-11,OFFLOADED,1.0,No,1.0,1.0,1.0,False,False
767,0.31019002199172974,1.9666402392546947e-07,0.19393029163722109,7.26254078147318e-13,OFFLOADED,1.0,No,1.0,1.0,1.0,False,False
768,0.8348905444145203,0.7501700316078862,0.5885121982640044,2.9938241874057125e-06,OFFLOADED,1.0,No,1.0,1.0,1.0,False,False
769,0.3490101993083954,9.072318774216959e-06,0.7625318784427254,0.004904333188775981,OFFLOADED,1.0,No,1.0,1.0,1.0,False,False
770,0.9079203009605408,0.9310455009157704,0.8749258213091854,0.2184467325091156,ACCEPTED,0.0,Yes,0.0,0.0,0.0,True,True
771,0.9106606841087341,0.9371919809247161,0.8935586153990993,0.3431345860952471,ACCEPTED,0.0,Yes,0.0,0.0,0.0,True,True
772,0.8259595036506653,0.7088676027478544,0.8105506505676637,0.04128384286607726,OFFLOADED,0.0,Yes,0.0,0.0,0.0,False,False
773,0.9359614849090576,0.962346164472274,0.9043812000425286,0.4354067144403876,ACCEPTED,0.0,Yes,0.0,0.0,0.0,True,True
774,0.351740300655365,1.0545896062131435e-05,0.7039851723589676,0.0004563118304339287,OFFLOADED,0.0,Yes,0.0,0.0,0.0,False,False
775,0.9064363837242126,0.9411920100756637,0.9860265253339036,0.9625232195751929,ACCEPTED,0.0,Yes,0.0,0.0,0.0,True,True
776,0.8005125522613525,0.6377075273451929,0.8018950525191413,0.03415533360435451,OFFLOADED,0.0,Yes,0.0,0.0,0.0,True,False
777,0.8120770454406738,0.6889444522112068,0.7727503642443702,0.009998296285775851,OFFLOADED,0.0,Yes,0.0,0.0,0.0,True,False
778,0.9159175753593445,0.9555459617774712,1.0,1.0,ACCEPTED,0.0,Yes,0.0,0.0,0.0,True,True
779,0.25403115153312683,2.287119619759939e-13,0.35569904004795583,7.718142559756294e-11,OFFLOADED,1.0,No,1.0,1.0,1.0,False,False
780,0.34184420108795166,6.7039895393172045e-06,0.9682708443679852,0.879418781251138,OFFLOADED,1.0,No,0.0,1.0,0.0,False,True
781,0.25111889839172363,1.7916062694379151e-13,0.1755324522366618,6.807058499676696e-13,OFFLOADED,1.0,No,1.0,1.0,1.0,False,False
782,0.6257110834121704,0.14136637418318163,0.7334809866792643,0.0018978293096690883,OFFLOADED,0.0,Yes,0.0,0.0,0.0,False,False
783,0.2891121804714203,3.272667335101733e-09,0.5240756631193768,1.9413478882477915e-07,OFFLOADED,1.0,No,1.0,1.0,1.0,False,False
784,0.2803538143634796,3.7540409510951154e-10,0.6478718024874108,3.7587077614815865e-05,OFFLOADED,1.0,No,1.0,1.0,1.0,False,False
785,0.7649184465408325,0.552268643981493,1.0,1.0,OFFLOADED,0.0,Yes,0.0,0.0,0.0,False,True
786,0.29542556405067444,1.6289710621102528e-08,0.5917648647979793,4.260346319413699e-06,OFFLOADED,1.0,No,1.0,1.0,1.0,False,False
787,0.3781733512878418,8.07513792328255e-05,0.5426825038175244,4.2540069039044444e-07,OFFLOADED,1.0,No,1.0,1.0,1.0,False,False
788,0.4211841821670532,0.0006435331397141393,0.8426272781028638,0.11274539606862967,OFFLOADED,1.0,No,1.0,0.0,0.0,False,False
789,0.2753359079360962,9.630579994731857e-11,0.36902548162159854,1.0478926943265553e-10,OFFLOADED,1.0,No,0.0,1.0,1.0,False,False
790,0.2920573055744171,6.084332582074738e-09,0.5808153182450946,2.4805675674240977e-06,OFFLOADED,1.0,No,1.0,1.0,1.0,False,False
791,0.26212066411972046,1.2582079540162892e-12,0.9894098923267349,0.97328905627572,OFFLOADED,1.0,No,1.0,0.0,0.0,False,True
792,0.26334309577941895,1.873573302096629e-12,0.7418465607608931,0.0027264898994914075,OFFLOADED,1.0,No,1.0,1.0,1.0,False,False
793,0.2671956717967987,6.764272151455695e-12,0.5988000539988756,4.665918923887632e-06,OFFLOADED,1.0,No,1.0,1.0,1.0,False,False
794,0.26034197211265564,5.720702835899172e-13,0.27708125195236355,2.2082915314187593e-12,OFFLOADED,1.0,No,1.0,1.0,1.0,False,False
795,0.9072020649909973,0.9535068250567136,0.8451311701654781,0.11422551881557132,OFFLOADED,0.0,Yes,0.0,0.0,0.0,True,False
796,0.3178670108318329,5.021113156671746e-07,0.4412135930108904,2.5975016724084265e-09,OFFLOADED,1.0,No,1.0,1.0,1.0,False,False
797,0.28630000352859497,1.1102898576391282e-09,0.47919059639442,1.6006203754035942e-08,OFFLOADED,1.0,No,1.0,1.0,1.0,False,False
798,0.5380171537399292,0.024600231532707902,0.8136159633002433,0.0519479085378157,OFFLOADED,1.0,No,1.0,1.0,1.0,False,False
799,0.2621365487575531,8.679922515520091e-13,0.589063141289089,2.879378619444329e-06,OFFLOADED,1.0,No,1.0,0.0,1.0,False,False
800,0.29725733399391174,1.6917686545852498e-08,0.34227037143966227,2.0368348592577782e-11,OFFLOADED,1.0,No,1.0,1.0,1.0,False,False
801,0.26821357011795044,7.26170213588196e-12,0.37771173517095147,9.662343850703507e-11,OFFLOADED,1.0,No,1.0,1.0,1.0,False,False
802,0.8483391404151917,0.8385532929545733,0.7412080955588976,0.002497384016286605,OFFLOADED,0.0,Yes,0.0,0.0,0.0,True,False
803,0.25761547684669495,1.6885983010718864e-13,0.49101548279020135,2.6028578163044305e-08,OFFLOADED,0.0,Yes,0.0,0.0,0.0,False,False
804,0.36709967255592346,3.267722390467246e-05,0.38357254989425765,1.3359963761900965e-10,OFFLOADED,1.0,No,1.0,1.0,1.0,False,False
805,0.49834007024765015,0.009345289700063885,0.8263569019099201,0.0697968652729663,OFFLOADED,1.0,No,1.0,1.0,0.0,False,False
806,0.3453586995601654,6.268753801108113e-06,0.8639681059957343,0.18307392269529227,OFFLOADED,1.0,No,0.0,1.0,1.0,False,False
807,0.9216873049736023,0.9669907353589529,0.7934503126757106,0.02341372321165689,OFFLOADED,1.0,No,1.0,1.0,1.0,False,False
808,0.38343724608421326,8.760624327792947e-05,0.5334934277941132,1.728941719820611e-07,OFFLOADED,1.0,No,1.0,1.0,1.0,False,False
809,0.9169698357582092,0.9623236912178339,0.8126091583166974,0.04187300913021783,OFFLOADED,1.0,No,1.0,1.0,0.0,True,False
810,0.2564530372619629,9.770060746304237e-14,0.8958986285356714,0.37445116812135726,OFFLOADED,1.0,No,1.0,1.0,1.0,False,False
811,0.3036949038505554,4.2926729990993913e-08,0.5462623518610246,2.863054964037938e-07,OFFLOADED,1.0,No,1.0,1.0,1.0,False,False
812,0.648827314376831,0.21449887003379411,0.8987368862691149,0.3810876641197058,OFFLOADED,0.0,Yes,0.0,0.0,0.0,False,False
813,0.2864183187484741,7.539511473480641e-10,0.7008842903961231,0.0003752724419300545,OFFLOADED,1.0,No,1.0,1.0,0.0,False,False
814,0.2852509319782257,5.556036682821186e-10,0.4154604358344055,4.3804650626745747e-10,OFFLOADED,1.0,No,1.0,1.0,1.0,False,False
815,0.7940029501914978,0.6619160983787797,0.6683937832091063,6.609305157435242e-05,OFFLOADED,1.0,No,1.0,1.0,0.0,True,False
816,0.9489732980728149,0.9771261311340048,0.9044991851341647,0.43839683085799686,OFFLOADED,1.0,No,1.0,1.0,1.0,True,False
817,0.2552572190761566,6.138536166086191e-14,0.4614585304113808,4.059351994320009e-09,OFFLOADED,1.0,No,0.0,1.0,1.0,False,False
818,0.9624863862991333,0.9827429992448067,0.827108064816667,0.05883658084225394,OFFLOADED,0.0,Yes,0.0,0.0,0.0,True,False
819,0.2876335084438324,9.518634247819135e-10,0.41591548717016974,3.83409196310606e-10,OFFLOADED,1.0,No,0.0,1.0,1.0,False,False
820,0.5175345540046692,0.014290323463978658,0.9767506238015895,0.917760996751937,OFFLOADED,1.0,No,1.0,1.0,1.0,False,True
821,0.3564058542251587,1.1417987505026621e-05,0.7966839472656876,0.02397540462515343,OFFLOADED,1.0,No,0.0,0.0,1.0,False,False
822,0.8864821791648865,0.9277952138446849,0.6939562107834321,0.0002428190686286103,OFFLOADED,0.0,Yes,0.0,0.0,0.0,True,False
823,0.8498644828796387,0.846704336338425,0.6802636328233185,0.00013347033650346142,OFFLOADED,1.0,No,1.0,1.0,1.0,True,False
824,0.8704003691673279,0.8989391923068556,0.8643266366644338,0.16837640517155783,OFFLOADED,0.0,Yes,0.0,0.0,0.0,True,False
825,0.2782330811023712,7.656008031673606e-11,0.28021388847869194,9.64703815194032e-13,OFFLOADED,1.0,No,1.0,1.0,1.0,False,False
826,0.494734525680542,0.007674932503967042,0.9393863546007879,0.6916731603016664,OFFLOADED,0.0,Yes,0.0,0.0,0.0,False,True
827,0.4854973554611206,0.006037183667707582,0.8862288338632991,0.3031805855496853,OFFLOADED,1.0,No,0.0,0.0,1.0,False,True
828,0.3230787217617035,5.80399263337235e-07,0.41902837452019076,3.9971652192604627e-10,OFFLOADED,1.0,No,1.0,1.0,1.0,False,False
829,0.28142327070236206,1.5366417062065996e-10,0.2635551652089951,5.591097409125144e-13,OFFLOADED,1.0,No,0.0,1.0,1.0,False,False
830,0.8517419695854187,0.850158625319354,0.6457618532541525,2.0987436100272787e-05,OFFLOADED,1.0,No,1.0,1.0,1.0,True,False
831,0.27975133061408997,9.537558493971132e-11,0.797689637273084,0.024105673268714396,OFFLOADED,1.0,No,1.0,1.0,1.0,False,False
832,0.251214861869812,2.8963400589601656e-14,0.2967458922676119,1.1765953722189564e-12,OFFLOADED,1.0,No,1.0,1.0,1.0,False,False
833,0.273277223110199,1.7530241988535093e-11,0.44650610813509006,1.560584889642182e-09,OFFLOADED,1.0,No,1.0,1.0,1.0,False,False
834,0.35035210847854614,6.752943324712942e-06,0.7351639401504474,0.0015148737423850908,OFFLOADED,1.0,No,1.0,1.0,1.0,False,False
835,0.835290253162384,0.7830671022990904,0.9572719783073163,0.8035827743693502,ACCEPTED,0.0,Yes,0.0,0.0,0.0,True,True
836,0.2720337212085724,1.0503356820855724e-11,0.4053448649728555,1.6377946765667125e-10,OFFLOADED,1.0,No,1.0,1.0,1.0,False,False
837,0.29155781865119934,2.4318360864945007e-09,0.48218133460821716,9.046764277399944e-09,OFFLOADED,1.0,No,1.0,1.0,0.0,False,False
838,0.36438295245170593,2.0151135226756876e-05,0.6553212050966516,2.8171417113871876e-05,OFFLOADED,1.0,No,1.0,0.0,0.0,False,False
839,0.2583472430706024,6.970036639265335e-14,0.8441600516562745,0.10302774268750356,OFFLOADED,1.0,No,1.0,1.0,0.0,False,False
840,0.31859609484672546,2.961511467903962e-07,0.5776181823398455,9.629343575990021e-07,OFFLOADED,1.0,No,1.0,0.0,0.0,False,False
841,0.7154264450073242,0.40301404033150506,0.9361496050283468,0.6825988970151916,ACCEPTED,1.0,No,1.0,1.0,0.0,True,True
842,0.8135381937026978,0.7134647220615609,0.7569397565420984,0.0033269711269691667,OFFLOADED,0.0,Yes,0.0,0.0,0.0,False,False
843,0.30563363432884216,4.015364184953341e-08,0.21763322605467592,1.2845307502720394e-13,OFFLOADED,1.0,No,1.0,1.0,1.0,False,False
844,0.8792951703071594,0.9216061012388348,0.6727351378063485,6.838543255129951e-05,OFFLOADED,1.0,No,1.0,1.0,1.0,True,False
845,0.30407071113586426,2.8866053562581455e-08,0.4324372544976113,4.765037280607872e-10,OFFLOADED,1.0,No,1.0,1.0,1.0,False,False
846,0.43467453122138977,0.0009413297192803644,0.6961992362931564,0.00024667552940159203,OFFLOADED,1.0,No,1.0,1.0,1.0,False,False
847,0.5590693354606628,0.03727039495169314,0.5249202413124071,5.2982080295818015e-08,OFFLOADED,1.0,No,1.0,1.0,1.0,True,False
848,0.25762903690338135,3.8291453216521547e-14,0.26784266914914445,2.6666816387173335e-13,OFFLOADED,1.0,No,1.0,1.0,1.0,False,False
849,0.5158981680870056,0.012151942661051674,0.5576095263400536,2.9704055708333605e-07,OFFLOADED,1.0,No,1.0,1.0,1.0,False,False
850,0.796205997467041,0.6574439921471521,0.9693731438698936,0.8730323589165485,ACCEPTED,0.0,Yes,0.0,0.0,0.0,True,True
851,0.28049489855766296,6.390054177891889e-11,0.5538156828666959,2.2782126070330115e-07,OFFLOADED,1.0,No,1.0,1.0,1.0,False,False
852,0.4461876451969147,0.0013035040281115847,0.6793043445908724,9.700517764598025e-05,OFFLOADED,1.0,No,1.0,1.0,1.0,False,False
853,0.7515714764595032,0.5230074262467855,0.6972009304130417,0.00024097444753605214,OFFLOADED,1.0,No,1.0,1.0,1.0,True,False
854,0.6256048679351807,0.14817608336821655,0.26964558338091393,2.1049986770896716e-13,OFFLOADED,1.0,No,1.0,1.0,1.0,False,False
855,0.260001540184021,6.202670521789205e-14,0.5134497182596859,2.2806750751663936e-08,OFFLOADED,1.0,No,1.0,1.0,0.0,False,False
856,0.3404983878135681,2.4646059787489584e-06,0.8198187970663942,0.04671273758752472,OFFLOADED,1.0,No,1.0,1.0,1.0,False,False
857,0.9153710603713989,0.9584157870702511,0.6866967968172456,0.000126764314752811,OFFLOADED,0.0,Yes,0.0,0.0,0.0,True,False
858,0.32305821776390076,3.2283916888795215e-07,0.6676508046076095,3.9732948768330554e-05,OFFLOADED,1.0,No,0.0,0.0,1.0,False,False
859,0.9158046245574951,0.9609434558655402,0.5088765024337693,1.687206922479782e-08,OFFLOADED,1.0,No,1.0,1.0,0.0,True,False
860,0.2528229355812073,9.437250531808978e-15,0.2786710212937877,2.1843763524546098e-13,OFFLOADED,1.0,No,0.0,1.0,1.0,False,False
861,0.28339481353759766,1.0984784692999938e-10,0.24726372385158926,9.455626796462968e-14,OFFLOADED,1.0,No,1.0,1.0,1.0,False,False
862,0.0,0.0,0.8771419614447038,0.23167365718090172,OFFLOADED,0.0,Yes,0.0,0.0,0.0,False,True
863,0.33469268679618835,1.4616659739757729e-06,0.7112158988588513,0.0004727052816066137,OFFLOADED,1.0,No,1.0,1.0,1.0,False,False
864,0.526474118232727,0.013962723695480447,0.8500898796284545,0.11775593460196652,OFFLOADED,1.0,No,1.0,0.0,0.0,False,False
865,0.7743687629699707,0.5841828824680539,0.8989179582496374,0.3834449352797595,ACCEPTED,1.0,No,1.0,1.0,0.0,True,True
866,0.31505969166755676,9.879589986355827e-08,0.9628763844181778,0.8392675907787417,OFFLOADED,1.0,No,1.0,0.0,0.0,False,True
867,0.9460820555686951,0.9748761192379667,1.0,1.0,ACCEPTED,0.0,Yes,0.0,0.0,0.0,True,True
868,0.4770995080471039,0.0032056816240600954,0.8562746563273931,0.1282540778412202,OFFLOADED,1.0,No,1.0,1.0,1.0,False,False
869,0.706673800945282,0.3497846191766816,0.745830509496805,0.0018978461550823583,OFFLOADED,0.0,Yes,0.0,0.0,0.0,False,False
870,0.2511504888534546,6.387711622873177e-15,0.8922243901591133,0.31268656784821464,OFFLOADED,0.0,Yes,0.0,0.0,0.0,False,False
871,0.3011873662471771,8.542415859538384e-09,0.40390657684208026,5.914068270936825e-11,OFFLOADED,1.0,No,1.0,1.0,1.0,False,False
872,0.9082154035568237,0.9546109220663398,0.6328067254335119,6.651575927433302e-06,OFFLOADED,1.0,No,1.0,1.0,1.0,True,False
873,0.29145097732543945,8.593636858975554e-10,0.5393278935677414,7.161808648163596e-08,OFFLOADED,1.0,No,1.0,1.0,1.0,False,False
874,0.2509928345680237,5.997105370962783e-15,0.602494841419527,1.9054872010675448e-06,OFFLOADED,1.0,No,1.0,1.0,1.0,False,False
875,0.6361207365989685,0.16936592257357383,0.903152743378658,0.4047766433025396,OFFLOADED,1.0,No,1.0,0.0,0.0,False,False
876,0.2766496539115906,1.1143031550349146e-11,0.43799478608178694,2.9226252302223603e-10,OFFLOADED,1.0,No,1.0,1.0,0.0,False,False
877,0.2821546792984009,4.812367901613688e-11,0.5830676046635566,6.953987076060238e-07,OFFLOADED,1.0,No,0.0,1.0,1.0,False,False
878,0.2636890411376953,1.3047627182941026e-13,0.698061045155916,0.00020810868533745525,OFFLOADED,1.0,No,1.0,1.0,1.0,False,False
879,0.6170607805252075,0.11521321149490611,0.958166059392531,0.8013246217721937,OFFLOADED,0.0,Yes,0.0,0.0,0.0,False,True
880,0.9648464918136597,0.984802534563054,0.8843966113429564,0.26426063944680933,ACCEPTED,0.0,Yes,0.0,0.0,0.0,True,True
881,0.6937386393547058,0.32612588679389537,0.9892366556346308,0.9706900694000038,ACCEPTED,0.0,Yes,0.0,0.0,0.0,True,True
882,0.37576067447662354,3.193153208891926e-05,0.9346424248510454,0.6606888713854483,OFFLOADED,1.0,No,1.0,1.0,1.0,False,True
883,0.6715149879455566,0.2731065962726331,0.5930240221962106,1.0292240398164408e-06,OFFLOADED,1.0,No,1.0,1.0,1.0,True,False
884,0.9620615243911743,0.9844067375422717,0.9705577722425247,0.8813727864003218,ACCEPTED,1.0,No,1.0,1.0,0.0,True,True
885,0.2519609034061432,4.571049461230499e-15,0.3831365235201563,1.1883049115104461e-11,OFFLOADED,1.0,No,1.0,1.0,1.0,False,False
886,0.9291836023330688,0.9657330879144875,0.8945462293993651,0.33636515228085373,ACCEPTED,0.0,Yes,0.0,0.0,0.0,True,True
887,0.3941320478916168,9.484832579499696e-05,0.2024741012763887,2.373555194342694e-14,OFFLOADED,1.0,No,1.0,0.0,0.0,False,False
888,0.30398303270339966,1.2259313977289698e-08,0.3465529948868099,2.216509882005751e-12,OFFLOADED,1.0,No,0.0,1.0,1.0,False,False
889,0.811928927898407,0.7122236050246792,1.0,1.0,OFFLOADED,0.0,Yes,0.0,0.0,0.0,False,True
890,0.8938154578208923,0.9411483467372472,0.7383561171996242,0.0015522743799721212,OFFLOADED,0.0,Yes,0.0,0.0,0.0,True,False
891,0.33466070890426636,1.1183566314095915e-06,0.46601208839397273,1.3213535445512905e-09,OFFLOADED,1.0,No,1.0,1.0,1.0,False,False
892,0.37360429763793945,2.3822806154549013e-05,0.8566051412735125,0.1321987120974513,OFFLOADED,1.0,No,1.0,0.0,0.0,False,False
893,0.41105082631111145,0.0002157145325943385,0.8691660310164577,0.18447279735885302,OFFLOADED,1.0,No,1.0,0.0,0.0,False,False
894,0.3361986577510834,1.1157541846103287e-06,0.3466741991792303,1.9071037605454037e-12,OFFLOADED,1.0,No,0.0,1.0,1.0,False,False
895,0.3313661813735962,6.158454376686429e-07,0.6280924728118868,4.667816208604091e-06,OFFLOADED,1.0,No,1.0,1.0,1.0,False,False
896,0.2520619332790375,2.9380698017226723e-15,0.3476686582077734,1.797218731818695e-12,OFFLOADED,1.0,No,1.0,1.0,1.0,False,False
897,0.8353549838066101,0.8016703039929232,0.3833666570962863,9.753330011169942e-12,OFFLOADED,1.0,No,1.0,1.0,1.0,True,False
898,0.9371668100357056,0.9737389393404956,0.978197562644176,0.9213008504803896,ACCEPTED,0.0,Yes,0.0,0.0,0.0,True,True
899,0.4146784842014313,0.00023967371522605585,0.4443781965833685,3.093837684204278e-10,OFFLOADED,1.0,No,1.0,1.0,1.0,False,False
900,0.35292014479637146,3.399408277990122e-06,0.5014455757444771,7.038859588398008e-09,OFFLOADED,1.0,No,1.0,0.0,0.0,False,False
901,0.41224005818367004,0.00020095228514972342,0.6895468006850428,0.00013234943355491176,OFFLOADED,1.0,No,1.0,0.0,0.0,False,False
902,0.8254389762878418,0.7596426189370352,0.9777560360615599,0.9229263554844139,OFFLOADED,0.0,Yes,0.0,0.0,0.0,True,False
903,0.26399481296539307,7.861745279869192e-14,0.48733563131567986,2.97855394233284e-09,OFFLOADED,1.0,No,1.0,1.0,1.0,False,False
904,0.8749639391899109,0.9172937643484435,0.6793097669525751,6.95609578095307e-05,OFFLOADED,0.0,Yes,0.0,0.0,0.0,True,False
905,0.7525455951690674,0.5206806494308404,0.968177514305413,0.868580992070749,OFFLOADED,0.0,Yes,0.0,0.0,0.0,False,True
906,0.8171022534370422,0.7555289538412501,0.8940397985619033,0.33949487518644894,OFFLOADED,0.0,Yes,0.0,0.0,0.0,True,False
907,0.3440864086151123,1.6677993367347044e-06,0.7685266193405218,0.005031937990084952,OFFLOADED,1.0,No,1.0,0.0,0.0,False,False
908,0.2597940266132355,1.3280115252674326e-14,0.742560209615759,0.0017633045163123991,OFFLOADED,1.0,No,1.0,1.0,1.0,False,False
909,0.750953733921051,0.5365080199371575,0.8256751154478695,0.04861117315850775,OFFLOADED,1.0,No,1.0,1.0,1.0,True,False
910,0.3555692434310913,3.872842360507623e-06,0.31578951953315015,2.66342840541243e-13,OFFLOADED,1.0,No,1.0,1.0,1.0,False,False
911,0.400707870721817,0.00011211018819372724,0.5681699322336882,2.5522091448079645e-07,OFFLOADED,1.0,No,0.0,1.0,1.0,False,False
912,0.0,0.0,0.6940870208259186,0.00014374063129562832,OFFLOADED,0.0,Yes,0.0,0.0,0.0,False,False
913,0.25008782744407654,1.7212583527560587e-15,0.47861206385217,1.6241877343884988e-09,OFFLOADED,1.0,No,1.0,1.0,1.0,False,False
914,0.37429094314575195,1.856051074801664e-05,0.7349718744126298,0.0011235109497231162,OFFLOADED,1.0,No,0.0,1.0,1.0,False,False
915,0.320119708776474,8.189751686534122e-08,0.42243433035816347,5.3419176499729927e-11,OFFLOADED,1.0,No,0.0,1.0,1.0,False,False
916,0.29326656460762024,5.723081666979455e-10,0.327202513396166,3.717666013264699e-13,OFFLOADED,1.0,No,0.0,1.0,1.0,False,False
917,0.30934610962867737,1.6101956534616928e-08,0.9433819827990164,0.7223423770875763,OFFLOADED,1.0,No,1.0,0.0,0.0,False,False
918,0.880387544631958,0.9328274595936803,0.7989857102957355,0.018330062972891158,OFFLOADED,1.0,No,1.0,1.0,1.0,True,False
919,0.2563673257827759,2.4731997685490186e-15,0.572770004306351,2.843991300339694e-07,OFFLOADED,1.0,No,1.0,1.0,1.0,False,False
920,0.8902323842048645,0.9433759923508991,0.9630272178838402,0.8397792574284486,OFFLOADED,0.0,Yes,0.0,0.0,0.0,True,False
921,0.28246551752090454,1.921054350420118e-11,0.647425331534822,9.115460467793613e-06,OFFLOADED,1.0,No,0.0,1.0,1.0,False,False
922,0.8393988609313965,0.8278027499308965,0.6331410576666672,4.283548051561918e-06,OFFLOADED,1.0,No,1.0,1.0,1.0,True,False
923,0.2963741719722748,1.1402454950674065e-09,0.17577537949309813,5.0127837701272175e-15,OFFLOADED,1.0,No,1.0,1.0,1.0,False,False
924,0.42391011118888855,0.00034901094656438766,0.4949605332313879,2.9992965509607694e-09,OFFLOADED,1.0,No,1.0,1.0,1.0,False,False
925,0.4322461485862732,0.0005138635532873242,0.8033234770646454,0.020633055915863893,OFFLOADED,0.0,Yes,0.0,0.0,0.0,False,False
926,0.8841458559036255,0.9349815165090001,0.9154751127011945,0.506739114148186,ACCEPTED,0.0,Yes,0.0,0.0,0.0,True,True
927,0.32969027757644653,3.132992874008946e-07,0.4953409028596524,3.150494523597579e-09,OFFLOADED,1.0,No,1.0,1.0,1.0,False,False
928,0.2524718940258026,1.0632947658663934e-15,0.4426263152141316,1.3787812120841567e-10,OFFLOADED,1.0,No,1.0,0.0,0.0,False,False
929,0.7961696982383728,0.6765428668930406,0.7515765853710095,0.002246126364204666,OFFLOADED,1.0,No,1.0,1.0,1.0,True,False
930,0.46059709787368774,0.001774737732711719,0.6143273468344835,1.967356400621355e-06,OFFLOADED,1.0,No,0.0,1.0,1.0,False,False
931,0.2947724759578705,6.502085655913576e-10,0.37764454411200643,2.792803045892753e-12,OFFLOADED,1.0,No,1.0,1.0,1.0,False,False
932,0.2810913026332855,9.166531506720683e-12,0.791231170942269,0.013981960944000374,OFFLOADED,1.0,No,1.0,1.0,1.0,False,False
933,0.5918616652488708,0.07190220479124387,0.9552544467413073,0.8049324379955194,OFFLOADED,0.0,Yes,0.0,0.0,0.0,False,True
934,0.9725884199142456,0.9910680693987441,1.0,1.0,ACCEPTED,0.0,Yes,0.0,0.0,0.0,True,True
935,0.48253852128982544,0.0039189535184996765,0.553579339227945,6.790560077438606e-08,OFFLOADED,1.0,No,0.0,1.0,1.0,False,False
936,0.6578666567802429,0.2333115972049423,0.9834876375436596,0.9587719224242518,OFFLOADED,0.0,Yes,0.0,0.0,0.0,False,True
937,0.5594407916069031,0.035778002926877946,0.7029593250862938,0.00020793646352547498,OFFLOADED,1.0,No,1.0,1.0,1.0,False,False
938,0.2679905295372009,1.5766645964190706e-13,0.8168681067979099,0.035643908282336094,OFFLOADED,1.0,No,1.0,1.0,1.0,False,False
939,0.26511481404304504,5.128114178688994e-14,0.695509441404472,0.00012553239053501275,OFFLOADED,1.0,No,1.0,1.0,1.0,False,False
940,0.9275264143943787,0.9737733057918371,0.9685128172974525,0.8906661316646676,ACCEPTED,0.0,Yes,0.0,0.0,0.0,True,True
941,0.32629039883613586,1.618275048616469e-07,0.46275056074169607,3.1349260763096343e-10,OFFLOADED,1.0,No,1.0,1.0,1.0,False,False
942,0.41299766302108765,0.00017738658501705368,0.8218119175573682,0.03975703709440253,OFFLOADED,1.0,No,1.0,1.0,1.0,False,False
943,0.26334699988365173,2.0334995405152335e-14,0.5043602559138023,3.1427536031394276e-09,OFFLOADED,1.0,No,1.0,1.0,1.0,False,False
944,0.3941296339035034,6.0732729918987564e-05,0.9768394235193217,0.9380904766095187,OFFLOADED,0.0,Yes,0.0,0.0,0.0,False,True
945,0.5684252381324768,0.041800516609174,0.5842912434724519,3.0659037908940056e-07,OFFLOADED,1.0,No,1.0,1.0,1.0,False,False
946,0.40513235330581665,0.00011031577710607909,0.5726944350547325,1.6531012119030864e-07,OFFLOADED,1.0,No,1.0,1.0,1.0,False,False
947,0.31395602226257324,2.322466277464096e-08,0.3787740913647627,1.595738373523512e-12,OFFLOADED,1.0,No,1.0,1.0,1.0,False,False
948,0.39599210023880005,6.37955082520945e-05,0.7840453905240805,0.00880212498125887,OFFLOADED,1.0,No,1.0,0.0,1.0,False,False
949,0.33373990654945374,3.70524421400211e-07,0.5226048881837748,6.701976460532661e-09,OFFLOADED,1.0,No,1.0,1.0,0.0,False,False
950,0.33961740136146545,6.620236201428697e-07,0.6007921810869405,6.632950300617545e-07,OFFLOADED,1.0,No,1.0,1.0,1.0,False,False
951,0.4889853298664093,0.004434981354735827,0.7902595040247956,0.011089415521650456,OFFLOADED,0.0,Yes,0.0,0.0,0.0,False,False
952,0.8528608679771423,0.8643115067206647,0.9021327274051575,0.419994181647857,ACCEPTED,1.0,No,1.0,1.0,0.0,True,True
953,0.2547593116760254,6.036404963782331e-16,0.22426935656820687,3.219200740916469e-15,OFFLOADED,1.0,No,1.0,1.0,0.0,False,False
954,0.3634733259677887,5.4488246392557925e-06,0.892555593837627,0.3392427312021748,OFFLOADED,1.0,No,1.0,0.0,0.0,False,False
955,0.36270013451576233,4.7806700314069435e-06,0.8317565348043304,0.051169086905370864,OFFLOADED,1.0,No,0.0,1.0,0.0,False,False
956,0.5453203916549683,0.022791974966934487,0.8725289654417155,0.1919304127727806,OFFLOADED,1.0,No,1.0,1.0,1.0,False,False
957,0.27455008029937744,8.812286156855566e-13,0.9766170005821336,0.9369381091539597,OFFLOADED,0.0,Yes,0.0,0.0,0.0,False,True
958,0.38835370540618896,3.82586495995602e-05,0.7985295426287434,0.013809753725324518,OFFLOADED,1.0,No,1.0,1.0,1.0,False,False
959,0.2665713131427765,4.882151574440666e-14,0.6000421715364008,5.042692916610429e-07,OFFLOADED,1.0,No,1.0,1.0,1.0,False,False
960,0.3163997530937195,2.250261859726396e-08,0.3351937553065556,1.1054560606607697e-13,OFFLOADED,1.0,No,1.0,1.0,1.0,False,False
961,0.7678409814834595,0.5709471495183284,0.7692432057293507,0.0030782642042430633,OFFLOADED,0.0,Yes,0.0,0.0,0.0,True,False
962,0.25050386786460876,3.2968424234227667e-16,0.3989234052918603,3.6188785385448777e-12,OFFLOADED,1.0,No,1.0,1.0,1.0,False,False
963,0.6203088760375977,0.1375554453809862,0.7107162154872072,0.00022167476602865548,OFFLOADED,1.0,No,1.0,1.0,1.0,True,False
964,0.29410892724990845,2.521448290062229e-10,0.7194050764489708,0.0003324858006163863,OFFLOADED,1.0,No,1.0,0.0,1.0,False,False
965,0.25040173530578613,2.7867611936719667e-16,0.25124280678031197,3.5762988077958504e-15,OFFLOADED,1.0,No,1.0,1.0,1.0,False,False
966,0.262420654296875,6.921539254654859e-15,0.3365232547905258,9.87305417179248e-14,OFFLOADED,1.0,No,1.0,1.0,1.0,False,False
967,0.8051924705505371,0.708798703749057,0.9305168540646986,0.629592851181544,ACCEPTED,0.0,Yes,0.0,0.0,0.0,True,True
968,0.2541716694831848,3.15354501283367e-16,0.25777714601909973,3.856761090406744e-15,OFFLOADED,1.0,No,1.0,1.0,1.0,False,False
969,0.2681303322315216,7.6894545348897e-14,0.31809178876068495,3.87358414335566e-14,OFFLOADED,1.0,No,1.0,1.0,1.0,False,False
970,0.42320236563682556,0.0002683184081338089,0.67823328550001,3.356098460983795e-05,OFFLOADED,1.0,No,1.0,0.0,0.0,False,False
971,0.8120761513710022,0.7444231982425249,1.0,1.0,ACCEPTED,0.0,Yes,0.0,0.0,0.0,True,True
972,0.2516953647136688,2.196339108102187e-16,0.31628371988749754,3.146890023643e-14,OFFLOADED,1.0,No,1.0,1.0,1.0,False,False
973,0.25231704115867615,2.12715224344778e-16,0.8443859211932343,0.0736445651708961,OFFLOADED,1.0,No,1.0,0.0,1.0,False,False
974,0.34867236018180847,9.87644155934872e-07,0.38286095000702813,9.989089619148271e-13,OFFLOADED,1.0,No,1.0,0.0,0.0,False,False
975,0.26962482929229736,1.2582068037435443e-13,0.3447347082705177,1.2298940793049489e-13,OFFLOADED,1.0,No,1.0,1.0,1.0,False,False
976,0.34584641456604004,7.583506502533189e-07,0.7554957963700316,0.0017277779209892772,OFFLOADED,1.0,No,1.0,1.0,1.0,False,False
977,0.4798063635826111,0.003096990273946508,0.3814551730732815,8.191398681300372e-13,OFFLOADED,1.0,No,1.0,1.0,1.0,True,False
978,0.35106539726257324,1.0595147473162438e-06,0.7763137747335985,0.004561425899194349,OFFLOADED,1.0,No,1.0,1.0,1.0,False,False
979,0.5851809978485107,0.06264277640780526,0.9885372663572655,0.9793307820776253,OFFLOADED,1.0,No,1.0,1.0,0.0,False,True
980,0.2894161343574524,4.1084050073271885e-11,0.6389617935713602,2.4602602441268688e-06,OFFLOADED,1.0,No,1.0,1.0,1.0,False,False
981,0.35387319326400757,1.2992152160389886e-06,0.7802727042437309,0.005339186295706436,OFFLOADED,1.0,No,1.0,1.0,0.0,False,False
982,0.25352001190185547,1.4074287897797453e-16,0.6182704970391502,8.433919962445731e-07,OFFLOADED,1.0,No,0.0,0.0,1.0,False,False
983,0.27621352672576904,7.367253566963368e-13,0.5622561143496984,3.802854139045626e-08,OFFLOADED,1.0,No,1.0,1.0,1.0,False,False
984,0.25322607159614563,1.2131225068666137e-16,0.256936081149541,1.6707037901421831e-15,OFFLOADED,1.0,No,1.0,1.0,1.0,False,False
985,0.8072454929351807,0.7371791870026474,0.7588160991036028,0.0016698210735187763,OFFLOADED,0.0,Yes,0.0,0.0,0.0,True,False
986,0.7161911129951477,0.42267803039767043,0.6072622006570162,4.992643547705547e-07,OFFLOADED,1.0,No,1.0,1.0,1.0,False,False
987,0.25584447383880615,1.9930356676417478e-16,0.1873735098878157,4.426337398172031e-16,OFFLOADED,1.0,No,1.0,1.0,1.0,False,False
988,0.754181444644928,0.5457597050318844,0.9848276150990831,0.9684500003445928,OFFLOADED,0.0,Yes,0.0,0.0,0.0,False,True
989,0.2636979818344116,6.303634121855878e-15,0.5684021559233652,5.4083089906645075e-08,OFFLOADED,1.0,No,1.0,1.0,1.0,False,False
990,0.30047643184661865,7.671453503016432e-10,0.5247586262379703,3.1738691057068713e-09,OFFLOADED,1.0,No,0.0,1.0,1.0,False,False
991,0.9272472858428955,0.9775712802999684,0.9823285133197625,0.9629444216002392,ACCEPTED,0.0,Yes,0.0,0.0,0.0,True,True
992,0.7190151810646057,0.42936712666278204,0.8531442767852895,0.09508832605650565,OFFLOADED,0.0,Yes,0.0,0.0,0.0,False,True
993,0.0,0.0,0.7636884669806316,0.0022420072624103607,OFFLOADED,0.0,Yes,0.0,0.0,0.0,False,False
994,0.8876323699951172,0.9521366135905832,0.8174166606708365,0.02725448390527198,OFFLOADED,1.0,No,1.0,1.0,1.0,True,False
995,0.2504240572452545,8.803826525120352e-17,0.8934601170395984,0.3327680441730848,OFFLOADED,1.0,No,0.0,1.0,0.0,False,True
996,0.8725337982177734,0.9277329949889795,0.8864314696106882,0.26651212085508336,OFFLOADED,0.0,Yes,0.0,0.0,0.0,False,False
997,0.666158139705658,0.27658439100758564,0.8252226432291496,0.0342292185329335,OFFLOADED,1.0,No,1.0,1.0,1.0,False,False
998,0.5084879994392395,0.007387548227852905,0.7537019910839776,0.0014241402268015103,OFFLOADED,1.0,No,1.0,1.0,1.0,False,False
999,0.4116354286670685,0.00010925324543271412,0.3510150749044675,9.815974079702375e-14,OFFLOADED,1.0,No,1.0,1.0,1.0,False,False
1000,0.36951935291290283,5.8130375677087765e-06,0.5096853519070144,1.1853608268493494e-09,OFFLOADED,1.0,No,1.0,1.0,1.0,False,False
1001,0.2788389325141907,1.117134817037757e-12,0.5512979164868057,1.4807504347564682e-08,OFFLOADED,0.0,Yes,0.0,0.0,0.0,False,False
1002,0.6464690566062927,0.20828758240114648,0.6077797146417445,4.591805754718283e-07,OFFLOADED,1.0,No,1.0,1.0,1.0,False,False
1003,0.26243460178375244,2.6659263645436185e-15,0.25556217932017355,1.1195791534723386e-15,OFFLOADED,1.0,No,1.0,1.0,1.0,False,False
1004,0.25717419385910034,2.5720970114863615e-16,0.39909287956426365,1.4957247906577563e-12,OFFLOADED,1.0,No,1.0,1.0,1.0,False,False
1005,0.2535403072834015,7.168377284279284e-17,0.8011498623130938,0.013057136617060679,OFFLOADED,1.0,No,1.0,0.0,1.0,False,False
1006,0.27643606066703796,5.875866844871195e-13,0.46410207696525685,7.706025838136261e-11,OFFLOADED,1.0,No,1.0,1.0,1.0,False,False
1007,0.5180338025093079,0.008376275632589228,0.6594500161446569,6.584377755151585e-06,OFFLOADED,1.0,No,1.0,1.0,1.0,False,False
1008,0.27398791909217834,2.781624525862854e-13,0.8137426712062347,0.02042982230017685,OFFLOADED,1.0,No,1.0,1.0,0.0,False,False
1009,0.3221954107284546,2.4066039623119997e-08,0.5063803974969956,7.949001558307463e-10,OFFLOADED,1.0,No,1.0,1.0,1.0,False,False
1010,0.30648037791252136,1.7755129251327126e-09,0.8097803178118617,0.016523388347134814,OFFLOADED,1.0,No,0.0,1.0,1.0,False,False
1011,0.863586962223053,0.9090467823780908,0.5488297234248319,1.005378924339925e-08,OFFLOADED,0.0,Yes,0.0,0.0,0.0,True,False
1012,0.3860281705856323,2.0396598897416234e-05,0.4975255040651014,4.566174077717621e-10,OFFLOADED,1.0,No,1.0,1.0,1.0,False,False
1013,0.3074977993965149,1.989872145544876e-09,0.5520553727904308,1.2863783542166037e-08,OFFLOADED,1.0,No,1.0,1.0,1.0,False,False
1014,0.3800645172595978,1.1939807264799983e-05,0.5738258152489604,4.9732202940525304e-08,OFFLOADED,1.0,No,1.0,1.0,1.0,False,False
1015,0.0,0.0,0.7371259836241975,0.0005379280667261472,OFFLOADED,0.0,Yes,0.0,0.0,0.0,False,False
1016,0.2587919235229492,3.159303380023513e-16,0.4586947819134464,4.0781683163430186e-11,OFFLOADED,1.0,No,1.0,1.0,1.0,False,False
1017,0.31050217151641846,3.316643899261408e-09,0.5981233114456933,2.0014535479550021e-07,OFFLOADED,1.0,No,1.0,1.0,1.0,False,False
1018,0.2652301788330078,5.784191901448908e-15,0.3513609303304865,4.993688066528062e-14,OFFLOADED,1.0,No,1.0,1.0,1.0,False,False
1019,0.26555851101875305,6.3675811014342294e-15,0.44335723572456404,1.3064374278235711e-11,OFFLOADED,1.0,No,0.0,1.0,1.0,False,False
1020,0.25651752948760986,8.278580871290097e-17,0.21787340616149137,2.263110636279981e-16,OFFLOADED,1.0,No,1.0,1.0,1.0,False,False
1021,0.3234806954860687,2.4084534242107342e-08,0.7436932532836021,0.0007669729960398695,OFFLOADED,1.0,No,1.0,1.0,1.0,False,False
1022,0.8631858229637146,0.9127379219787909,0.9854930373714452,0.9735151920894413,ACCEPTED,0.0,Yes,0.0,0.0,0.0,True,True
1023,0.27745407819747925,4.550904090248205e-13,0.4526405223158055,2.317733176989226e-11,OFFLOADED,1.0,No,1.0,1.0,1.0,False,False
1024,0.8790110349655151,0.945077459938626,0.8265232951674132,0.03139303705617626,OFFLOADED,0.0,Yes,0.0,0.0,0.0,True,False
1025,0.28223916888237,1.8179766959202646e-12,0.2686432713156431,7.355564475873364e-16,OFFLOADED,1.0,No,1.0,1.0,1.0,False,False
1026,0.2669775187969208,9.423734749204043e-15,0.7394434517045444,0.0006381033745809209,OFFLOADED,1.0,No,1.0,1.0,1.0,False,False
1027,0.2778463661670685,4.554931211248203e-13,0.9050508633776432,0.41843333210573463,OFFLOADED,1.0,No,1.0,1.0,1.0,False,True
1028,0.26272520422935486,1.1393556820453517e-15,0.9865831525547784,0.9772751968514388,OFFLOADED,0.0,Yes,0.0,0.0,0.0,False,True
1029,0.9412730932235718,0.9864343502449268,0.9239260443675736,0.5778759079809316,OFFLOADED,0.0,Yes,0.0,0.0,0.0,True,False
1030,0.7811353802680969,0.6602672860723833,1.0,1.0,ACCEPTED,0.0,Yes,0.0,0.0,0.0,True,True
1031,0.2599565386772156,3.3311313026806325e-16,0.12932574415591067,6.792516866719403e-17,OFFLOADED,1.0,No,1.0,1.0,1.0,False,False
1032,0.9149464964866638,0.9783301716849107,0.9121885100796566,0.48469433581383486,ACCEPTED,1.0,No,1.0,1.0,0.0,True,True
1033,0.2871754467487335,8.059809255497168e-12,0.38210596894017473,2.0973809474468752e-13,OFFLOADED,1.0,No,1.0,0.0,0.0,False,False
1034,0.30790314078330994,1.7814375406755222e-09,0.37946570422664244,1.7050004260857495e-13,OFFLOADED,1.0,No,1.0,1.0,1.0,False,False
1035,0.28500276803970337,3.849454229138473e-12,0.30896156562116844,3.1386644153539197e-15,OFFLOADED,1.0,No,1.0,1.0,1.0,False,False
1036,0.8704822659492493,0.9380356680401476,0.6948460141042202,5.2329116871237744e-05,OFFLOADED,1.0,No,1.0,1.0,1.0,True,False
1037,0.25169241428375244,1.7632243982782677e-17,0.49510581626402517,2.809318020042095e-10,OFFLOADED,1.0,No,1.0,1.0,1.0,False,False
1038,0.2545730173587799,2.3604295845973077e-17,0.4943159006969353,2.531228610462494e-10,OFFLOADED,1.0,No,1.0,1.0,1.0,False,False
1039,0.6544226408004761,0.22978711334332702,0.3687231941412096,8.080194986919545e-14,OFFLOADED,1.0,No,1.0,1.0,1.0,False,False
1040,0.28458330035209656,3.0916330489120236e-12,0.96190935717789,0.8638499774431342,OFFLOADED,1.0,No,1.0,0.0,0.0,False,True
1041,0.4003964066505432,4.7577545100077335e-05,0.940195631670116,0.7082207123040005,OFFLOADED,1.0,No,1.0,1.0,0.0,False,False
1042,0.2525864243507385,1.4014410016013463e-17,0.15231506684750293,4.94508145504314e-17,OFFLOADED,1.0,No,1.0,1.0,1.0,False,False
1043,0.2901492416858673,1.8946740243718226e-11,0.43427596157138854,4.74126512121165e-12,OFFLOADED,1.0,No,1.0,1.0,1.0,False,False
1044,0.9348257184028625,0.9840179880326311,0.9061247753451683,0.40205512216018807,OFFLOADED,0.0,Yes,0.0,0.0,0.0,True,False
1045,0.40752077102661133,6.866765408809156e-05,0.709298925083859,0.00011694029825539105,OFFLOADED,1.0,No,1.0,1.0,1.0,False,False
1046,0.46073421835899353,0.0011302926528370953,0.6286550316245397,8.206525614111815e-07,OFFLOADED,1.0,No,1.0,1.0,0.0,False,False
1047,0.4345338046550751,0.000333301040319036,0.36781446961866343,6.163961509650408e-14,OFFLOADED,1.0,No,1.0,1.0,1.0,False,False
1048,0.29942062497138977,2.1451948010571064e-10,0.7249237708916875,0.0002715156530071977,OFFLOADED,1.0,No,1.0,0.0,0.0,False,False
1049,0.0,0.0,0.5476029342428265,6.387957236250825e-09,OFFLOADED,0.0,Yes,0.0,0.0,0.0,False,False
1050,0.3552350401878357,7.431707983770385e-07,0.6475811554778034,2.1975309522090835e-06,OFFLOADED,1.0,No,0.0,0.0,1.0,False,False
1051,0.7609089016914368,0.5994471181764965,1.0,1.0,ACCEPTED,1.0,No,1.0,1.0,1.0,True,True
1052,0.8548903465270996,0.8932812394000719,0.7313481902360223,0.0003631710143027782,OFFLOADED,0.0,Yes,0.0,0.0,0.0,True,False
1053,0.2539360821247101,1.101287435966833e-17,0.22209400598270437,9.517675267237541e-17,OFFLOADED,1.0,No,1.0,1.0,1.0,False,False
1054,0.2637510895729065,9.51886858440286e-16,0.4169819623813846,1.4077660947935878e-12,OFFLOADED,1.0,No,1.0,1.0,1.0,False,False
1055,0.5871066451072693,0.05679428720087528,0.857684935266177,0.10862386518442266,OFFLOADED,1.0,No,1.0,1.0,1.0,False,False
1056,0.2929806113243103,3.215654322658175e-11,0.5966587095673793,1.202333092597286e-07,OFFLOADED,1.0,No,0.0,0.0,1.0,False,False
1057,0.278859943151474,2.6922773640802457e-13,0.24901568695025153,1.4797707869846e-16,OFFLOADED,1.0,No,1.0,1.0,1.0,False,False
1058,0.34904712438583374,3.3310842141274903e-07,0.6354168285179597,1.0042313359535369e-06,OFFLOADED,1.0,No,0.0,1.0,0.0,False,False
1059,0.4645824134349823,0.0011349722450003728,0.665502463069557,6.41125626644853e-06,OFFLOADED,1.0,No,1.0,1.0,1.0,False,False
1060,0.31265759468078613,2.5867944125187318e-09,0.5153817761083149,6.393703984299563e-10,OFFLOADED,1.0,No,1.0,1.0,1.0,False,False
1061,0.251822292804718,5.5149807796300656e-18,0.27429419975840313,2.814947601190136e-16,OFFLOADED,1.0,No,1.0,1.0,0.0,False,False
1062,0.3064311742782593,6.585129915268744e-10,1.0,1.0,OFFLOADED,1.0,No,1.0,1.0,1.0,False,True
1063,0.26108914613723755,1.735232894132901e-16,0.5260280146277672,1.3042507996180059e-09,OFFLOADED,1.0,No,1.0,1.0,1.0,False,False
1064,0.41890308260917664,0.00010554262921682639,0.5127161952522217,4.790069559046016e-10,OFFLOADED,1.0,No,1.0,1.0,1.0,False,False
1065,0.2525351047515869,4.551515263583286e-18,0.530993026286291,1.7782150809922998e-09,OFFLOADED,1.0,No,1.0,1.0,1.0,False,False
1066,0.27311909198760986,3.4434323492843586e-14,0.64324760249519,1.4570188281550764e-06,OFFLOADED,1.0,No,0.0,0.0,1.0,False,False
1067,0.28286704421043396,7.028467508571013e-13,0.4057899096178263,4.17117581390583e-13,OFFLOADED,1.0,No,1.0,1.0,1.0,False,False
1068,0.4888227581977844,0.002935901516686745,0.6757641686571227,1.3271628182240504e-05,OFFLOADED,0.0,Yes,0.0,0.0,0.0,False,False
1069,0.27663454413414,9.335295418539347e-14,0.46900625596778694,2.7663871061448062e-11,OFFLOADED,1.0,No,1.0,1.0,1.0,False,False
1070,0.25357505679130554,4.381833332984902e-18,0.1762529216376628,2.1729900400778376e-17,OFFLOADED,1.0,No,1.0,1.0,1.0,False,False
1071,0.4239099323749542,0.00014705163173421617,0.5497993691171765,5.793259665139262e-09,OFFLOADED,1.0,No,1.0,1.0,1.0,False,False
1072,0.2821129262447357,4.927760390150951e-13,0.5268898016503711,1.1542897279714872e-09,OFFLOADED,1.0,No,0.0,1.0,1.0,False,False
1073,0.2602503001689911,7.812354873508926e-17,0.8375987663812281,0.04909578944871434,OFFLOADED,1.0,No,0.0,1.0,1.0,False,False
1074,0.8774176836013794,0.9457298217008169,0.49082938098202433,9.01774118395237e-11,OFFLOADED,1.0,No,1.0,1.0,1.0,True,False
1075,0.0,0.0,0.5867505998565774,5.2277870561093045e-08,OFFLOADED,0.0,Yes,0.0,0.0,0.0,False,False
1076,0.26166796684265137,1.5521856294546756e-16,0.7654891505289774,0.0016704907976026304,OFFLOADED,1.0,No,1.0,0.0,0.0,False,False
1077,0.7870147824287415,0.6748357552877196,0.9786602159845306,0.9511905708220136,ACCEPTED,0.0,Yes,0.0,0.0,0.0,True,True
1078,0.6416712999343872,0.1777891242092333,0.5175582809031716,4.896990955695679e-10,OFFLOADED,1.0,No,1.0,1.0,1.0,True,False
1079,0.43711239099502563,0.0003140816104118613,0.6569101009500512,3.2252479236918446e-06,OFFLOADED,1.0,No,1.0,1.0,1.0,False,False
1080,0.8753159642219543,0.9417957381173158,0.8207826153146743,0.02270838235985157,OFFLOADED,0.0,Yes,0.0,0.0,0.0,True,False
1081,0.4978589713573456,0.004115829278752936,0.18489203685101457,1.6991111838595625e-17,OFFLOADED,1.0,No,1.0,1.0,1.0,False,False
1082,0.2564561665058136,8.394579530693544e-18,0.5159333035785745,4.15442435461096e-10,OFFLOADED,1.0,No,1.0,1.0,0.0,False,False
1083,0.252464234828949,2.3124719316576383e-18,0.38915905922929245,8.44848575906419e-14,OFFLOADED,1.0,No,1.0,1.0,1.0,False,False
1084,0.2592645287513733,3.644474841095029e-17,0.4789237585987446,3.47861540886584e-11,OFFLOADED,1.0,No,1.0,0.0,1.0,False,False
1085,0.9008285403251648,0.9700482452377445,1.0,1.0,ACCEPTED,0.0,Yes,0.0,0.0,0.0,True,True
1086,0.29252222180366516,1.6971297114518315e-11,0.3244732703176131,1.477765665121011e-15,OFFLOADED,1.0,No,1.0,1.0,1.0,False,False
1087,0.5279278755187988,0.009162872716663493,0.5576061009828802,8.492565207225511e-09,OFFLOADED,1.0,No,1.0,1.0,1.0,False,False
1088,0.25784215331077576,1.6337002057148206e-17,0.6469165696257814,1.6610202917530234e-06,OFFLOADED,1.0,No,1.0,1.0,0.0,False,False
1089,0.4111175537109375,4.819340159674716e-05,0.8059919483782543,0.012964038482781616,OFFLOADED,1.0,No,1.0,1.0,1.0,False,False
1090,0.2515757977962494,1.5605668605702008e-18,0.7828084675169245,0.004275550718184739,OFFLOADED,1.0,No,0.0,1.0,0.0,False,False
1091,0.3553949296474457,4.411534519784503e-07,0.6980418720954529,4.4782944898855e-05,OFFLOADED,1.0,No,1.0,1.0,1.0,False,False
1092,0.2761153280735016,4.677080128239209e-14,0.8285497143572111,0.03204382726425273,OFFLOADED,1.0,No,0.0,1.0,1.0,False,False
1093,0.8348338007926941,0.8454874132768943,0.9264886166876196,0.5954796983371197,OFFLOADED,0.0,Yes,0.0,0.0,0.0,False,True
1094,0.8813158869743347,0.9555478211161337,0.8707305588409525,0.16530480514436016,OFFLOADED,0.0,Yes,0.0,0.0,0.0,True,False
1095,0.3034796714782715,2.3232233206990628e-10,0.6575308313777993,2.783329512824932e-06,OFFLOADED,1.0,No,1.0,0.0,1.0,False,False
1096,0.2515701949596405,1.2494656305125057e-18,0.3595790329340507,8.643552501654711e-15,OFFLOADED,1.0,No,0.0,1.0,1.0,False,False
1097,0.2824852764606476,3.4929417510032317e-13,0.7979736613475585,0.008559635896227111,OFFLOADED,1.0,No,1.0,1.0,1.0,False,False
1098,0.28493013978004456,8.388118866460592e-13,0.768302298630867,0.0016542276022859282,OFFLOADED,1.0,No,0.0,0.0,1.0,False,False
1099,0.376405268907547,4.063236125768812e-06,0.5204255898249499,3.4502324949110356e-10,OFFLOADED,1.0,No,1.0,1.0,1.0,False,False
1100,0.32120683789253235,6.355608941774097e-09,0.32691898293059374,9.20016324942294e-16,OFFLOADED,1.0,No,1.0,1.0,1.0,False,False
1101,0.381648451089859,6.110189757243629e-06,0.9007080165847667,0.37880175122981863,OFFLOADED,0.0,Yes,0.0,0.0,0.0,False,True
1102,0.7244945764541626,0.4531275298192431,0.8931969471532848,0.3362906628070568,OFFLOADED,0.0,Yes,0.0,0.0,0.0,False,False
1103,0.8752912878990173,0.9527242006066652,1.0,1.0,ACCEPTED,0.0,Yes,0.0,0.0,0.0,True,True
1104,0.6942172646522522,0.3599902536724851,0.7694063736445458,0.0018184759131018365,OFFLOADED,0.0,Yes,0.0,0.0,0.0,True,False
1105,0.26509812474250793,4.816661317522411e-16,0.7208481561234767,0.0001752645130525986,OFFLOADED,1.0,No,1.0,0.0,0.0,False,False
1106,0.2969467043876648,4.94406733951969e-11,0.4929541269593379,5.556227051528192e-11,OFFLOADED,1.0,No,1.0,1.0,1.0,False,False
1107,0.2530078887939453,1.0678835044477236e-18,0.3836061235988906,2.8115695715263474e-14,OFFLOADED,1.0,No,1.0,1.0,1.0,False,False
1108,0.29302144050598145,1.43398137599406e-11,0.37467033705491304,1.5446185369892314e-14,OFFLOADED,1.0,No,1.0,1.0,1.0,False,False
1109,0.3328630030155182,4.806387238577504e-08,0.7815930993041638,0.0038766363260797024,OFFLOADED,1.0,No,1.0,0.0,0.0,False,False
1110,0.29972565174102783,8.876410945285815e-11,0.3844447793991958,2.6159048355982306e-14,OFFLOADED,1.0,No,1.0,1.0,1.0,False,False
1111,0.47540992498397827,0.0016381880908968285,0.6719571950714195,7.1774430984103895e-06,OFFLOADED,1.0,No,1.0,0.0,1.0,False,False
1112,0.7051931023597717,0.4095884617424111,0.9132394003104005,0.5138809770644407,OFFLOADED,1.0,No,0.0,0.0,1.0,True,False
1113,0.38152819871902466,6.266926618485253e-06,1.0,1.0,OFFLOADED,1.0,No,1.0,1.0,0.0,False,True
1114,0.8062635660171509,0.7817456397209399,0.9219490051632971,0.577299867054997,OFFLOADED,0.0,Yes,0.0,0.0,0.0,True,False
1115,0.8654848337173462,0.9416223510848661,1.0,1.0,ACCEPTED,0.0,Yes,0.0,0.0,0.0,True,True
1116,0.3910076916217804,1.2943708135216228e-05,0.39801404635644533,7.450882501929939e-14,OFFLOADED,1.0,No,1.0,1.0,1.0,False,False
1117,0.5896160006523132,0.058922246327298436,0.5995731043844945,7.051843136421738e-08,OFFLOADED,1.0,No,0.0,1.0,0.0,False,False
1118,0.3776993751525879,3.835748470375364e-06,0.3623692119699012,5.418788402349572e-15,OFFLOADED,1.0,No,1.0,1.0,1.0,False,False
1119,0.3338013291358948,3.797602012051284e-08,0.6894205792389324,2.3735910984707248e-05,OFFLOADED,1.0,No,1.0,0.0,0.0,False,False
1120,0.3201497793197632,3.829650298121506e-09,0.46487801335513806,6.385877081660829e-12,OFFLOADED,1.0,No,1.0,1.0,1.0,False,False
1121,0.3830437660217285,5.909651178700032e-06,0.6072654685193901,1.0667084014329572e-07,OFFLOADED,1.0,No,1.0,1.0,1.0,False,False
1122,0.28831079602241516,1.3498684579868278e-12,0.47031095791308825,8.26022671494343e-12,OFFLOADED,1.0,No,1.0,1.0,1.0,False,False
1123,0.2770099341869354,2.2859470618143375e-14,0.4279296967533807,3.889579730924413e-13,OFFLOADED,1.0,No,1.0,1.0,1.0,False,False
1124,0.9570190906524658,0.9937365309475279,1.0,1.0,ACCEPTED,0.0,Yes,0.0,0.0,0.0,True,True
1125,0.6706258654594421,0.2724605820751681,0.812776012414416,0.016869350471605156,OFFLOADED,0.0,Yes,0.0,0.0,0.0,False,False
1126,0.7099031805992126,0.42593864318406743,0.7252681694663586,0.0002134819223628512,OFFLOADED,1.0,No,1.0,1.0,1.0,True,False
1127,0.301273375749588,7.425401174638293e-11,0.8399026211167986,0.057607350493776306,OFFLOADED,1.0,No,1.0,0.0,0.0,False,False
1128,0.35123321413993835,1.9073570468158953e-07,0.6334210053475304,3.994723629345099e-07,OFFLOADED,0.0,Yes,0.0,0.0,0.0,False,False
1129,0.2616657316684723,3.2691576123618684e-17,0.35936276069726947,3.184425763210027e-15,OFFLOADED,1.0,No,1.0,1.0,0.0,False,False
1130,0.0,0.0,0.2846375404971625,4.4063412420886826e-17,OFFLOADED,0.0,Yes,0.0,0.0,0.0,False,False
1131,0.2966304123401642,2.336832285045145e-11,0.29047107180071985,5.872361891324636e-17,OFFLOADED,1.0,No,0.0,1.0,1.0,False,False
1132,0.6272329092025757,0.13748995929421332,0.8365760617572124,0.047430835237426486,OFFLOADED,0.0,Yes,0.0,0.0,0.0,False,False
1133,0.810169517993927,0.80617708072314,0.887663967126407,0.303417352226013,OFFLOADED,0.0,Yes,0.0,0.0,0.0,False,False
1134,0.8448629379272461,0.9014054072272678,0.7462756521576743,0.0006591294591585702,OFFLOADED,0.0,Yes,0.0,0.0,0.0,True,False
1135,0.9095379710197449,0.9842454943021608,0.9487128979394291,0.7887631172963034,ACCEPTED,0.0,Yes,0.0,0.0,0.0,True,True
1136,0.40588393807411194,3.2733716346742334e-05,0.4934378191632103,4.6703584450257683e-11,OFFLOADED,1.0,No,1.0,1.0,0.0,False,False
1137,0.8435957431793213,0.9041732714403694,1.0,1.0,ACCEPTED,0.0,Yes,0.0,0.0,0.0,True,True
1138,0.25668618083000183,1.8802030168734385e-18,0.4576730094266427,3.838541323876446e-12,OFFLOADED,1.0,No,1.0,1.0,1.0,False,False
1139,0.27192461490631104,4.069911784499663e-15,0.36862786205748294,5.7301898070683446e-15,OFFLOADED,1.0,No,1.0,1.0,1.0,False,False
1140,0.6896976232528687,0.35979131942365866,0.6913703317751512,2.7869874579323445e-05,OFFLOADED,1.0,No,0.0,0.0,1.0,True,False
1141,0.3517051935195923,2.0833314432559098e-07,0.6803945898675838,1.3684950315082816e-05,OFFLOADED,1.0,No,1.0,1.0,1.0,False,False
1142,0.7804120182991028,0.7021295744726307,0.8276752507193882,0.03565105928117067,OFFLOADED,0.0,Yes,0.0,0.0,0.0,True,False
1143,0.27188992500305176,3.5046373165332855e-15,0.13814850610862175,1.772302931623038e-18,OFFLOADED,1.0,No,1.0,1.0,1.0,False,False
1144,0.8520947098731995,0.9290611835033932,0.9375684536055595,0.7262131716392856,ACCEPTED,0.0,Yes,0.0,0.0,0.0,True,True
1145,0.3144383728504181,1.3485177316423086e-09,0.7842947666986665,0.005178821560023229,OFFLOADED,1.0,No,0.0,1.0,1.0,False,False
1146,0.29537147283554077,1.4147770125035e-11,0.7831041160833166,0.004546008267213357,OFFLOADED,1.0,No,1.0,1.0,1.0,False,False
1147,0.25947579741477966,6.4459413957242135e-18,0.2657230814678552,1.6644853714217734e-17,OFFLOADED,1.0,No,1.0,1.0,1.0,False,False
1148,0.25938287377357483,5.783285522326266e-18,0.7243510065929085,0.00020140432330363687,OFFLOADED,1.0,No,1.0,1.0,0.0,False,False
1149,0.32064613699913025,3.634591627771509e-09,0.3813830025342107,9.637346441551317e-15,OFFLOADED,1.0,No,1.0,1.0,1.0,False,False
1150,0.41238147020339966,4.674485833189232e-05,0.3095901947275854,1.0609221629657842e-16,OFFLOADED,1.0,No,1.0,1.0,1.0,False,False
1151,0.2686864137649536,7.112267257391993e-16,0.876194341543062,0.2398334327652191,OFFLOADED,1.0,No,1.0,0.0,0.0,False,False
1152,0.7329007983207703,0.5185755151752939,0.8746030098855858,0.21784622843950746,OFFLOADED,1.0,No,1.0,1.0,1.0,False,False
1153,0.42574289441108704,0.00011895393075633126,0.9874848958954089,0.9832959315293368,OFFLOADED,1.0,No,1.0,0.0,0.0,False,True
1154,0.2577410340309143,1.8821518054001063e-18,0.43984360222979396,7.203434591768428e-13,OFFLOADED,1.0,No,1.0,1.0,1.0,False,False
1155,0.27803313732147217,1.9602530798550315e-14,0.40119135778400583,4.6120756702508246e-14,OFFLOADED,1.0,No,1.0,1.0,0.0,False,False
1156,0.3448643982410431,9.218939608037435e-08,0.880520521412543,0.25212611266475266,OFFLOADED,0.0,Yes,0.0,0.0,0.0,False,False
1157,0.8065083026885986,0.8147258559078591,0.9726334489884759,0.9339974739141182,ACCEPTED,1.0,No,1.0,1.0,1.0,True,True
1158,0.25608181953430176,5.60300973650036e-19,0.8127201140516551,0.01865667754953556,OFFLOADED,1.0,No,1.0,1.0,0.0,False,False
1159,0.2803848087787628,4.509137050977178e-14,0.36724170459895644,2.9977099034532145e-15,OFFLOADED,1.0,No,1.0,1.0,1.0,False,False
1160,0.6381329298019409,0.16903172258504126,0.8248036488592667,0.0304439926636654,OFFLOADED,1.0,No,1.0,1.0,1.0,False,False
1161,0.30298346281051636,8.11876506841022e-11,0.4670548173822833,4.54459235487136e-12,OFFLOADED,1.0,No,1.0,1.0,1.0,False,False
1162,0.262641578912735,2.375298039159941e-17,0.23763026492367825,3.7515458639518275e-18,OFFLOADED,1.0,No,1.0,1.0,1.0,False,False
1163,0.2589806914329529,2.616999305973521e-18,0.3604954968109063,1.6211903602724277e-15,OFFLOADED,1.0,No,1.0,1.0,1.0,False,False
1164,0.3654341399669647,8.360794898812517e-07,0.628807952481675,2.625474653346246e-07,OFFLOADED,1.0,No,1.0,1.0,1.0,False,False
1165,0.2724526822566986,2.361111897950746e-15,0.3149374932190948,8.212578605502666e-17,OFFLOADED,1.0,No,1.0,1.0,1.0,False,False
1166,0.27109310030937195,1.308619146782318e-15,0.8733064914896885,0.2048188905673638,OFFLOADED,0.0,Yes,0.0,0.0,0.0,False,False
1167,0.26906901597976685,5.947090806600315e-16,0.3260358137687446,1.6287571697031996e-16,OFFLOADED,1.0,No,1.0,1.0,1.0,False,False
1168,0.2564546465873718,4.509300679169594e-19,0.502475249363027,5.83910709598715e-11,OFFLOADED,1.0,No,0.0,1.0,1.0,False,False
1169,0.26361843943595886,3.404558069750348e-17,0.6868197580577601,1.5937895932880975e-05,OFFLOADED,1.0,No,1.0,1.0,0.0,False,False
1170,0.25809723138809204,1.3352360021720318e-18,0.3262559968188894,1.3886027628381423e-16,OFFLOADED,1.0,No,1.0,1.0,1.0,False,False
1171,0.8998139500617981,0.9821475249428719,0.9669881170678238,0.9038364040327846,ACCEPTED,0.0,Yes,0.0,0.0,0.0,True,True
1172,0.9155603051185608,0.9879369616673926,0.866660682848681,0.1694633076995211,OFFLOADED,0.0,Yes,0.0,0.0,0.0,True,False
1173,0.6298879981040955,0.140030319389138,0.6093141809022232,9.2415796686543e-08,OFFLOADED,1.0,No,1.0,0.0,0.0,False,False
1174,0.9004228115081787,0.9839643279881877,1.0,1.0,ACCEPTED,0.0,Yes,0.0,0.0,0.0,True,True
1175,0.9488767981529236,0.9949033432296989,0.7975529695672,0.00880274049572689,OFFLOADED,1.0,No,1.0,1.0,1.0,True,False
1176,0.2559845745563507,2.6783672092782306e-19,0.20130831026129423,1.031577069881146e-18,OFFLOADED,1.0,No,1.0,1.0,1.0,False,False
1177,0.2657682001590729,1.0388923493659982e-16,0.9520123388406058,0.8284151556352306,OFFLOADED,1.0,No,1.0,0.0,0.0,False,False
1178,0.271883100271225,1.71542261052945e-15,0.5443720612322631,1.2933170725100502e-09,OFFLOADED,1.0,No,0.0,1.0,1.0,False,False
1179,0.3014243543148041,4.606230607595424e-11,0.3881939068994964,9.453368582514759e-15,OFFLOADED,1.0,No,1.0,1.0,1.0,False,False
1180,0.2973308563232422,1.494399160932163e-11,0.6403043098937261,4.7587239889679486e-07,OFFLOADED,1.0,No,1.0,1.0,1.0,False,False
1181,0.5868456959724426,0.04803585044964229,0.44423590437596083,5.924811662285551e-13,OFFLOADED,1.0,No,1.0,0.0,0.0,True,False
1182,0.2719603478908539,1.4046519623879982e-15,0.19475785727124426,6.858935598826166e-19,OFFLOADED,1.0,No,1.0,1.0,1.0,False,False
1183,0.5315340161323547,0.008485461662315376,0.5474386917721132,1.4056047513601133e-09,OFFLOADED,1.0,No,1.0,1.0,1.0,False,False
1184,0.29036572575569153,1.2760810882926733e-12,0.44769155569690666,7.19088177320492e-13,OFFLOADED,1.0,No,1.0,1.0,1.0,False,False
1185,0.8286648988723755,0.8667262234523332,0.8115851919681505,0.01676051609639907,OFFLOADED,0.0,Yes,0.0,0.0,0.0,True,False
1186,0.8605479598045349,0.9482686237604545,0.7070178459399195,5.921804985944439e-05,OFFLOADED,1.0,No,1.0,1.0,1.0,True,False
1187,0.0,0.0,0.873260118642076,0.22135043099483537,OFFLOADED,0.0,Yes,0.0,0.0,0.0,False,False
1188,0.26926136016845703,3.8897117908463156e-16,0.48137723051469516,8.791360965813662e-12,OFFLOADED,1.0,No,1.0,1.0,1.0,False,False
1189,0.29312026500701904,3.264872131957997e-12,0.6254519577929468,1.9468578119810793e-07,OFFLOADED,1.0,No,1.0,1.0,1.0,False,False
1190,0.7856865525245667,0.7182180404554781,1.0,1.0,ACCEPTED,0.0,Yes,0.0,0.0,0.0,True,True
1191,0.35595229268074036,2.258283909438097e-07,0.8906000779377838,0.3594971750722336,OFFLOADED,1.0,No,1.0,1.0,0.0,False,False
1192,0.28221002221107483,4.57634944526354e-14,0.9601326358917296,0.8670592161881794,OFFLOADED,1.0,No,1.0,0.0,0.0,False,False
1193,0.3885013163089752,6.4956385850634375e-06,0.5396802718932074,7.273987023595334e-10,OFFLOADED,1.0,No,1.0,1.0,1.0,False,False
1194,0.848834753036499,0.9249670569864411,0.5627805050755302,3.885319845953505e-09,OFFLOADED,1.0,No,1.0,1.0,1.0,True,False
1195,0.25262802839279175,4.046865477593515e-20,0.3684181833135694,1.1845269726752954e-15,OFFLOADED,1.0,No,1.0,1.0,1.0,False,False
1196,0.36784985661506653,8.458673504971235e-07,0.3189223422605985,4.024582018175963e-17,OFFLOADED,1.0,No,1.0,1.0,1.0,False,False
1197,0.8544144630432129,0.9328043861208554,1.0,1.0,ACCEPTED,0.0,Yes,0.0,0.0,0.0,True,True
1198,0.25153887271881104,3.370846879550821e-20,0.16669738328359646,2.8763829036935374e-19,OFFLOADED,1.0,No,1.0,1.0,1.0,False,False
1199,0.8734576106071472,0.9670704068676046,0.9519209021760014,0.8117577005888356,ACCEPTED,0.0,Yes,0.0,0.0,0.0,True,True
1200,0.25358763337135315,4.0875172730390906e-20,0.31088993084358557,2.3561114235753004e-17,OFFLOADED,1.0,No,1.0,1.0,1.0,False,False
1201,0.2984619438648224,1.5150383460458766e-11,0.30681863683150934,1.733250914104583e-17,OFFLOADED,1.0,No,1.0,1.0,1.0,False,False
1202,0.3287622630596161,9.506943132157572e-09,0.7764281724393294,0.0027208417878136636,OFFLOADED,1.0,No,1.0,0.0,1.0,False,False
1203,0.2522438168525696,2.776019750640134e-20,0.16856503956095087,2.3535841582176166e-19,OFFLOADED,1.0,No,1.0,1.0,1.0,False,False
1204,0.26394715905189514,1.4935843502200213e-17,0.4805261247229882,5.941532145420492e-12,OFFLOADED,1.0,No,1.0,1.0,1.0,False,False
1205,0.8373218178749084,0.8984619328584412,0.4992756432887252,2.450779215170177e-11,OFFLOADED,1.0,No,1.0,1.0,1.0,True,False
1206,0.2789749801158905,1.0732743038055239e-14,0.4516848814432305,6.437449852731142e-13,OFFLOADED,1.0,No,1.0,1.0,1.0,False,False
1207,0.27776435017585754,6.248581414195498e-15,0.2195770889547456,4.453653309801219e-19,OFFLOADED,1.0,No,1.0,1.0,1.0,False,False
1208,0.47644829750061035,0.0012522859754945494,0.5677760322615955,5.118111064453169e-09,OFFLOADED,1.0,No,1.0,1.0,1.0,False,False
1209,0.27336204051971436,1.2591118359034908e-15,0.4567738145635831,8.568559136682364e-13,OFFLOADED,1.0,No,1.0,1.0,1.0,False,False
1210,0.2609024941921234,1.9227768857021903e-18,0.3043287608424246,1.001744758920235e-17,OFFLOADED,1.0,No,1.0,1.0,1.0,False,False
1211,0.2985913157463074,1.3141013983277161e-11,0.772101080108425,0.0020463220711886988,OFFLOADED,1.0,No,1.0,1.0,1.0,False,False
1212,0.28784632682800293,2.733958962093206e-13,0.6252128019318703,1.5526925491997424e-07,OFFLOADED,1.0,No,1.0,1.0,1.0,False,False
1213,0.25748562812805176,1.9442306193974634e-19,0.40841791366309266,2.055018182536934e-14,OFFLOADED,1.0,No,1.0,1.0,1.0,False,False
1214,0.39719292521476746,1.0991483741845753e-05,0.6423987708251017,4.484189783930688e-07,OFFLOADED,1.0,No,1.0,1.0,0.0,False,False
1215,0.25774621963500977,2.097839184039845e-19,0.08078628564924699,4.6370521662059176e-20,OFFLOADED,1.0,No,1.0,1.0,1.0,False,False
1216,0.3351479768753052,2.115569488614534e-08,0.9708483420321163,0.9228111624587827,OFFLOADED,1.0,No,1.0,0.0,0.0,False,True
1217,0.27802225947380066,4.8100511929488014e-15,0.23887330044426533,4.938138478203897e-19,OFFLOADED,1.0,No,1.0,1.0,1.0,False,False
1218,0.2536389231681824,1.5490295133008677e-20,0.7904476355129838,0.00593149322844879,OFFLOADED,1.0,No,1.0,1.0,1.0,False,False
1219,0.3319213092327118,1.2388813205772138e-08,0.4142823106712154,2.5540150212572457e-14,OFFLOADED,1.0,No,1.0,1.0,1.0,False,False
1220,0.3540964722633362,1.3375311721408455e-07,0.9118372462940351,0.5174449289883167,OFFLOADED,0.0,Yes,0.0,0.0,0.0,False,True
1221,0.3275948166847229,6.079699013520192e-09,0.6522486620158064,8.860895712353907e-07,OFFLOADED,1.0,No,0.0,1.0,1.0,False,False
1222,0.35366007685661316,1.3409527426819474e-07,0.4705864622172995,1.7489440548593264e-12,OFFLOADED,1.0,No,1.0,1.0,1.0,False,False
1223,0.2870723605155945,1.470629231310814e-13,0.4579459699523357,6.324465136952796e-13,OFFLOADED,1.0,No,1.0,1.0,1.0,False,False
1224,0.6827267408370972,0.3046403215804516,0.6290588361999757,1.5824553806643594e-07,OFFLOADED,0.0,Yes,0.0,0.0,0.0,False,False
1225,0.688244640827179,0.33885563399470475,0.6055648957449535,4.2409499671740964e-08,OFFLOADED,1.0,No,1.0,1.0,1.0,False,False
1226,0.3640443980693817,4.5101180357923526e-07,0.7731623790646561,0.00198826209081387,OFFLOADED,0.0,Yes,0.0,0.0,0.0,False,False
1227,0.5280851721763611,0.007252111538774558,0.6194316647692106,1.0162301144302401e-07,OFFLOADED,1.0,No,1.0,1.0,1.0,False,False
1228,0.25320857763290405,1.1106938775034024e-20,0.23564308003143147,3.253542412064522e-19,OFFLOADED,1.0,No,1.0,1.0,1.0,False,False
1229,0.8745678067207336,0.9682769766091472,0.935185798655289,0.7203009677289355,ACCEPTED,0.0,Yes,0.0,0.0,0.0,True,True
1230,0.25399133563041687,1.317800977617227e-20,0.28569476485435746,2.3913153458067194e-18,OFFLOADED,1.0,No,1.0,1.0,1.0,False,False
1231,0.4292495548725128,0.00010546968757985746,0.7902656209732486,0.005911669123816032,OFFLOADED,1.0,No,0.0,1.0,1.0,False,False
1232,0.8363739252090454,0.8919992784858338,0.7184169356508178,0.00010355236465548608,OFFLOADED,0.0,Yes,0.0,0.0,0.0,True,False
1233,0.5550483465194702,0.017930703170030555,0.4969640290674782,1.3987217056475349e-11,OFFLOADED,1.0,No,1.0,1.0,1.0,False,False
1234,0.25191277265548706,7.56793088979644e-21,0.24791638733675167,4.14262950331353e-19,OFFLOADED,1.0,No,1.0,1.0,1.0,False,False
1235,0.2517950236797333,7.094658349222023e-21,0.41435374327862895,2.0023794731377246e-14,OFFLOADED,1.0,No,1.0,1.0,1.0,False,False
1236,0.7418582439422607,0.5388360613191433,0.621770046639125,1.1081278010819632e-07,OFFLOADED,1.0,No,1.0,1.0,1.0,True,False
1237,0.39758217334747314,8.841696652850315e-06,0.29237530590358396,2.541308513302086e-18,OFFLOADED,1.0,No,1.0,1.0,1.0,False,False
1238,0.3172467350959778,6.829153792453811e-10,0.8155713973366916,0.021895416097582106,OFFLOADED,1.0,No,1.0,1.0,1.0,False,False
1239,0.3300645649433136,6.965500350745293e-09,0.6884895273257733,1.421872494065907e-05,OFFLOADED,1.0,No,1.0,1.0,1.0,False,False
1240,0.25355419516563416,7.161697475535825e-21,0.2723963001865693,8.177516701052797e-19,OFFLOADED,1.0,No,1.0,1.0,1.0,False,False
1241,0.3701387941837311,7.407433712114144e-07,0.6598008284583118,1.3939359386298313e-06,OFFLOADED,1.0,No,1.0,1.0,1.0,False,False
1242,0.2739740312099457,6.749929314845845e-16,0.7448462080409016,0.0004765768310030585,OFFLOADED,0.0,Yes,0.0,0.0,0.0,False,False
1243,0.5437548160552979,0.011535981856060527,0.44315240977492065,1.3811879910353363e-13,OFFLOADED,1.0,No,1.0,1.0,1.0,False,False
1244,0.464761883020401,0.0005857030574300771,0.5126736640173339,3.807256571497029e-11,OFFLOADED,1.0,No,1.0,1.0,0.0,False,False
1245,0.6616267561912537,0.22521222717679168,0.6047322545113495,3.242864912099495e-08,OFFLOADED,1.0,No,1.0,1.0,1.0,True,False
1246,0.32656535506248474,2.7458841430478676e-09,0.44720144034753745,1.6906056731003932e-13,OFFLOADED,1.0,No,1.0,1.0,1.0,False,False
1247,0.3700179159641266,5.863479499796117e-07,0.12477797353999166,2.3751855486495747e-20,OFFLOADED,1.0,No,1.0,1.0,0.0,False,False
1248,0.2828425467014313,1.4627072045275955e-14,0.7369440621443898,0.0003361531232828335,OFFLOADED,0.0,Yes,0.0,0.0,0.0,False,False
1249,0.3150351643562317,2.8954035248088456e-10,0.6713192931414612,3.942653973689479e-06,OFFLOADED,1.0,No,1.0,1.0,1.0,False,False
1250,0.2550799250602722,1.0592457299665784e-20,0.4995459368511336,1.2196020798581792e-11,OFFLOADED,1.0,No,1.0,1.0,0.0,False,False
1251,0.3932732343673706,5.080960952679862e-06,0.46645439493023955,7.629030689660394e-13,OFFLOADED,1.0,No,1.0,1.0,1.0,False,False
1252,0.7214252352714539,0.4302668830496671,0.8838634920552891,0.3089005990898743,OFFLOADED,0.0,Yes,0.0,0.0,0.0,True,False
1253,0.27984386682510376,4.224939895451083e-15,0.22226098478712522,8.82132740817076e-20,OFFLOADED,1.0,No,1.0,1.0,0.0,False,False
1254,0.6811183094978333,0.29146602958932016,0.7242224493652925,0.00017130489441379257,OFFLOADED,1.0,No,1.0,1.0,1.0,False,False
1255,0.2950473427772522,1.5661604467765013e-12,0.6748173406853921,5.135595685506476e-06,OFFLOADED,1.0,No,1.0,1.0,1.0,False,False
1256,0.31653285026550293,3.4352085344292675e-10,0.9470289348740869,0.805684278595496,OFFLOADED,1.0,No,1.0,1.0,1.0,False,True
1257,0.35762086510658264,1.1886381734382482e-07,0.7734919387479046,0.00204322144555957,OFFLOADED,1.0,No,1.0,1.0,0.0,False,False
1258,0.39371955394744873,4.912333743624954e-06,0.6143680772055953,5.255745615372408e-08,OFFLOADED,1.0,No,1.0,1.0,0.0,False,False
1259,0.34635961055755615,3.0825156168765144e-08,1.0,1.0,OFFLOADED,0.0,Yes,0.0,0.0,0.0,False,True
1260,0.5002006888389587,0.0024833206720856517,1.0,1.0,OFFLOADED,0.0,Yes,0.0,0.0,0.0,False,True
1261,0.9319973587989807,0.9930777718586602,0.8026025794920185,0.010847344774305172,OFFLOADED,0.0,Yes,0.0,0.0,0.0,True,False
1262,0.5222051739692688,0.0048004377910267244,0.3148158033979885,5.015336899110014e-18,OFFLOADED,1.0,No,1.0,1.0,1.0,False,False
1263,0.26450181007385254,4.064630290270909e-18,0.5038471303018377,1.4687071551567285e-11,OFFLOADED,1.0,No,0.0,1.0,1.0,False,False
1264,0.513302206993103,0.003581615901310886,0.7609161524045525,0.0010524955067805,OFFLOADED,1.0,No,1.0,1.0,1.0,False,False
1265,0.8394317626953125,0.9020672322607481,0.9335699126621938,0.7171044030999817,OFFLOADED,0.0,Yes,0.0,0.0,0.0,False,False
1266,0.33701667189598083,1.2731460127820012e-08,0.7554819028597849,0.0008044592427050301,OFFLOADED,1.0,No,1.0,0.0,0.0,False,False
1267,0.5432393550872803,0.009834289769187411,0.8806233915296403,0.2988197187071824,OFFLOADED,1.0,No,1.0,1.0,0.0,False,False
1268,0.8851380944252014,0.9796603537424707,1.0,1.0,ACCEPTED,1.0,No,1.0,1.0,1.0,True,True
1269,0.25462791323661804,4.5208104414688536e-21,0.31008486307451943,2.773738119051454e-18,OFFLOADED,1.0,No,1.0,1.0,1.0,False,False
1270,0.3057223856449127,2.4111089397045434e-11,0.686231235023768,1.0647692079247343e-05,OFFLOADED,1.0,No,1.0,1.0,1.0,False,False
1271,0.2729742228984833,2.0426102149051474e-16,0.26711795471972066,2.4753027174752042e-19,OFFLOADED,1.0,No,1.0,1.0,1.0,False,False
1272,0.2860719859600067,2.979210443131165e-14,0.26334590389025114,1.9975331139190673e-19,OFFLOADED,1.0,No,1.0,1.0,1.0,False,False
1273,0.3930211067199707,3.929410546807341e-06,0.5302332629857857,1.1813486666832168e-10,OFFLOADED,1.0,No,1.0,1.0,1.0,False,False
1274,0.2989899814128876,3.363549212793622e-12,0.9408833318147062,0.7676347268412219,OFFLOADED,1.0,No,1.0,0.0,0.0,False,False
1275,0.42430663108825684,4.62777967551113e-05,1.0,1.0,OFFLOADED,1.0,No,1.0,1.0,1.0,False,True
1276,0.2953298091888428,9.655899225915036e-13,0.493223056028355,4.203458578840043e-12,OFFLOADED,1.0,No,1.0,1.0,1.0,False,False
1277,0.34774377942085266,2.8312779434262393e-08,0.899488259452244,0.4283230843947054,OFFLOADED,0.0,Yes,0.0,0.0,0.0,False,False
1278,0.25414547324180603,2.3951037422654347e-21,0.26475128343732646,1.8187085386743758e-19,OFFLOADED,1.0,No,1.0,1.0,1.0,False,False
1279,0.718501627445221,0.42356733278191605,1.0,1.0,OFFLOADED,1.0,No,1.0,1.0,1.0,False,True
1280,0.3794688880443573,1.0008188445963686e-06,0.805893255734022,0.013256079690982197,OFFLOADED,1.0,No,1.0,0.0,0.0,False,False
1281,0.6430656909942627,0.15144333543183103,0.9283174215143921,0.6848097299499911,ACCEPTED,0.0,Yes,0.0,0.0,0.0,True,True
1282,0.3961144685745239,4.575877545189621e-06,0.7390676836765127,0.00033880193744671776,OFFLOADED,1.0,No,1.0,0.0,0.0,False,False
1283,0.26738739013671875,1.010182557528398e-17,0.19018762606059525,1.647656052220792e-20,OFFLOADED,1.0,No,1.0,1.0,1.0,False,False
1284,0.9012522101402283,0.9865777816784814,0.8533525191488002,0.11714103956922521,OFFLOADED,0.0,Yes,0.0,0.0,0.0,True,False
1285,0.27455055713653564,2.7177061228297955e-16,0.5465811986447803,3.987572209688855e-10,OFFLOADED,1.0,No,1.0,1.0,1.0,False,False
1286,0.705089271068573,0.3634766395326161,0.8868256793268783,0.3504018414671803,OFFLOADED,0.0,Yes,0.0,0.0,0.0,True,False
1287,0.8795084357261658,0.9755016583171395,1.0,1.0,ACCEPTED,0.0,Yes,0.0,0.0,0.0,True,True
1288,0.9107446074485779,0.9906056940349589,0.9266864898218299,0.6945384834946827,OFFLOADED,0.0,Yes,0.0,0.0,0.0,True,False
1289,0.25549623370170593,4.2559503723906364e-21,0.9559264593297802,0.8640977641197397,OFFLOADED,1.0,No,1.0,0.0,0.0,False,True
1290,0.3852761387825012,1.769020001233407e-06,0.9674792408054245,0.9124633348478985,OFFLOADED,0.0,Yes,0.0,0.0,0.0,False,True
1291,0.2667234241962433,6.8995503898374544e-18,0.9738183397403374,0.9438073811697778,OFFLOADED,1.0,No,1.0,0.0,0.0,False,False
1292,0.47036099433898926,0.0006437492408032762,0.4291696271535903,1.8150716150011027e-14,OFFLOADED,1.0,No,1.0,1.0,1.0,False,False
1293,0.731354296207428,0.48356583803582587,0.9693054838073458,0.9214409383766142,OFFLOADED,0.0,Yes,0.0,0.0,0.0,False,True
1294,0.25807639956474304,3.3802651614038787e-20,0.42147230671972746,9.917054036457924e-15,OFFLOADED,1.0,No,1.0,1.0,1.0,False,False
1295,0.5057639479637146,0.002820392859686538,0.9192506488347354,0.641934663800989,OFFLOADED,1.0,No,1.0,1.0,1.0,False,True
1296,0.3883157968521118,2.2618241615337662e-06,0.6436241820419195,2.985545050420477e-07,OFFLOADED,1.0,No,0.0,1.0,1.0,False,False
1297,0.5280905365943909,0.0052746686761505025,0.9654686925418119,0.905091287443755,OFFLOADED,0.0,Yes,0.0,0.0,0.0,False,True
1298,0.772239089012146,0.6848861340649672,0.621692486975378,6.234263850421023e-08,OFFLOADED,0.0,Yes,0.0,0.0,0.0,True,False
1299,0.2893620431423187,9.100530646716262e-14,0.37152473475870434,1.6164573330103848e-16,OFFLOADED,1.0,No,1.0,1.0,1.0,False,False
1300,0.25756362080574036,1.9586474224628606e-20,0.34238204039527953,1.8886391682176267e-17,OFFLOADED,1.0,No,1.0,1.0,1.0,False,False
1301,0.33447954058647156,6.549288324935355e-09,0.39688974739985067,1.4179600967412022e-15,OFFLOADED,1.0,No,1.0,1.0,1.0,False,False
1302,0.26060980558395386,1.4452540584995948e-19,0.9260507010940249,0.6930942357363312,OFFLOADED,1.0,No,1.0,0.0,0.0,False,True
1303,0.253190815448761,8.957788413843407e-22,0.5654460978100725,1.7293810729458353e-09,OFFLOADED,1.0,No,1.0,0.0,0.0,False,False
1304,0.2529708445072174,8.074031226389967e-22,0.3093435464865529,1.343286213343283e-18,OFFLOADED,1.0,No,0.0,1.0,1.0,False,False
1305,0.6073132157325745,0.08095777028996333,0.8145011260268918,0.021497345675175705,OFFLOADED,1.0,No,1.0,1.0,1.0,False,False
1306,0.6613548994064331,0.22880918958529742,0.7709900927891111,0.0015792927779485232,OFFLOADED,1.0,No,1.0,1.0,1.0,False,False
1307,0.2556071877479553,2.6754696630734104e-21,0.8476982128119798,0.09834413058336865,OFFLOADED,1.0,No,0.0,0.0,1.0,False,False
1308,0.3450935184955597,2.0060328488470703e-08,0.3703781652572321,1.0307568921832525e-16,OFFLOADED,1.0,No,1.0,1.0,1.0,False,False
1309,0.38552331924438477,1.6203869519593508e-06,0.3889498145000443,4.99830669350743e-16,OFFLOADED,1.0,No,1.0,1.0,1.0,False,False
1310,0.6984267234802246,0.3612952316116521,0.5695269346067758,1.891235430377007e-09,OFFLOADED,1.0,No,1.0,1.0,1.0,False,False
1311,0.30214014649391174,5.4037717434176544e-12,0.6121773776850793,3.122834446120973e-08,OFFLOADED,1.0,No,1.0,1.0,1.0,False,False
1312,0.3150998651981354,1.233710227130037e-10,0.3568151386289957,3.1168579492654444e-17,OFFLOADED,1.0,No,1.0,1.0,1.0,False,False
1313,0.31139999628067017,5.620901835606103e-11,0.9337149740497959,0.7313737134416336,OFFLOADED,0.0,Yes,0.0,0.0,0.0,False,True
1314,0.32320162653923035,5.385506224976607e-10,0.5394261342196909,1.60239330007602e-10,OFFLOADED,1.0,No,1.0,0.0,0.0,False,False
1315,0.3987748324871063,4.876182398121132e-06,0.620085487822112,4.868765298813492e-08,OFFLOADED,1.0,No,1.0,1.0,1.0,False,False
1316,0.2939215898513794,3.2170771376162183e-13,0.3667293472773571,5.503009096998482e-17,OFFLOADED,1.0,No,1.0,1.0,1.0,False,False
1317,0.42883750796318054,5.7206453188830187e-05,0.6944689592506287,1.4992336311189773e-05,OFFLOADED,0.0,Yes,0.0,0.0,0.0,False,False
1318,0.9179959893226624,0.9925776293608041,0.8158245099072166,0.020998525508399115,OFFLOADED,0.0,Yes,0.0,0.0,0.0,True,False
1319,0.2518181800842285,4.0975289825088585e-22,0.8912576151664094,0.39372719350751084,OFFLOADED,1.0,No,1.0,0.0,0.0,False,False
1320,0.2682191729545593,8.09119661173104e-18,0.6656086065492739,1.5437049802909973e-06,OFFLOADED,1.0,No,1.0,1.0,1.0,False,False
1321,0.5459219217300415,0.010084117411510739,0.7473271459273855,0.00045614804561147876,OFFLOADED,0.0,Yes,0.0,0.0,0.0,False,False
1322,0.8525171279907227,0.9408983340373115,0.8585512325101128,0.1412217633643955,OFFLOADED,1.0,No,1.0,1.0,1.0,True,False
1323,0.8176605105400085,0.8537766738948239,0.6767518752243954,4.299995693654394e-06,OFFLOADED,0.0,Yes,0.0,0.0,0.0,True,False
1324,0.28941670060157776,5.762437152465836e-14,0.644305594179849,2.740074891741007e-07,OFFLOADED,1.0,No,1.0,1.0,1.0,False,False
1325,0.6630505323410034,0.21744463165389366,0.710632148771458,5.1404087119380304e-05,OFFLOADED,0.0,Yes,0.0,0.0,0.0,False,False
1326,0.28004738688468933,1.2184811438659218e-15,0.36123744783122547,3.770763561636624e-17,OFFLOADED,1.0,No,1.0,1.0,0.0,False,False
1327,0.9400365352630615,0.9958329263827359,1.0,1.0,ACCEPTED,0.0,Yes,0.0,0.0,0.0,True,True
1328,0.2665039896965027,2.9385339112189315e-18,0.2414239428785383,2.254982477604961e-20,OFFLOADED,1.0,No,1.0,1.0,1.0,False,False
1329,0.2562720775604248,2.7715836663019473e-21,0.325572551624981,2.5491158934642847e-18,OFFLOADED,1.0,No,1.0,1.0,1.0,False,False
1330,0.28433603048324585,7.439944154654148e-15,0.1471241909777642,3.0097981553989368e-21,OFFLOADED,1.0,No,1.0,1.0,1.0,False,False
1331,0.3936735689640045,3.3474003081905826e-06,0.5704035173311582,1.8729346458501026e-09,OFFLOADED,1.0,No,1.0,1.0,1.0,False,False
1332,0.2869319021701813,1.7229266056646457e-14,0.42721603984723105,8.950028065121445e-15,OFFLOADED,1.0,No,1.0,1.0,1.0,False,False
1333,0.2587674558162689,1.818335128003864e-20,0.2620935155803025,4.183060830473373e-20,OFFLOADED,1.0,No,1.0,1.0,1.0,False,False
1334,0.2799440920352936,9.293146497148225e-16,0.4497866062882995,6.5178569239443e-14,OFFLOADED,1.0,No,1.0,1.0,1.0,False,False
1335,0.0,0.0,0.6122632467197034,3.086510077149031e-08,OFFLOADED,0.0,Yes,0.0,0.0,0.0,False,False
1336,0.8952689170837402,0.987556594420437,1.0,1.0,ACCEPTED,0.0,Yes,0.0,0.0,0.0,True,True
1337,0.7117670774459839,0.4090327851270834,0.36890530317757475,5.729563576703131e-17,OFFLOADED,0.0,Yes,0.0,0.0,0.0,False,False
1338,0.28763294219970703,2.328278546631221e-14,0.732923633763511,0.00021505793823684295,OFFLOADED,0.0,Yes,0.0,0.0,0.0,False,False
1339,0.9057727456092834,0.9918356799856751,1.0,1.0,ACCEPTED,0.0,Yes,0.0,0.0,0.0,True,True
1340,0.470664381980896,0.0006542632387970753,0.5869622383082254,6.125521712922855e-09,OFFLOADED,1.0,No,0.0,1.0,1.0,False,False
1341,0.27338847517967224,7.613667896145541e-17,0.2796499952089698,1.133384454342544e-19,OFFLOADED,1.0,No,1.0,1.0,1.0,False,False
1342,0.4083896577358246,1.1993010898719188e-05,0.8461758220687698,0.08262269540196285,OFFLOADED,1.0,No,1.0,1.0,1.0,False,False
1343,0.5246398448944092,0.0050410095698215605,0.5156630822337125,1.7018490131047672e-11,OFFLOADED,1.0,No,1.0,1.0,1.0,False,False
1344,0.3211228847503662,3.208228315776275e-10,0.36002205600259474,2.7323094593914257e-17,OFFLOADED,1.0,No,1.0,1.0,1.0,False,False
1345,0.251861572265625,1.9762005419565149e-22,0.2406675418161962,1.3731412316872264e-20,OFFLOADED,1.0,No,1.0,1.0,1.0,False,False
1346,0.6086742877960205,0.0801581261975971,0.9365761804431989,0.7514575060805467,OFFLOADED,0.0,Yes,0.0,0.0,0.0,False,True
1347,0.3501068651676178,2.5767303325886138e-08,0.7814714591895393,0.0026663917150544277,OFFLOADED,0.0,Yes,0.0,0.0,0.0,False,False
1348,0.253015398979187,2.4382756884732334e-22,0.41356148005576615,3.0585450507148694e-15,OFFLOADED,1.0,No,1.0,1.0,1.0,False,False
1349,0.29246872663497925,1.7783022136135594e-13,0.9003836731125019,0.4544018451929511,OFFLOADED,1.0,No,1.0,0.0,0.0,False,True
1350,0.6637040376663208,0.2412871118883432,0.3138509312725602,7.345288904929926e-19,OFFLOADED,1.0,No,1.0,1.0,1.0,False,False
1351,0.3033655881881714,6.34963106239144e-12,0.497985054342514,3.703082099143627e-12,OFFLOADED,1.0,No,1.0,1.0,1.0,False,False
1352,0.25301411747932434,1.9567238573184221e-22,0.38603916950310063,2.147953638933115e-16,OFFLOADED,1.0,No,1.0,1.0,1.0,False,False
1353,0.2853389382362366,7.309070957217856e-15,0.8394524533031326,0.0575935185905193,OFFLOADED,0.0,Yes,0.0,0.0,0.0,False,False
1354,0.8069797158241272,0.8349477032862231,0.5896663239663732,7.182507696737411e-09,OFFLOADED,1.0,No,1.0,1.0,1.0,False,False
1355,0.8017212748527527,0.8076636693980319,0.8082535313422703,0.013630210065832144,OFFLOADED,0.0,Yes,0.0,0.0,0.0,True,False
1356,0.9118004441261292,0.9932317905446496,0.6369234382105671,1.872635473269279e-07,OFFLOADED,1.0,No,1.0,1.0,1.0,True,False
1357,0.30294737219810486,5.316703074066391e-12,1.0,1.0,OFFLOADED,1.0,No,1.0,0.0,0.0,False,True
1358,0.32463109493255615,6.752412560030671e-10,0.4688071546310361,2.951726526076549e-13,OFFLOADED,1.0,No,0.0,1.0,1.0,False,False
1359,0.2800031006336212,6.976364610116996e-16,0.6357147613420783,1.6257663054860955e-07,OFFLOADED,1.0,No,1.0,0.0,1.0,False,False
1360,0.8391489386558533,0.9158892807192794,0.8835577747905393,0.30956827094129696,OFFLOADED,1.0,No,1.0,1.0,0.0,True,False
1361,0.31562063097953796,1.0913385049218459e-10,0.5822753779137108,3.814526155427728e-09,OFFLOADED,1.0,No,0.0,0.0,1.0,False,False
1362,0.8413826823234558,0.9167852177730583,0.920796235903482,0.6245209659327615,OFFLOADED,1.0,No,1.0,1.0,1.0,True,False
1363,0.3529076874256134,3.5064082744890225e-08,0.4667125757701466,1.9272963532688942e-13,OFFLOADED,1.0,No,1.0,1.0,1.0,False,False
1364,0.2712291181087494,1.6992616579422385e-17,0.5123075217536365,1.0217352241802228e-11,OFFLOADED,1.0,No,1.0,1.0,1.0,False,False
1365,0.2680341601371765,3.0330891644808665e-18,0.6716092744478426,3.1131017167041116e-06,OFFLOADED,0.0,Yes,0.0,0.0,0.0,False,False
1366,0.27716487646102905,1.786107049363275e-16,0.18562203470701402,1.89126592178106e-21,OFFLOADED,1.0,No,1.0,1.0,1.0,False,False
1367,0.3329032063484192,3.277324622524375e-09,0.4345197006907094,1.0777374514701559e-14,OFFLOADED,1.0,No,1.0,1.0,1.0,False,False
1368,0.386920690536499,1.547683409993259e-06,0.42580401800312384,4.5782787905531155e-15,OFFLOADED,1.0,No,1.0,1.0,1.0,False,False
1369,0.2548712193965912,3.102491458003571e-22,0.5574148093825456,5.497878102917599e-10,OFFLOADED,1.0,No,0.0,1.0,0.0,False,False
1370,0.4546676278114319,0.0002874776312697628,0.7991883022301168,0.008296231285207158,OFFLOADED,1.0,No,1.0,0.0,0.0,False,False
1371,0.8623826503753662,0.9564412272878972,1.0,1.0,ACCEPTED,0.0,Yes,0.0,0.0,0.0,True,True
1372,0.2576373517513275,3.494698149331582e-21,0.31490042076791125,3.92670440563373e-19,OFFLOADED,1.0,No,1.0,1.0,1.0,False,False
1373,0.282717227935791,1.7273911899856645e-15,0.46832305449339645,1.882955550164604e-13,OFFLOADED,0.0,Yes,0.0,0.0,0.0,False,False
1374,0.2704785466194153,1.000244501542164e-17,0.6334455162528414,1.230709559868558e-07,OFFLOADED,1.0,No,1.0,1.0,1.0,False,False
1375,0.8006705641746521,0.8059606369556952,0.8220479333610035,0.0256085677527189,OFFLOADED,0.0,Yes,0.0,0.0,0.0,True,False
1376,0.2718539834022522,1.7180089951527602e-17,0.8675045266791477,0.1768887880344219,OFFLOADED,1.0,No,1.0,0.0,0.0,False,False
1377,0.540319561958313,0.009125810916219527,0.49646165764895245,2.144631264595438e-12,OFFLOADED,1.0,No,1.0,1.0,1.0,False,False
1378,0.40683838725090027,8.372097687019371e-06,0.5965064518523553,8.910298220034635e-09,OFFLOADED,1.0,No,1.0,0.0,0.0,False,False
1379,0.7443510293960571,0.5651112076825485,1.0,1.0,ACCEPTED,0.0,Yes,0.0,0.0,0.0,True,True
1380,0.9359659552574158,0.9961221342588368,0.7176491062547193,8.893217158966325e-05,OFFLOADED,1.0,No,1.0,1.0,1.0,True,False
1381,0.34077826142311096,8.358798887745504e-09,0.8195166811232673,0.023146323703536743,OFFLOADED,0.0,Yes,0.0,0.0,0.0,False,False
1382,0.6916777491569519,0.34952612655176607,0.5052428160480346,4.511597201704931e-12,OFFLOADED,1.0,No,1.0,1.0,1.0,False,False
1383,0.25085973739624023,7.549805905452996e-23,0.30557114150994963,1.5373659146133783e-19,OFFLOADED,1.0,No,1.0,1.0,1.0,False,False
1384,0.259324848651886,9.821837941688498e-21,0.4926230233597849,1.289911351501524e-12,OFFLOADED,1.0,No,1.0,1.0,1.0,False,False
1385,0.28219109773635864,1.3034894854203671e-15,0.3741623012027278,3.2599558080338105e-17,OFFLOADED,1.0,No,1.0,1.0,1.0,False,False
1386,0.9126756191253662,0.9927866188036768,0.9423468616283472,0.7727148202984909,ACCEPTED,0.0,Yes,0.0,0.0,0.0,True,True
1387,0.0,0.0,0.5005689730545481,2.6552602401099377e-12,OFFLOADED,0.0,Yes,0.0,0.0,0.0,False,False
1388,0.896899938583374,0.9893720251548251,0.7748481566403481,0.0019255996562721341,OFFLOADED,1.0,No,1.0,1.0,1.0,True,False
1389,0.3314080834388733,2.0200269941942215e-09,0.484376419433896,6.244428243752403e-13,OFFLOADED,1.0,No,1.0,1.0,0.0,False,False
1390,0.886383056640625,0.9837925625279063,0.7158091427833086,7.68636480626801e-05,OFFLOADED,1.0,No,1.0,1.0,1.0,True,False
1391,0.7391111850738525,0.5446130615545987,0.6860709905419446,9.489806571747302e-06,OFFLOADED,0.0,Yes,0.0,0.0,0.0,False,False
1392,0.314028263092041,5.3995548196236415e-11,0.39498465991867515,2.4040742494617115e-16,OFFLOADED,1.0,No,1.0,1.0,1.0,False,False
1393,0.25621187686920166,5.82516782074158e-22,0.22480855694022595,2.1483282822468316e-21,OFFLOADED,1.0,No,1.0,1.0,1.0,False,False
1394,0.2670469284057617,1.1127765767999123e-18,0.4196336039664945,1.811892806647604e-15,OFFLOADED,1.0,No,1.0,1.0,1.0,False,False
1395,0.2581470012664795,3.425417023763403e-21,0.8648007595749291,0.15506652025119477,OFFLOADED,1.0,No,1.0,0.0,0.0,False,False
1396,0.2781928479671478,1.8484361321683046e-16,0.7847708309788811,0.0033706526865516268,OFFLOADED,1.0,No,1.0,0.0,0.0,False,False
1397,0.2825721800327301,1.373373829610684e-15,0.73627992175415,0.0002396560406746223,OFFLOADED,1.0,No,1.0,1.0,1.0,False,False
1398,0.5588113069534302,0.017019845417869453,0.8927465106935442,0.3568246238248658,OFFLOADED,0.0,Yes,0.0,0.0,0.0,False,False
1399,0.5756980776786804,0.030597541837070443,0.6637711324485014,1.2827504385881888e-06,OFFLOADED,0.0,Yes,0.0,0.0,0.0,False,False
1400,0.251075804233551,4.8548140863469986e-23,0.3410391776540033,1.8266322060330297e-18,OFFLOADED,1.0,No,1.0,1.0,1.0,False,False
1401,0.8790714740753174,0.9791826502801401,0.8034985723437164,0.010556026400452641,OFFLOADED,0.0,Yes,0.0,0.0,0.0,True,False
1402,0.28659340739250183,7.557909418584439e-15,0.5457778659618073,1.6863827756004998e-10,OFFLOADED,1.0,No,1.0,1.0,1.0,False,False
1403,0.30922502279281616,2.1207423971747084e-11,0.5153645152567523,9.34347009557136e-12,OFFLOADED,1.0,No,1.0,1.0,1.0,False,False
1404,0.48392847180366516,0.001200294441100065,0.8776765041774107,0.24754979229915772,OFFLOADED,1.0,No,1.0,1.0,0.0,False,False
1405,0.2794099748134613,2.805179494551697e-16,0.4450425344014748,1.4440132121637635e-14,OFFLOADED,1.0,No,1.0,1.0,0.0,False,False
1406,0.29578375816345215,3.18662119292001e-13,0.7281491542116131,0.00014478182675168856,OFFLOADED,1.0,No,1.0,0.0,0.0,False,False
1407,0.2972685992717743,4.898338911253616e-13,0.5742351106820172,1.522691122314095e-09,OFFLOADED,1.0,No,1.0,1.0,1.0,False,False
1408,0.9125662446022034,0.993018628111178,0.9158233190997512,0.5682468141210665,OFFLOADED,0.0,Yes,0.0,0.0,0.0,True,False
1409,0.39492589235305786,2.742952437437065e-06,0.5056753122412946,3.287744204803681e-12,OFFLOADED,1.0,No,1.0,1.0,1.0,False,False
1410,0.36900368332862854,1.9332442488797703e-07,0.6433473144169743,2.221049026889654e-07,OFFLOADED,0.0,Yes,0.0,0.0,0.0,False,False
1411,0.42862439155578613,5.767469929973643e-05,0.7828585563034707,0.0029704604801744612,OFFLOADED,1.0,No,1.0,1.0,1.0,False,False
1412,0.2703368365764618,4.428463745411821e-18,0.5392104831989738,8.059192152583521e-11,OFFLOADED,1.0,No,1.0,1.0,1.0,False,False
1413,0.9078291058540344,0.9926514485468383,0.6363469780481011,1.2553757825382925e-07,OFFLOADED,0.0,Yes,0.0,0.0,0.0,True,False
1414,0.2693463861942291,2.543804205729979e-18,0.32168603697272863,2.7644054847521523e-19,OFFLOADED,1.0,No,1.0,1.0,1.0,False,False
1415,0.2518492043018341,2.7895557684249445e-23,0.6196756490748445,4.215454974232307e-08,OFFLOADED,1.0,No,0.0,1.0,1.0,False,False
1416,0.46957463026046753,0.0005458312372156867,1.0,1.0,OFFLOADED,0.0,Yes,0.0,0.0,0.0,False,True
1417,0.0,0.0,0.5151924204507805,6.971367565265792e-12,OFFLOADED,0.0,Yes,0.0,0.0,0.0,False,False
1418,0.26706576347351074,6.653509567195334e-19,1.0,1.0,OFFLOADED,1.0,No,1.0,0.0,1.0,False,True
1419,0.6653590202331543,0.24207618968025132,0.7968554904124994,0.00708334998386414,OFFLOADED,0.0,Yes,0.0,0.0,0.0,False,False
1420,0.2532767355442047,3.602166984998535e-23,0.3520168228073229,3.270865886916874e-18,OFFLOADED,1.0,No,1.0,1.0,1.0,False,False
1421,0.8493179678916931,0.939818661149899,1.0,1.0,ACCEPTED,0.0,Yes,0.0,0.0,0.0,True,True
1422,0.26280322670936584,5.482698433875607e-20,0.2021805040884544,6.383203578239148e-22,OFFLOADED,1.0,No,1.0,1.0,1.0,False,False
1423,0.6520320177078247,0.21056901511899642,0.7068384237451721,3.487439360297589e-05,OFFLOADED,1.0,No,1.0,1.0,0.0,False,False
1424,0.3667502701282501,1.5878048492015585e-07,0.279653275876086,1.395253798471191e-20,OFFLOADED,1.0,No,1.0,1.0,1.0,False,False
1425,0.25649911165237427,3.425070884842933e-22,0.898380031720022,0.418768354490158,OFFLOADED,0.0,Yes,0.0,0.0,0.0,False,True
1426,0.7478907108306885,0.6055327720744704,0.5036347256027145,2.649242568974533e-12,OFFLOADED,1.0,No,1.0,1.0,1.0,True,False
1427,0.25239139795303345,2.4133245584965557e-23,0.49433364177455347,9.808013401406685e-13,OFFLOADED,1.0,No,1.0,1.0,1.0,False,False
1428,0.31097689270973206,2.6518016715611756e-11,0.345267256779736,1.53536824896897e-18,OFFLOADED,1.0,No,1.0,1.0,1.0,False,False
1429,0.30325788259506226,2.8370481042250185e-12,0.4598705137135511,4.559723964503734e-14,OFFLOADED,1.0,No,1.0,1.0,1.0,False,False
1430,0.27197787165641785,7.545021812158552e-18,0.6776109169671897,4.59336114650124e-06,OFFLOADED,1.0,No,1.0,0.0,0.0,False,False
1431,0.4157121777534485,1.879079080063877e-05,0.7555068548786447,0.0006287952781947533,OFFLOADED,0.0,Yes,0.0,0.0,0.0,False,False
1432,0.29387298226356506,1.1517277801559632e-13,0.27596471047799653,8.626306766239613e-21,OFFLOADED,1.0,No,1.0,1.0,1.0,False,False
1433,0.0,0.0,0.7177807957727376,7.483967886429358e-05,OFFLOADED,0.0,Yes,0.0,0.0,0.0,False,False
1434,0.2603905200958252,7.412251449012306e-21,0.6768216574262153,4.540063451092474e-06,OFFLOADED,1.0,No,1.0,0.0,0.0,False,False
1435,0.7966243624687195,0.8021525528337234,0.8757926203790588,0.2362499765033904,OFFLOADED,0.0,Yes,0.0,0.0,0.0,True,False
1436,0.30795297026634216,1.2179579984519027e-11,0.5987026355503867,9.117360750993364e-09,OFFLOADED,1.0,No,1.0,1.0,1.0,False,False
1437,0.5687158703804016,0.025208513090244012,1.0,1.0,OFFLOADED,1.0,No,1.0,0.0,0.0,False,True
1438,0.2610432505607605,1.0575691374467132e-20,0.08919036439370433,9.646313881537944e-23,OFFLOADED,1.0,No,1.0,1.0,1.0,False,False
1439,0.7555097937583923,0.6382378960583567,0.915417657113131,0.5948674130562096,ACCEPTED,0.0,Yes,0.0,0.0,0.0,True,True
1440,0.0,0.0,0.6828278831154724,7.697098020516936e-06,OFFLOADED,0.0,Yes,0.0,0.0,0.0,False,False
1441,0.6906570196151733,0.34792521496330264,1.0,1.0,OFFLOADED,1.0,No,1.0,1.0,0.0,False,True
1442,0.5177589058876038,0.0037091184590561693,0.7291362847240643,0.00017881600442357432,OFFLOADED,1.0,No,0.0,1.0,1.0,False,False
1443,0.9634496569633484,0.9983229035504448,0.9865380272658327,0.9836716492626795,ACCEPTED,0.0,Yes,0.0,0.0,0.0,True,True
1444,0.9084115028381348,0.9938157897189421,1.0,1.0,ACCEPTED,0.0,Yes,0.0,0.0,0.0,True,True
1445,0.2719153165817261,5.7542976308999e-18,0.3446115394908458,1.3020796995719155e-18,OFFLOADED,1.0,No,1.0,1.0,1.0,False,False
1446,0.961404025554657,0.9983957947034615,0.986031582447757,0.98369346733271,ACCEPTED,0.0,Yes,0.0,0.0,0.0,True,True
1447,0.5728715062141418,0.027025864151007106,0.49107276111768017,7.040044546416972e-13,OFFLOADED,1.0,No,1.0,1.0,1.0,True,False
1448,0.5085138082504272,0.002548961136958959,0.9285134181691279,0.7231053814703676,OFFLOADED,0.0,Yes,0.0,0.0,0.0,False,True
1449,0.599159300327301,0.06096991839938235,0.9398967782311235,0.8027479881186256,OFFLOADED,1.0,No,1.0,0.0,0.0,False,True
1450,0.4402199983596802,0.00011103954352810744,0.4094447911789792,4.6154537564407e-16,OFFLOADED,1.0,No,1.0,1.0,1.0,False,False
1451,0.2768596112728119,4.558032612607392e-17,0.6934737167242685,1.5405759361087115e-05,OFFLOADED,1.0,No,1.0,1.0,1.0,False,False
1452,0.29007208347320557,1.7636724217959448e-14,1.0,1.0,OFFLOADED,1.0,No,1.0,0.0,0.0,False,True
1453,0.6364865303039551,0.14114224756648114,0.7484691544022268,0.000520108550110829,OFFLOADED,0.0,Yes,0.0,0.0,0.0,False,False
1454,0.7007705569267273,0.38012567496393124,0.8045767880269712,0.013167001853627064,OFFLOADED,0.0,Yes,0.0,0.0,0.0,True,False
1455,0.5027052164077759,0.002332001158967355,0.62281612192483,5.732899638999796e-08,OFFLOADED,1.0,No,1.0,1.0,1.0,False,False
1456,0.7009053826332092,0.39445397640549157,0.5874573489723193,3.949532447563405e-09,OFFLOADED,1.0,No,1.0,1.0,1.0,True,False
1457,0.33637863397598267,4.017649839244087e-09,0.5675261553813328,8.615512334387052e-10,OFFLOADED,1.0,No,1.0,1.0,1.0,False,False
1458,0.2687540352344513,8.044779619169278e-19,0.3337733167992839,4.2736352100300313e-19,OFFLOADED,1.0,No,1.0,1.0,1.0,False,False
1459,0.6790573000907898,0.2885313732547611,0.7754931830235663,0.002192236099103919,OFFLOADED,1.0,No,1.0,1.0,1.0,False,False
1460,0.2562994658946991,1.1327042961262175e-22,0.47061302842011093,9.163224534331175e-14,OFFLOADED,1.0,No,1.0,1.0,1.0,False,False
1461,0.25599560141563416,7.857136217666431e-23,0.8834415754076981,0.31923134896758376,OFFLOADED,1.0,No,1.0,0.0,0.0,False,True
1462,0.3403434455394745,6.193135266601167e-09,0.59552400318384,6.187609258183854e-09,OFFLOADED,1.0,No,1.0,0.0,0.0,False,False
1463,0.25139012932777405,7.041257191819762e-24,0.6980211976470356,2.0163252565792658e-05,OFFLOADED,1.0,No,1.0,1.0,1.0,False,False
1464,0.34896013140678406,1.3321680742306795e-08,0.5056693612762568,2.1478808717198755e-12,OFFLOADED,1.0,No,1.0,0.0,1.0,False,False
1465,0.8944902420043945,0.9903264127873993,0.7524030749466131,0.0006174026853123669,OFFLOADED,1.0,No,1.0,1.0,1.0,True,False
1466,0.27785298228263855,4.906407361558855e-17,0.36797736698551176,4.915914805474109e-18,OFFLOADED,1.0,No,0.0,1.0,1.0,False,False
1467,0.5030699372291565,0.0020596174906728584,0.6580276635869872,7.38200519456558e-07,OFFLOADED,1.0,No,1.0,1.0,1.0,False,False
1468,0.350333034992218,1.3814107253212362e-08,0.9151006653807899,0.6024323807559886,OFFLOADED,1.0,No,1.0,0.0,0.0,False,True
1469,0.26262572407722473,1.3005559027953404e-20,0.3561093526779195,1.5648613124714854e-18,OFFLOADED,1.0,No,0.0,1.0,1.0,False,False
1470,0.30229946970939636,1.117699263537546e-12,0.6703711467893749,2.0405932483993566e-06,OFFLOADED,1.0,No,1.0,1.0,1.0,False,False
1471,0.3626251220703125,6.602889746493382e-08,0.8553893419017983,0.11210923001577601,OFFLOADED,1.0,No,1.0,0.0,1.0,False,False
1472,0.42070436477661133,2.1246374250259638e-05,0.6357632745774332,9.508900674213749e-08,OFFLOADED,1.0,No,0.0,1.0,1.0,False,False
1473,0.9420474171638489,0.9972405014004894,0.9364945514611216,0.7638830167116847,ACCEPTED,0.0,Yes,0.0,0.0,0.0,True,True
1474,0.2810904383659363,1.7330873996813937e-16,0.1579582493597961,6.824183789002633e-23,OFFLOADED,1.0,No,1.0,1.0,1.0,False,False
1475,0.8382577300071716,0.920567385361928,0.7365757023652998,0.00024662343302853015,OFFLOADED,0.0,Yes,0.0,0.0,0.0,True,False
1476,0.2555786669254303,2.856029493990259e-23,0.2635124003373911,1.396091404447377e-21,OFFLOADED,1.0,No,1.0,1.0,1.0,False,False
1477,0.3336987793445587,1.53519786053149e-09,0.6200367883750318,2.9716043877500885e-08,OFFLOADED,1.0,No,0.0,1.0,0.0,False,False
1478,0.30161839723587036,7.132456131582062e-13,0.3251425106690517,9.128241124468888e-20,OFFLOADED,1.0,No,1.0,1.0,0.0,False,False
1479,0.2860095202922821,1.37438184088045e-15,0.6662370985336904,1.3368853345202631e-06,OFFLOADED,1.0,No,1.0,1.0,1.0,False,False
1480,0.8286545276641846,0.904883366853893,1.0,1.0,ACCEPTED,0.0,Yes,0.0,0.0,0.0,True,True
1481,0.0,0.0,0.4049904826907911,1.3457972004484954e-16,OFFLOADED,0.0,Yes,0.0,0.0,0.0,False,False
1482,0.2743505835533142,7.462775368659265e-18,0.9532862104708906,0.857773884961323,OFFLOADED,1.0,No,1.0,0.0,0.0,False,True
1483,0.8554001450538635,0.9587965717005178,0.7762505159204443,0.0019249354529592424,OFFLOADED,0.0,Yes,0.0,0.0,0.0,True,False
1484,0.31252017617225647,1.726909675970301e-11,0.5544017352010617,1.4946271076868588e-10,OFFLOADED,1.0,No,1.0,1.0,0.0,False,False
1485,0.25663208961486816,6.266911622210529e-23,0.6675761571736336,1.4997756812837114e-06,OFFLOADED,1.0,No,1.0,1.0,1.0,False,False
1486,0.2897418141365051,7.111060627770416e-15,0.32099558348297885,5.653290786135804e-20,OFFLOADED,1.0,No,1.0,1.0,1.0,False,False
1487,0.3911840319633484,1.2936542181865793e-06,0.5954542922197518,3.8043353023854796e-09,OFFLOADED,1.0,No,1.0,1.0,1.0,False,False
1488,0.27898088097572327,4.206167975648245e-17,0.6085909869112306,1.1663783467119016e-08,OFFLOADED,1.0,No,1.0,1.0,1.0,False,False
1489,0.9101495146751404,0.9951153197929203,0.8267206539216063,0.03373683112235187,OFFLOADED,1.0,No,1.0,1.0,1.0,True,False
1490,0.9447950720787048,0.997790115743881,0.9640520233457962,0.9050103657749453,ACCEPTED,0.0,Yes,0.0,0.0,0.0,True,True
1491,0.26627910137176514,6.20124130999555e-20,0.5752892995201381,7.191937814965347e-10,OFFLOADED,1.0,No,1.0,1.0,1.0,False,False
1492,0.5650791525840759,0.018950514809585966,0.8350645236075344,0.04684412716604568,OFFLOADED,1.0,No,1.0,1.0,1.0,False,False
1493,0.2544010281562805,5.36700603558923e-24,0.3162611160807905,2.5790338633212306e-20,OFFLOADED,1.0,No,1.0,1.0,1.0,False,False
1494,0.9360808730125427,0.9974255527379992,0.9763026577542032,0.9598454145537596,ACCEPTED,0.0,Yes,0.0,0.0,0.0,True,True
1495,0.3363191485404968,2.2057581632608946e-09,0.634108266662151,6.930773289275266e-08,OFFLOADED,1.0,No,1.0,1.0,1.0,False,False
1496,0.39902642369270325,2.609679455454816e-06,0.4062663778149183,1.0563434205340746e-16,OFFLOADED,1.0,No,1.0,1.0,1.0,False,False
1497,0.3844521641731262,5.78118193168977e-07,0.8464284949861917,0.07125605524682437,OFFLOADED,1.0,No,0.0,1.0,1.0,False,False
1498,0.8492671251296997,0.9511253139713056,1.0,1.0,ACCEPTED,0.0,Yes,0.0,0.0,0.0,True,True
1499,0.45727068185806274,0.00022554828407237316,0.3367116863690637,1.3606985276607984e-19,OFFLOADED,1.0,No,1.0,1.0,1.0,False,False
1500,0.36286258697509766,4.5861272821149186e-08,0.6332014111124292,5.7498672075160673e-08,OFFLOADED,0.0,Yes,0.0,0.0,0.0,False,False
1501,0.0,0.0,0.9840619733452676,0.9812679658607771,OFFLOADED,0.0,Yes,0.0,0.0,0.0,False,True
1502,0.2730555832386017,2.2620924399522857e-18,0.2013246479337028,6.231414667402709e-23,OFFLOADED,1.0,No,1.0,1.0,1.0,False,False
1503,0.2797357738018036,4.529640464534862e-17,0.39165688560511397,2.4390884682538704e-17,OFFLOADED,1.0,No,0.0,1.0,1.0,False,False
1504,0.37687718868255615,2.3750349029390978e-07,0.31946778612625437,2.6702249841001424e-20,OFFLOADED,1.0,No,1.0,1.0,1.0,False,False
1505,0.2674025297164917,7.781147403565979e-20,0.4898905212385868,1.8938289729709388e-13,OFFLOADED,1.0,No,1.0,1.0,0.0,False,False
1506,0.3772023618221283,2.3213896745591837e-07,0.7265439781680612,0.00011998632735135075,OFFLOADED,1.0,No,0.0,0.0,1.0,False,False
1507,0.8636871576309204,0.9740284440105248,0.9515109989199544,0.8474851893788127,ACCEPTED,0.0,Yes,0.0,0.0,0.0,True,True
1508,0.7715321779251099,0.7270086768069094,0.654014132801489,3.5958939538604944e-07,OFFLOADED,1.0,No,1.0,1.0,1.0,True,False
1509,0.43386751413345337,5.310844625982097e-05,0.5740983907531454,4.962789725987084e-10,OFFLOADED,1.0,No,1.0,1.0,1.0,False,False
1510,0.421220600605011,1.7326889149695403e-05,0.6120310754759437,1.1300899992485047e-08,OFFLOADED,1.0,No,1.0,1.0,1.0,False,False
1511,0.7357416152954102,0.5369814118056333,0.6730715187904294,2.03252018490644e-06,OFFLOADED,1.0,No,1.0,1.0,1.0,False,False
1512,0.2741374373435974,2.8066247853428937e-18,0.6468000081164607,1.6537156974123338e-07,OFFLOADED,1.0,No,1.0,1.0,1.0,False,False
1513,0.3689844012260437,7.710288739996634e-08,0.8544094037399352,0.09751810970930155,OFFLOADED,1.0,No,1.0,0.0,0.0,False,False
1514,0.25388428568840027,1.709697575891465e-24,0.1733845220787548,2.0040483360169613e-23,OFFLOADED,1.0,No,1.0,1.0,1.0,False,False
1515,0.8330826163291931,0.9186592229272249,1.0,1.0,ACCEPTED,0.0,Yes,0.0,0.0,0.0,True,True
1516,0.289111465215683,2.6474092697640524e-15,0.42143215813861357,2.0709571786459054e-16,OFFLOADED,1.0,No,1.0,1.0,1.0,False,False
1517,0.8907890915870667,0.9909235893262371,0.7324390235350771,0.00016568131771291933,OFFLOADED,0.0,Yes,0.0,0.0,0.0,True,False
1518,0.32443904876708984,1.1286105540212132e-10,0.39626985772184736,2.3551942389496158e-17,OFFLOADED,1.0,No,1.0,1.0,1.0,False,False
1519,0.2600274980068207,3.477552118445858e-22,0.2378510042896584,1.0301966001478019e-22,OFFLOADED,1.0,No,1.0,1.0,1.0,False,False
1520,0.33841022849082947,1.886226311679155e-09,0.4922802207973216,1.5996179215711033e-13,OFFLOADED,1.0,No,1.0,1.0,1.0,False,False
1521,0.25790858268737793,6.268252737748777e-23,0.5470483298735178,3.7411130726025616e-11,OFFLOADED,1.0,No,1.0,1.0,1.0,False,False
1522,0.2814747989177704,6.494277154052396e-17,0.9034115072305906,0.47435233436085933,OFFLOADED,1.0,No,1.0,1.0,1.0,False,False
1523,0.2651228904724121,1.0804365712632865e-20,0.9186163622191159,0.6145667268731854,OFFLOADED,1.0,No,1.0,1.0,0.0,False,True
1524,0.0,0.0,0.9301522146978521,0.717222191868837,OFFLOADED,0.0,Yes,0.0,0.0,0.0,False,False
1525,0.4487771987915039,0.00012783896551063929,0.839278983867446,0.046331694640263536,OFFLOADED,1.0,No,1.0,0.0,0.0,False,False
1526,0.25711965560913086,2.3530112974984683e-23,0.49032338909697776,1.0769405842196763e-13,OFFLOADED,1.0,No,1.0,0.0,0.0,False,False
1527,0.8155291080474854,0.8837374004895054,0.7064272378332306,2.6267266915543305e-05,OFFLOADED,1.0,No,1.0,1.0,1.0,True,False
1528,0.27051302790641785,2.6152135496191706e-19,0.5028611165516402,3.9572297156961506e-13,OFFLOADED,1.0,No,1.0,1.0,1.0,False,False
1529,0.31317195296287537,8.459410112371561e-12,0.6326543922032279,3.984028870034294e-08,OFFLOADED,1.0,No,1.0,1.0,0.0,False,False
1530,0.31592121720314026,1.519306989275653e-11,0.5478405490234017,3.060996010072697e-11,OFFLOADED,1.0,No,1.0,0.0,0.0,False,False
1531,0.25382155179977417,7.691564146347874e-25,0.42585011730028177,1.8349955660719425e-16,OFFLOADED,1.0,No,1.0,1.0,1.0,False,False
1532,0.38625770807266235,4.775002516061465e-07,0.6510691720158442,2.036066370164755e-07,OFFLOADED,1.0,No,1.0,1.0,1.0,False,False
1533,0.3048011362552643,7.36199989478655e-13,0.7140949864587739,4.4811455176958064e-05,OFFLOADED,1.0,No,1.0,0.0,0.0,False,False
1534,0.8095982074737549,0.8605083202460907,0.8922452556621422,0.3590556117162896,OFFLOADED,1.0,No,1.0,1.0,0.0,True,False
1535,0.31303322315216064,6.7969468064953705e-12,0.2633787029626213,1.570249116133878e-22,OFFLOADED,1.0,No,1.0,1.0,1.0,False,False
1536,0.3270244300365448,1.7200690018333254e-10,0.7685444095661842,0.0008823769876205383,OFFLOADED,1.0,No,1.0,1.0,1.0,False,False
1537,0.26394039392471313,2.86277435232663e-21,0.5217547134867023,2.0137537393787854e-12,OFFLOADED,1.0,No,1.0,1.0,1.0,False,False
1538,0.25186553597450256,2.970664766926134e-25,0.2126071410486566,1.6146586979400434e-23,OFFLOADED,1.0,No,1.0,1.0,1.0,False,False
1539,0.26722395420074463,2.2284616368527847e-20,0.5622647739879479,9.203743916094787e-11,OFFLOADED,1.0,No,1.0,1.0,0.0,False,False
1540,0.27261626720428467,5.348291973754054e-19,0.30788358541180455,2.1895496238791884e-21,OFFLOADED,1.0,No,1.0,1.0,1.0,False,False
1541,0.3000304102897644,1.242084735663961e-13,0.4686311529253344,7.97260156610577e-15,OFFLOADED,1.0,No,1.0,1.0,1.0,False,False
1542,0.2601664364337921,1.4988981282539227e-22,0.4184725747970637,6.272610605210443e-17,OFFLOADED,1.0,No,1.0,1.0,1.0,False,False
1543,0.29780149459838867,5.428967844692224e-14,0.29134551707641787,6.365157990365924e-22,OFFLOADED,1.0,No,1.0,1.0,1.0,False,False
1544,0.9118647575378418,0.9955176932559907,0.7958356026123704,0.005350155881365794,OFFLOADED,1.0,No,1.0,1.0,0.0,True,False
1545,0.9323588609695435,0.9972641241768884,0.4790428917204475,1.9466576131530318e-14,OFFLOADED,1.0,No,1.0,1.0,1.0,True,False
1546,0.2973831295967102,4.3442234728749355e-14,0.495330755318291,9.131851189367252e-14,OFFLOADED,1.0,No,1.0,1.0,1.0,False,False
1547,0.8042904138565063,0.8360769889148572,0.9152414781530328,0.5695938313632689,OFFLOADED,0.0,Yes,0.0,0.0,0.0,True,False
1548,0.28899040818214417,1.1632760389721862e-15,0.7006267283165636,1.3079825463125958e-05,OFFLOADED,1.0,No,0.0,1.0,1.0,False,False
1549,0.26080140471458435,2.1285143429034246e-22,0.25711039167895006,5.775563748172104e-23,OFFLOADED,1.0,No,1.0,1.0,1.0,False,False
1550,0.6013573408126831,0.05932843893233476,0.9349023840940252,0.7652670940064392,OFFLOADED,1.0,No,1.0,0.0,0.0,False,True
1551,0.39653897285461426,1.2631683871751006e-06,0.49003281232669305,4.639256227571175e-14,OFFLOADED,1.0,No,1.0,1.0,1.0,False,False
1552,0.6731746792793274,0.24554353942816715,1.0,1.0,OFFLOADED,0.0,Yes,0.0,0.0,0.0,False,True
1553,0.2553257346153259,1.100075211339645e-24,0.5325695337427273,5.362899428962816e-12,OFFLOADED,1.0,No,1.0,1.0,1.0,False,False
1554,0.2665172219276428,9.289709475296732e-21,0.5486832388328718,2.0866473313486047e-11,OFFLOADED,1.0,No,1.0,1.0,0.0,False,False
1555,0.2541465163230896,3.449939445957783e-25,0.53665283158385,7.001248379981345e-12,OFFLOADED,1.0,No,1.0,1.0,1.0,False,False
1556,0.8562554717063904,0.9635340345023978,0.9093590076832279,0.5132336113178334,OFFLOADED,0.0,Yes,0.0,0.0,0.0,True,False
1557,0.8934621214866638,0.9920277005549418,0.7958162168390724,0.00524101998235717,OFFLOADED,1.0,No,1.0,1.0,1.0,True,False
1558,0.32939642667770386,2.64009909556413e-10,0.39040116319758805,2.7102443229942163e-18,OFFLOADED,1.0,No,1.0,1.0,1.0,False,False
1559,0.4089835584163666,4.742887356257729e-06,0.5600527918987439,5.936969932076782e-11,OFFLOADED,1.0,No,1.0,1.0,1.0,False,False
1560,0.4382288455963135,6.17753293114553e-05,0.42793579424920863,7.99204224688406e-17,OFFLOADED,1.0,No,1.0,1.0,1.0,False,False
1561,0.25741270184516907,8.600627177949346e-24,0.8362602032465701,0.038014035996442624,OFFLOADED,1.0,No,1.0,0.0,0.0,False,False
1562,0.8037126660346985,0.8449923355192643,0.7419788510970882,0.00021617053965744702,OFFLOADED,0.0,Yes,0.0,0.0,0.0,True,False
1563,0.29521068930625916,1.5140890605754557e-14,0.4792125201785042,1.2189353286209034e-14,OFFLOADED,1.0,No,1.0,1.0,1.0,False,False
1564,0.6365079283714294,0.1417316189289953,0.5276368689550868,2.53335733413969e-12,OFFLOADED,1.0,No,1.0,1.0,1.0,False,False
1565,0.48823195695877075,0.0009139976283574409,0.5354101610242401,5.294937502906847e-12,OFFLOADED,1.0,No,1.0,1.0,1.0,False,False
1566,0.4172241985797882,8.908522191275831e-06,0.6247602314892211,1.401486579953032e-08,OFFLOADED,1.0,No,0.0,0.0,1.0,False,False
1567,0.2630227208137512,6.252736272070643e-22,0.26699173895459116,4.785906932277521e-23,OFFLOADED,1.0,No,1.0,1.0,1.0,False,False
1568,0.9231840372085571,0.9966356211486338,0.8948800984051403,0.3852697323379244,ACCEPTED,0.0,Yes,0.0,0.0,0.0,True,True
1569,0.66792893409729,0.23424253267630463,1.0,1.0,OFFLOADED,1.0,No,1.0,0.0,0.0,False,True
1570,0.46058666706085205,0.00018892791697583972,0.5285223338397533,2.430015009483789e-12,OFFLOADED,1.0,No,1.0,1.0,1.0,False,False
1571,0.38032272458076477,1.4854611562572167e-07,0.8900219188351255,0.3467375972601289,OFFLOADED,1.0,No,1.0,0.0,1.0,False,True
1572,0.4008786082267761,1.4572390588204916e-06,0.9039570554805088,0.4672361465022624,OFFLOADED,0.0,Yes,0.0,0.0,0.0,False,True
1573,0.3085176646709442,1.198337825115157e-12,0.6550352865666166,2.12892701945683e-07,OFFLOADED,1.0,No,0.0,1.0,1.0,False,False
1574,0.2629755735397339,4.895518573266643e-22,0.3426315352049062,1.7286757969841426e-20,OFFLOADED,1.0,No,1.0,1.0,1.0,False,False
1575,0.2855361998081207,1.239533050748748e-16,0.2689369610389627,4.486812206254166e-23,OFFLOADED,1.0,No,1.0,1.0,1.0,False,False
1576,0.274334579706192,5.597877610652543e-19,0.5503637544617753,1.848838098946743e-11,OFFLOADED,1.0,No,1.0,1.0,1.0,False,False
1577,0.2573640048503876,4.198745938529008e-24,0.41601426167646793,1.8186867883690435e-17,OFFLOADED,1.0,No,1.0,1.0,1.0,False,False
1578,0.6316615343093872,0.11713019078744967,0.5559474322860385,3.088280286344692e-11,OFFLOADED,1.0,No,1.0,1.0,0.0,False,False
1579,0.2886928915977478,4.811503712066153e-16,0.6185287012602095,7.959027801128183e-09,OFFLOADED,1.0,No,1.0,1.0,1.0,False,False
1580,0.648374080657959,0.15861491415613538,0.7745897777911126,0.0011540179684439184,OFFLOADED,1.0,No,1.0,1.0,1.0,False,False
1581,0.7477774620056152,0.5782945000091965,0.9172006016403405,0.6163408642523369,OFFLOADED,1.0,No,1.0,1.0,1.0,False,False
1582,0.25602540373802185,6.627117009646173e-25,0.5296962891188906,1.887459389140211e-12,OFFLOADED,1.0,No,1.0,1.0,1.0,False,False
1583,0.2704179883003235,4.824405945141535e-20,0.2583708301723432,1.5594924308444962e-23,OFFLOADED,1.0,No,1.0,1.0,1.0,False,False
1584,0.593508780002594,0.03718217625800619,0.7094871674714873,2.3007926451725877e-05,OFFLOADED,1.0,No,1.0,1.0,1.0,False,False
1585,0.29445067048072815,6.225137941797315e-15,0.5543563097924589,2.0327083200332093e-11,OFFLOADED,1.0,No,0.0,1.0,1.0,False,False
1586,0.27605554461479187,8.102954745387997e-19,0.12567376227180832,4.768884809740806e-25,OFFLOADED,1.0,No,1.0,1.0,0.0,False,False
1587,0.25689491629600525,1.5492371576953505e-24,0.15543587622378732,6.2793197998152825e-25,OFFLOADED,1.0,No,1.0,1.0,1.0,False,False
1588,0.43518343567848206,3.1213219330437304e-05,0.6951428716836966,6.991326689325e-06,OFFLOADED,1.0,No,1.0,1.0,1.0,False,False
1589,0.2622377574443817,1.47271126520669e-22,0.24872688524741446,7.591440377924137e-24,OFFLOADED,1.0,No,1.0,1.0,1.0,False,False
1590,0.2514658570289612,2.8822284552378767e-26,0.3693838862554024,1.1447451167613482e-19,OFFLOADED,1.0,No,1.0,1.0,0.0,False,False
1591,0.30777978897094727,6.933187762526492e-13,0.9307431573268223,0.7322416186835586,OFFLOADED,1.0,No,1.0,0.0,0.0,False,True
1592,0.7426605224609375,0.5365796695598297,1.0,1.0,ACCEPTED,0.0,Yes,0.0,0.0,0.0,True,True
1593,0.27773791551589966,1.4631637274312858e-18,0.3441147824439256,1.0120310660918203e-20,OFFLOADED,1.0,No,1.0,1.0,1.0,False,False
1594,0.25483471155166626,1.127200959915613e-25,0.12572084475915415,3.308399528057981e-25,OFFLOADED,1.0,No,1.0,1.0,1.0,False,False
1595,0.43859559297561646,3.9727733205108865e-05,0.7011067695340093,1.0428760731736879e-05,OFFLOADED,1.0,No,1.0,1.0,1.0,False,False
1596,0.8616431355476379,0.9728992711114598,0.8551572238936133,0.08585875505151995,OFFLOADED,1.0,No,1.0,1.0,1.0,True,False
1597,0.7447966933250427,0.5611812445184746,0.7958449336722402,0.0043406571878266175,OFFLOADED,0.0,Yes,0.0,0.0,0.0,False,False
1598,0.7652401328086853,0.6856463399827756,0.816549932521891,0.014220148941406763,OFFLOADED,0.0,Yes,0.0,0.0,0.0,True,False
1599,0.25024157762527466,2.26206876400468e-26,0.4328317276673672,5.960624620185967e-17,OFFLOADED,1.0,No,1.0,1.0,1.0,False,False
1600,0.3506692945957184,3.0164533040642664e-09,0.7515956797020401,0.0003435830446391417,OFFLOADED,1.0,No,1.0,0.0,0.0,False,False
1601,0.37729132175445557,8.299319961088363e-08,0.6866689077408241,3.458520199589219e-06,OFFLOADED,1.0,No,1.0,1.0,1.0,False,False
1602,0.27946043014526367,3.211203343150234e-18,0.6563603971636655,1.6281272947868949e-07,OFFLOADED,1.0,No,1.0,0.0,0.0,False,False
1603,0.25485333800315857,8.853859543686639e-26,0.16525193895693255,4.070422175630556e-25,OFFLOADED,1.0,No,1.0,1.0,1.0,False,False
1604,0.7807192206382751,0.7611919252067487,0.6633806871202128,3.2104918723654803e-07,OFFLOADED,1.0,No,1.0,1.0,1.0,True,False
1605,0.33357036113739014,2.710573789606111e-10,0.5353082975633949,2.1636675515768506e-12,OFFLOADED,1.0,No,1.0,1.0,1.0,False,False
1606,0.7333776950836182,0.5175675097914563,0.8718472808205041,0.18049762528443639,OFFLOADED,1.0,No,1.0,1.0,1.0,False,False
1607,0.25502386689186096,9.248934318676266e-26,0.2836798004811232,4.344001082004352e-23,OFFLOADED,1.0,No,1.0,1.0,1.0,False,False
1608,0.29927706718444824,2.924783818719454e-14,0.9194910688007077,0.6080457677754023,OFFLOADED,1.0,No,1.0,0.0,1.0,False,True
1609,0.3490675389766693,2.1086332394771184e-09,0.8105112834235282,0.010409759844581616,OFFLOADED,1.0,No,1.0,1.0,0.0,False,False
1610,0.8859347701072693,0.988661201220978,0.7788447961406223,0.0012947890858611315,OFFLOADED,1.0,No,1.0,1.0,1.0,True,False
1611,0.3002152144908905,3.6449696198696104e-14,0.720860995651779,4.1136207616251265e-05,OFFLOADED,1.0,No,1.0,1.0,1.0,False,False
1612,0.2840442359447479,2.9529885981517555e-17,0.6370242446907832,1.814376432688445e-08,OFFLOADED,1.0,No,1.0,1.0,1.0,False,False
1613,0.7634201049804688,0.6690911648314133,0.7334884718861835,0.00010332029147057075,OFFLOADED,0.0,Yes,0.0,0.0,0.0,True,False
1614,0.26524096727371216,7.059409434923586e-22,0.6082750545263186,1.6932864677522753e-09,OFFLOADED,1.0,No,1.0,1.0,0.0,False,False
1615,0.25888946652412415,4.730970214943803e-24,0.43883430222915637,6.015677604214245e-17,OFFLOADED,1.0,No,0.0,1.0,1.0,False,False
1616,0.27009767293930054,1.6396301936698393e-20,0.4599822323628853,4.761408508085433e-16,OFFLOADED,1.0,No,0.0,1.0,1.0,False,False
1617,0.2766777575016022,5.06743398305022e-19,0.9187824777425422,0.5868807152607305,OFFLOADED,1.0,No,1.0,0.0,1.0,False,False
1618,0.5561662912368774,0.010294030884023902,0.6270005753120796,7.308288267721758e-09,OFFLOADED,1.0,No,1.0,1.0,1.0,False,False
1619,0.36943987011909485,2.985029450264897e-08,0.3816183172853106,1.3760044681934887e-19,OFFLOADED,1.0,No,1.0,1.0,1.0,False,False
1620,0.25650620460510254,2.8771743581283066e-25,0.5578578130115576,1.4298974897955435e-11,OFFLOADED,1.0,No,1.0,1.0,0.0,False,False
1621,0.26948660612106323,9.159804669555373e-21,0.9402368968783594,0.7613519278376605,OFFLOADED,1.0,No,1.0,0.0,0.0,False,True
1622,0.611937403678894,0.06520534260246383,0.538258675816147,1.740749289880919e-12,OFFLOADED,1.0,No,1.0,1.0,1.0,False,False
1623,0.4386632740497589,3.425092751679705e-05,0.7343385191908569,0.000110899895011802,OFFLOADED,1.0,No,1.0,0.0,0.0,False,False
1624,0.5933030843734741,0.03400872153255741,0.8958549034900783,0.3608588083655005,OFFLOADED,0.0,Yes,0.0,0.0,0.0,False,False
1625,0.7457244396209717,0.5789294370120383,0.9429527947096895,0.7722227091509218,ACCEPTED,0.0,Yes,0.0,0.0,0.0,True,True
1626,0.3038455843925476,1.1692817800966954e-13,0.48709930651900135,5.091961491998981e-15,OFFLOADED,1.0,No,1.0,1.0,1.0,False,False
1627,0.7826278805732727,0.7673334757273277,0.7901836825484874,0.0029419300870427837,OFFLOADED,1.0,No,1.0,1.0,1.0,True,False
1628,0.40380048751831055,1.4491248674856922e-06,0.2964637340503885,4.3451578108069704e-23,OFFLOADED,1.0,No,1.0,1.0,1.0,False,False
1629,0.9475095272064209,0.9980913240031462,0.8672349553268547,0.1362494609807997,OFFLOADED,0.0,Yes,0.0,0.0,0.0,True,False
1630,0.3052387833595276,1.7560558645218521e-13,0.4447621872255949,7.119531955674927e-17,OFFLOADED,1.0,No,1.0,1.0,1.0,False,False
1631,0.2509315609931946,5.880469464138292e-27,0.37401713474521786,5.0025636497925384e-20,OFFLOADED,1.0,No,1.0,1.0,0.0,False,False
1632,0.9116737246513367,0.9952837968159237,0.8196916186033885,0.016179444530472042,OFFLOADED,0.0,Yes,0.0,0.0,0.0,True,False
1633,0.7069846987724304,0.38173981111947286,0.16501410692021792,1.324273279819034e-25,OFFLOADED,1.0,No,1.0,1.0,1.0,False,False
1634,0.26775848865509033,2.1109953330452153e-21,0.6767139452092231,1.1141131872791373e-06,OFFLOADED,1.0,No,0.0,1.0,1.0,False,False
1635,0.29983019828796387,2.1123878588050497e-14,0.3601688160237759,1.3208804332383234e-20,OFFLOADED,1.0,No,1.0,1.0,1.0,False,False
1636,0.644027829170227,0.13351361453456698,0.6858077248575404,2.4746396705551116e-06,OFFLOADED,1.0,No,1.0,1.0,1.0,False,False
1637,0.9147152900695801,0.9957474348431491,0.5002357783498417,2.1759489220545113e-14,OFFLOADED,1.0,No,1.0,1.0,1.0,True,False
1638,0.26670098304748535,8.127827824823694e-22,0.5855909260700641,1.8781475457571105e-10,OFFLOADED,1.0,No,1.0,1.0,1.0,False,False
1639,0.9214029312133789,0.9962364749450218,0.8300642428232573,0.026373643855949508,OFFLOADED,0.0,Yes,0.0,0.0,0.0,True,False
1640,0.7896319627761841,0.7790696309389374,0.9861812675295744,0.985005604910712,ACCEPTED,0.0,Yes,0.0,0.0,0.0,True,True
1641,0.36436015367507935,1.258818747473114e-08,0.9553560179260018,0.8578433124553116,OFFLOADED,1.0,No,1.0,0.0,0.0,False,True
1642,0.8239406943321228,0.9028212826232274,0.7371234387653026,0.0001477603401800121,OFFLOADED,0.0,Yes,0.0,0.0,0.0,True,False
1643,0.2599061131477356,4.661412557428519e-24,0.32011276040032755,2.606651793823705e-22,OFFLOADED,1.0,No,1.0,1.0,1.0,False,False
1644,0.9543107151985168,0.9986774633811362,0.9863294387787127,0.9853643617452978,ACCEPTED,0.0,Yes,0.0,0.0,0.0,True,True
1645,0.3764089345932007,5.266982707808309e-08,0.8008168607481524,0.006680756832776306,OFFLOADED,0.0,Yes,0.0,0.0,0.0,False,False
1646,0.32798635959625244,5.689115590389718e-11,0.5639587076369127,2.9392234180033765e-11,OFFLOADED,1.0,No,1.0,1.0,1.0,False,False
1647,0.3308379054069519,1.0261283984413656e-10,0.7586230543138155,0.00044878735414791723,OFFLOADED,0.0,Yes,0.0,0.0,0.0,False,False
1648,0.26013362407684326,5.771057578106284e-24,0.19540070480711041,1.913136944916336e-25,OFFLOADED,1.0,No,1.0,1.0,1.0,False,False
1649,0.4630029499530792,0.00015210700572630359,0.6115141032551171,2.26490886151896e-09,OFFLOADED,1.0,No,1.0,1.0,1.0,False,False
1650,0.5582610368728638,0.00981960382642387,0.6809411580386022,1.949926578315214e-06,OFFLOADED,1.0,No,1.0,1.0,0.0,False,False
1651,0.6533327698707581,0.15699652327002755,0.8025020184770414,0.007912380391104958,OFFLOADED,1.0,No,1.0,1.0,1.0,False,False
1652,0.35295337438583374,2.1775224601831704e-09,0.5101458377209377,6.238863494383799e-14,OFFLOADED,1.0,No,0.0,1.0,1.0,False,False
1653,0.3608434200286865,6.741463922856121e-09,0.5043393971623399,3.0322716565532976e-14,OFFLOADED,1.0,No,1.0,0.0,0.0,False,False
1654,0.4079529643058777,1.5933470578067463e-06,1.0,1.0,OFFLOADED,1.0,No,1.0,0.0,0.0,False,True
1655,0.32952457666397095,5.823426652342656e-11,0.8900496829557548,0.32229801941570013,OFFLOADED,1.0,No,1.0,0.0,1.0,False,False
1656,0.9348303079605103,0.997866029589761,0.8128650523838946,0.012277575080361468,OFFLOADED,1.0,No,1.0,1.0,1.0,True,False
1657,0.2648240029811859,1.5817030292854627e-22,0.6623555434277923,2.0212835628020391e-07,OFFLOADED,1.0,No,0.0,1.0,1.0,False,False
1658,0.2893579304218292,1.3816538068813232e-16,0.25669033274967057,1.3626492421319576e-24,OFFLOADED,1.0,No,1.0,1.0,1.0,False,False
1659,0.8354238867759705,0.9313152588789614,0.80375527624537,0.007265099471547792,OFFLOADED,1.0,No,1.0,1.0,1.0,True,False
1660,0.2624569237232208,2.3344207528855587e-23,0.4614176667211381,2.262132484483883e-16,OFFLOADED,1.0,No,1.0,1.0,1.0,False,False
1661,0.2558857202529907,3.608892271556115e-26,0.2085790261695305,1.4558799979641222e-25,OFFLOADED,1.0,No,1.0,1.0,1.0,False,False
1662,0.33115872740745544,7.840314620482432e-11,0.3805759648573914,4.8979524420464516e-20,OFFLOADED,1.0,No,0.0,1.0,1.0,False,False
1663,0.26009875535964966,2.7827161957815373e-24,0.24956928806738932,7.389273240361284e-25,OFFLOADED,1.0,No,1.0,1.0,1.0,False,False
1664,0.7546801567077637,0.629915955630558,0.7799708673886674,0.0012994212060950731,OFFLOADED,0.0,Yes,0.0,0.0,0.0,False,False
1665,0.6886935234069824,0.285817692980005,0.9183321249387476,0.569744360471706,OFFLOADED,0.0,Yes,0.0,0.0,0.0,True,False
1666,0.27157703042030334,1.3156590595585683e-20,0.9415365031680939,0.7742024424170112,OFFLOADED,1.0,No,1.0,0.0,0.0,False,True
1667,0.2513990104198456,1.847969674569077e-27,0.1702645990577003,5.198696761394767e-26,OFFLOADED,1.0,No,1.0,1.0,1.0,False,False
1668,0.8021459579467773,0.853692915512815,0.8287870846431755,0.02429627276964991,OFFLOADED,1.0,No,1.0,1.0,1.0,True,False
1669,0.2697206139564514,4.037426278380891e-21,0.8009330138416615,0.005598698783307936,OFFLOADED,1.0,No,1.0,0.0,0.0,False,False
1670,0.5576857328414917,0.00909323049077982,0.8419882522207024,0.041715829333086894,OFFLOADED,0.0,Yes,0.0,0.0,0.0,False,False
1671,0.3006872832775116,1.865310941126098e-14,0.5612429235588176,1.4653301646632913e-11,OFFLOADED,1.0,No,1.0,1.0,0.0,False,False
1672,0.25216877460479736,1.7376980587648006e-27,0.2648362147181642,1.6574578529613622e-24,OFFLOADED,1.0,No,1.0,1.0,1.0,False,False
1673,0.8357886672019958,0.9285995353967464,0.9787516257974491,0.9672034645112892,ACCEPTED,0.0,Yes,0.0,0.0,0.0,True,True
1674,0.5534684062004089,0.008490385883239285,0.6009943991636315,5.714790707648471e-10,OFFLOADED,0.0,Yes,0.0,0.0,0.0,False,False
1675,0.2783104181289673,4.643208897017921e-19,0.7393200421762729,0.0001619123376105509,OFFLOADED,1.0,No,1.0,1.0,1.0,False,False
1676,0.28311246633529663,7.517979084866647e-18,0.30467761782016256,3.128092555791684e-23,OFFLOADED,1.0,No,1.0,1.0,1.0,False,False
1677,0.5035017728805542,0.0012719172852170373,0.6669076272736285,2.783611709927351e-07,OFFLOADED,1.0,No,1.0,1.0,1.0,False,False
1678,0.25254660844802856,1.5737353269156664e-27,0.7144868109281852,2.470946669475305e-05,OFFLOADED,1.0,No,1.0,1.0,0.0,False,False
1679,0.9609450101852417,0.9989270640181643,0.9629804535748077,0.8932410270031576,ACCEPTED,0.0,Yes,0.0,0.0,0.0,True,True
1680,0.2604742646217346,3.307576644098745e-24,0.8305204405724083,0.026449086131957813,OFFLOADED,1.0,No,1.0,1.0,1.0,False,False
1681,0.7591129541397095,0.670983464360154,0.6641176087335383,1.759277285340773e-07,OFFLOADED,0.0,Yes,0.0,0.0,0.0,False,False
1682,0.4938959777355194,0.0008425420134262753,0.9551983995409077,0.8523834428859877,OFFLOADED,0.0,Yes,0.0,0.0,0.0,False,True
1683,0.35124704241752625,1.72743098488773e-09,0.5348939509110541,6.995123106862344e-13,OFFLOADED,1.0,No,1.0,1.0,1.0,False,False
1684,0.25907835364341736,8.61673969629268e-25,0.11975306288085714,1.7350746975979596e-26,OFFLOADED,1.0,No,1.0,1.0,1.0,False,False
1685,0.7100954055786133,0.40198737994722594,0.752247037333664,0.00026658219411266514,OFFLOADED,0.0,Yes,0.0,0.0,0.0,True,False
1686,0.6307420134544373,0.10217683590409012,0.7977968006559983,0.00430857367305887,OFFLOADED,0.0,Yes,0.0,0.0,0.0,False,False
1687,0.2717578411102295,1.3206410221404153e-20,0.8800105570271484,0.23472335486934442,OFFLOADED,1.0,No,1.0,0.0,1.0,False,False
1688,0.32926836609840393,6.078569532803906e-11,0.4345118762780915,1.1658346881569278e-17,OFFLOADED,1.0,No,1.0,1.0,1.0,False,False
1689,0.3621163070201874,9.339686768055887e-09,0.7199479373672133,3.647015674128604e-05,OFFLOADED,1.0,No,1.0,1.0,1.0,False,False
1690,0.4471779763698578,6.669688189737032e-05,0.707731502689939,1.2547179625866826e-05,OFFLOADED,1.0,No,1.0,1.0,1.0,False,False
1691,0.3824799954891205,1.124910906738375e-07,0.38626017027265047,6.913642129062631e-20,OFFLOADED,1.0,No,1.0,1.0,1.0,False,False
1692,0.5997099876403809,0.04675139062332412,0.6385075138958966,1.3410148159734557e-08,OFFLOADED,1.0,No,1.0,1.0,1.0,False,False
1693,0.8843446969985962,0.9895249302513957,0.9756041410248537,0.9604260616813735,ACCEPTED,0.0,Yes,0.0,0.0,0.0,True,True
1694,0.29790839552879333,5.05839842376094e-15,0.8674748671550991,0.13689158887837874,OFFLOADED,1.0,No,1.0,0.0,1.0,False,False
1695,0.255336195230484,8.838023287179168e-27,0.40172196176090813,3.8517554976251504e-19,OFFLOADED,1.0,No,1.0,1.0,1.0,False,False
1696,0.2766827940940857,1.309812948067212e-19,0.4448727664868394,2.6303038979993995e-17,OFFLOADED,1.0,No,0.0,1.0,0.0,False,False
1697,0.872500479221344,0.9852206146427481,0.9668626963781524,0.9246277911745201,ACCEPTED,0.0,Yes,0.0,0.0,0.0,True,True
1698,0.8465837836265564,0.9568718290425067,0.9716869083750411,0.9474797736480972,ACCEPTED,0.0,Yes,0.0,0.0,0.0,True,True
1699,0.87184077501297,0.9863842908828702,0.88810027061314,0.2893745082231941,OFFLOADED,0.0,Yes,0.0,0.0,0.0,False,False
1700,0.41995424032211304,6.08721477161503e-06,0.9879971214840085,0.991169443521892,OFFLOADED,1.0,No,1.0,0.0,0.0,False,True
1701,0.2637858986854553,3.218698287041295e-23,0.54446561688255,1.7187953892392006e-12,OFFLOADED,1.0,No,1.0,1.0,1.0,False,False
1702,0.3928294777870178,3.133015086389547e-07,0.45918724513136416,1.189967082437513e-16,OFFLOADED,1.0,No,1.0,1.0,1.0,False,False
1703,0.9189541935920715,0.9974276361531782,0.8420682762203421,0.041853452715193744,OFFLOADED,0.0,Yes,0.0,0.0,0.0,True,False
1704,0.27182745933532715,7.71553989876997e-21,0.3375399670404448,4.202247011652805e-22,OFFLOADED,1.0,No,1.0,1.0,1.0,False,False
1705,0.2995172441005707,8.2824907704109e-15,0.6900567367137524,2.692932191389429e-06,OFFLOADED,1.0,No,0.0,1.0,1.0,False,False
1706,0.8322157263755798,0.9348229462155752,0.9184078358470659,0.5906235926124989,OFFLOADED,0.0,Yes,0.0,0.0,0.0,True,False
1707,0.3468719720840454,7.76521030650586e-10,0.7402437580623328,0.00017400584631979696,OFFLOADED,1.0,No,1.0,0.0,0.0,False,False
1708,0.8355457782745361,0.9440251038585146,0.7119675702936372,1.766794894648637e-05,OFFLOADED,1.0,No,1.0,1.0,1.0,True,False
1709,0.2936568558216095,6.492062273485326e-16,0.3400542511434194,4.270278696320968e-22,OFFLOADED,1.0,No,1.0,1.0,1.0,False,False
1710,0.34109243750572205,3.9165809793264056e-10,0.7232067875555402,4.4474310488064886e-05,OFFLOADED,0.0,Yes,0.0,0.0,0.0,False,False
1711,0.29244768619537354,3.8846804464834527e-16,0.40394748030157074,3.947340186757592e-19,OFFLOADED,1.0,No,1.0,1.0,1.0,False,False
1712,0.2656859755516052,9.916511782323886e-23,0.2337384219482206,1.2463081297580598e-25,OFFLOADED,1.0,No,1.0,1.0,1.0,False,False
1713,0.3095454275608063,3.481478293790657e-13,0.5331626995788358,4.4829878973092674e-13,OFFLOADED,1.0,No,1.0,1.0,1.0,False,False
1714,0.3510421812534332,1.200941447615943e-09,0.6634619778695674,1.6069739986840927e-07,OFFLOADED,0.0,Yes,0.0,0.0,0.0,False,False
1715,0.2513199746608734,4.771218634850892e-28,0.22316702693993556,7.184828324447063e-26,OFFLOADED,1.0,No,1.0,1.0,1.0,False,False
1716,0.2900896966457367,1.1877814505610615e-16,0.4537790733014344,6.586760278874147e-17,OFFLOADED,1.0,No,1.0,1.0,1.0,False,False
1717,0.36540237069129944,1.0491738750558247e-08,0.21451113946210032,4.5381051625087996e-26,OFFLOADED,1.0,No,1.0,1.0,1.0,False,False
1718,0.47132402658462524,0.00026309846999493785,0.5019177433185353,1.1456524287841811e-14,OFFLOADED,1.0,No,1.0,1.0,1.0,False,False
1719,0.3753328323364258,3.5540276865429955e-08,0.7605009097232501,0.0004324782793487312,OFFLOADED,1.0,No,1.0,1.0,1.0,False,False
1720,0.3819809556007385,7.718263512418561e-08,0.34844908945172137,8.468889080221426e-22,OFFLOADED,1.0,No,1.0,1.0,1.0,False,False
1721,0.3867352306842804,1.378288347985435e-07,0.6358465233536114,9.412476548523755e-09,OFFLOADED,1.0,No,1.0,1.0,1.0,False,False
1722,0.32189810276031494,5.212951637209692e-12,0.36859885205129855,5.413227805949341e-21,OFFLOADED,1.0,No,1.0,1.0,1.0,False,False
1723,0.9218944311141968,0.997768824845038,0.8591574276767573,0.09534514071356856,OFFLOADED,1.0,No,1.0,1.0,1.0,True,False
1724,0.3067574203014374,9.362161242315051e-14,0.7262956811484501,5.460905974316318e-05,OFFLOADED,1.0,No,1.0,1.0,0.0,False,False
1725,0.2704891562461853,1.7602056763778596e-21,0.6016970614488819,4.0638275640357037e-10,OFFLOADED,1.0,No,1.0,1.0,0.0,False,False
1726,0.28645339608192444,1.0748718261076628e-17,0.721911210905052,3.553178091837835e-05,OFFLOADED,1.0,No,1.0,1.0,1.0,False,False
1727,0.48784443736076355,0.0006583303441247688,0.9789196332196195,0.9767595132107505,OFFLOADED,1.0,No,1.0,0.0,0.0,False,True
1728,0.30516862869262695,4.848663724695076e-14,0.8013140782277066,0.0056049346361717305,OFFLOADED,1.0,No,1.0,1.0,0.0,False,False
1729,0.817730724811554,0.9050920056456234,0.7995977047544205,0.004716337546713454,OFFLOADED,1.0,No,1.0,1.0,1.0,False,False
1730,0.8434278964996338,0.9524261017885279,0.8964432509364846,0.3938970495077916,ACCEPTED,0.0,Yes,0.0,0.0,0.0,True,True
1731,0.27092885971069336,1.86787603882708e-21,0.3256612445497071,5.374287516141566e-23,OFFLOADED,1.0,No,1.0,1.0,1.0,False,False
1732,0.3328215181827545,6.60440498508517e-11,0.975007314403931,0.9643886861924403,OFFLOADED,0.0,Yes,0.0,0.0,0.0,False,True
1733,0.4023430645465851,8.411681426642597e-07,0.663485208980147,1.2499842169086997e-07,OFFLOADED,1.0,No,1.0,0.0,0.0,False,False
1734,0.26701053977012634,1.0778933354981307e-22,0.8230012760736741,0.017623909150765275,OFFLOADED,1.0,No,1.0,0.0,0.0,False,False
1735,0.3179542124271393,2.0304180360083626e-12,0.7519053200054104,0.0002243331589807464,OFFLOADED,0.0,Yes,0.0,0.0,0.0,False,False
1736,0.27577200531959534,3.549445717094983e-20,0.5453570776920537,1.1002769150795713e-12,OFFLOADED,1.0,No,1.0,1.0,1.0,False,False
1737,0.0,0.0,0.8575888453034759,0.08620357541030249,OFFLOADED,0.0,Yes,0.0,0.0,0.0,False,False
1738,0.3376304507255554,1.8302482863145476e-10,0.48046643283824686,5.6230243568372265e-16,OFFLOADED,1.0,No,1.0,1.0,1.0,False,False
1739,0.7434638142585754,0.6042386941276421,0.6924165912991934,2.331692548949594e-06,OFFLOADED,0.0,Yes,0.0,0.0,0.0,True,False
1740,0.8242068290710449,0.9196115075282789,0.8866637002643928,0.3062710076307205,OFFLOADED,0.0,Yes,0.0,0.0,0.0,True,False
1741,0.26585787534713745,4.501917398068193e-23,0.6307082317515046,4.7545324408648945e-09,OFFLOADED,1.0,No,0.0,1.0,1.0,False,False
1742,0.841904878616333,0.956267829088726,1.0,1.0,ACCEPTED,1.0,No,1.0,1.0,0.0,True,True
1743,0.2748209536075592,2.1749082646874057e-20,0.6624655045646858,1.224925925820071e-07,OFFLOADED,1.0,No,1.0,1.0,0.0,False,False
1744,0.28183209896087646,9.720570076968365e-19,0.9827958246652904,0.9847790187910138,OFFLOADED,1.0,No,1.0,0.0,0.0,False,True
1745,0.31862956285476685,2.3997536999951608e-12,0.8105274270265184,0.009464434623861854,OFFLOADED,0.0,Yes,0.0,0.0,0.0,False,False
1746,0.3777387738227844,3.643000658261772e-08,0.7112245024629112,1.4268187127384363e-05,OFFLOADED,1.0,No,0.0,0.0,1.0,False,False
1747,0.25794532895088196,4.874852538243866e-26,0.40730646068221527,2.6349795063658695e-19,OFFLOADED,1.0,No,1.0,1.0,1.0,False,False
1748,0.8132661581039429,0.8985118720579244,0.9453588679494436,0.8202520835788822,ACCEPTED,0.0,Yes,0.0,0.0,0.0,True,True
1749,0.0,0.0,0.8890658976794332,0.34397487790034953,OFFLOADED,0.0,Yes,0.0,0.0,0.0,False,False
1750,0.2601371705532074,3.3097192617428498e-25,0.5826283223731651,6.56536841226131e-11,OFFLOADED,1.0,No,1.0,1.0,0.0,False,False
1751,0.7332696914672852,0.5614964506818463,0.664525023754328,1.5268006754012257e-07,OFFLOADED,0.0,Yes,0.0,0.0,0.0,True,False
1752,0.518108606338501,0.002189416274434666,0.5747636663140868,3.2703163974954533e-11,OFFLOADED,1.0,No,1.0,1.0,1.0,False,False
1753,0.0,0.0,0.6868864065776971,1.742494491139203e-06,OFFLOADED,0.0,Yes,0.0,0.0,0.0,False,False
1754,0.7308059930801392,0.5623671730591998,0.8353822207897392,0.03612664554183907,OFFLOADED,1.0,No,1.0,1.0,1.0,False,False
1755,0.3041313588619232,2.9657055088835725e-14,0.5876580183327963,9.891963628561707e-11,OFFLOADED,1.0,No,1.0,1.0,1.0,False,False
1756,0.6089058518409729,0.06134832078358805,0.8419907955335465,0.047895537139003075,OFFLOADED,1.0,No,1.0,1.0,0.0,False,False
1757,0.27101221680641174,1.3417322265965019e-21,0.720526467464165,2.9242623613222736e-05,OFFLOADED,1.0,No,0.0,1.0,0.0,False,False
1758,0.7021526098251343,0.388888889481927,0.6140296170089669,1.0097742165392776e-09,OFFLOADED,1.0,No,1.0,1.0,0.0,True,False
1759,0.25423097610473633,3.698161430457031e-28,0.26164986796417217,1.607334458309528e-25,OFFLOADED,1.0,No,1.0,1.0,1.0,False,False
1760,0.677258312702179,0.2570942192659245,0.528948043367914,1.3192712933981546e-13,OFFLOADED,1.0,No,1.0,1.0,1.0,False,False
1761,0.45848092436790466,9.260312198688856e-05,0.5726929994237397,2.0277090331186968e-11,OFFLOADED,1.0,No,1.0,1.0,1.0,False,False
1762,0.7311884760856628,0.5315962081153877,1.0,1.0,ACCEPTED,1.0,No,1.0,1.0,0.0,True,True
1763,0.8828798532485962,0.9913977903716301,0.9144652489453714,0.5998530898989776,ACCEPTED,1.0,No,1.0,1.0,0.0,True,True
1764,0.258613258600235,5.482189342439433e-26,0.473732754196356,1.8172643522450843e-16,OFFLOADED,1.0,No,1.0,1.0,0.0,False,False
1765,0.3126252293586731,4.032861067364382e-13,0.6384483814878801,8.730942200156589e-09,OFFLOADED,1.0,No,1.0,1.0,1.0,False,False
1766,0.43494200706481934,1.6097740045054373e-05,0.7180008255263559,2.1875240635642227e-05,OFFLOADED,1.0,No,1.0,1.0,1.0,False,False
1767,0.3051249384880066,2.993399848151815e-14,0.46076444597588145,3.758431178187985e-17,OFFLOADED,1.0,No,1.0,1.0,1.0,False,False
1768,0.7745887637138367,0.7536919923998842,0.9269962871795812,0.7055454536669168,ACCEPTED,0.0,Yes,0.0,0.0,0.0,True,True
1769,0.4070284068584442,9.451536623857217e-07,0.46344754295963975,4.815485989157327e-17,OFFLOADED,1.0,No,0.0,1.0,1.0,False,False
1770,0.7076131701469421,0.38899211336820205,0.5255039039021814,6.928908162999338e-14,OFFLOADED,1.0,No,1.0,1.0,1.0,False,False
1771,0.9387535452842712,0.9985260398140288,0.9616765635126481,0.9165861391613843,ACCEPTED,0.0,Yes,0.0,0.0,0.0,True,True
1772,0.31141114234924316,2.414280667851023e-13,0.48165890750761126,3.3589725418813857e-16,OFFLOADED,1.0,No,1.0,1.0,1.0,False,False
1773,0.45441362261772156,6.50799613031138e-05,0.7872258986760139,0.0021343288489777687,OFFLOADED,1.0,No,1.0,1.0,1.0,False,False
1774,0.9281263947486877,0.9980672894726662,1.0,1.0,ACCEPTED,0.0,Yes,0.0,0.0,0.0,True,True
1775,0.30242207646369934,7.644170546855463e-15,0.6519808656261181,3.4166212321948704e-08,OFFLOADED,0.0,Yes,0.0,0.0,0.0,False,False
1776,0.32178425788879395,2.6858418977912744e-12,0.3258556107283859,1.982380937384877e-23,OFFLOADED,1.0,No,1.0,1.0,1.0,False,False
1777,0.9060061573982239,0.9964976113379763,0.6397079877586597,9.169140687259014e-09,OFFLOADED,1.0,No,1.0,1.0,1.0,True,False
1778,0.27624860405921936,1.7704360982922008e-20,0.9471276046816092,0.8461925525904791,OFFLOADED,0.0,Yes,0.0,0.0,0.0,False,True
1779,0.2512141466140747,6.274318731928052e-29,0.3309674035287857,3.2555068922015556e-23,OFFLOADED,1.0,No,1.0,1.0,1.0,False,False
1780,0.2753630578517914,1.2953452249146731e-20,0.34680713005760483,1.525882570827281e-22,OFFLOADED,1.0,No,1.0,1.0,0.0,False,False
1781,0.26402193307876587,4.3394803446404306e-24,0.8094330678276666,0.008788570676520358,OFFLOADED,1.0,No,1.0,1.0,0.0,False,False
1782,0.7820773124694824,0.7853513462579501,0.578315084712104,2.690675261258095e-11,OFFLOADED,1.0,No,1.0,1.0,1.0,True,False
1783,0.5515649318695068,0.007332515197184577,0.7281193587611923,4.968424914536326e-05,OFFLOADED,1.0,No,1.0,1.0,1.0,False,False
1784,0.30354174971580505,1.0887039263744804e-14,0.8145399214813039,0.011240301346419934,OFFLOADED,1.0,No,0.0,1.0,0.0,False,False
1785,0.7124756574630737,0.3961134155395327,0.8154116268952537,0.011279212093193386,OFFLOADED,1.0,No,1.0,1.0,1.0,False,False
1786,0.8931089639663696,0.9933820291287268,0.8544315004064762,0.0819827231696182,OFFLOADED,1.0,No,1.0,1.0,1.0,True,False
1787,0.4434575140476227,2.5800870485646717e-05,0.8749410474696832,0.2143331765731224,OFFLOADED,0.0,Yes,0.0,0.0,0.0,False,True
1788,0.41344019770622253,1.6223976019313466e-06,0.7073294247841924,5.934546951587012e-06,OFFLOADED,1.0,No,0.0,1.0,1.0,False,False
1789,0.2505434453487396,4.417504825522732e-29,0.23918395024610906,1.395861163070672e-26,OFFLOADED,1.0,No,1.0,1.0,1.0,False,False
1790,0.9199647307395935,0.9971824486615352,0.675116034153052,3.2712713987121684e-07,OFFLOADED,0.0,Yes,0.0,0.0,0.0,True,False
1791,0.8644335269927979,0.980178676840324,0.9445475042441405,0.840022937974209,ACCEPTED,0.0,Yes,0.0,0.0,0.0,True,True
1792,0.3363332152366638,7.281732990257137e-11,0.6890819977927812,1.2364502502641353e-06,OFFLOADED,0.0,Yes,0.0,0.0,0.0,False,False
1793,0.8744005560874939,0.9880697883907948,0.8562275346512,0.08915383225275528,OFFLOADED,0.0,Yes,0.0,0.0,0.0,True,False
1794,0.8831559419631958,0.9913422136032733,0.9890804721262704,0.9934207795327612,ACCEPTED,0.0,Yes,0.0,0.0,0.0,True,True
1795,0.4576212763786316,6.872977723477388e-05,0.7616588198375619,0.00032685081765479316,OFFLOADED,1.0,No,1.0,1.0,1.0,False,False
1796,0.6348071694374084,0.09613909993311982,0.7617962104181484,0.0003100757607594604,OFFLOADED,0.0,Yes,0.0,0.0,0.0,True,False
1797,0.28125011920928955,2.890481429115251e-19,0.43128042435441005,9.428235808271837e-19,OFFLOADED,1.0,No,1.0,1.0,1.0,False,False
1798,0.32977333664894104,1.8278455316303553e-11,0.6328346362167201,3.798500074791249e-09,OFFLOADED,1.0,No,1.0,1.0,0.0,False,False
1799,0.4230995178222656,4.309005132990306e-06,0.8263420485020139,0.01984800252606902,OFFLOADED,0.0,Yes,0.0,0.0,0.0,False,False
1800,0.3239647448062897,4.041645206192252e-12,0.5370644208758891,2.131710905839418e-13,OFFLOADED,1.0,No,1.0,1.0,1.0,False,False
1801,0.25807562470436096,1.6449608311183327e-26,0.5406180274533438,3.125549237821579e-13,OFFLOADED,1.0,No,0.0,1.0,1.0,False,False
1802,0.631859302520752,0.09500830826759785,0.9687555072873001,0.9560956369751086,OFFLOADED,1.0,No,0.0,1.0,1.0,False,True
1803,0.7195056676864624,0.4245227232737967,0.8065835531304962,0.006918463950534601,OFFLOADED,0.0,Yes,0.0,0.0,0.0,False,False
1804,0.29371264576911926,1.5722702764528354e-16,0.8586842497494548,0.10600762146449022,OFFLOADED,0.0,Yes,0.0,0.0,0.0,False,False
1805,0.32041335105895996,1.7168354701558203e-12,0.4894930879662534,5.897178017540264e-16,OFFLOADED,1.0,No,0.0,1.0,1.0,False,False
1806,0.9515135288238525,0.999131750363648,0.8879174548205201,0.3613117501445743,ACCEPTED,1.0,No,1.0,1.0,1.0,True,True
1807,0.276638388633728,1.669762467995217e-20,0.8488487295016136,0.06755417060011641,OFFLOADED,1.0,No,0.0,1.0,0.0,False,False
1808,0.7371673583984375,0.5461248925576229,1.0,1.0,ACCEPTED,0.0,Yes,0.0,0.0,0.0,True,True
1809,0.2674944996833801,4.633888739800315e-23,0.15473337237812634,9.56170182903331e-28,OFFLOADED,1.0,No,1.0,1.0,1.0,False,False
1810,0.48399046063423157,0.00036599328880337423,0.9615142844061686,0.9252033383216396,OFFLOADED,1.0,No,1.0,0.0,0.0,False,True
1811,0.27938786149024963,8.167144483188685e-20,0.2557068965161173,3.169450608919626e-26,OFFLOADED,1.0,No,1.0,1.0,1.0,False,False
1812,0.27273234724998474,1.7307223174775412e-21,0.29797328417765434,7.800108588042219e-25,OFFLOADED,1.0,No,1.0,1.0,1.0,False,False
1813,0.9374666213989258,0.9987226773026371,1.0,1.0,ACCEPTED,0.0,Yes,0.0,0.0,0.0,True,True
1814,0.28120240569114685,2.3235108909974124e-19,0.24137700975083076,1.2492117654526432e-26,OFFLOADED,1.0,No,1.0,1.0,1.0,False,False
1815,0.27850109338760376,4.115132247930921e-20,0.2517839412639671,2.1791443808811334e-26,OFFLOADED,1.0,No,1.0,1.0,1.0,False,False
1816,0.26345330476760864,1.4049265886676896e-24,0.25858563813460983,3.251370502835755e-26,OFFLOADED,1.0,No,1.0,1.0,1.0,False,False
1817,0.4752298593521118,0.00020138835981443393,0.5396110159986093,2.5977031670443126e-13,OFFLOADED,1.0,No,1.0,1.0,1.0,False,False
1818,0.271190345287323,4.406785923220466e-22,0.9303815563804074,0.7546064136181866,OFFLOADED,1.0,No,1.0,0.0,1.0,False,True
1819,0.8825821280479431,0.9921539776162249,0.7560738984023809,0.00027436327220074454,OFFLOADED,1.0,No,1.0,1.0,1.0,True,False
1820,0.4065190255641937,6.566470808433383e-07,0.39392531508845563,1.4892174185305566e-20,OFFLOADED,1.0,No,1.0,1.0,1.0,False,False
1821,0.7422217726707458,0.5936142471341396,0.8060149369400864,0.006648902880239792,OFFLOADED,1.0,No,1.0,1.0,1.0,False,False
1822,0.751417875289917,0.6351622392295644,0.8216587476041128,0.01574313866666967,OFFLOADED,0.0,Yes,0.0,0.0,0.0,True,False
1823,0.46547743678092957,0.00010067709795202899,0.7679168146751926,0.000448425616455872,OFFLOADED,1.0,No,1.0,1.0,1.0,False,False
1824,0.3415512442588806,1.396126412219097e-10,0.5092795476458623,5.6915868604380375e-15,OFFLOADED,1.0,No,1.0,1.0,1.0,False,False
1825,0.2767532467842102,1.0680132912827257e-20,0.7929580019591997,0.0027900991217116753,OFFLOADED,1.0,No,1.0,0.0,0.0,False,False
1826,0.2635190486907959,9.78080053639566e-25,0.5487000878088818,6.294293218620035e-13,OFFLOADED,1.0,No,1.0,1.0,1.0,False,False
1827,0.25025585293769836,1.5403949045166836e-29,0.21085722559039136,1.7053957995329044e-27,OFFLOADED,1.0,No,1.0,1.0,1.0,False,False
1828,0.6654778122901917,0.1921326283963377,0.9575986817013358,0.8996839902808393,OFFLOADED,0.0,Yes,0.0,0.0,0.0,False,True
1829,0.7244942784309387,0.48726147825331656,0.7955986945028127,0.0031960228832020035,OFFLOADED,1.0,No,1.0,1.0,1.0,True,False
1830,0.27404898405075073,2.7869455424855115e-21,0.22983573645087607,3.66604387809128e-27,OFFLOADED,1.0,No,1.0,1.0,1.0,False,False
1831,0.556831955909729,0.008512339958602653,0.6904970668200787,1.2805566843607713e-06,OFFLOADED,1.0,No,0.0,0.0,1.0,False,False
1832,0.2991817891597748,1.165172789333001e-15,0.31886582253691564,2.8932927963389073e-24,OFFLOADED,1.0,No,0.0,1.0,1.0,False,False
1833,0.7562428116798401,0.6742114461785692,1.0,1.0,ACCEPTED,0.0,Yes,0.0,0.0,0.0,True,True
1834,0.2603873014450073,5.18566184681502e-26,0.6551737113683254,3.3933454481857465e-08,OFFLOADED,1.0,No,1.0,0.0,1.0,False,False
1835,0.6751976013183594,0.23406788067864057,0.5350528921613217,9.324827521346759e-14,OFFLOADED,1.0,No,1.0,1.0,1.0,False,False
1836,0.42384451627731323,3.8135300405523596e-06,0.9688068848767698,0.9507517134101499,OFFLOADED,1.0,No,0.0,0.0,1.0,False,True
1837,0.27458444237709045,2.922198751015379e-21,0.7838979204071248,0.0012596302073726924,OFFLOADED,1.0,No,1.0,0.0,0.0,False,False
1838,0.6848800182342529,0.2664966207875239,0.695972322632861,1.746041436324869e-06,OFFLOADED,0.0,Yes,0.0,0.0,0.0,True,False
1839,0.3269086480140686,6.059904779665106e-12,0.4595853735014867,1.0016222791084542e-17,OFFLOADED,1.0,No,1.0,1.0,1.0,False,False
1840,0.3392341136932373,8.87115806638023e-11,0.3128685429008604,1.2415680755178104e-24,OFFLOADED,1.0,No,1.0,1.0,1.0,False,False
1841,0.4426983594894409,2.101037264436881e-05,0.6253199035775981,1.3014718400776743e-09,OFFLOADED,1.0,No,1.0,1.0,1.0,False,False
1842,0.2991887331008911,8.868219062453092e-16,0.641666063316695,7.128392706750768e-09,OFFLOADED,1.0,No,1.0,0.0,0.0,False,False
1843,0.36219415068626404,1.7522796141015209e-09,0.762744695875796,0.00027401937655418905,OFFLOADED,1.0,No,1.0,1.0,1.0,False,False
1844,0.4089498817920685,6.72170662260543e-07,0.8541439408124613,0.08321438589952655,OFFLOADED,1.0,No,1.0,0.0,0.0,False,False
1845,0.3268449902534485,4.4514481134995566e-12,0.5121849996826575,4.238234127604835e-15,OFFLOADED,1.0,No,1.0,0.0,0.0,False,False
1846,0.6636331081390381,0.19130179934730118,0.6911940813421851,1.1370672947258708e-06,OFFLOADED,1.0,No,1.0,1.0,0.0,False,False
1847,0.32201194763183594,1.0562256627112836e-12,0.5429045742800388,1.8652874474627634e-13,OFFLOADED,1.0,No,1.0,1.0,1.0,False,False
1848,0.2522681951522827,7.130057807509583e-30,0.5648140177471391,3.049616573366013e-12,OFFLOADED,1.0,No,1.0,1.0,1.0,False,False
1849,0.851193904876709,0.9689825170061529,0.957387618308521,0.9007463213461507,ACCEPTED,0.0,Yes,0.0,0.0,0.0,True,True
1850,0.759520947933197,0.7031918938773334,0.5527760961558805,5.927276005567746e-13,OFFLOADED,1.0,No,1.0,1.0,1.0,False,False
1851,0.2862943112850189,1.341512891741515e-18,0.7949882899128672,0.0026679631334082265,OFFLOADED,1.0,No,1.0,1.0,1.0,False,False
1852,0.27728232741355896,6.4842885114405246e-21,0.40551044317551654,1.777701626570509e-20,OFFLOADED,1.0,No,0.0,1.0,1.0,False,False
1853,0.8863433003425598,0.9929213690853276,0.790577888497468,0.0018074630205111915,OFFLOADED,0.0,Yes,0.0,0.0,0.0,True,False
1854,0.28266003727912903,2.2007930462066437e-19,0.8521132027109887,0.07191124883669259,OFFLOADED,1.0,No,1.0,1.0,1.0,False,False
1855,0.6763293743133545,0.22572680179530855,0.313177844407623,6.439424872192315e-25,OFFLOADED,1.0,No,1.0,1.0,1.0,False,False
1856,0.2870257496833801,1.7840906637325163e-18,0.5100965183358909,2.352901945719781e-15,OFFLOADED,1.0,No,1.0,0.0,0.0,False,False
1857,0.2774355411529541,5.752454700266355e-21,0.21138378461583948,4.900690294821466e-28,OFFLOADED,1.0,No,1.0,1.0,1.0,False,False
1858,0.3146805167198181,1.7035005583828083e-13,0.23466445863173466,1.4449721453773129e-27,OFFLOADED,1.0,No,1.0,1.0,1.0,False,False
1859,0.2954254150390625,1.2271360341752902e-16,0.3079299184735403,3.3668426658001664e-25,OFFLOADED,1.0,No,1.0,1.0,1.0,False,False
1860,0.29667896032333374,1.9159112932392152e-16,0.6348912720180949,2.443443632585478e-09,OFFLOADED,1.0,No,0.0,1.0,1.0,False,False
1861,0.8625287413597107,0.9820175763867552,0.750689430907339,0.00013568977437696653,OFFLOADED,0.0,Yes,0.0,0.0,0.0,True,False
1862,0.3831711411476135,2.4499429794106465e-08,0.7163546234745748,1.0288508293982619e-05,OFFLOADED,1.0,No,1.0,1.0,1.0,False,False
1863,0.3415633738040924,8.207453000713578e-11,0.6604515997170501,4.448356028331641e-08,OFFLOADED,1.0,No,1.0,1.0,1.0,False,False
1864,0.4488295018672943,2.745698153531288e-05,0.8063627622846653,0.005718066582950412,OFFLOADED,1.0,No,1.0,1.0,1.0,False,False
1865,0.29759666323661804,2.2494660886238424e-16,0.8865817146447692,0.32277033899295243,OFFLOADED,1.0,No,1.0,0.0,0.0,False,False
1866,0.2557794749736786,6.948441742264128e-29,0.9048223309616884,0.49114478146423585,OFFLOADED,1.0,No,1.0,0.0,0.0,False,False
1867,0.39918068051338196,1.7772167494332925e-07,0.5455295407781087,1.6215108696987383e-13,OFFLOADED,1.0,No,0.0,1.0,1.0,False,False
1868,0.2741568386554718,5.920018080050282e-22,0.3764166217020223,3.601997914692292e-22,OFFLOADED,1.0,No,1.0,1.0,1.0,False,False
1869,0.27778202295303345,4.217556059803402e-21,0.6803628747062513,3.7950113381320585e-07,OFFLOADED,1.0,No,1.0,1.0,1.0,False,False
1870,0.3092190623283386,2.7037383152585296e-14,0.2036268487355756,2.057596040932334e-28,OFFLOADED,1.0,No,1.0,1.0,1.0,False,False
1871,0.7268246412277222,0.47812769547144823,0.693921078270689,1.1135204360986171e-06,OFFLOADED,0.0,Yes,0.0,0.0,0.0,True,False
1872,0.3052549958229065,5.6619151069967225e-15,0.5102721718727351,1.6740318205432327e-15,OFFLOADED,1.0,No,1.0,1.0,1.0,False,False
1873,0.31969591975212097,4.724283474023703e-13,0.28786142131183856,4.712210411246017e-26,OFFLOADED,1.0,No,1.0,1.0,1.0,False,False
1874,0.29238712787628174,1.737508526520806e-17,0.6489625137552845,1.0825731483435011e-08,OFFLOADED,1.0,No,1.0,1.0,0.0,False,False
1875,0.32311779260635376,9.622870739282684e-13,0.9813399710531979,0.9828682919352096,OFFLOADED,1.0,No,0.0,1.0,0.0,False,True
1876,0.27426931262016296,4.338340227772989e-22,0.6185265060833744,3.7718197463673417e-10,OFFLOADED,1.0,No,1.0,1.0,1.0,False,False
1877,0.8983446955680847,0.9960764423605489,0.4646894463361369,5.588282171457187e-18,OFFLOADED,1.0,No,1.0,1.0,1.0,True,False
1878,0.44289740920066833,1.7530941546288404e-05,0.5693496057275524,3.2169717907288672e-12,OFFLOADED,0.0,Yes,0.0,0.0,0.0,False,False
1879,0.2572537362575531,3.370896842885446e-28,0.2779194707946427,1.8098135595190692e-26,OFFLOADED,1.0,No,1.0,1.0,1.0,False,False
1880,0.6522990465164185,0.1425212751684548,0.7797815840242998,0.000681415935704443,OFFLOADED,0.0,Yes,0.0,0.0,0.0,False,False
1881,0.4122188687324524,9.024833236426369e-07,0.6885099522407515,8.030729711450508e-07,OFFLOADED,1.0,No,1.0,1.0,1.0,False,False
1882,0.8231130838394165,0.9219683822044553,0.7991442402844369,0.003008274835850867,OFFLOADED,1.0,No,1.0,1.0,1.0,True,False
1883,0.4574398994445801,5.1781229646949404e-05,0.5550230998289548,4.789087737105353e-13,OFFLOADED,1.0,No,1.0,1.0,1.0,False,False
1884,0.43107759952545166,6.619605602042522e-06,0.9082957380555606,0.5144128820215345,OFFLOADED,1.0,No,1.0,0.0,0.0,False,True
1885,0.46215003728866577,6.637104971071785e-05,0.6735752364438967,1.6171420194869482e-07,OFFLOADED,1.0,No,1.0,1.0,1.0,False,False
1886,0.9208424687385559,0.9979737033714516,0.9860592222798071,0.9891719962280858,ACCEPTED,1.0,No,1.0,1.0,1.0,True,True
1887,0.8601704239845276,0.9797693588646388,0.945987341307587,0.8334601125949693,ACCEPTED,0.0,Yes,0.0,0.0,0.0,True,True
1888,0.8790652751922607,0.9918417798351211,0.9060519322696287,0.47989146729947857,OFFLOADED,1.0,No,1.0,1.0,1.0,True,False
1889,0.2619071900844574,2.858134971220397e-26,0.1768489073449157,6.06616578727677e-29,OFFLOADED,1.0,No,1.0,1.0,1.0,False,False
1890,0.7841425538063049,0.7914694862820314,0.7087542628073319,3.858072001868983e-06,OFFLOADED,1.0,No,1.0,1.0,1.0,False,False
1891,0.8916154503822327,0.9939737962853538,0.987573648089562,0.9903810835148962,ACCEPTED,0.0,Yes,0.0,0.0,0.0,True,True
1892,0.913720428943634,0.9973760755426957,0.981188882729773,0.9813526893330498,ACCEPTED,0.0,Yes,0.0,0.0,0.0,True,True
1893,0.31003978848457336,2.6754015873170837e-14,0.18809940585340224,7.017797620306346e-29,OFFLOADED,1.0,No,0.0,1.0,1.0,False,False
1894,0.5101207494735718,0.0010978948283563064,0.8879050380534727,0.29822660823445163,OFFLOADED,0.0,Yes,0.0,0.0,0.0,False,True
1895,0.7773427963256836,0.7584767139408942,0.9761600792898028,0.9724339661518034,OFFLOADED,1.0,No,1.0,1.0,0.0,False,True
1896,0.6655153632164001,0.18484194117805697,0.7580170455742054,0.00017345075141479116,OFFLOADED,0.0,Yes,0.0,0.0,0.0,False,False
1897,0.2546761631965637,8.226143272170771e-30,0.45825784563475186,2.290141431959934e-18,OFFLOADED,1.0,No,1.0,1.0,1.0,False,False
1898,0.2526474893093109,1.5281002762459317e-30,0.6683817473935957,8.108551742342474e-08,OFFLOADED,1.0,No,1.0,1.0,1.0,False,False
1899,0.3021734058856964,1.1754324033208112e-15,0.4880474006553418,6.485460230744963e-17,OFFLOADED,1.0,No,1.0,1.0,1.0,False,False
1900,0.5361061096191406,0.0034375130847804306,0.9155933472466323,0.5761698268129848,OFFLOADED,1.0,No,1.0,1.0,0.0,False,True
1901,0.5715348124504089,0.013521460251823167,0.3614548877545098,4.386380918388247e-23,OFFLOADED,1.0,No,1.0,1.0,1.0,False,False
1902,0.28061431646347046,1.7300927979055328e-20,0.26874077111354344,4.628847145724692e-27,OFFLOADED,1.0,No,1.0,1.0,1.0,False,False
1903,0.2617642879486084,1.9556158137464076e-26,0.28986265773202124,2.810033050596627e-26,OFFLOADED,1.0,No,1.0,1.0,1.0,False,False
1904,0.7778996825218201,0.7520743254209292,0.6178300334052583,2.754388590778113e-10,OFFLOADED,1.0,No,1.0,1.0,1.0,True,False
1905,0.6246306896209717,0.0794883686602388,0.7772962932001983,0.0005527221479717778,OFFLOADED,1.0,No,1.0,1.0,0.0,False,False
1906,0.8739684820175171,0.9891101120242595,1.0,1.0,ACCEPTED,0.0,Yes,0.0,0.0,0.0,True,True
1907,0.29817238450050354,1.5303695612356625e-16,0.9042744434772257,0.44569826744387436,OFFLOADED,1.0,No,1.0,1.0,1.0,False,False
1908,0.32992643117904663,5.479054103242247e-12,0.8335258859421973,0.02266343104302124,OFFLOADED,1.0,No,1.0,1.0,1.0,False,False
1909,0.8093304634094238,0.8719217605345014,0.973402937221285,0.9590920756226461,ACCEPTED,0.0,Yes,0.0,0.0,0.0,True,True
1910,0.41440197825431824,8.869141085879409e-07,0.43597767002778365,1.2996556006017296e-19,OFFLOADED,1.0,No,1.0,1.0,1.0,False,False
1911,0.8726500868797302,0.9896599580744084,0.8420645173469725,0.03398107343495364,OFFLOADED,1.0,No,1.0,1.0,1.0,True,False
1912,0.2661516070365906,5.7882188421325e-25,0.6249999855936043,4.1429643052012685e-10,OFFLOADED,1.0,No,1.0,1.0,1.0,False,False
1913,0.29439446330070496,2.435903187520052e-17,1.0,1.0,OFFLOADED,1.0,No,1.0,0.0,1.0,False,True
1914,0.34732598066329956,1.0288878833290198e-10,0.6600771671032156,2.2909068330882683e-08,OFFLOADED,1.0,No,1.0,1.0,1.0,False,False
1915,0.5278726816177368,0.0019629135804735552,0.983612809777438,0.9856714086136152,OFFLOADED,0.0,Yes,0.0,0.0,0.0,False,True
1916,0.3848240077495575,2.1651381786787086e-08,0.791848604809878,0.0013993117888059983,OFFLOADED,1.0,No,1.0,1.0,0.0,False,False
1917,0.8113230466842651,0.8843507202910036,0.8265202699314211,0.01393816600852986,OFFLOADED,0.0,Yes,0.0,0.0,0.0,False,False
1918,0.33360791206359863,1.1577684100882758e-11,0.943494772758395,0.8148384292337352,OFFLOADED,0.0,Yes,0.0,0.0,0.0,False,False
1919,0.8859841823577881,0.9933444456341255,0.9702158559991617,0.953277426735706,ACCEPTED,0.0,Yes,0.0,0.0,0.0,True,True
1920,0.7533962726593018,0.6463531268419852,0.38279625459538635,2.5099532804776296e-22,OFFLOADED,1.0,No,1.0,1.0,1.0,True,False
1921,0.288407564163208,1.0044519055751801e-18,0.27879295336929716,6.739174044597304e-27,OFFLOADED,1.0,No,1.0,1.0,1.0,False,False
1922,0.3078424036502838,8.928716097368416e-15,0.5612657485337678,6.866417086575917e-13,OFFLOADED,1.0,No,1.0,1.0,1.0,False,False
1923,0.3105347752571106,2.3390396188057245e-14,0.29667678194605235,2.554950338766192e-26,OFFLOADED,1.0,No,0.0,1.0,1.0,False,False
1924,0.250276654958725,4.944228709890347e-31,0.8808592575741706,0.2333556153717326,OFFLOADED,1.0,No,1.0,1.0,1.0,False,False
1925,0.7909018397331238,0.7977468441656068,0.935854169376815,0.7695010237296357,OFFLOADED,0.0,Yes,0.0,0.0,0.0,True,False
1926,0.25456786155700684,2.977579237298499e-30,0.35020965005757915,7.52400594477278e-24,OFFLOADED,1.0,No,1.0,1.0,1.0,False,False
1927,0.4234849214553833,2.5295291144532016e-06,0.514639486143138,1.3278594117246412e-15,OFFLOADED,1.0,No,0.0,1.0,1.0,False,False
1928,0.0,0.0,0.5920300507842916,1.6492024795402955e-11,OFFLOADED,0.0,Yes,0.0,0.0,0.0,False,False
1929,0.26842790842056274,2.6699970025895573e-24,0.6427129153987857,2.8559549730723707e-09,OFFLOADED,1.0,No,1.0,1.0,0.0,False,False
1930,0.31074997782707214,2.269368566499617e-14,0.38492345938853056,2.797664619929804e-22,OFFLOADED,1.0,No,1.0,1.0,1.0,False,False
1931,0.8986697793006897,0.9961475077867824,0.6813248414228231,2.9310961932991785e-07,OFFLOADED,1.0,No,1.0,1.0,1.0,True,False
1932,0.45871132612228394,4.745624075569093e-05,0.7371955588472073,4.8932402706184566e-05,OFFLOADED,1.0,No,1.0,1.0,1.0,False,False
1933,0.9268431663513184,0.9983890635852718,1.0,1.0,ACCEPTED,0.0,Yes,0.0,0.0,0.0,True,True
1934,0.4179633557796478,1.2381106054871808e-06,0.7544878003344033,0.00011920008935108341,OFFLOADED,1.0,No,0.0,0.0,1.0,False,False
1935,0.26052355766296387,2.449307463142891e-27,0.7843579574496473,0.0007584842963193701,OFFLOADED,1.0,No,1.0,1.0,0.0,False,False
1936,0.2963867485523224,3.9988122930590884e-17,0.9708830608504296,0.9591489443110488,OFFLOADED,1.0,No,1.0,0.0,0.0,False,True
1937,0.37049615383148193,2.5959843313988497e-09,0.44570305016775597,2.1219419072627922e-19,OFFLOADED,1.0,No,1.0,1.0,1.0,False,False
1938,0.8064746260643005,0.8758396986048675,0.7455583934445565,7.0234745324986e-05,OFFLOADED,1.0,No,1.0,1.0,1.0,True,False
1939,0.25558406114578247,6.586438674191946e-30,0.5637911142904464,6.682286728418974e-13,OFFLOADED,1.0,No,1.0,1.0,0.0,False,False
1940,0.29088032245635986,2.607974748795699e-18,0.636976279083765,9.516902196975342e-10,OFFLOADED,1.0,No,1.0,1.0,0.0,False,False
1941,0.6597622632980347,0.16758866395851768,0.40999607074338335,3.7100302930711336e-21,OFFLOADED,1.0,No,1.0,1.0,1.0,True,False
1942,0.8533322811126709,0.9715314124097051,0.980487953948765,0.9825650998369558,ACCEPTED,0.0,Yes,0.0,0.0,0.0,True,True
1943,0.833173394203186,0.9369392170059717,0.6538178984165696,7.924456716457164e-09,OFFLOADED,1.0,No,1.0,1.0,1.0,True,False
1944,0.28704237937927246,2.4101450319774307e-19,0.79377521137979,0.001524689905417306,OFFLOADED,0.0,Yes,0.0,0.0,0.0,False,False
1945,0.33746978640556335,2.0949463529667262e-11,0.6676725526403546,4.152527523625919e-08,OFFLOADED,1.0,No,1.0,1.0,0.0,False,False
1946,0.2573229968547821,6.719265715032034e-29,0.44344288817127536,1.181027222833499e-19,OFFLOADED,1.0,No,1.0,1.0,1.0,False,False
1947,0.6905675530433655,0.2796274416075966,0.8059608001100814,0.004063502796970151,OFFLOADED,1.0,No,1.0,0.0,0.0,False,False
1948,0.7684497237205505,0.7012062480445898,0.8912432857245238,0.31908327536706294,OFFLOADED,0.0,Yes,0.0,0.0,0.0,True,False
1949,0.31674647331237793,1.003593624195266e-13,0.750071073399131,8.609610066436203e-05,OFFLOADED,1.0,No,1.0,1.0,1.0,False,False
1950,0.2780951261520386,9.838368164035769e-22,0.40750540923193634,2.2520369190771603e-21,OFFLOADED,1.0,No,1.0,1.0,1.0,False,False
1951,0.2584117352962494,1.9794952973479976e-28,0.5883099517709335,6.995510374605666e-12,OFFLOADED,1.0,No,1.0,1.0,1.0,False,False
1952,0.2697300910949707,3.7607493079350975e-24,0.2911039824901569,5.5073785801158106e-27,OFFLOADED,1.0,No,1.0,1.0,1.0,False,False
1953,0.2518247365951538,1.8006289031311599e-31,0.11238533594298616,2.6957254943634517e-30,OFFLOADED,1.0,No,1.0,1.0,1.0,False,False
1954,0.6749317049980164,0.20474715747654815,0.9046059063691292,0.44812278691294427,OFFLOADED,0.0,Yes,0.0,0.0,0.0,False,True
1955,0.8196374177932739,0.9057987059906061,0.9068348981305647,0.48587489260349453,OFFLOADED,0.0,Yes,0.0,0.0,0.0,True,False
1956,0.25573039054870605,5.197053270070976e-30,0.4347233542344866,3.906404629359772e-20,OFFLOADED,1.0,No,1.0,0.0,0.0,False,False
1957,0.6138924360275269,0.054143546601706456,0.49291216292358797,3.8236759439580435e-17,OFFLOADED,1.0,No,0.0,0.0,1.0,False,False
1958,0.29383498430252075,8.597773836660067e-18,0.4131852994927808,3.3688185127725115e-21,OFFLOADED,1.0,No,1.0,1.0,1.0,False,False
1959,0.9061084389686584,0.9971600189820629,0.8783549610130582,0.22800093282587988,OFFLOADED,1.0,No,1.0,1.0,1.0,True,False
1960,0.2750926911830902,1.5342554961528979e-22,0.6897167412334133,4.513740719197715e-07,OFFLOADED,1.0,No,1.0,0.0,0.0,False,False
1961,0.0,0.0,0.8156514841727168,0.008255485242618068,OFFLOADED,0.0,Yes,0.0,0.0,0.0,False,False
1962,0.458051472902298,3.920788538639254e-05,0.4924295354453868,3.236115215348456e-17,OFFLOADED,1.0,No,1.0,1.0,1.0,False,False
1963,0.2548631429672241,1.2097515544062216e-30,0.32339693651928036,1.1258588670177058e-25,OFFLOADED,1.0,No,1.0,1.0,1.0,False,False
1964,0.26551541686058044,1.0937246927734169e-25,0.8256601087682889,0.014861880182438088,OFFLOADED,1.0,No,1.0,1.0,1.0,False,False
1965,0.30307111144065857,6.09409231236113e-16,0.3950266446976442,3.621996668125592e-22,OFFLOADED,1.0,No,1.0,1.0,1.0,False,False
1966,0.2786436080932617,1.2195960119637448e-21,0.6865308105612494,3.336937067119518e-07,OFFLOADED,1.0,No,1.0,1.0,1.0,False,False
1967,0.2863527834415436,1.2646302362915123e-19,0.357819164101515,4.172365859393887e-24,OFFLOADED,1.0,No,1.0,1.0,1.0,False,False
1968,0.42716681957244873,2.918115296711954e-06,0.5452593135043342,3.3432884122838695e-14,OFFLOADED,1.0,No,1.0,1.0,1.0,False,False
1969,0.3175499141216278,1.054597460664188e-13,0.6580958172619085,1.0060630867341258e-08,OFFLOADED,1.0,No,1.0,1.0,1.0,False,False
1970,0.250632643699646,8.460923461784737e-32,0.2201745866881535,1.523426269023154e-29,OFFLOADED,1.0,No,1.0,1.0,1.0,False,False
1971,0.4666638672351837,7.301001829887704e-05,0.7730671466570274,0.00031221251405308284,OFFLOADED,1.0,No,1.0,0.0,1.0,False,False
1972,0.251313179731369,7.645327578415859e-32,0.25550973471434296,1.1642054227805487e-28,OFFLOADED,1.0,No,1.0,1.0,1.0,False,False
1973,0.3889290988445282,2.3481258108807182e-08,0.2715126648793473,4.744716248372186e-28,OFFLOADED,1.0,No,1.0,1.0,1.0,False,False
1974,0.28849872946739197,3.250392633280194e-19,0.6361783574085438,5.723245812029218e-10,OFFLOADED,1.0,No,1.0,1.0,1.0,False,False
1975,0.38966962695121765,2.4472950492627233e-08,0.5681684088603026,6.650898684581273e-13,OFFLOADED,1.0,No,1.0,1.0,1.0,False,False
1976,0.26049545407295227,6.669665691057088e-28,0.34451139611628057,6.460408484396577e-25,OFFLOADED,1.0,No,0.0,1.0,1.0,False,False
1977,0.31898799538612366,1.2027690799346542e-13,0.3480811756949853,9.753830895712531e-25,OFFLOADED,1.0,No,1.0,1.0,1.0,False,False
1978,0.8921532034873962,0.9948641395104248,0.9700076062003535,0.9578154229314483,ACCEPTED,0.0,Yes,0.0,0.0,0.0,True,True
1979,0.28837892413139343,2.5605521871932733e-19,0.5935630128218945,8.443613532441643e-12,OFFLOADED,1.0,No,1.0,1.0,1.0,False,False
1980,0.32140740752220154,1.988199680265909e-13,0.6253976585252553,1.6611140975302102e-10,OFFLOADED,1.0,No,1.0,1.0,1.0,False,False
1981,0.7673038840293884,0.7153650261257426,0.8936798889003659,0.374552958622138,OFFLOADED,1.0,No,1.0,1.0,1.0,False,True
1982,0.2938292622566223,4.685298554575601e-18,0.22824881813456332,1.3255086993170282e-29,OFFLOADED,1.0,No,1.0,1.0,1.0,False,False
1983,0.5028122067451477,0.0007123753844299276,0.6143522494536001,5.5557488635413745e-11,OFFLOADED,1.0,No,1.0,1.0,0.0,False,False
1984,0.5817643404006958,0.016887942065830813,0.8122180897192487,0.006169083321767655,OFFLOADED,0.0,Yes,0.0,0.0,0.0,False,False
1985,0.26231876015663147,2.99888519604147e-27,0.45011713459612906,1.2510960923874143e-19,OFFLOADED,1.0,No,1.0,1.0,1.0,False,False
1986,0.6256616115570068,0.07227466605061365,0.5641406866632549,3.1605199862715887e-13,OFFLOADED,1.0,No,1.0,1.0,1.0,False,False
1987,0.2622225284576416,2.4485345123606497e-27,0.23628037117296902,1.7766762785833896e-29,OFFLOADED,1.0,No,1.0,1.0,1.0,False,False
1988,0.0,0.0,0.9275463211910244,0.7159302122524263,OFFLOADED,0.0,Yes,0.0,0.0,0.0,False,True
1989,0.2676542401313782,2.6124347358599716e-25,0.46438734183875496,5.94951575923302e-19,OFFLOADED,1.0,No,1.0,1.0,1.0,False,False
1990,0.5000652074813843,0.0006056074080608659,0.8024699872743696,0.0032969470791333983,OFFLOADED,0.0,Yes,0.0,0.0,0.0,False,False
1991,0.288413405418396,2.160757505065099e-19,0.7956941894347113,0.002015361093987293,OFFLOADED,0.0,Yes,0.0,0.0,0.0,False,False
1992,0.4463333189487457,1.5135865696678536e-05,0.6563346224631997,8.434076862199114e-09,OFFLOADED,1.0,No,0.0,1.0,1.0,False,False
1993,0.9337573647499084,0.9987511908742469,0.7844158289790021,0.000856579954422038,OFFLOADED,1.0,No,1.0,1.0,0.0,True,False
1994,0.2785382568836212,5.461260315624794e-22,0.4105084981010067,1.0665996237390964e-21,OFFLOADED,1.0,No,1.0,1.0,1.0,False,False
1995,0.27773168683052063,2.696741870711665e-22,0.4336630913741755,1.3268929016479074e-20,OFFLOADED,1.0,No,1.0,1.0,1.0,False,False
1996,0.7677063941955566,0.7040573056409821,0.8448378841438657,0.038698563238097096,OFFLOADED,1.0,No,1.0,1.0,1.0,True,False
1997,0.2983893156051636,4.010997229933271e-17,0.5284193569523238,2.2176153261533194e-15,OFFLOADED,1.0,No,1.0,1.0,1.0,False,False
1998,0.25319209694862366,5.65758545647398e-32,0.20228670159153114,2.3037016423802313e-30,OFFLOADED,1.0,No,1.0,1.0,1.0,False,False
1999,0.9447492361068726,0.998991636646491,1.0,1.0,ACCEPTED,0.0,Yes,0.0,0.0,0.0,True,True
2000,0.39423269033432007,3.7980409706416784e-08,0.9707364335415569,0.9627265864562043,OFFLOADED,0.0,Yes,0.0,0.0,0.0,False,True
2001,0.2533212900161743,6.29295301813188e-32,0.10969404138238144,4.048462313628746e-31,OFFLOADED,1.0,No,1.0,1.0,1.0,False,False
2002,0.3037337362766266,4.956574194657762e-16,1.0,1.0,OFFLOADED,1.0,No,0.0,0.0,1.0,False,True
2003,0.25205934047698975,2.978436937907129e-32,0.4532963492706548,1.4251060885220515e-19,OFFLOADED,1.0,No,1.0,1.0,1.0,False,False
2004,0.5908887982368469,0.022789339310361475,0.8502643367033959,0.05003277566287265,OFFLOADED,0.0,Yes,0.0,0.0,0.0,False,False
2005,0.8360371589660645,0.9394838241940584,0.8140771842967506,0.007786884572107083,OFFLOADED,0.0,Yes,0.0,0.0,0.0,True,False
2006,0.2573713958263397,1.3039384975566555e-29,0.5905691752037865,5.87038339449647e-12,OFFLOADED,1.0,No,1.0,1.0,0.0,False,False
2007,0.2923078238964081,1.9760674151039953e-18,0.32092318092525757,2.4115876151316428e-26,OFFLOADED,1.0,No,0.0,1.0,0.0,False,False
2008,0.4645836651325226,5.8042320471470315e-05,0.6065870652777793,2.8086150129605586e-11,OFFLOADED,1.0,No,1.0,1.0,1.0,False,False
2009,0.3966255486011505,5.581436824459863e-08,0.9628936046683639,0.9390241275132402,OFFLOADED,0.0,Yes,0.0,0.0,0.0,False,True
2010,0.370476633310318,1.7190416972272042e-09,0.7459063198036215,7.482739527454494e-05,OFFLOADED,1.0,No,1.0,1.0,1.0,False,False
2011,0.28430089354515076,2.4038772813807303e-20,0.6792116887473589,1.589648703588482e-07,OFFLOADED,1.0,No,1.0,1.0,1.0,False,False
2012,0.340909481048584,2.3525022231293736e-11,0.7617076834403351,0.00015680045375946914,OFFLOADED,1.0,No,1.0,0.0,0.0,False,False
2013,0.25058943033218384,2.0234979410841283e-32,0.4154749629609328,1.1156154084304174e-21,OFFLOADED,1.0,No,1.0,1.0,1.0,False,False
2014,0.27405136823654175,2.319972906857129e-23,0.2669411979216878,8.84560665502535e-29,OFFLOADED,1.0,No,0.0,1.0,1.0,False,False
2015,0.7833897471427917,0.7568178602598804,0.8109898807813214,0.006783711480959394,OFFLOADED,1.0,No,1.0,1.0,1.0,True,False
2016,0.3081086575984955,3.078127695993135e-15,0.9823882426030827,0.9894749168253353,OFFLOADED,1.0,No,0.0,1.0,0.0,False,True
2017,0.2831783592700958,1.0692617785433453e-20,0.4482939731178233,5.524679499001277e-20,OFFLOADED,1.0,No,0.0,1.0,1.0,False,False
2018,0.2726392149925232,6.807780988498173e-24,0.25031259601382416,1.9120719369328742e-29,OFFLOADED,1.0,No,1.0,1.0,1.0,False,False
2019,0.3259182870388031,7.10329875422616e-13,0.5758752848063523,9.647861429341394e-13,OFFLOADED,1.0,No,1.0,1.0,1.0,False,False
2020,0.846595048904419,0.9615284617393153,0.523307372576984,7.950423345808665e-16,OFFLOADED,1.0,No,1.0,1.0,1.0,True,False
2021,0.3441656529903412,3.3840292014648674e-11,0.4697984016462922,7.257558707926528e-19,OFFLOADED,1.0,No,1.0,1.0,1.0,False,False
2022,0.40661755204200745,1.9059378085208213e-07,0.39110174217532967,4.780453559342043e-23,OFFLOADED,1.0,No,1.0,1.0,1.0,False,False
2023,0.2683541178703308,2.179552812396884e-25,0.3289090209324242,3.5109432552630206e-26,OFFLOADED,1.0,No,1.0,1.0,1.0,False,False
2024,0.8556160926818848,0.9735336895719923,0.305822748053829,2.012338984498637e-27,OFFLOADED,1.0,No,1.0,1.0,1.0,True,False
2025,0.3016233742237091,1.334400486748426e-16,0.5064608720788779,8.112164545118579e-17,OFFLOADED,1.0,No,1.0,1.0,1.0,False,False
2026,0.2506502568721771,1.1092335168387195e-32,0.42098215386818894,1.3533274446983847e-21,OFFLOADED,1.0,No,1.0,0.0,0.0,False,False
2027,0.38841885328292847,1.8484467025427157e-08,0.8543245726764844,0.06611442087773638,OFFLOADED,0.0,Yes,0.0,0.0,0.0,False,False
2028,0.3984159231185913,7.068684185290668e-08,0.6723865890164571,5.76858014452651e-08,OFFLOADED,1.0,No,0.0,0.0,1.0,False,False
2029,0.30010223388671875,6.148366554767654e-17,0.7986108820471887,0.002719328975230464,OFFLOADED,1.0,No,1.0,1.0,1.0,False,False
2030,0.34071192145347595,1.8785605512503753e-11,0.8833297557691652,0.2635095367633329,OFFLOADED,0.0,Yes,0.0,0.0,0.0,False,False
2031,0.27723246812820435,9.701193370091276e-23,0.7205972347304258,7.5933526287225755e-06,OFFLOADED,1.0,No,1.0,1.0,1.0,False,False
2032,0.5473201870918274,0.0046835525319776,0.9339149016541589,0.7908684671828307,OFFLOADED,0.0,Yes,0.0,0.0,0.0,False,False
2033,0.30412256717681885,4.622090668823417e-16,0.7225512315098825,9.108034637847078e-06,OFFLOADED,1.0,No,1.0,1.0,1.0,False,False
2034,0.25132739543914795,1.0043384223102177e-32,0.8327444249176228,0.023110950103225423,OFFLOADED,1.0,No,1.0,0.0,0.0,False,False
2035,0.37418583035469055,2.6583253057567875e-09,0.420054505991388,9.602152931911863e-22,OFFLOADED,1.0,No,1.0,1.0,1.0,False,False
2036,0.2897794544696808,2.8613785274555994e-19,0.5343172546210038,2.766379452599878e-15,OFFLOADED,1.0,No,1.0,1.0,1.0,False,False
2037,0.6624446511268616,0.16002948237100267,0.7371370574313316,3.4550586641327516e-05,OFFLOADED,1.0,No,1.0,1.0,0.0,False,False
2038,0.25099891424179077,7.937711045042902e-33,0.26123658617161877,1.9095007654375262e-29,OFFLOADED,1.0,No,1.0,1.0,1.0,False,False
2039,0.2843523323535919,1.3216730181452814e-20,0.834360769057674,0.02368620187060399,OFFLOADED,1.0,No,0.0,1.0,1.0,False,False
2040,0.26850005984306335,1.6549684605665789e-25,0.7771170119940295,0.00040070587438810435,OFFLOADED,1.0,No,0.0,1.0,1.0,False,False
2041,0.28988754749298096,2.770136426030712e-19,0.31026772105010636,1.7164892075651162e-27,OFFLOADED,1.0,No,1.0,1.0,1.0,False,False
2042,0.2564978301525116,1.0893628213146349e-30,0.3515544016586236,2.389498764427852e-25,OFFLOADED,1.0,No,1.0,1.0,1.0,False,False
2043,0.27616816759109497,3.694212750827886e-23,0.24337274165910877,3.6707081462603965e-30,OFFLOADED,1.0,No,1.0,1.0,1.0,False,False
2044,0.5362733602523804,0.002799310973794765,0.7778308672364718,0.0004035314819663981,OFFLOADED,1.0,No,1.0,1.0,0.0,False,False
2045,0.8215690851211548,0.9015824547469906,0.8844891898345509,0.2880074973856411,ACCEPTED,0.0,Yes,0.0,0.0,0.0,True,True
2046,0.3679873049259186,9.373910138493474e-10,0.557029401353109,5.0748299343048264e-14,OFFLOADED,1.0,No,1.0,1.0,1.0,False,False
2047,0.260109543800354,5.818624025075705e-29,0.5388926564485086,3.7592300312243975e-15,OFFLOADED,1.0,No,1.0,1.0,1.0,False,False
2048,0.31568318605422974,2.8951371468762365e-14,0.9880360006602624,0.9945980009914641,OFFLOADED,1.0,No,0.0,0.0,1.0,False,True
2049,0.6284773349761963,0.07002683936748781,0.8910207865118918,0.3641277153608754,OFFLOADED,0.0,Yes,0.0,0.0,0.0,False,False
2050,0.45922139286994934,3.553965504399469e-05,0.8662882438009515,0.14471796842262782,OFFLOADED,0.0,Yes,0.0,0.0,0.0,False,False
2051,0.3338509798049927,5.247169012390607e-12,0.8966356969581549,0.4428834318418475,OFFLOADED,1.0,No,1.0,0.0,1.0,False,True
2052,0.8430647253990173,0.9534660445988244,0.8910176818081651,0.37066304537754563,OFFLOADED,0.0,Yes,0.0,0.0,0.0,True,False
2053,0.93678218126297,0.9988176198715941,0.9440830828840989,0.8677942453173564,OFFLOADED,0.0,Yes,0.0,0.0,0.0,True,False
2054,0.5646384954452515,0.008866109015508305,0.8617659048927119,0.11915191701881603,OFFLOADED,1.0,No,1.0,1.0,1.0,False,False
2055,0.7235689163208008,0.43414242285589544,0.7584377341919484,0.00010795306475106985,OFFLOADED,0.0,Yes,0.0,0.0,0.0,True,False
2056,0.4162915349006653,6.878913144389138e-07,0.5833579387300275,1.514417306904578e-12,OFFLOADED,1.0,No,1.0,1.0,1.0,False,False
2057,0.8641904592514038,0.984418493197064,0.47912887099417495,1.2189274006405868e-18,OFFLOADED,1.0,No,1.0,1.0,1.0,True,False
2058,0.47451192140579224,0.0001261405644322527,0.8646977018418173,0.13508255466205848,OFFLOADED,0.0,Yes,0.0,0.0,0.0,False,False
2059,0.481387197971344,0.00021773968659111396,0.8005428496490267,0.0032514066703610667,OFFLOADED,1.0,No,0.0,1.0,1.0,False,False
2060,0.7041760683059692,0.33465107046609305,0.9714600936987746,0.9724098184358141,OFFLOADED,0.0,Yes,0.0,0.0,0.0,False,False
2061,0.3272230923175812,8.122262663848488e-13,0.6124877872356506,2.948452577680527e-11,OFFLOADED,1.0,No,1.0,1.0,1.0,False,False
2062,0.3239755630493164,2.574551597789641e-13,0.6750628892276045,6.164118487529606e-08,OFFLOADED,1.0,No,1.0,1.0,1.0,False,False
2063,0.475395143032074,0.00013876551851737867,0.504511194197469,3.102288987646326e-17,OFFLOADED,1.0,No,1.0,1.0,1.0,False,False
2064,0.2606618404388428,9.15124164843615e-29,0.5143841973624782,1.1900554641710292e-16,OFFLOADED,1.0,No,1.0,1.0,0.0,False,False
2065,0.25374770164489746,1.3901337948399292e-32,0.7523143692355342,8.057984171508689e-05,OFFLOADED,1.0,No,1.0,0.0,1.0,False,False
2066,0.28466030955314636,9.898212774979099e-21,0.3180232084842112,2.540297315843626e-27,OFFLOADED,1.0,No,1.0,1.0,1.0,False,False
2067,0.9076589941978455,0.9970886307201439,0.9499368321478519,0.9025054699476741,ACCEPTED,0.0,Yes,0.0,0.0,0.0,True,True
2068,0.3054567873477936,5.390708560199096e-16,0.4169803974692462,3.323107162066985e-22,OFFLOADED,1.0,No,1.0,1.0,1.0,False,False
2069,0.8961910605430603,0.9955994805359647,0.9781190777854912,0.9868987627529106,ACCEPTED,0.0,Yes,0.0,0.0,0.0,True,True
2070,0.26495596766471863,4.635449029820043e-27,0.7870407068132204,0.0010176071664527396,OFFLOADED,1.0,No,1.0,0.0,0.0,False,False
2071,0.5068268775939941,0.0008662863111750124,0.8756143369198215,0.23612502781447897,OFFLOADED,0.0,Yes,0.0,0.0,0.0,False,False
2072,0.28500062227249146,1.1065485076043238e-20,0.6174792874046026,3.936487793330217e-11,OFFLOADED,1.0,No,0.0,1.0,1.0,False,False
2073,0.8822290897369385,0.9927983036372078,0.935912144533263,0.8374582120620334,ACCEPTED,0.0,Yes,0.0,0.0,0.0,True,True
2074,0.3208152949810028,9.890487100196681e-14,0.6502044230113743,2.1534708749139247e-09,OFFLOADED,1.0,No,1.0,1.0,1.0,False,False
2075,0.36053818464279175,3.1134497723214866e-10,0.8635077686672102,0.14043659315911403,OFFLOADED,0.0,Yes,0.0,0.0,0.0,False,False
2076,0.295245885848999,3.705367791254078e-18,0.35106765674513546,1.2013209062029657e-25,OFFLOADED,1.0,No,0.0,1.0,1.0,False,False
2077,0.2896920442581177,1.5322873414513048e-19,0.7072163170243805,1.5306401626789596e-06,OFFLOADED,1.0,No,1.0,1.0,1.0,False,False
2078,0.47751960158348083,0.00016309627093562067,0.838014389099541,0.034947701109926545,OFFLOADED,0.0,Yes,0.0,0.0,0.0,False,False
2079,0.4794635474681854,0.00019908995081722956,0.7296907360161723,1.7112894936851186e-05,OFFLOADED,1.0,No,0.0,0.0,1.0,False,False
2080,0.3248435854911804,3.5122145999659607e-13,0.9559678130687328,0.9363507168971709,OFFLOADED,0.0,Yes,0.0,0.0,0.0,False,True
2081,0.8870992064476013,0.994405477442303,0.7821822191516916,0.0006957824825335892,OFFLOADED,1.0,No,1.0,1.0,1.0,True,False
2082,0.31995731592178345,8.516334348009732e-14,0.17205378428630397,7.300113820957804e-32,OFFLOADED,1.0,No,1.0,1.0,1.0,False,False
2083,0.3002364933490753,4.2008941203506976e-17,0.6421329024996109,6.364514241856031e-10,OFFLOADED,1.0,No,1.0,0.0,0.0,False,False
2084,0.32752132415771484,8.882439221955116e-13,0.47012746265066097,2.257389557909767e-19,OFFLOADED,1.0,No,1.0,1.0,1.0,False,False
2085,0.2525582015514374,2.9955202324180487e-33,0.40235233962331896,4.782462480642662e-23,OFFLOADED,1.0,No,1.0,1.0,1.0,False,False
2086,0.8025879859924316,0.8559936800748174,0.7946266774333339,0.0021534508425504126,OFFLOADED,1.0,No,1.0,1.0,1.0,False,False
2087,0.31933191418647766,6.497672024305467e-14,0.7465279995893415,5.520801206982485e-05,OFFLOADED,1.0,No,1.0,1.0,1.0,False,False
2088,0.8014546036720276,0.8440462626899154,0.9787884316592512,0.9898128618086729,ACCEPTED,0.0,Yes,0.0,0.0,0.0,True,True
2089,0.33939090371131897,1.545659090453875e-11,0.3759819097956375,1.2582044439149699e-24,OFFLOADED,1.0,No,1.0,1.0,1.0,False,False
2090,0.3459388017654419,3.581493092372297e-11,0.47075389529937234,2.087722310488441e-19,OFFLOADED,1.0,No,1.0,1.0,1.0,False,False
2091,0.6766448020935059,0.2194690867937235,0.7131281279050686,2.301205287849803e-06,OFFLOADED,1.0,No,1.0,1.0,0.0,False,False
2092,0.9112734794616699,0.9976537064388972,1.0,1.0,ACCEPTED,0.0,Yes,0.0,0.0,0.0,True,True
2093,0.2582020163536072,3.453584243879406e-30,0.3657296446730268,3.580375573975794e-25,OFFLOADED,1.0,No,1.0,1.0,1.0,False,False
2094,0.2550210952758789,3.44624742061192e-32,0.6207307448853984,3.597175122780602e-11,OFFLOADED,1.0,No,1.0,1.0,1.0,False,False
2095,0.408397376537323,2.1676359402124634e-07,0.6848526519386182,1.42317258461436e-07,OFFLOADED,0.0,Yes,0.0,0.0,0.0,False,False
2096,0.25831180810928345,3.9199917926824295e-30,0.2955430121011281,9.908130970698176e-29,OFFLOADED,1.0,No,1.0,1.0,1.0,False,False
2097,0.9422472715377808,0.9991774524162942,0.8769612452434536,0.2696464551321992,OFFLOADED,1.0,No,1.0,1.0,1.0,True,False
2098,0.0,0.0,0.940740984915851,0.8734323044142643,OFFLOADED,0.0,Yes,0.0,0.0,0.0,False,True
2099,0.27275556325912476,1.6097707461890639e-24,0.42263289598166276,3.4817674870553893e-22,OFFLOADED,1.0,No,0.0,1.0,0.0,False,False
2100,0.874096155166626,0.9905348481222662,0.9850669782252431,0.9950614559528296,ACCEPTED,1.0,No,1.0,1.0,1.0,True,True
2101,0.0,0.0,0.6182055491648848,2.6889364594102437e-11,OFFLOADED,0.0,Yes,0.0,0.0,0.0,False,False
2102,0.42945531010627747,3.1084916687200303e-06,0.7319261214684352,1.6616035414049634e-05,OFFLOADED,1.0,No,1.0,1.0,1.0,False,False
2103,0.6178401112556458,0.05635604133832645,0.6089067169185777,1.1028257273935093e-11,OFFLOADED,1.0,No,1.0,1.0,1.0,False,False
2104,0.5379267334938049,0.002846915747437972,0.6066774056080515,8.095249598253779e-12,OFFLOADED,1.0,No,1.0,1.0,1.0,False,False
2105,0.2581636905670166,2.4694285799180252e-30,0.4101736598079185,7.074749367126601e-23,OFFLOADED,1.0,No,1.0,1.0,1.0,False,False
2106,0.3086201250553131,1.5424480787917929e-15,0.49755764527012264,5.478559025747361e-18,OFFLOADED,1.0,No,1.0,1.0,1.0,False,False
2107,0.9495055675506592,0.9992268599338838,0.6938830570757433,3.1309215878239724e-07,OFFLOADED,0.0,Yes,0.0,0.0,0.0,True,False
2108,0.30772000551223755,9.554870876530173e-16,0.4040314052226633,3.352014563067092e-23,OFFLOADED,1.0,No,1.0,1.0,1.0,False,False
2109,0.27555719017982483,8.075376876566655e-24,0.46830163781055995,1.1434536166737124e-19,OFFLOADED,1.0,No,0.0,1.0,1.0,False,False
2110,0.7329455614089966,0.5034911917383179,0.8722168053479473,0.21770605485553052,OFFLOADED,0.0,Yes,0.0,0.0,0.0,False,False
2111,0.2728955149650574,1.2497642336158629e-24,0.19318860972809568,4.7260728140825306e-32,OFFLOADED,1.0,No,1.0,1.0,1.0,False,False
2112,0.2522636950016022,1.088079800237565e-33,0.15285058037948224,1.8203089791862645e-32,OFFLOADED,1.0,No,1.0,1.0,1.0,False,False
2113,0.3594745099544525,2.452114091295005e-10,0.3870455125996104,3.2104484676010816e-24,OFFLOADED,1.0,No,1.0,1.0,0.0,False,False
2114,0.8867992162704468,0.9938633351896068,1.0,1.0,ACCEPTED,0.0,Yes,0.0,0.0,0.0,True,True
2115,0.8330402374267578,0.9392212087507179,0.8771069047363984,0.2709098617524952,ACCEPTED,1.0,No,1.0,1.0,1.0,True,True
2116,0.6475484371185303,0.11915720702861406,0.8896861804579529,0.3886806675919065,OFFLOADED,0.0,Yes,0.0,0.0,0.0,False,True
2117,0.6539459228515625,0.14329594193478895,0.7102242840876436,1.5219089577803195e-06,OFFLOADED,1.0,No,1.0,1.0,1.0,True,False
2118,0.3920336067676544,2.5794438220083515e-08,0.7692687008386586,0.00019707936313676416,OFFLOADED,1.0,No,1.0,0.0,0.0,False,False
2119,0.3091032803058624,1.576064052312039e-15,0.7372865699460447,2.4691242886192375e-05,OFFLOADED,1.0,No,1.0,0.0,0.0,False,False
2120,0.3571893274784088,1.4809058416154166e-10,0.5700542771086375,1.4994878702276077e-13,OFFLOADED,1.0,No,1.0,0.0,0.0,False,False
2121,0.321918785572052,7.991321820490355e-14,0.8876829048280542,0.38327903366213617,OFFLOADED,0.0,Yes,0.0,0.0,0.0,False,True
2122,0.5685492157936096,0.009443046640162992,0.5472240799485123,5.315046182957287e-15,OFFLOADED,1.0,No,1.0,1.0,1.0,False,False
2123,0.9136235117912292,0.9978658828314867,0.7867848939623331,0.0010235410779044908,OFFLOADED,0.0,Yes,0.0,0.0,0.0,True,False
2124,0.7989727258682251,0.8381269405528007,1.0,1.0,ACCEPTED,0.0,Yes,0.0,0.0,0.0,True,True
2125,0.4909316599369049,0.00036741863349192385,0.7448147158445538,4.5622478351536866e-05,OFFLOADED,1.0,No,1.0,1.0,1.0,False,False
2126,0.8676278591156006,0.9869388103539736,0.7981265941529394,0.00284875803525635,OFFLOADED,0.0,Yes,0.0,0.0,0.0,True,False
2127,0.4685969054698944,6.543748149904915e-05,0.8046305527640044,0.005271004860367328,OFFLOADED,1.0,No,1.0,1.0,0.0,False,False
2128,0.8975009918212891,0.9965196975980362,0.8848864741509944,0.3641255449004554,ACCEPTED,0.0,Yes,0.0,0.0,0.0,True,True
2129,0.2685213088989258,2.7867535449447093e-26,0.8325589647638219,0.02935469516058353,OFFLOADED,1.0,No,0.0,1.0,1.0,False,False
2130,0.3494921922683716,3.281062541551036e-11,0.36240045338948823,1.1633160225776929e-25,OFFLOADED,1.0,No,1.0,1.0,1.0,False,False
2131,0.28610140085220337,6.194578844819605e-21,0.48929364961176036,1.2741619204707513e-18,OFFLOADED,1.0,No,1.0,1.0,1.0,False,False
2132,0.25388893485069275,2.6009932995173975e-33,0.44820163380041705,6.0673207993746096e-21,OFFLOADED,1.0,No,1.0,1.0,1.0,False,False
2133,0.0,0.0,0.8917822122206606,0.44898269971177224,OFFLOADED,0.0,Yes,0.0,0.0,0.0,False,True
2134,0.8746674060821533,0.9916071511676132,0.6188530819936862,2.6457256671207447e-11,OFFLOADED,1.0,No,1.0,1.0,1.0,True,False
2135,0.2582269012928009,1.2259798903265194e-30,0.27190706830937394,4.5098757705271515e-30,OFFLOADED,1.0,No,1.0,1.0,1.0,False,False
2136,0.8366056680679321,0.9460127585512426,0.7216813074430979,4.684540635100734e-06,OFFLOADED,1.0,No,1.0,1.0,1.0,True,False
2137,0.2824130952358246,7.188240893858738e-22,0.5530614191968592,1.079922059445497e-14,OFFLOADED,1.0,No,0.0,1.0,1.0,False,False
2138,0.8549141883850098,0.9740624334754886,0.7309254997073621,1.3407365424192752e-05,OFFLOADED,1.0,No,1.0,1.0,1.0,True,False
2139,0.4831978380680084,0.00018950302995784232,0.49017683730495754,1.1025849296488267e-18,OFFLOADED,1.0,No,1.0,1.0,1.0,False,False
2140,0.5020787715911865,0.0005908895091115276,0.7159810209833207,2.2951874112355504e-06,OFFLOADED,1.0,No,1.0,1.0,0.0,False,False
2141,0.30558353662490845,2.0889446072788976e-16,0.888436591121671,0.4296497311349097,OFFLOADED,1.0,No,1.0,0.0,0.0,False,False
2142,0.2926768958568573,2.793716654822635e-19,0.7306593353398602,1.1738040200921688e-05,OFFLOADED,1.0,No,1.0,0.0,0.0,False,False
2143,0.2507595717906952,3.399439239874211e-34,0.3455811976875737,8.290267444323463e-27,OFFLOADED,1.0,No,1.0,1.0,1.0,False,False
2144,0.42179280519485474,8.146602161314054e-07,0.37967052194752665,4.6270171429232615e-25,OFFLOADED,1.0,No,1.0,1.0,1.0,False,False
2145,0.3526410460472107,4.470185034310429e-11,0.7503912073359105,5.833479141076103e-05,OFFLOADED,1.0,No,0.0,1.0,1.0,False,False
2146,0.9102606177330017,0.9977472550708533,0.8524884790256977,0.08915967713608704,OFFLOADED,0.0,Yes,0.0,0.0,0.0,True,False
2147,0.42217326164245605,8.09214710269553e-07,0.9782386911798954,0.990575607437657,OFFLOADED,0.0,Yes,0.0,0.0,0.0,False,True
2148,0.2907872498035431,8.985915650106483e-20,0.7441549211010451,3.8096483020650206e-05,OFFLOADED,1.0,No,1.0,0.0,0.0,False,False
2149,0.2548031210899353,5.0546798232262614e-33,0.18430997044304193,1.0503721315725534e-32,OFFLOADED,1.0,No,1.0,1.0,1.0,False,False
2150,0.29929661750793457,8.046176756434868e-18,0.7966566374888558,0.002614944535246626,OFFLOADED,1.0,No,1.0,0.0,0.0,False,False
2151,0.2926900386810303,2.314301262121203e-19,0.4980592525253043,2.811472065508591e-18,OFFLOADED,1.0,No,1.0,1.0,1.0,False,False
2152,0.30716589093208313,3.993492255671475e-16,0.6198150121846804,1.8637764355692447e-11,OFFLOADED,1.0,No,1.0,1.0,1.0,False,False
2153,0.26150479912757874,2.656994030555359e-29,0.3843703893111896,6.593677768038689e-25,OFFLOADED,1.0,No,1.0,1.0,1.0,False,False
2154,0.3166631758213043,1.369548189151993e-14,0.7963968219063506,0.0024165268948725944,OFFLOADED,1.0,No,1.0,0.0,0.0,False,False
2155,0.28674450516700745,4.850899515918235e-21,0.4847593132179695,3.486515721993944e-19,OFFLOADED,1.0,No,1.0,1.0,1.0,False,False
2156,0.28269532322883606,4.498494536566417e-22,0.2930779637887137,1.2575846426933785e-29,OFFLOADED,1.0,No,1.0,1.0,1.0,False,False
2157,0.3494530916213989,2.568270370679538e-11,0.7679284820023442,0.00015527065511564294,OFFLOADED,1.0,No,1.0,1.0,1.0,False,False
2158,0.30701911449432373,3.1289234337266225e-16,0.46549485071029256,2.352154741359523e-20,OFFLOADED,1.0,No,1.0,1.0,1.0,False,False
2159,0.4287855625152588,1.8763563639003684e-06,0.71093693797069,8.740251195028933e-07,OFFLOADED,1.0,No,1.0,1.0,0.0,False,False
2160,0.9024688005447388,0.9970601665438894,0.7656568837017701,0.0001242790357192939,OFFLOADED,0.0,Yes,0.0,0.0,0.0,True,False
2161,0.29442930221557617,4.633713688391076e-19,0.7010113259745049,3.3449461160024e-07,OFFLOADED,1.0,No,1.0,1.0,0.0,False,False
2162,0.31262877583503723,3.1189801239045933e-15,0.9823298721525652,0.9938606394148212,OFFLOADED,0.0,Yes,0.0,0.0,0.0,False,True
2163,0.27339139580726624,4.509689795228284e-25,0.43631008789632086,4.829299664723765e-22,OFFLOADED,1.0,No,1.0,1.0,1.0,False,False
2164,0.2679254412651062,5.12350249855186e-27,0.7813100066571539,0.0005545320367134751,OFFLOADED,1.0,No,1.0,0.0,0.0,False,False
2165,0.30441388487815857,8.439640797817233e-17,0.3877467424554992,7.524802845936422e-25,OFFLOADED,1.0,No,1.0,1.0,1.0,False,False
2166,0.7848396301269531,0.7700231261921632,0.5506146854036669,3.8135282694226065e-15,OFFLOADED,1.0,No,1.0,1.0,1.0,True,False
2167,0.38237306475639343,4.362117141070114e-09,0.5826812219784194,2.8764838697347815e-13,OFFLOADED,1.0,No,0.0,1.0,0.0,False,False
2168,0.7172093987464905,0.4147426264665191,0.7159243883196463,1.4800820389614854e-06,OFFLOADED,1.0,No,1.0,1.0,1.0,False,False
2169,0.5706552863121033,0.009335704880693503,0.7261581248851512,4.922650982136183e-06,OFFLOADED,1.0,No,1.0,1.0,1.0,False,False
2170,0.2833867371082306,4.717617325130431e-22,0.36346485584716987,2.5757237611848885e-26,OFFLOADED,1.0,No,1.0,1.0,1.0,False,False
2171,0.27896276116371155,1.8073810725010154e-23,0.7536335742983468,5.846205881508432e-05,OFFLOADED,1.0,No,1.0,1.0,1.0,False,False
2172,0.2680228352546692,3.775850717961587e-27,0.3231370155349537,1.7244048716676244e-28,OFFLOADED,1.0,No,1.0,1.0,1.0,False,False
2173,0.7899922132492065,0.7813459666912022,0.9886859634873278,0.9970265602803972,OFFLOADED,0.0,Yes,0.0,0.0,0.0,False,True
2174,0.27615347504615784,1.911144495620969e-24,0.15439031687720717,1.609454809293042e-33,OFFLOADED,1.0,No,1.0,1.0,1.0,False,False
2175,0.5554616451263428,0.005113284278878111,0.4572628515185272,5.226352380567166e-21,OFFLOADED,1.0,No,1.0,1.0,1.0,False,False
2176,0.788276195526123,0.7815808045202476,0.9627731630407306,0.9650466733745937,ACCEPTED,0.0,Yes,0.0,0.0,0.0,True,True
2177,0.26807108521461487,3.405918415680399e-27,0.7278245087524884,5.436388973651537e-06,OFFLOADED,1.0,No,1.0,1.0,1.0,False,False
2178,0.2609151005744934,4.877965929206063e-30,0.8472449112542526,0.06809912746497658,OFFLOADED,1.0,No,1.0,1.0,1.0,False,False
2179,0.774853527545929,0.7322313063845155,0.7932562033957047,0.001632026399002972,OFFLOADED,0.0,Yes,0.0,0.0,0.0,True,False
2180,0.30798813700675964,3.9388571018951526e-16,0.5243631897896578,6.711314645462254e-17,OFFLOADED,1.0,No,1.0,1.0,1.0,False,False
2181,0.3929787874221802,1.6982961904517475e-08,0.9089659092328201,0.6070000467059188,OFFLOADED,1.0,No,0.0,1.0,1.0,False,False
2182,0.25861141085624695,2.912243311778889e-31,0.7280462050124442,5.168634004881918e-06,OFFLOADED,1.0,No,1.0,0.0,0.0,False,False
2183,0.26039037108421326,2.018909996713421e-30,0.6789733495730029,2.696613407035171e-08,OFFLOADED,1.0,No,1.0,1.0,1.0,False,False
2184,0.3303103744983673,6.173589155512223e-13,0.40971273086120713,7.680360514045098e-24,OFFLOADED,1.0,No,1.0,1.0,1.0,False,False
2185,0.5292826294898987,0.0014883426383469095,0.9599709168662056,0.9580047778495647,OFFLOADED,1.0,No,0.0,0.0,1.0,False,True
2186,0.37305355072021484,8.848405903528113e-10,0.4371150029409749,2.6460760896463263e-22,OFFLOADED,1.0,No,1.0,1.0,1.0,False,False
2187,0.32452866435050964,7.911849772751733e-14,0.49230511683620715,4.367824477250614e-19,OFFLOADED,1.0,No,1.0,1.0,0.0,False,False
2188,0.9448707699775696,0.9993708568348106,1.0,1.0,ACCEPTED,0.0,Yes,0.0,0.0,0.0,True,True
2189,0.7302954792976379,0.5032394458813125,1.0,1.0,ACCEPTED,0.0,Yes,0.0,0.0,0.0,True,True
2190,0.47442197799682617,7.490520201153174e-05,0.41986634804923095,2.1821992736469846e-23,OFFLOADED,1.0,No,1.0,1.0,1.0,False,False
2191,0.25008198618888855,4.473709587236021e-35,0.9032035260903473,0.5349681955819588,OFFLOADED,1.0,No,1.0,0.0,0.0,False,True
2192,0.32561448216438293,1.0982591802726849e-13,0.6434198045240574,2.056585079186137e-10,OFFLOADED,1.0,No,1.0,0.0,0.0,False,False
2193,0.6378945708274841,0.09510358371006564,0.6620246344007474,2.39084794107049e-09,OFFLOADED,1.0,No,1.0,1.0,1.0,False,False
2194,0.804509162902832,0.8769682464651616,0.8353766781723957,0.03054514418907498,OFFLOADED,0.0,Yes,0.0,0.0,0.0,True,False
2195,0.4174772799015045,3.57889953905353e-07,0.9523753494421483,0.930267367523781,OFFLOADED,1.0,No,0.0,1.0,1.0,False,True
2196,0.3455291986465454,8.55576712734258e-12,0.9024806995899081,0.5131617590218025,OFFLOADED,1.0,No,1.0,1.0,1.0,False,True
2197,0.27937087416648865,1.2738460343115266e-23,0.32895624018505054,1.977150203068042e-28,OFFLOADED,1.0,No,1.0,1.0,1.0,False,False
2198,0.5657340884208679,0.007015048156669711,0.88430655317876,0.34171597848973073,OFFLOADED,1.0,No,1.0,0.0,0.0,False,False
2199,0.2556288242340088,2.1038379644055605e-33,0.2547427523958933,6.398666184438786e-32,OFFLOADED,1.0,No,1.0,1.0,1.0,False,False
2200,0.877040684223175,0.9923658651779141,0.977751057245374,0.9894549195379877,ACCEPTED,0.0,Yes,0.0,0.0,0.0,True,True
2201,0.32264941930770874,2.8417121222363656e-14,0.5068172472806115,3.8325846878944354e-18,OFFLOADED,1.0,No,1.0,1.0,1.0,False,False
2202,0.2502070963382721,2.682420005332393e-35,0.2862572310680093,1.413092952087591e-30,OFFLOADED,1.0,No,1.0,1.0,1.0,False,False
2203,0.25704094767570496,1.870074873818637e-32,0.6699045397634826,6.662089366419006e-09,OFFLOADED,1.0,No,1.0,1.0,1.0,False,False
2204,0.26156312227249146,4.2771152030632916e-30,0.31728476341201417,3.051703555317953e-29,OFFLOADED,1.0,No,1.0,1.0,1.0,False,False
2205,0.2610877454280853,2.4418117903008575e-30,0.11061801004745406,3.0019403994211176e-34,OFFLOADED,1.0,No,1.0,1.0,1.0,False,False
2206,0.3562808632850647,4.572540709798582e-11,0.3205426981481353,4.5746462736907506e-29,OFFLOADED,1.0,No,1.0,1.0,1.0,False,False
2207,0.27074092626571655,1.4581865841087802e-26,0.7966598080270217,0.0021258569693842324,OFFLOADED,1.0,No,1.0,1.0,1.0,False,False
2208,0.26100796461105347,1.8617168042777263e-30,0.7023406460763159,2.2455058428879925e-07,OFFLOADED,1.0,No,1.0,1.0,1.0,False,False
2209,0.27065134048461914,1.2845669337234561e-26,0.6812326039149372,2.8207076502674786e-08,OFFLOADED,1.0,No,0.0,1.0,1.0,False,False
2210,0.9599460959434509,0.9996694977663724,0.9793246309943273,0.9915640212916073,ACCEPTED,0.0,Yes,0.0,0.0,0.0,True,True
2211,0.818505048751831,0.9179843641334277,0.6392533151033352,7.606545577638218e-11,OFFLOADED,0.0,Yes,0.0,0.0,0.0,True,False
2212,0.5685710310935974,0.007454680428023003,0.7446797339232081,2.547855093011495e-05,OFFLOADED,1.0,No,1.0,1.0,1.0,False,False
2213,0.33388903737068176,9.11720742702908e-13,0.8275941217745129,0.01963080448892795,OFFLOADED,1.0,No,0.0,1.0,1.0,False,False
2214,0.2981104552745819,1.0472267663061034e-18,0.5367698516561794,1.9987227021720062e-16,OFFLOADED,1.0,No,1.0,1.0,1.0,False,False
2215,0.3552379608154297,3.397211360748461e-11,0.8340824763795968,0.026733753750038034,OFFLOADED,1.0,No,1.0,1.0,1.0,False,False
2216,0.2593713700771332,1.7256634687109847e-31,0.38639618019894495,1.2930427087461183e-25,OFFLOADED,1.0,No,1.0,1.0,1.0,False,False
2217,0.8587245345115662,0.9816995438843389,0.7631325916652922,7.940107668001903e-05,OFFLOADED,0.0,Yes,0.0,0.0,0.0,True,False
2218,0.2840272784233093,2.4169220561069525e-22,0.35570787783150304,2.830679331558249e-27,OFFLOADED,1.0,No,1.0,1.0,1.0,False,False
2219,0.9004141092300415,0.9977844330388221,0.8423551319224045,0.042186825174099794,OFFLOADED,1.0,No,1.0,1.0,1.0,True,False
2220,0.0,0.0,0.3942854495148223,4.522919275128126e-25,OFFLOADED,0.0,Yes,0.0,0.0,0.0,False,False
2221,0.2554244101047516,6.513183225655653e-34,0.5823934196292135,1.1017654103809119e-13,OFFLOADED,1.0,No,0.0,1.0,1.0,False,False
2222,0.3420259654521942,4.071587224085026e-12,0.6116367218667899,2.5827196529419647e-12,OFFLOADED,0.0,Yes,0.0,0.0,0.0,False,False
2223,0.2850674092769623,4.398205648052686e-22,0.3588221752783631,3.927676189491843e-27,OFFLOADED,1.0,No,1.0,1.0,1.0,False,False
2224,0.2574296295642853,1.4933803667626322e-32,0.42777641579281295,3.1446935894575346e-23,OFFLOADED,1.0,No,1.0,1.0,1.0,False,False
2225,0.8187199831008911,0.9234384721063642,0.5686444726409869,2.3029747824043305e-14,OFFLOADED,0.0,Yes,0.0,0.0,0.0,False,False
2226,0.3765571713447571,1.0773475427861515e-09,0.5387168570951311,2.483631855062263e-16,OFFLOADED,1.0,No,1.0,1.0,1.0,False,False
2227,0.32419711351394653,3.74587340077701e-14,0.6100671145866273,2.3204826157264258e-12,OFFLOADED,1.0,No,1.0,0.0,0.0,False,False
2228,0.2696716785430908,3.70722047324945e-27,0.33848711481179306,2.583368818295392e-28,OFFLOADED,1.0,No,1.0,1.0,1.0,False,False
2229,0.584198534488678,0.016092195911336732,0.9812278869759133,0.9933124511158679,OFFLOADED,0.0,Yes,0.0,0.0,0.0,False,True
2230,0.27604958415031433,5.08816359809459e-25,0.6968590250707117,1.065317004069661e-07,OFFLOADED,1.0,No,1.0,1.0,1.0,False,False
2231,0.37248602509498596,6.032176822793814e-10,0.6144425872486133,3.2797337037996654e-12,OFFLOADED,1.0,No,1.0,1.0,1.0,False,False
2232,0.9297907948493958,0.999256606125054,0.8623952704831098,0.13032764864232968,OFFLOADED,1.0,No,1.0,1.0,1.0,True,False
2233,0.6359419822692871,0.08754062347892487,0.8708249629656105,0.1943037002778297,OFFLOADED,0.0,Yes,0.0,0.0,0.0,False,False
2234,0.340616911649704,3.469978432938001e-12,0.7281492282798713,3.731424673600619e-06,OFFLOADED,1.0,No,1.0,1.0,1.0,False,False
2235,0.8374537825584412,0.9573099560753026,0.7927780424874691,0.0012310141789351027,OFFLOADED,0.0,Yes,0.0,0.0,0.0,True,False
2236,0.29526740312576294,2.0596667977271682e-19,0.590034488933833,2.2024683012803152e-13,OFFLOADED,1.0,No,1.0,1.0,1.0,False,False
2237,0.2514410614967346,8.209820280615829e-36,0.4072890519498234,1.8485629375074083e-24,OFFLOADED,1.0,No,1.0,1.0,1.0,False,False
2238,0.2546316087245941,1.2437759062432068e-34,0.6712139006796187,5.109130204302798e-09,OFFLOADED,1.0,No,1.0,1.0,1.0,False,False
2239,0.2912065088748932,1.8518311201511996e-20,0.9236141291337563,0.7262350104340086,OFFLOADED,1.0,No,1.0,0.0,1.0,False,True
2240,0.9118000864982605,0.9986793892455654,0.9857799487133645,0.996042558574155,ACCEPTED,0.0,Yes,0.0,0.0,0.0,True,True
2241,0.251101016998291,6.763148760284732e-36,0.7510048039934683,3.560008785854255e-05,OFFLOADED,1.0,No,1.0,1.0,1.0,False,False
2242,0.25189095735549927,7.002420402068186e-36,0.29260858068973106,6.945674409350499e-31,OFFLOADED,1.0,No,1.0,1.0,1.0,False,False
2243,0.3374049663543701,1.919874312618798e-12,0.7285905222135978,3.722332554657531e-06,OFFLOADED,1.0,No,1.0,0.0,0.0,False,False
2244,0.2695688009262085,2.559740667242119e-27,0.3467073194897743,4.390160578767367e-28,OFFLOADED,1.0,No,1.0,1.0,1.0,False,False
2245,0.2509612739086151,5.329315151922698e-36,0.33089699445498366,6.52354778735412e-29,OFFLOADED,1.0,No,1.0,1.0,1.0,False,False
2246,0.3196621239185333,8.228005713472325e-15,0.7039587301797722,1.77003824440374e-07,OFFLOADED,1.0,No,1.0,0.0,0.0,False,False
2247,0.0,0.0,0.6410669092935675,6.455834022606095e-11,OFFLOADED,0.0,Yes,0.0,0.0,0.0,False,False
2248,0.28837504982948303,2.345187419794467e-21,0.6044492302213872,8.522289842638455e-13,OFFLOADED,1.0,No,1.0,1.0,1.0,False,False
2249,0.3896312415599823,8.574895253729448e-09,0.5965832935957218,3.3777810601798303e-13,OFFLOADED,1.0,No,1.0,1.0,1.0,False,False
2250,0.32572561502456665,5.799715678776633e-14,0.27747144068661517,1.235295796849933e-31,OFFLOADED,1.0,No,1.0,1.0,1.0,False,False
2251,0.25330057740211487,1.287808538658907e-35,0.5450796631934857,3.7189310290585133e-16,OFFLOADED,1.0,No,1.0,1.0,1.0,False,False
2252,0.28499314188957214,2.3526701830355173e-22,0.21034640057685977,6.153117968734794e-34,OFFLOADED,1.0,No,1.0,1.0,1.0,False,False
2253,0.0,0.0,0.924654199904015,0.7289958410747857,OFFLOADED,0.0,Yes,0.0,0.0,0.0,False,False
2254,0.7093973159790039,0.3893656215366325,0.5715114481959942,2.0187307791670395e-14,OFFLOADED,1.0,No,1.0,1.0,1.0,True,False
2255,0.2856229543685913,3.0932633140824896e-22,0.6471010357363197,1.6029520932854014e-10,OFFLOADED,1.0,No,1.0,0.0,0.0,False,False
2256,0.7373314499855042,0.5610580404199248,0.6632006664009628,1.3206705770625996e-09,OFFLOADED,1.0,No,1.0,1.0,1.0,True,False
2257,0.25129297375679016,3.184865331504344e-36,0.21559952373488717,6.477156871322176e-34,OFFLOADED,1.0,No,1.0,1.0,1.0,False,False
2258,0.2681979238986969,4.471796175579317e-28,0.34475760997936183,2.2136567110218997e-28,OFFLOADED,1.0,No,1.0,1.0,1.0,False,False
2259,0.9266870021820068,0.99918700358786,0.96777215326101,0.9733101790247569,ACCEPTED,0.0,Yes,0.0,0.0,0.0,True,True
2260,0.4267273545265198,9.955879904898888e-07,0.5296487171646871,3.1255752065950225e-17,OFFLOADED,1.0,No,1.0,1.0,1.0,False,False
2261,0.618310809135437,0.05315865675646489,0.6726759445975952,4.998426693337347e-09,OFFLOADED,1.0,No,1.0,1.0,1.0,False,False
2262,0.2775397300720215,6.473690885481913e-25,0.7976915602929845,0.0019241401951010303,OFFLOADED,1.0,No,0.0,1.0,1.0,False,False
2263,0.8516573905944824,0.9768741152081544,0.8205642218249882,0.011663512365077816,OFFLOADED,0.0,Yes,0.0,0.0,0.0,True,False
2264,0.7318857312202454,0.5129414841023733,0.7227924023461104,1.6629178151944804e-06,OFFLOADED,0.0,Yes,0.0,0.0,0.0,True,False
2265,0.0,0.0,0.9853766821127492,0.9964232927043589,OFFLOADED,0.0,Yes,0.0,0.0,0.0,False,True
2266,0.29776978492736816,4.868253930422991e-19,0.7890654193403753,0.000939302214910766,OFFLOADED,1.0,No,0.0,1.0,1.0,False,False
2267,0.2997044324874878,1.4008560216899137e-18,0.51244321806122,2.259282718673878e-18,OFFLOADED,1.0,No,1.0,1.0,0.0,False,False
2268,0.2713419795036316,5.385822859073211e-27,0.40572294797935293,7.180574494215986e-25,OFFLOADED,1.0,No,1.0,1.0,1.0,False,False
2269,0.3184560537338257,4.428735981839099e-15,0.5774294770504687,3.2018568444602193e-14,OFFLOADED,1.0,No,1.0,1.0,1.0,False,False
2270,0.27213630080223083,9.47466957011522e-27,0.561009000837906,3.4800511875247702e-15,OFFLOADED,1.0,No,1.0,0.0,0.0,False,False
2271,0.2986283600330353,6.848812024611586e-19,0.9066121314004479,0.5313835650263932,OFFLOADED,1.0,No,0.0,1.0,1.0,False,False
2272,0.6542746424674988,0.134811890717569,0.9773789248062356,0.9910939772921786,OFFLOADED,0.0,Yes,0.0,0.0,0.0,False,True
2273,0.8029941916465759,0.8888516395922702,0.4787186785297526,1.2528410012686654e-20,OFFLOADED,1.0,No,1.0,1.0,1.0,True,False
2274,0.26058611273765564,1.7278519906452132e-31,0.3689503513484683,3.5752560751131674e-27,OFFLOADED,1.0,No,1.0,1.0,1.0,False,False
2275,0.8877192735671997,0.9962546877406565,0.8164449089221909,0.009364834838743763,OFFLOADED,0.0,Yes,0.0,0.0,0.0,True,False
2276,0.3129848539829254,8.013666699808464e-16,0.6940884565760126,6.826292080770273e-08,OFFLOADED,1.0,No,1.0,1.0,1.0,False,False
2277,0.4719010293483734,5.360327697564148e-05,0.9126074113954893,0.5842123001247667,OFFLOADED,0.0,Yes,0.0,0.0,0.0,False,True
2278,0.7380474209785461,0.5642230568965412,0.7970615450456324,0.001871183517660057,OFFLOADED,0.0,Yes,0.0,0.0,0.0,True,False
2279,0.35849836468696594,5.6050186343931935e-11,0.9167074435613848,0.643258394313646,OFFLOADED,1.0,No,1.0,0.0,0.0,False,False
2280,0.41556045413017273,2.607987549455233e-07,0.6012232596423104,4.814978680266593e-13,OFFLOADED,1.0,No,1.0,0.0,0.0,False,False
2281,0.33812615275382996,1.7102481103868813e-12,0.6074929737803595,9.401182169357389e-13,OFFLOADED,1.0,No,1.0,1.0,1.0,False,False
2282,0.8186726570129395,0.9288604064382575,0.9485184688583543,0.9092615004887684,OFFLOADED,0.0,Yes,0.0,0.0,0.0,False,True
2283,0.26003706455230713,6.562158410895347e-32,0.4878912795741101,3.7426935183415914e-20,OFFLOADED,1.0,No,1.0,1.0,1.0,False,False
2284,0.4157080352306366,2.526691649480273e-07,0.8229395145810913,0.014027690462600802,OFFLOADED,1.0,No,1.0,0.0,0.0,False,False
2285,0.8036730885505676,0.8931334316459887,0.29738589677119315,3.016776686125386e-31,OFFLOADED,1.0,No,1.0,1.0,1.0,True,False
2286,0.3228381872177124,1.3337085791163703e-14,0.7789043182000044,0.00031611603586089994,OFFLOADED,1.0,No,1.0,1.0,1.0,False,False
2287,0.8742247819900513,0.993867991441664,0.9014398744319072,0.47239718778491535,OFFLOADED,0.0,Yes,0.0,0.0,0.0,True,False
2288,0.5081090927124023,0.0005887271773882221,0.900768515207535,0.4820700037747722,OFFLOADED,1.0,No,0.0,1.0,1.0,False,True
2289,0.5734319090843201,0.01022124839341319,0.5109558306011855,1.2463193985185311e-18,OFFLOADED,1.0,No,1.0,1.0,1.0,False,False
2290,0.7757636308670044,0.7667178184503768,1.0,1.0,ACCEPTED,0.0,Yes,0.0,0.0,0.0,True,True
2291,0.5434405207633972,0.0026860087916839408,0.5886711221715348,8.817289815964443e-14,OFFLOADED,1.0,No,0.0,0.0,1.0,False,False
2292,0.7557750344276428,0.6902193942903833,0.6445142488353305,8.800003469696106e-11,OFFLOADED,1.0,No,1.0,1.0,1.0,False,False
2293,0.3122393488883972,4.0266620495706027e-16,0.6741677105656303,5.677535261710302e-09,OFFLOADED,1.0,No,1.0,1.0,1.0,False,False
2294,0.32854580879211426,9.910262734548478e-14,0.9243717554761675,0.7332223185790353,OFFLOADED,1.0,No,1.0,1.0,1.0,False,True
2295,0.2663351595401764,2.8869810147661445e-29,0.716633921447374,7.38956279534917e-07,OFFLOADED,0.0,Yes,0.0,0.0,0.0,False,False
2296,0.451282262802124,9.599337934561535e-06,0.47608069401265113,5.6774777130216465e-21,OFFLOADED,1.0,No,0.0,1.0,1.0,False,False
2297,0.6945640444755554,0.3078928972769516,0.7192736566243008,1.0421871183989174e-06,OFFLOADED,1.0,No,1.0,1.0,0.0,False,False
2298,0.9526191353797913,0.9997167430012546,0.7687162273811287,0.00011023615118564574,OFFLOADED,0.0,Yes,0.0,0.0,0.0,True,False
2299,0.0,0.0,0.8195982979347539,0.011257531774565439,OFFLOADED,0.0,Yes,0.0,0.0,0.0,False,False
2300,0.2587636709213257,9.435414663374692e-33,0.8145189433758458,0.008581760088431634,OFFLOADED,1.0,No,1.0,1.0,1.0,False,False
2301,0.2903916835784912,2.9944655934849212e-21,0.870000913996092,0.18989865182389637,OFFLOADED,1.0,No,1.0,1.0,1.0,False,False
2302,0.3076324462890625,4.151815804768763e-17,0.36601486413787826,1.3930699731855485e-27,OFFLOADED,1.0,No,1.0,1.0,1.0,False,False
2303,0.25719237327575684,1.0356413821260501e-33,0.22770337827596546,4.057654529729118e-34,OFFLOADED,1.0,No,1.0,1.0,1.0,False,False
2304,0.254281222820282,9.223007789385854e-36,0.2568600615023716,3.160956093074788e-33,OFFLOADED,1.0,No,1.0,1.0,1.0,False,False
2305,0.360350638628006,5.1184279963830455e-11,0.7148332874582735,6.005177204996395e-07,OFFLOADED,1.0,No,1.0,1.0,1.0,False,False
2306,0.3100872337818146,1.320438332802386e-16,0.7579670635880922,5.535432188414267e-05,OFFLOADED,1.0,No,1.0,1.0,1.0,False,False
2307,0.2607698440551758,9.160751441447234e-32,0.6373874116239227,2.5100177889146413e-11,OFFLOADED,1.0,No,1.0,1.0,1.0,False,False
2308,0.5132791996002197,0.0005726940395303812,0.9681570483206547,0.9754050767257606,OFFLOADED,0.0,Yes,0.0,0.0,0.0,False,True
2309,0.30921757221221924,8.76035512529792e-17,0.5965225634734673,1.599131822925742e-13,OFFLOADED,1.0,No,1.0,0.0,0.0,False,False
2310,0.2974786162376404,1.4782643546210185e-19,0.5282538188585861,1.1006854166626024e-17,OFFLOADED,1.0,No,1.0,1.0,1.0,False,False
2311,0.26187920570373535,3.2524971242153724e-31,0.7085452121810438,2.384821668147377e-07,OFFLOADED,1.0,No,1.0,1.0,1.0,False,False
2312,0.4510234594345093,9.03068138416695e-06,0.8564625855381023,0.08818886645951049,OFFLOADED,1.0,No,1.0,1.0,1.0,False,False
2313,0.28060072660446167,2.6477354157287785e-24,0.48590049698973625,1.2684616194324052e-20,OFFLOADED,1.0,No,1.0,1.0,1.0,False,False
2314,0.4540279805660248,1.0848263995445174e-05,0.762185440142228,6.398612676764743e-05,OFFLOADED,0.0,Yes,0.0,0.0,0.0,False,False
2315,0.0,0.0,1.0,1.0,OFFLOADED,0.0,Yes,0.0,0.0,0.0,False,True
2316,0.2551855444908142,2.6262380773756393e-35,0.6369920005285861,2.115584482483577e-11,OFFLOADED,1.0,No,1.0,0.0,0.0,False,False
2317,0.772892415523529,0.7528722263740305,0.9513572554470573,0.9209504570801297,ACCEPTED,0.0,Yes,0.0,0.0,0.0,True,True
2318,0.32632189989089966,3.7835162044116074e-14,0.20232803650605116,5.485127495714233e-35,OFFLOADED,1.0,No,1.0,1.0,1.0,False,False
2319,0.7967615127563477,0.862752162829779,0.5136955336337035,1.0471057897191834e-18,OFFLOADED,1.0,No,1.0,1.0,1.0,True,False
2320,0.29752060770988464,1.3567843927629942e-19,0.7884132024971431,0.0007669294571008972,OFFLOADED,1.0,No,1.0,1.0,1.0,False,False
2321,0.0,0.0,0.9144158661475672,0.5961476236006629,OFFLOADED,0.0,Yes,0.0,0.0,0.0,False,True
2322,0.8982047438621521,0.997994366222543,1.0,1.0,ACCEPTED,0.0,Yes,0.0,0.0,0.0,True,True
2323,0.8095952868461609,0.9050749400825115,0.9817345315559064,0.9955691100484934,ACCEPTED,1.0,No,1.0,1.0,1.0,True,True
2324,0.3758753538131714,6.484696132826777e-10,0.8720710392959088,0.2000967306851751,OFFLOADED,1.0,No,0.0,1.0,0.0,False,False
2325,0.6130857467651367,0.04410325097477945,0.6063820242573429,4.1302380153482087e-13,OFFLOADED,1.0,No,1.0,1.0,1.0,False,False
2326,0.7805799245834351,0.7790455924104577,0.885687660146746,0.3224633555251066,OFFLOADED,0.0,Yes,0.0,0.0,0.0,False,True
2327,0.6193448901176453,0.05227612771052578,0.5262076512465923,6.24468685744468e-18,OFFLOADED,1.0,No,1.0,1.0,0.0,False,False
2328,0.30974307656288147,8.804770892959688e-17,0.5844383750119791,2.9361128009427026e-14,OFFLOADED,1.0,No,1.0,1.0,0.0,False,False
2329,0.9428384304046631,0.9996553946042295,0.8104388078803982,0.005425282638201177,OFFLOADED,1.0,No,1.0,1.0,1.0,True,False
2330,0.6342706680297852,0.08036013817175972,0.6991577224618338,7.430798268662956e-08,OFFLOADED,1.0,No,1.0,1.0,1.0,False,False
2331,0.40624183416366577,4.6173466704604326e-08,0.3491103108367109,6.001188529849522e-29,OFFLOADED,1.0,No,1.0,1.0,1.0,False,False
2332,0.5922096371650696,0.018882057092173308,0.7625977028795647,6.319181918555416e-05,OFFLOADED,1.0,No,0.0,0.0,1.0,True,False
2333,0.7742812633514404,0.7652952275572484,0.9401956094421183,0.8736392453444778,OFFLOADED,0.0,Yes,0.0,0.0,0.0,False,False
2334,0.910494327545166,0.9989687597848093,1.0,1.0,ACCEPTED,0.0,Yes,0.0,0.0,0.0,True,True
2335,0.8965482115745544,0.9980370099010911,0.5724663443393853,5.869436826093761e-15,OFFLOADED,1.0,No,1.0,1.0,1.0,True,False
2336,0.40467560291290283,3.5341781646184646e-08,0.8731148173210261,0.20978599328323758,OFFLOADED,1.0,No,1.0,0.0,0.0,False,False
2337,0.2718820571899414,1.4304888078064745e-27,1.0,1.0,OFFLOADED,1.0,No,1.0,0.0,0.0,False,True
2338,0.8799247145652771,0.9954928693401852,0.7577848955452383,4.268484661969085e-05,OFFLOADED,0.0,Yes,0.0,0.0,0.0,True,False
2339,0.8764539361000061,0.9950880333057374,0.7728714249707072,0.00013885553720128352,OFFLOADED,1.0,No,1.0,1.0,1.0,True,False
2340,0.3742518126964569,3.474927529183165e-10,0.8155228618455193,0.007495928200564748,OFFLOADED,1.0,No,1.0,0.0,0.0,False,False
2341,0.31389355659484863,3.333867492516468e-16,0.9527734709550193,0.9354317583472844,OFFLOADED,1.0,No,1.0,1.0,1.0,False,True
2342,0.39984768629074097,1.8252402492713906e-08,0.8419197351341667,0.032913300892293385,OFFLOADED,1.0,No,0.0,0.0,1.0,False,False
2343,0.25378844141960144,1.3159259152848955e-36,0.1970491181801668,2.02127528984597e-35,OFFLOADED,1.0,No,1.0,1.0,1.0,False,False
2344,0.6853238344192505,0.25000834197009664,0.5031385298861345,1.0557222895449788e-19,OFFLOADED,1.0,No,1.0,1.0,1.0,False,False
2345,0.773828387260437,0.770571260843419,0.9313973722954418,0.8098741627821383,ACCEPTED,0.0,Yes,0.0,0.0,0.0,True,True
2346,0.35913071036338806,2.4168743883224358e-11,0.5187713625332517,1.2314685611366875e-18,OFFLOADED,1.0,No,1.0,1.0,1.0,False,False
2347,0.2503780424594879,1.6815833950761478e-37,0.3625843292855547,2.4131572826382644e-28,OFFLOADED,1.0,No,1.0,1.0,1.0,False,False
2348,0.7158650159835815,0.4148424496047195,1.0,1.0,OFFLOADED,0.0,Yes,0.0,0.0,0.0,False,True
2349,0.33025091886520386,8.661497248148e-14,0.5409171227233897,3.7067269127042093e-17,OFFLOADED,1.0,No,1.0,1.0,1.0,False,False
2350,0.6150317192077637,0.04022093646869552,0.8818981982223083,0.2860964109206857,OFFLOADED,1.0,No,1.0,1.0,1.0,False,False
2351,0.25555554032325745,1.745828623514713e-35,0.3765115699364137,1.2873427657490152e-27,OFFLOADED,1.0,No,1.0,1.0,1.0,False,False
2352,0.25601062178611755,3.6521305388929953e-35,0.9020991923613931,0.4696145278203402,OFFLOADED,1.0,No,1.0,0.0,0.0,False,True
2353,0.4257427155971527,5.536841247950621e-07,0.86332056136617,0.11090705876954272,OFFLOADED,0.0,Yes,0.0,0.0,0.0,False,False
2354,0.812529981136322,0.9211334650786757,0.7690151701954148,7.883772298181328e-05,OFFLOADED,1.0,No,1.0,1.0,1.0,True,False
2355,0.2786567509174347,2.304981732140889e-25,0.16860958021384137,5.7597798073819766e-36,OFFLOADED,1.0,No,1.0,1.0,1.0,False,False
2356,0.7858646512031555,0.8222587245245428,0.5731641390017518,4.762719892453611e-15,OFFLOADED,1.0,No,1.0,1.0,1.0,True,False
2357,0.25964030623435974,5.99285466440392e-33,0.666904295301262,9.120872144446438e-10,OFFLOADED,1.0,No,0.0,1.0,1.0,False,False
2358,0.2983004152774811,1.0175933602990835e-19,0.46662728434221157,2.8917434407705187e-22,OFFLOADED,1.0,No,1.0,1.0,1.0,False,False
2359,0.2821689546108246,3.385918838041232e-24,0.4970367823156726,2.6668111836476318e-20,OFFLOADED,1.0,No,1.0,1.0,1.0,False,False
2360,0.864788830280304,0.9895384165407857,0.690315708313696,2.178567604474224e-08,OFFLOADED,1.0,No,1.0,1.0,1.0,True,False
2361,0.27419233322143555,7.044466709772368e-27,0.5125953763403681,3.0061529204808423e-19,OFFLOADED,1.0,No,0.0,1.0,1.0,False,False
2362,0.9068957567214966,0.9986601385787015,0.8153398901369522,0.006477048591595593,OFFLOADED,0.0,Yes,0.0,0.0,0.0,True,False
2363,0.45391687750816345,8.769316000435014e-06,0.8660441134718083,0.1372280004478769,OFFLOADED,0.0,Yes,0.0,0.0,0.0,False,False
2364,0.25205758213996887,1.2939588432828873e-37,0.17476625503545556,4.982000234188003e-36,OFFLOADED,1.0,No,1.0,1.0,1.0,False,False
2365,0.9376891255378723,0.9995716648510236,0.7008801472845554,6.87552486487577e-08,OFFLOADED,1.0,No,1.0,1.0,1.0,True,False
2366,0.3481954336166382,3.134597210585404e-12,0.5344133914445268,1.0112882064420197e-17,OFFLOADED,1.0,No,1.0,1.0,1.0,False,False
2367,0.8416589498519897,0.9645274729467951,0.9064841737658405,0.5091694263676454,ACCEPTED,0.0,Yes,0.0,0.0,0.0,True,True
2368,0.27027642726898193,2.1578672833285692e-28,0.8190441159185445,0.009544394131673392,OFFLOADED,1.0,No,1.0,1.0,0.0,False,False
2369,0.41213834285736084,9.149227314233783e-08,0.9716689844040434,0.9848687530702651,OFFLOADED,0.0,Yes,0.0,0.0,0.0,False,True
2370,0.2605949640274048,1.7326160843427973e-32,0.5211352475319908,1.1526964253610773e-18,OFFLOADED,1.0,No,1.0,1.0,1.0,False,False
2371,0.2589706778526306,2.0028679503624344e-33,0.7005901670351606,6.114181206195873e-08,OFFLOADED,1.0,No,1.0,1.0,1.0,False,False
2372,0.3618798553943634,4.434514019380775e-11,0.31552236294903313,1.9364822720657023e-31,OFFLOADED,1.0,No,1.0,1.0,1.0,False,False
2373,0.2639206647872925,7.326240605536583e-31,0.6825226900937452,9.184910164577728e-09,OFFLOADED,1.0,No,0.0,1.0,1.0,False,False
2374,0.2673434019088745,1.3576141808407538e-29,0.5109253412025022,1.7453047367612902e-19,OFFLOADED,1.0,No,1.0,1.0,1.0,False,False
2375,0.7020369172096252,0.3336467838277692,0.912520672808659,0.5952133556256859,OFFLOADED,0.0,Yes,0.0,0.0,0.0,True,False
2376,0.2770495116710663,4.725753114387983e-26,0.14200880105237582,1.676128132205049e-36,OFFLOADED,1.0,No,1.0,1.0,1.0,False,False
2377,0.8026837110519409,0.8860297834813972,0.9900489735752889,0.9983868273758862,ACCEPTED,0.0,Yes,0.0,0.0,0.0,True,True
2378,0.9098610877990723,0.9990012104481685,0.6859798927990951,1.3164842932095473e-08,OFFLOADED,1.0,No,1.0,1.0,1.0,True,False
2379,0.47069284319877625,3.6096098749472976e-05,0.33588104473593516,2.774768111640828e-30,OFFLOADED,1.0,No,1.0,1.0,1.0,False,False
2380,0.2679578363895416,2.116980208584931e-29,0.5885393839437877,2.3062626002064495e-14,OFFLOADED,1.0,No,1.0,1.0,1.0,False,False
2381,0.3017929494380951,7.997332369376527e-19,0.509129470261141,1.1568206652217195e-19,OFFLOADED,1.0,No,1.0,1.0,1.0,False,False
2382,0.5881466269493103,0.015137975556143915,0.8077890430005387,0.0038590542313219245,OFFLOADED,1.0,No,1.0,1.0,1.0,False,False
2383,0.25759080052375793,2.1676453369512163e-34,0.6766303256774068,3.370812585385799e-09,OFFLOADED,1.0,No,1.0,1.0,1.0,False,False
2384,0.6263106465339661,0.058479169587616474,0.8071384734602919,0.0034232066401442955,OFFLOADED,1.0,No,1.0,1.0,1.0,False,False
2385,0.2879953682422638,1.4269624096255207e-22,0.3175292983350273,1.4686713349490652e-31,OFFLOADED,1.0,No,1.0,1.0,1.0,False,False
2386,0.329545259475708,5.556059217324844e-14,0.7669100558809312,6.108598862300178e-05,OFFLOADED,1.0,No,1.0,1.0,1.0,False,False
2387,0.31191688776016235,1.0740295824962571e-16,0.6368734660489204,7.804923228080632e-12,OFFLOADED,1.0,No,1.0,1.0,1.0,False,False
2388,0.2853417694568634,1.992380828791555e-23,0.4594433636378664,4.1464325950561345e-23,OFFLOADED,1.0,No,1.0,1.0,1.0,False,False
2389,0.6411762833595276,0.09078447033353454,0.5074039490183188,6.364845925533929e-20,OFFLOADED,1.0,No,1.0,1.0,1.0,False,False
2390,0.8579745888710022,0.9853858267393766,0.8622488722293117,0.11980631148642111,OFFLOADED,0.0,Yes,0.0,0.0,0.0,True,False
2391,0.2996603846549988,1.6028958512903967e-19,0.36366204064267177,7.080689648358509e-29,OFFLOADED,1.0,No,1.0,1.0,1.0,False,False
2392,0.28306061029434204,3.982522330889959e-24,0.7890392028201169,0.0006306444394972281,OFFLOADED,1.0,No,1.0,1.0,1.0,False,False
2393,0.2515459358692169,3.5242624086392095e-38,0.5979370856984202,5.4215363885322454e-14,OFFLOADED,1.0,No,1.0,1.0,1.0,False,False
2394,0.3668203055858612,8.532863547472871e-11,0.16284743403076768,9.891703797803679e-37,OFFLOADED,1.0,No,1.0,1.0,1.0,False,False
2395,0.6037018299102783,0.023200537175805953,0.9159770471422874,0.6493456952872287,OFFLOADED,1.0,No,1.0,1.0,1.0,False,True
2396,0.5736039876937866,0.005925824439554379,0.5311289491641238,3.1008182459447542e-18,OFFLOADED,1.0,No,1.0,1.0,1.0,False,False
2397,0.0,0.0,0.9253027435031518,0.7551897911677161,OFFLOADED,0.0,Yes,0.0,0.0,0.0,False,False
2398,0.7790193557739258,0.798380250156802,0.9876532978710347,0.9980832616942201,ACCEPTED,0.0,Yes,0.0,0.0,0.0,True,True
2399,0.3026640713214874,7.749301736567029e-19,0.26799099855670466,4.290737472626218e-34,OFFLOADED,1.0,No,1.0,1.0,1.0,False,False
2400,0.290005087852478,3.5383578611204326e-22,0.8791837256662823,0.2651657385669902,OFFLOADED,1.0,No,1.0,0.0,0.0,False,True
2401,0.34570980072021484,1.5130726550296073e-12,0.2423209106327531,3.9263339744205253e-35,OFFLOADED,1.0,No,1.0,1.0,1.0,False,False
2402,0.25641387701034546,1.4259724754397468e-35,0.5402010964518101,1.2572966719979121e-17,OFFLOADED,1.0,No,1.0,1.0,1.0,False,False
2403,0.6271428465843201,0.05338222307999478,0.9844879351499147,0.9972049867198454,OFFLOADED,0.0,Yes,0.0,0.0,0.0,False,True
2404,0.2645149528980255,4.563190279469083e-31,0.5272840964637857,1.4427476159822102e-18,OFFLOADED,1.0,No,1.0,1.0,1.0,False,False
2405,0.2565673887729645,1.7897819331579775e-35,0.4283393754544546,3.567053385988881e-25,OFFLOADED,1.0,No,1.0,1.0,1.0,False,False
2406,0.3313681483268738,8.022738030930462e-14,0.661143774027587,2.3350693917800857e-10,OFFLOADED,1.0,No,1.0,1.0,1.0,False,False
2407,0.2992241680622101,8.615845989150488e-20,0.7573008738219785,2.9987655671827327e-05,OFFLOADED,1.0,No,1.0,1.0,1.0,False,False
2408,0.3949112594127655,7.264579443501929e-09,0.39761105446111805,5.706284183750673e-27,OFFLOADED,1.0,No,1.0,1.0,1.0,False,False
2409,0.4302558898925781,8.508530477781245e-07,0.6006503353772278,6.301710801071093e-14,OFFLOADED,0.0,Yes,0.0,0.0,0.0,False,False
2410,0.26006314158439636,1.8740149045008446e-33,0.5682885829239849,1.145699230375165e-15,OFFLOADED,1.0,No,1.0,1.0,1.0,False,False
2411,0.6235909461975098,0.04915535490125047,0.5669547107705817,9.001749868790817e-16,OFFLOADED,1.0,No,1.0,1.0,1.0,False,False
2412,0.25656893849372864,1.3449053240847806e-35,0.22089022406258896,5.481592556906849e-36,OFFLOADED,1.0,No,1.0,1.0,1.0,False,False
2413,0.8947612047195435,0.9979663468662103,0.5687807003144257,1.1138625747775697e-15,OFFLOADED,0.0,Yes,0.0,0.0,0.0,True,False
2414,0.29255184531211853,1.510065752800206e-21,0.26356589411399406,1.6707714011484227e-34,OFFLOADED,1.0,No,1.0,1.0,1.0,False,False
2415,0.30127596855163574,2.890047286536276e-19,0.7956149044804555,0.0010765888818955946,OFFLOADED,1.0,No,0.0,1.0,0.0,False,False
2416,0.26046106219291687,2.775254925522679e-33,0.3022138258856079,9.195875800579958e-33,OFFLOADED,1.0,No,1.0,1.0,1.0,False,False
2417,0.8129473924636841,0.9246493608067743,0.3962297431605779,4.266701415535777e-27,OFFLOADED,1.0,No,1.0,1.0,1.0,True,False
2418,0.5923834443092346,0.01412947977973009,0.4277973088972598,2.585674959203666e-25,OFFLOADED,1.0,No,1.0,1.0,1.0,False,False
2419,0.313113272190094,1.0798225135917822e-16,0.31972496193869787,7.193977935967493e-32,OFFLOADED,1.0,No,1.0,1.0,1.0,False,False
2420,0.4610765278339386,1.0785612416346712e-05,0.5994986047494039,5.350883559417947e-14,OFFLOADED,1.0,No,1.0,1.0,1.0,False,False
2421,0.29962605237960815,7.961928373280236e-20,0.41232796384730036,3.114041592822898e-26,OFFLOADED,1.0,No,1.0,1.0,1.0,False,False
2422,0.3262237310409546,9.704880108290669e-15,0.38448683996622224,4.856090121607859e-28,OFFLOADED,1.0,No,1.0,1.0,1.0,False,False
2423,0.6630123853683472,0.15206696426107996,0.5938207553186976,2.4821587006434735e-14,OFFLOADED,1.0,No,1.0,1.0,1.0,False,False
2424,0.2793227434158325,8.026082001595004e-26,0.5872859955378592,9.819967559803214e-15,OFFLOADED,1.0,No,1.0,1.0,1.0,False,False
2425,0.2738751769065857,1.064218982289944e-27,0.5409975850444716,9.743208062018184e-18,OFFLOADED,1.0,No,0.0,1.0,0.0,False,False
2426,0.8374067544937134,0.9623600322825792,0.6705504750479586,8.366935703277939e-10,OFFLOADED,1.0,No,1.0,1.0,1.0,True,False
2427,0.2886376678943634,6.412166411988267e-23,0.5183345465744734,1.9353317029995938e-19,OFFLOADED,1.0,No,1.0,1.0,1.0,False,False
2428,0.2978833019733429,2.1496480315959162e-20,0.7726502082425639,9.068367629088854e-05,OFFLOADED,1.0,No,1.0,0.0,0.0,False,False
2429,0.3657814860343933,5.0634874325733734e-11,0.5836770002568231,5.3120784879472936e-15,OFFLOADED,1.0,No,1.0,1.0,1.0,False,False
2430,0.8678790330886841,0.9917934927596743,0.9574909397660678,0.9541449765896778,ACCEPTED,0.0,Yes,0.0,0.0,0.0,True,True
2431,0.5412436723709106,0.0011824520131736766,0.5159754542857766,1.0942244755053515e-19,OFFLOADED,1.0,No,1.0,1.0,1.0,False,False
2432,0.28167858719825745,3.918376606406196e-25,0.2081765782944821,9.597878215166841e-37,OFFLOADED,1.0,No,1.0,1.0,1.0,False,False
2433,0.8911100625991821,0.9975594157580642,0.9850637113051437,0.9976967409624079,ACCEPTED,0.0,Yes,0.0,0.0,0.0,True,True
2434,0.5216132402420044,0.0004230793844863108,0.8298918559320851,0.015889687598318623,OFFLOADED,1.0,No,0.0,1.0,0.0,False,False
2435,0.8434160947799683,0.970306067328751,0.5917229612711681,1.445742578829169e-14,OFFLOADED,1.0,No,1.0,1.0,1.0,True,False
2436,0.7483442425727844,0.6481987223970018,0.7346266007615849,3.354584738826638e-06,OFFLOADED,0.0,Yes,0.0,0.0,0.0,True,False
2437,0.3986099660396576,9.317450472323206e-09,0.894696353697927,0.4239177517431501,OFFLOADED,1.0,No,1.0,0.0,0.0,False,False
2438,0.3086814880371094,9.809402571822156e-18,0.5872447951962125,7.230832783557033e-15,OFFLOADED,1.0,No,0.0,1.0,1.0,False,False
2439,0.2586776614189148,1.0519682808953743e-34,0.35096605355303906,2.5430861875021352e-30,OFFLOADED,1.0,No,1.0,1.0,1.0,False,False
2440,0.42467203736305237,3.272555048345376e-07,0.7635336732334039,3.4507502141101615e-05,OFFLOADED,1.0,No,0.0,1.0,1.0,False,False
2441,0.4195004105567932,1.55585777971666e-07,0.6426621014508187,1.1924265085396382e-11,OFFLOADED,1.0,No,1.0,1.0,1.0,False,False
2442,0.3014962375164032,1.5550568051705618e-19,0.5483979164886051,2.1546132669019726e-17,OFFLOADED,1.0,No,1.0,1.0,1.0,False,False
2443,0.2729296088218689,2.2702482481069996e-28,0.3018116654198117,2.5141165685046482e-33,OFFLOADED,1.0,No,1.0,1.0,1.0,False,False
2444,0.40197810530662537,1.338468835948862e-08,0.38550653411874897,2.533410603155874e-28,OFFLOADED,1.0,No,1.0,1.0,1.0,False,False
2445,0.3533603549003601,3.1070066009877306e-12,0.8354632912728901,0.020646551747716513,OFFLOADED,1.0,No,1.0,0.0,0.0,False,False
2446,0.6805153489112854,0.2198878057540891,0.6131699329626358,2.2189125131043313e-13,OFFLOADED,0.0,Yes,0.0,0.0,0.0,False,False
2447,0.47464993596076965,2.964822100460868e-05,0.9689241763318375,0.9829322220377847,OFFLOADED,1.0,No,1.0,1.0,1.0,False,True
2448,0.2640925645828247,5.811348173044551e-32,0.22309320935283208,1.4174035840746546e-36,OFFLOADED,1.0,No,1.0,1.0,1.0,False,False
2449,0.4703157842159271,1.9635014462927998e-05,0.5805899830493848,2.70365587555204e-15,OFFLOADED,0.0,Yes,0.0,0.0,0.0,False,False
2450,0.3838687837123871,8.222359615378425e-10,0.6653488220885827,2.882218000812582e-10,OFFLOADED,1.0,No,0.0,0.0,1.0,False,False
2451,0.25944599509239197,1.7227224381285894e-34,0.3012969557890533,2.1251579885355038e-33,OFFLOADED,1.0,No,1.0,1.0,1.0,False,False
2452,0.3758644163608551,1.948927313529341e-10,0.7105264449660021,1.1903145516673252e-07,OFFLOADED,1.0,No,1.0,1.0,1.0,False,False
2453,0.8250682950019836,0.9429546040385838,0.9072270221081481,0.5265673827818629,ACCEPTED,1.0,No,1.0,1.0,0.0,True,True
2454,0.7525436878204346,0.6886108272284611,0.6439120633384062,1.1311177131998792e-11,OFFLOADED,1.0,No,1.0,1.0,1.0,True,False
2455,0.3090549409389496,8.09780852691461e-18,0.6680217271996118,3.708585238691735e-10,OFFLOADED,1.0,No,1.0,1.0,1.0,False,False
2456,0.3151552081108093,1.0650174251500387e-16,0.7685111720352201,4.3757506050446056e-05,OFFLOADED,1.0,No,1.0,1.0,1.0,False,False
2457,0.4638376533985138,1.1196470430654847e-05,0.715788302913861,2.2303161260075047e-07,OFFLOADED,1.0,No,1.0,1.0,0.0,False,False
2458,0.28976142406463623,5.773634987786198e-23,0.967613290053954,0.9792123463473396,OFFLOADED,1.0,No,1.0,1.0,0.0,False,True
2459,0.8460763692855835,0.9709560979146944,0.8582689689585407,0.08818442916891311,OFFLOADED,0.0,Yes,0.0,0.0,0.0,True,False
2460,0.2610777020454407,1.4237685375969085e-33,0.2030415429645202,2.833348888868071e-37,OFFLOADED,1.0,No,1.0,1.0,1.0,False,False
2461,0.39093488454818726,2.191976927854591e-09,0.5625081440208696,1.7430544575006194e-16,OFFLOADED,1.0,No,1.0,1.0,1.0,False,False
2462,0.3108234703540802,1.6269490606607366e-17,0.40223766183602533,2.5510088167313893e-27,OFFLOADED,1.0,No,1.0,1.0,1.0,False,False
2463,0.268657386302948,2.499323085399458e-30,0.6913240300848147,1.0426252917671728e-08,OFFLOADED,1.0,No,1.0,1.0,1.0,False,False
2464,0.8648588061332703,0.9903384458769788,0.8808338934331076,0.25754914623302727,OFFLOADED,0.0,Yes,0.0,0.0,0.0,True,False
2465,0.3153480589389801,9.64388296167293e-17,0.5570919535633687,6.329749876011126e-17,OFFLOADED,1.0,No,1.0,0.0,0.0,False,False
2466,0.2699878215789795,7.734464953986496e-30,0.3606656181472727,4.60330127811373e-30,OFFLOADED,1.0,No,1.0,1.0,1.0,False,False
2467,0.6530613303184509,0.1196551122263406,0.9354807072630568,0.8544003625229074,OFFLOADED,0.0,Yes,0.0,0.0,0.0,False,True
2468,0.7161003947257996,0.4394344309338176,0.6749161005956873,1.1675124987030267e-09,OFFLOADED,0.0,Yes,0.0,0.0,0.0,False,False
2469,0.2775489091873169,4.269973850883005e-27,0.8409527448501687,0.030823836485438953,OFFLOADED,1.0,No,0.0,1.0,0.0,False,False
2470,0.4348447918891907,1.0706358343039264e-06,0.909991186743463,0.5603612936313774,OFFLOADED,1.0,No,0.0,1.0,1.0,False,True
2471,0.2599583864212036,1.551637270328467e-34,0.30641233422274117,2.1183459534641795e-33,OFFLOADED,1.0,No,1.0,1.0,1.0,False,False
2472,0.4754382073879242,3.214050099220527e-05,0.5469522238110313,1.0458131052656441e-17,OFFLOADED,1.0,No,1.0,1.0,1.0,False,False
2473,0.2835259735584259,6.239962678888105e-25,0.30503941764709896,1.6047243213214102e-33,OFFLOADED,1.0,No,1.0,1.0,1.0,False,False
2474,0.2592935860157013,5.526260711726986e-35,0.310984457999293,3.486877790645497e-33,OFFLOADED,1.0,No,1.0,1.0,1.0,False,False
2475,0.45665454864501953,6.331634513911359e-06,0.9334148832215676,0.8395840317322903,OFFLOADED,1.0,No,1.0,0.0,0.0,False,False
2476,0.8539128303527832,0.9828359347719322,0.8366730509650661,0.02095839142074463,OFFLOADED,0.0,Yes,0.0,0.0,0.0,True,False
2477,0.4028429090976715,1.2462237596662903e-08,0.5361820866479237,1.5701541785321415e-18,OFFLOADED,1.0,No,0.0,0.0,1.0,False,False
2478,0.27994778752326965,2.9622380150025685e-26,0.4347403864195106,1.9972077524248103e-25,OFFLOADED,1.0,No,1.0,1.0,1.0,False,False
2479,0.3621154725551605,1.2234588213755324e-11,0.4398567902395057,4.200935316955102e-25,OFFLOADED,1.0,No,1.0,1.0,0.0,False,False
2480,0.2897856533527374,3.798391367849834e-23,0.4352497550089681,1.947753555745338e-25,OFFLOADED,1.0,No,1.0,1.0,1.0,False,False
2481,0.3790602684020996,2.49767507264772e-10,0.832678557234846,0.016882583979302784,OFFLOADED,1.0,No,1.0,0.0,0.0,False,False
2482,0.4951013922691345,0.00014846114509476288,0.48515216273769673,2.364108385779543e-22,OFFLOADED,1.0,No,0.0,1.0,1.0,False,False
2483,0.6099053025245667,0.028582202573233993,0.8058679455394626,0.002340164883073597,OFFLOADED,1.0,No,1.0,1.0,0.0,False,False
2484,0.6491671204566956,0.11629616790923143,0.630995733470248,1.3447101808477993e-12,OFFLOADED,0.0,Yes,0.0,0.0,0.0,False,False
2485,0.29711851477622986,3.420187375827108e-21,0.3357091535091003,9.758147650011718e-32,OFFLOADED,1.0,No,1.0,1.0,1.0,False,False
2486,0.3122130036354065,1.9238194589275244e-17,0.549954811296775,1.6717969460070574e-17,OFFLOADED,1.0,No,1.0,1.0,1.0,False,False
2487,0.2513958513736725,7.087282476428942e-40,0.39791181272399917,7.761713210230706e-28,OFFLOADED,1.0,No,1.0,1.0,1.0,False,False
2488,0.28794193267822266,7.546293991514772e-24,0.48199889452784733,1.3835693232801334e-22,OFFLOADED,1.0,No,1.0,1.0,1.0,False,False
2489,0.30151936411857605,5.765196925502342e-20,0.6575787322102126,6.205988821069734e-11,OFFLOADED,1.0,No,1.0,1.0,1.0,False,False
2490,0.6989799737930298,0.3473063057303527,0.971118398740539,0.9839298715528527,ACCEPTED,0.0,Yes,0.0,0.0,0.0,True,True
2491,0.746933102607727,0.6658665084655748,0.8949162926722924,0.3995690620833016,OFFLOADED,0.0,Yes,0.0,0.0,0.0,False,True
2492,0.35086944699287415,1.0867815453621657e-12,0.8682185718582847,0.1643435329270505,OFFLOADED,1.0,No,1.0,0.0,0.0,False,False
2493,0.6901515126228333,0.31358592781372757,0.8317695796401372,0.014781077455416543,OFFLOADED,1.0,No,1.0,1.0,1.0,True,False
2494,0.37874123454093933,2.1175807446141315e-10,0.7182837868743147,2.6048958017504765e-07,OFFLOADED,1.0,No,1.0,1.0,1.0,False,False
2495,0.25542908906936646,5.976961548555029e-38,0.6514404402441747,2.364940987070884e-11,OFFLOADED,1.0,No,1.0,1.0,1.0,False,False
2496,0.3431771993637085,2.911673011314329e-13,0.4506027519811934,1.2192104610372993e-24,OFFLOADED,1.0,No,1.0,1.0,1.0,False,False
2497,0.3646546006202698,1.594310927492731e-11,0.5452303432760632,5.336511035800446e-18,OFFLOADED,1.0,No,1.0,1.0,1.0,False,False
2498,0.7049257755279541,0.392152082297719,0.9658769930869469,0.97536163689701,OFFLOADED,0.0,Yes,0.0,0.0,0.0,True,False
2499,0.9097155332565308,0.9992305921832363,1.0,1.0,ACCEPTED,0.0,Yes,0.0,0.0,0.0,True,True
2500,0.5248136520385742,0.000543695413185429,0.7192071975522321,2.7737715255089393e-07,OFFLOADED,1.0,No,1.0,1.0,0.0,False,False
2501,0.8926109075546265,0.9982470747067448,0.8471284520479034,0.04258882939821759,OFFLOADED,1.0,No,1.0,1.0,1.0,True,False
2502,0.27151504158973694,1.0300282483423324e-29,0.5558623220502587,3.132332250838226e-17,OFFLOADED,1.0,No,1.0,1.0,1.0,False,False
2503,0.25021663308143616,4.015311113539965e-40,0.19244653835678968,3.4585422837121504e-38,OFFLOADED,1.0,No,1.0,1.0,1.0,False,False
2504,0.2842344045639038,4.196516224243209e-25,0.5582580558531156,4.8133659505319266e-17,OFFLOADED,1.0,No,1.0,1.0,1.0,False,False
2505,0.3660891652107239,1.9510138363617793e-11,0.7674706040652698,3.1364831746863664e-05,OFFLOADED,1.0,No,1.0,0.0,0.0,False,False
2506,0.7771518230438232,0.815761584928336,0.9780354901764383,0.9943975677242919,ACCEPTED,0.0,Yes,0.0,0.0,0.0,True,True
2507,0.40859001874923706,2.500049834120595e-08,0.6160650955625421,1.4842028934416073e-13,OFFLOADED,1.0,No,1.0,1.0,1.0,False,False
2508,0.2660177946090698,5.130626189296096e-32,0.33967043766338173,6.240443152095542e-32,OFFLOADED,1.0,No,1.0,1.0,1.0,False,False
2509,0.28475406765937805,5.017977482220336e-25,0.6424582398171528,4.474894008894892e-12,OFFLOADED,1.0,No,1.0,1.0,1.0,False,False
2510,0.25425904989242554,5.085360467605417e-39,0.2413596454153156,5.909421836293608e-37,OFFLOADED,1.0,No,1.0,1.0,1.0,False,False
2511,0.2872343957424164,2.7855337580674844e-24,0.5508234379600894,9.685212390231961e-18,OFFLOADED,1.0,No,1.0,1.0,0.0,False,False
2512,0.2909029722213745,4.7573068006660903e-23,0.8246419796016343,0.008591339804156299,OFFLOADED,1.0,No,1.0,1.0,0.0,False,False
2513,0.36860543489456177,2.942813391903536e-11,0.8318734323124113,0.012827245634318451,OFFLOADED,1.0,No,0.0,0.0,1.0,False,False
2514,0.3194851875305176,1.8399816494498015e-16,0.3671559794084707,2.566940615775223e-30,OFFLOADED,1.0,No,1.0,1.0,1.0,False,False
2515,0.3213110566139221,3.1091187624395616e-16,0.28196640463048395,3.000314037168619e-35,OFFLOADED,1.0,No,1.0,1.0,1.0,False,False
2516,0.8950591683387756,0.9984367966583355,0.9148161495469862,0.6058740571925593,ACCEPTED,0.0,Yes,0.0,0.0,0.0,True,True
2517,0.3707805871963501,4.340879391512502e-11,0.6259124132438276,4.106109623332913e-13,OFFLOADED,1.0,No,1.0,1.0,1.0,False,False
2518,0.5476473569869995,0.0018440843273667532,0.6751106127412383,7.404705829686541e-10,OFFLOADED,0.0,Yes,0.0,0.0,0.0,False,False
2519,0.7634219527244568,0.774622647930473,0.8098304668721654,0.0026437746122683556,OFFLOADED,1.0,No,1.0,1.0,1.0,False,False
2520,0.859377920627594,0.9889662064573366,0.7945352077566111,0.0005544055210623518,OFFLOADED,0.0,Yes,0.0,0.0,0.0,True,False
2521,0.2687491476535797,4.587981189242714e-31,0.35180913059130353,2.7767354766511145e-31,OFFLOADED,1.0,No,1.0,1.0,1.0,False,False
2522,0.3545605540275574,1.5964479045015917e-12,1.0,1.0,OFFLOADED,1.0,No,1.0,0.0,0.0,False,True
2523,0.351290762424469,7.306693145752477e-13,0.8306005836166324,0.011286260083758387,OFFLOADED,1.0,No,1.0,1.0,0.0,False,False
2524,0.9132489562034607,0.9993951292759076,0.9834767395460522,0.9973694984077253,ACCEPTED,0.0,Yes,0.0,0.0,0.0,True,True
2525,0.48713597655296326,8.171275981646493e-05,0.5594758302183288,4.217207766671213e-17,OFFLOADED,1.0,No,1.0,1.0,1.0,False,False
2526,0.2919805943965912,6.665836082746215e-23,0.6373835546287514,1.7231310116749093e-12,OFFLOADED,1.0,No,1.0,1.0,1.0,False,False
2527,0.304918110370636,2.1220180421924034e-19,0.5246400703759773,6.631833286022022e-20,OFFLOADED,1.0,No,1.0,1.0,1.0,False,False
2528,0.3082219958305359,1.1967528591331857e-18,0.6424123930867167,3.707153392300821e-12,OFFLOADED,1.0,No,1.0,1.0,1.0,False,False
2529,0.5776817202568054,0.0077109601739163945,0.9622811289693457,0.9688797976237293,OFFLOADED,0.0,Yes,0.0,0.0,0.0,False,True
2530,0.40250328183174133,1.0373336145687853e-08,0.73327053198152,1.61800202176063e-06,OFFLOADED,1.0,No,1.0,1.0,1.0,False,False
2531,0.26424533128738403,4.3912599765266936e-33,0.7704210005453036,3.6479280383266044e-05,OFFLOADED,1.0,No,0.0,1.0,1.0,False,False
2532,0.859070897102356,0.9894132186921963,0.9062580944023384,0.5133067825176667,OFFLOADED,0.0,Yes,0.0,0.0,0.0,True,False
2533,0.31393516063690186,1.795250565418189e-17,0.9609051146292463,0.967761627867159,OFFLOADED,1.0,No,0.0,1.0,1.0,False,True
2534,0.27069708704948425,1.878821030803814e-30,0.16778040753430493,5.192987523373826e-39,OFFLOADED,1.0,No,1.0,1.0,1.0,False,False
2535,0.5455693602561951,0.0018204722303242925,0.4660210155980902,3.545176889763607e-24,OFFLOADED,1.0,No,1.0,1.0,1.0,False,False
2536,0.867300271987915,0.994165964111016,0.9005028966432016,0.46905346802236425,ACCEPTED,0.0,Yes,0.0,0.0,0.0,True,True
2537,0.4486928880214691,2.991651910959688e-06,0.8126602549843726,0.003329445679025768,OFFLOADED,1.0,No,1.0,1.0,1.0,False,False
2538,0.34545546770095825,2.156149629216547e-13,0.39553241375736004,1.2565306468441789e-28,OFFLOADED,1.0,No,1.0,1.0,1.0,False,False
2539,0.4070298373699188,1.646274826907092e-08,0.3798933957979373,8.330350346248352e-30,OFFLOADED,1.0,No,1.0,1.0,1.0,False,False
2540,0.7395358681678772,0.6374616642384648,0.8106777874874206,0.0025954286257904424,OFFLOADED,0.0,Yes,0.0,0.0,0.0,True,False
2541,0.299770325422287,5.666813002458883e-21,0.34160648610296357,3.253861580599226e-32,OFFLOADED,1.0,No,1.0,1.0,1.0,False,False
2542,0.8050133585929871,0.911550495257883,0.8072707880009586,0.001967279465969083,OFFLOADED,1.0,No,1.0,1.0,1.0,True,False
2543,0.6774982213973999,0.24240893778159586,0.6080896775565647,3.2513028009240416e-14,OFFLOADED,1.0,No,1.0,1.0,0.0,False,False
2544,0.26427161693573,2.762301484711245e-33,0.4175357991805338,2.5020929350341935e-27,OFFLOADED,1.0,No,1.0,1.0,1.0,False,False
2545,0.4605637788772583,6.984986278004893e-06,0.5527516464466987,8.117948562664164e-18,OFFLOADED,1.0,No,1.0,1.0,1.0,False,False
2546,0.8266159892082214,0.9489740876125405,0.6955889329375469,8.429145194066659e-09,OFFLOADED,0.0,Yes,0.0,0.0,0.0,True,False
2547,0.2528581917285919,1.784159898542067e-40,0.3730966208040357,2.9418720055289607e-30,OFFLOADED,1.0,No,1.0,1.0,1.0,False,False
2548,0.27757710218429565,3.846018306133848e-28,0.3330845167618527,8.534510785868559e-33,OFFLOADED,1.0,No,1.0,1.0,1.0,False,False
2549,0.2520439028739929,7.88254425002979e-41,0.6473163347812416,7.922299659913249e-12,OFFLOADED,1.0,No,1.0,1.0,1.0,False,False
2550,0.256287157535553,4.2607828895880274e-38,0.4208175639495073,3.508801715574542e-27,OFFLOADED,1.0,No,1.0,1.0,1.0,False,False
2551,0.8700988292694092,0.9955210745330084,0.8025730213851644,0.0012315412412471367,OFFLOADED,1.0,No,1.0,1.0,1.0,True,False
2552,0.7961855530738831,0.8800206747029885,0.9895409284649338,0.9989009687454489,ACCEPTED,0.0,Yes,0.0,0.0,0.0,True,True
2553,0.3276192545890808,2.2870497882635038e-15,0.3459084703406894,3.842828990141508e-32,OFFLOADED,1.0,No,1.0,1.0,1.0,False,False
2554,0.25533178448677063,6.563964566454172e-39,0.3337545861675687,6.899175093380792e-33,OFFLOADED,1.0,No,1.0,1.0,1.0,False,False
2555,0.7644559741020203,0.7790382103894512,0.1405478245773346,1.3675712226558722e-39,OFFLOADED,1.0,No,1.0,1.0,1.0,True,False
2556,0.26660871505737305,1.888362789892294e-32,0.5481024442207554,2.8960551723851768e-18,OFFLOADED,1.0,No,1.0,1.0,1.0,False,False
2557,0.2999759614467621,5.286678115334043e-21,0.6237218094343543,2.1413253479237842e-13,OFFLOADED,1.0,No,0.0,1.0,1.0,False,False
2558,0.26549774408340454,6.687134139683659e-33,0.6677961316917184,1.677021020954401e-10,OFFLOADED,1.0,No,0.0,1.0,1.0,False,False
2559,0.29772070050239563,1.0242549791040663e-21,0.9375608548207356,0.8798061667812274,OFFLOADED,1.0,No,1.0,1.0,0.0,False,True
2560,0.4519747495651245,3.4638266856791344e-06,0.6797683376434277,1.3213040629955919e-09,OFFLOADED,1.0,No,1.0,1.0,1.0,False,False
2561,0.26763951778411865,4.096721533094587e-32,0.6240047746890155,1.8570331579404873e-13,OFFLOADED,1.0,No,0.0,0.0,1.0,False,False
2562,0.8333139419555664,0.9610732833169974,0.8016996080469544,0.0010503844277345007,OFFLOADED,1.0,No,1.0,1.0,1.0,False,False
2563,0.25858405232429504,1.060727577042228e-36,0.4688500165675719,3.0612498461774416e-24,OFFLOADED,1.0,No,1.0,1.0,1.0,False,False
2564,0.7070838212966919,0.4148860620941195,0.7450129447669993,4.0300375736994385e-06,OFFLOADED,0.0,Yes,0.0,0.0,0.0,True,False
2565,0.257392942905426,1.8840666047814943e-37,0.32104574189942153,6.562777516890856e-34,OFFLOADED,1.0,No,1.0,1.0,1.0,False,False
2566,0.2892027795314789,3.329862949131372e-24,0.6974835324215716,9.943299229593915e-09,OFFLOADED,1.0,No,0.0,1.0,1.0,False,False
2567,0.6193205118179321,0.044239175445647275,0.7694431143815778,2.691429499001306e-05,OFFLOADED,1.0,No,1.0,1.0,1.0,True,False
2568,0.631045401096344,0.0686814301106185,0.242243525310255,7.89560783658215e-38,OFFLOADED,1.0,No,1.0,1.0,1.0,False,False
2569,0.28837481141090393,1.4985599485337254e-24,0.41362985000356134,7.261136745371909e-28,OFFLOADED,1.0,No,1.0,1.0,1.0,False,False
2570,0.28508684039115906,1.2810188642466057e-25,0.578619170434155,3.7915587146106603e-16,OFFLOADED,1.0,No,1.0,1.0,1.0,False,False
2571,0.26042404770851135,1.0155308402153048e-35,0.3035264350510789,3.8003267092681044e-35,OFFLOADED,1.0,No,1.0,1.0,1.0,False,False
2572,0.2561265230178833,1.2621009407851427e-38,0.3293854008540371,2.0396206544962197e-33,OFFLOADED,1.0,No,1.0,1.0,1.0,False,False
2573,0.32895252108573914,3.1774081203631036e-15,0.6303990724644575,4.0356151589587567e-13,OFFLOADED,1.0,No,1.0,1.0,1.0,False,False
2574,0.32438015937805176,4.47507048356851e-16,0.8337126594998413,0.0138358790428412,OFFLOADED,1.0,No,1.0,1.0,0.0,False,False
2575,0.25088340044021606,1.9572953552798812e-41,0.7369268267837596,1.8439455394803816e-06,OFFLOADED,1.0,No,1.0,1.0,0.0,False,False
2576,0.26285117864608765,2.572095315689385e-34,0.2075363593853734,4.013448840808211e-39,OFFLOADED,1.0,No,1.0,1.0,1.0,False,False
2577,0.27547696232795715,4.443766248404275e-29,0.2248157875716849,1.291551504258359e-38,OFFLOADED,1.0,No,1.0,1.0,1.0,False,False
2578,0.6139965057373047,0.0318271579790358,0.5690523331257862,8.463311173466059e-17,OFFLOADED,1.0,No,1.0,1.0,0.0,False,False
2579,0.901215136051178,0.9990433755569732,1.0,1.0,ACCEPTED,0.0,Yes,0.0,0.0,0.0,True,True
2580,0.46867430210113525,1.2800078739829131e-05,0.4289730225183671,4.9297686776762316e-27,OFFLOADED,1.0,No,1.0,1.0,1.0,False,False
2581,0.2627153992652893,1.7550937248754004e-34,0.43949927388477616,2.8013275983848037e-26,OFFLOADED,1.0,No,1.0,1.0,1.0,False,False
2582,0.3100684881210327,1.4379845634875754e-18,0.7648307096250302,1.563216930496038e-05,OFFLOADED,1.0,No,0.0,1.0,1.0,False,False
2583,0.2623540461063385,1.0042122168992211e-34,0.40760388520269203,1.900163062511106e-28,OFFLOADED,1.0,No,1.0,1.0,1.0,False,False
2584,0.37211593985557556,3.1307247749045565e-11,0.5563764611840231,6.8043549322633654e-18,OFFLOADED,1.0,No,1.0,1.0,1.0,False,False
2585,0.25921615958213806,9.114859126746459e-37,0.9860593191722596,0.9983776720222849,OFFLOADED,1.0,No,1.0,0.0,0.0,False,True
2586,0.768425703048706,0.787298733777476,0.4932284634403996,7.605532854490031e-23,OFFLOADED,0.0,Yes,0.0,0.0,0.0,True,False
2587,0.47513508796691895,2.190901994353595e-05,0.7862509152423927,0.00019057262175046572,OFFLOADED,1.0,No,1.0,1.0,1.0,False,False
2588,0.2813495397567749,4.767127336292328e-27,1.0,1.0,OFFLOADED,1.0,No,1.0,0.0,0.0,False,True
2589,0.26470205187797546,1.1349222880493456e-33,0.532867498466552,7.786449269191713e-20,OFFLOADED,1.0,No,1.0,1.0,1.0,False,False
2590,0.2526838183403015,1.9627870445252212e-41,0.2708498280925943,6.002591631353624e-37,OFFLOADED,1.0,No,1.0,1.0,1.0,False,False
2591,0.27539026737213135,2.834283517740558e-29,0.7349960826652292,1.2330617147322408e-06,OFFLOADED,1.0,No,1.0,1.0,0.0,False,False
2592,0.8543767333030701,0.9872406167959406,0.9389232733638349,0.8800676189445017,ACCEPTED,0.0,Yes,0.0,0.0,0.0,True,True
2593,0.250379353761673,8.195902623934182e-42,0.5083438264149116,9.027200093724077e-22,OFFLOADED,1.0,No,1.0,1.0,1.0,False,False
2594,0.25204867124557495,9.76116024263639e-42,0.261032754821083,1.5725613028248394e-37,OFFLOADED,1.0,No,1.0,1.0,1.0,False,False
2595,0.38941651582717896,7.027193260425578e-10,0.739898915429134,2.016088984700549e-06,OFFLOADED,1.0,No,0.0,1.0,0.0,False,False
2596,0.3027137219905853,1.8387046940741475e-20,0.27603246561483796,9.195934519740154e-37,OFFLOADED,1.0,No,1.0,0.0,0.0,False,False
2597,0.7995123863220215,0.8984467708911363,0.9892210475497382,0.998861339722649,OFFLOADED,0.0,Yes,0.0,0.0,0.0,False,True
2598,0.6895352005958557,0.3122375642085828,0.9782209702833912,0.9954781078335908,ACCEPTED,0.0,Yes,0.0,0.0,0.0,True,True
2599,0.3629366159439087,4.420094339562001e-12,0.6288265449559517,2.1866817923114033e-13,OFFLOADED,1.0,No,1.0,1.0,1.0,False,False
2600,0.26597368717193604,3.0836439698554414e-33,0.44139184123266606,2.3326516382905977e-26,OFFLOADED,1.0,No,1.0,1.0,1.0,False,False
2601,0.46556320786476135,8.542997998592317e-06,0.8120027128016682,0.0027023083282453225,OFFLOADED,1.0,No,1.0,1.0,0.0,False,False
2602,0.2677566111087799,1.5648263803300668e-32,0.5818255263065538,3.141834557992039e-16,OFFLOADED,1.0,No,0.0,1.0,1.0,False,False
2603,0.25904029607772827,4.016188834177766e-37,0.22518388938498254,4.707268794850139e-39,OFFLOADED,1.0,No,1.0,1.0,1.0,False,False
2604,0.33777785301208496,3.0767325229271346e-14,0.6286572437050127,1.89633883193057e-13,OFFLOADED,1.0,No,1.0,1.0,0.0,False,False
2605,0.6160841584205627,0.0350638856305058,1.0,1.0,OFFLOADED,0.0,Yes,0.0,0.0,0.0,False,True
2606,0.3914468586444855,9.40545326488933e-10,0.6411334904630579,1.2240471010614956e-12,OFFLOADED,1.0,No,0.0,1.0,1.0,False,False
2607,0.4330384135246277,4.642718704841122e-07,0.822012616837964,0.005962035764149791,OFFLOADED,0.0,Yes,0.0,0.0,0.0,False,False
2608,0.33763349056243896,2.980763944286829e-14,0.7433799085017849,2.6727231408788567e-06,OFFLOADED,1.0,No,1.0,0.0,0.0,False,False
2609,0.27494296431541443,1.5610309699808675e-29,0.3578052750364258,4.5298953486959974e-32,OFFLOADED,1.0,No,1.0,1.0,1.0,False,False
2610,0.2504524290561676,4.508092119118379e-42,0.30232614267514146,9.161587384434827e-36,OFFLOADED,1.0,No,1.0,1.0,1.0,False,False
2611,0.2528975307941437,1.3372987507450658e-41,0.4244683449814389,1.1343440101543724e-27,OFFLOADED,1.0,No,1.0,1.0,1.0,False,False
2612,0.2842620611190796,3.6711043819768845e-26,0.7003752390261915,8.173676496253613e-09,OFFLOADED,1.0,No,1.0,1.0,0.0,False,False
2613,0.2862994372844696,1.44135122659115e-25,0.38351047266013544,1.6377623804299268e-30,OFFLOADED,1.0,No,0.0,1.0,1.0,False,False
2614,0.26599735021591187,2.105621833492388e-33,0.5596596329920525,8.155071391867167e-18,OFFLOADED,1.0,No,1.0,1.0,1.0,False,False
2615,0.7425242066383362,0.6802946844222386,1.0,1.0,ACCEPTED,0.0,Yes,0.0,0.0,0.0,True,True
2616,0.2522071599960327,4.859885407419722e-42,0.23928057407166128,8.85464146963446e-39,OFFLOADED,1.0,No,1.0,1.0,1.0,False,False
2617,0.3124951422214508,3.3155246194985795e-18,0.6758993864104342,3.892546101498069e-10,OFFLOADED,1.0,No,1.0,1.0,1.0,False,False
2618,0.28653010725975037,1.599955415078345e-25,0.5690215020191522,4.1453870006133314e-17,OFFLOADED,1.0,No,1.0,1.0,0.0,False,False
2619,0.2996772825717926,1.7215774485021026e-21,0.4726928198227917,1.6910379527192348e-24,OFFLOADED,1.0,No,1.0,1.0,1.0,False,False
2620,0.33420330286026,1.185333795283884e-14,0.3377979568032053,1.238201138238277e-33,OFFLOADED,1.0,No,1.0,1.0,1.0,False,False
2621,0.6871359944343567,0.31728934611325005,0.6562791866155564,1.2827119710091706e-11,OFFLOADED,0.0,Yes,0.0,0.0,0.0,False,False
2622,0.6771916151046753,0.26053788963046376,0.81612457607668,0.004201578530305726,OFFLOADED,1.0,No,1.0,1.0,1.0,False,False
2623,0.30897173285484314,4.933316285544685e-19,0.9726343732064978,0.9896690973250725,OFFLOADED,1.0,No,1.0,0.0,0.0,False,True
2624,0.3074372708797455,1.8970507610872094e-19,0.5631693233799827,1.3990094210378416e-17,OFFLOADED,1.0,No,1.0,0.0,0.0,False,False
2625,0.25528430938720703,3.823479473466196e-40,0.6728562307950878,1.9510987194512855e-10,OFFLOADED,1.0,No,1.0,1.0,1.0,False,False
2626,0.2611788809299469,6.604556358473986e-36,0.10857457047365571,4.0610561682893025e-41,OFFLOADED,1.0,No,1.0,1.0,1.0,False,False
2627,0.4974675476551056,0.00015135148911931168,0.7304528876674594,5.468636259825104e-07,OFFLOADED,1.0,No,1.0,1.0,1.0,False,False
2628,0.25195515155792236,2.319815495129641e-42,0.12951685298052998,4.806074862769874e-41,OFFLOADED,1.0,No,1.0,1.0,1.0,False,False
2629,0.3224545121192932,1.1435438133060485e-16,0.3127027596878254,2.0329545030883996e-35,OFFLOADED,1.0,No,1.0,1.0,1.0,False,False
2630,0.5136001706123352,0.00031200595598978675,0.7380908465051406,1.3883851204966276e-06,OFFLOADED,1.0,No,1.0,1.0,0.0,False,False
2631,0.8453205823898315,0.9810853762931275,0.49217240525389955,2.334011354364935e-23,OFFLOADED,1.0,No,1.0,1.0,1.0,True,False
2632,0.2854142189025879,4.4316573941402985e-26,0.5416348106046357,1.5496884975846168e-19,OFFLOADED,1.0,No,1.0,1.0,1.0,False,False
2633,0.38267478346824646,1.8709036094360964e-10,0.5140305189857085,1.0091896603253863e-21,OFFLOADED,1.0,No,0.0,1.0,1.0,False,False
2634,0.8988326191902161,0.9991066117512999,0.9793044252188591,0.9960587504106007,ACCEPTED,0.0,Yes,0.0,0.0,0.0,True,True
2635,0.7800600528717041,0.8491130780798446,0.5675433376485455,2.503901985284211e-17,OFFLOADED,1.0,No,1.0,1.0,1.0,False,False
2636,0.6018843650817871,0.0211571483891594,0.7122416259485946,3.2899653103197666e-08,OFFLOADED,0.0,Yes,0.0,0.0,0.0,False,False
2637,0.26720336079597473,3.57847952551557e-33,0.2133271397163616,5.346143385216811e-40,OFFLOADED,1.0,No,1.0,1.0,1.0,False,False
2638,0.0,0.0,0.7421150785255067,2.0086333931634456e-06,OFFLOADED,0.0,Yes,0.0,0.0,0.0,False,False
2639,0.8996662497520447,0.9991626449180072,0.977644008937691,0.9952446858802455,ACCEPTED,0.0,Yes,0.0,0.0,0.0,True,True
2640,0.2592642903327942,1.9288525706821084e-37,0.7962657204897767,0.0004941914659026218,OFFLOADED,1.0,No,1.0,1.0,1.0,False,False
2641,0.31643247604370117,1.3371819057866799e-17,0.8681815755301572,0.16393702802219123,OFFLOADED,1.0,No,1.0,0.0,0.0,False,False
2642,0.2534657120704651,1.0267808214426003e-41,0.47010719603163614,6.294628541335226e-25,OFFLOADED,1.0,No,1.0,0.0,0.0,False,False
2643,0.9043830037117004,0.999403232764251,0.8702825034461787,0.17440883483025899,OFFLOADED,1.0,No,1.0,1.0,1.0,True,False
2644,0.2764163911342621,1.9079735521436497e-29,0.3591476817384485,1.9403168545583665e-32,OFFLOADED,1.0,No,0.0,1.0,1.0,False,False
2645,0.8869292736053467,0.9982693000059214,1.0,1.0,ACCEPTED,0.0,Yes,0.0,0.0,0.0,True,True
2646,0.256242036819458,1.3607149174575471e-39,0.2522537385142677,1.0897807321955581e-38,OFFLOADED,1.0,No,1.0,1.0,1.0,False,False
2647,0.32698914408683777,7.366270446731952e-16,0.6440137559002935,1.4083642336331519e-12,OFFLOADED,1.0,No,1.0,1.0,1.0,False,False
2648,0.285498708486557,3.9104193941421834e-26,0.5135273404898761,7.305691110825194e-22,OFFLOADED,1.0,No,1.0,1.0,1.0,False,False
2649,0.2568681538105011,4.422655089633023e-39,0.23565529741216465,2.1106435148081373e-39,OFFLOADED,1.0,No,1.0,1.0,1.0,False,False
2650,0.28702080249786377,1.3308578134036426e-25,0.6697311865543105,8.785534940699432e-11,OFFLOADED,1.0,No,1.0,1.0,0.0,False,False
2651,0.25718313455581665,6.639890335219118e-39,0.7379835652396275,1.1765331109433718e-06,OFFLOADED,1.0,No,1.0,1.0,0.0,False,False
2652,0.25683435797691345,3.4952160863736774e-39,0.6206939059127908,3.1569160054335626e-14,OFFLOADED,1.0,No,1.0,1.0,1.0,False,False
2653,0.28023985028266907,5.631120111565864e-28,0.5030951443131715,9.512222930311423e-23,OFFLOADED,1.0,No,1.0,1.0,1.0,False,False
2654,0.2514610290527344,7.35498837238317e-43,0.3727382559008095,1.0758463432850096e-31,OFFLOADED,1.0,No,1.0,1.0,1.0,False,False
2655,0.38656413555145264,4.0223344853599493e-10,0.48765586459047255,5.910866853807911e-24,OFFLOADED,1.0,No,1.0,1.0,1.0,False,False
2656,0.38520047068595886,2.93752482309943e-10,0.636708675606755,3.158269443333464e-13,OFFLOADED,1.0,No,1.0,0.0,0.0,False,False
2657,0.27104347944259644,1.2340303889851859e-31,0.5710925609154848,3.05597090997246e-17,OFFLOADED,1.0,No,0.0,1.0,1.0,False,False
2658,0.42006540298461914,8.431973678150777e-08,0.6976254573711992,4.290376990436866e-09,OFFLOADED,1.0,No,1.0,0.0,0.0,False,False
2659,0.8268322348594666,0.9557798884981866,0.980728782490737,0.9969705893726782,ACCEPTED,0.0,Yes,0.0,0.0,0.0,True,True
2660,0.8676729202270508,0.9954168268831107,0.9237026685632198,0.743565962742328,ACCEPTED,0.0,Yes,0.0,0.0,0.0,True,True
2661,0.8481156826019287,0.9835102871436017,0.8802588135889011,0.26372775981289964,ACCEPTED,0.0,Yes,0.0,0.0,0.0,True,True
2662,0.3571583330631256,8.956015491074556e-13,0.4149341309667619,6.309249573333812e-29,OFFLOADED,1.0,No,1.0,1.0,1.0,False,False
2663,0.0,0.0,0.9265821250294006,0.7953887371836162,OFFLOADED,0.0,Yes,0.0,0.0,0.0,False,True
2664,0.47342196106910706,1.8528836336572153e-05,0.6606220298649588,1.751414518027305e-11,OFFLOADED,1.0,No,1.0,1.0,1.0,False,False
2665,0.27322813868522644,9.196118848295033e-31,0.16354220194287808,2.1116597753894153e-41,OFFLOADED,1.0,No,1.0,1.0,1.0,False,False
2666,0.7310299873352051,0.6211269639437111,0.8676260244093021,0.15510858768117078,OFFLOADED,0.0,Yes,0.0,0.0,0.0,False,False
2667,0.9276983141899109,0.9997942878381958,0.8234857535481048,0.006675065263548687,OFFLOADED,0.0,Yes,0.0,0.0,0.0,True,False
2668,0.8378291130065918,0.9733059904043471,0.7581242972857961,8.450204985847258e-06,OFFLOADED,1.0,No,1.0,1.0,1.0,False,False
2669,0.2690076231956482,1.3904180007302934e-32,0.9584314343539552,0.9645222306449744,OFFLOADED,1.0,No,1.0,1.0,1.0,False,True
2670,0.3570624887943268,7.972873112001528e-13,0.40368459880593666,1.2290585379053491e-29,OFFLOADED,0.0,Yes,0.0,0.0,0.0,False,False
2671,0.3423365652561188,5.0506539977165824e-14,0.5258675662286072,5.38805197391348e-21,OFFLOADED,1.0,No,1.0,1.0,1.0,False,False
2672,0.250314861536026,4.2243601375516015e-43,1.0,1.0,OFFLOADED,0.0,Yes,0.0,0.0,0.0,False,True
2673,0.2978367209434509,2.055964219093173e-22,0.8117285659461314,0.0026464956355190844,OFFLOADED,1.0,No,1.0,1.0,1.0,False,False
2674,0.2761499583721161,8.450937227060753e-30,0.4337156175990903,1.1077096699153707e-27,OFFLOADED,1.0,No,1.0,0.0,1.0,False,False
2675,0.9684339761734009,0.9999447291354382,1.0,1.0,ACCEPTED,0.0,Yes,0.0,0.0,0.0,True,True
2676,0.2583620250225067,2.228402180811517e-38,0.21348483681787017,1.7022730407578177e-40,OFFLOADED,1.0,No,1.0,1.0,1.0,False,False
2677,0.8729499578475952,0.9970466471466537,0.8660982369502287,0.1523638149273882,OFFLOADED,0.0,Yes,0.0,0.0,0.0,True,False
2678,0.45140013098716736,2.3544092504427693e-06,0.8573566898317225,0.09500009634389132,OFFLOADED,1.0,No,1.0,0.0,0.0,False,False
2679,0.2523772120475769,5.918071050133962e-43,0.6896038251700578,1.7109573424627475e-09,OFFLOADED,1.0,No,1.0,1.0,1.0,False,False
2680,0.6219483613967896,0.05004126563098062,0.9717360875009873,0.989141883576412,OFFLOADED,1.0,No,1.0,1.0,1.0,False,True
2681,0.2739110589027405,1.3551159776582236e-30,0.3434485077090452,6.275898862602469e-34,OFFLOADED,1.0,No,1.0,1.0,1.0,False,False
2682,0.466716468334198,8.353434054755235e-06,0.7252965248392749,2.0427675369115459e-07,OFFLOADED,0.0,Yes,0.0,0.0,0.0,False,False
2683,0.2822471559047699,1.9542452845284486e-27,0.4941489875249881,1.412116200514202e-23,OFFLOADED,1.0,No,1.0,1.0,1.0,False,False
2684,0.3275291621685028,6.37008994706405e-16,0.5587502913569965,2.6435353234804315e-18,OFFLOADED,1.0,No,1.0,1.0,1.0,False,False
2685,0.3026350736618042,5.823519457619274e-21,0.6790260612452326,4.461538053176236e-10,OFFLOADED,1.0,No,1.0,1.0,1.0,False,False
2686,0.26429784297943115,5.575734474158636e-35,0.6121077383152596,9.164563244151279e-15,OFFLOADED,1.0,No,1.0,1.0,1.0,False,False
2687,0.0,0.0,0.8886347176078775,0.387877800533337,OFFLOADED,0.0,Yes,0.0,0.0,0.0,False,False
2688,0.5015724301338196,0.0001705271723647292,0.7882546483537854,0.00021393358242094857,OFFLOADED,1.0,No,0.0,1.0,1.0,False,False
2689,0.3269208073616028,4.344835356158616e-16,0.6200431429852566,2.163484665858824e-14,OFFLOADED,1.0,No,1.0,0.0,1.0,False,False
2690,0.31003615260124207,3.8470874417254715e-19,0.6521653954351426,4.5351218414641e-12,OFFLOADED,1.0,No,0.0,1.0,1.0,False,False
2691,0.8329735994338989,0.9661230730518656,0.9739743968332684,0.9915851944642324,ACCEPTED,1.0,No,1.0,1.0,0.0,True,True
2692,0.42802226543426514,2.144000503236003e-07,0.8387609107836272,0.021965204607588152,OFFLOADED,1.0,No,0.0,0.0,1.0,False,False
2693,0.4687997102737427,1.0487421742029901e-05,0.5568168034606957,1.154594156308058e-18,OFFLOADED,1.0,No,1.0,0.0,0.0,False,False
2694,0.32072168588638306,2.803732306796513e-17,0.5660490291347551,8.41014289115361e-18,OFFLOADED,1.0,No,1.0,1.0,1.0,False,False
2695,0.28461286425590515,7.838017197164495e-27,0.5372789697360854,2.2970781536466178e-20,OFFLOADED,1.0,No,1.0,1.0,1.0,False,False
2696,0.6830730438232422,0.2934277887854796,0.5008556606294906,2.816607748116459e-23,OFFLOADED,1.0,No,1.0,1.0,1.0,False,False
2697,0.6721401810646057,0.21838721774916878,0.8990983300190021,0.49960034924498586,OFFLOADED,1.0,No,1.0,1.0,1.0,False,False
2698,0.8046995401382446,0.9174351419107816,0.9739465557372927,0.9907737476143298,ACCEPTED,0.0,Yes,0.0,0.0,0.0,True,True
2699,0.7170723676681519,0.5174462118277458,0.7919496489337734,0.00028721812079755257,OFFLOADED,0.0,Yes,0.0,0.0,0.0,True,False
2700,0.3754645586013794,2.76283166622958e-11,0.7312113413408999,4.856964120858163e-07,OFFLOADED,1.0,No,1.0,1.0,1.0,False,False
2701,0.8112709522247314,0.9371001537155039,0.8956297889835441,0.45924447218163955,ACCEPTED,0.0,Yes,0.0,0.0,0.0,True,True
2702,0.8411275744438171,0.9773868289894008,0.9498917557038431,0.9394260002357192,ACCEPTED,0.0,Yes,0.0,0.0,0.0,True,True
2703,0.9059992432594299,0.9996131491445436,0.4591810188459323,2.853693755109093e-26,OFFLOADED,0.0,Yes,0.0,0.0,0.0,True,False
2704,0.2792520523071289,7.753802095652744e-29,0.25912442678715447,4.9472766453523756e-39,OFFLOADED,1.0,No,1.0,1.0,1.0,False,False
2705,0.8280971646308899,0.9644172705330581,0.8637581286995978,0.13977121114246127,OFFLOADED,1.0,No,1.0,1.0,1.0,True,False
2706,0.25093787908554077,1.4207789119409765e-43,0.2635606286628384,7.39896487444318e-39,OFFLOADED,1.0,No,1.0,1.0,1.0,False,False
2707,0.7979070544242859,0.9089692190404339,0.49338182505576905,5.9925258136304174e-24,OFFLOADED,0.0,Yes,0.0,0.0,0.0,True,False
2708,0.0,0.0,0.7198015191206468,8.270759204176484e-08,OFFLOADED,0.0,Yes,0.0,0.0,0.0,False,False
2709,0.8298735022544861,0.9660836615159842,0.8030775563409398,0.0009474517897605425,OFFLOADED,0.0,Yes,0.0,0.0,0.0,True,False
2710,0.2524331212043762,2.420183731153443e-43,0.7838645456449713,0.00011562777843571001,OFFLOADED,1.0,No,0.0,0.0,1.0,False,False
2711,0.25156232714653015,1.3504818597416371e-43,0.2894302495374695,1.8352035253747047e-37,OFFLOADED,1.0,No,1.0,1.0,1.0,False,False
2712,0.31077802181243896,4.225815191968887e-19,0.9701674600123338,0.9872814947738422,OFFLOADED,1.0,No,1.0,0.0,0.0,False,True
2713,0.6129499673843384,0.03107334688226881,0.8412532387712834,0.0244643968041661,OFFLOADED,0.0,Yes,0.0,0.0,0.0,False,False
2714,0.29976212978363037,4.312055279105729e-22,0.632448476938497,1.3472172303587758e-13,OFFLOADED,1.0,No,1.0,1.0,1.0,False,False
2715,0.9670711159706116,0.9999586814453167,0.7546283414643941,5.436790716926246e-06,OFFLOADED,1.0,No,1.0,1.0,0.0,True,False
2716,0.7572101354598999,0.7790939688921482,0.6330035326311136,1.2963088595607608e-13,OFFLOADED,1.0,No,1.0,1.0,1.0,True,False
2717,0.2591380774974823,2.2070841125404338e-38,0.39346104472410126,1.2321108268162788e-30,OFFLOADED,1.0,No,1.0,1.0,1.0,False,False
2718,0.35111576318740845,1.6023327643819848e-13,0.4654318094057733,6.835182855613713e-26,OFFLOADED,1.0,No,1.0,1.0,1.0,False,False
2719,0.31852543354034424,1.1707331680481624e-17,0.3930614522386064,1.0327969954170944e-30,OFFLOADED,1.0,No,1.0,1.0,1.0,False,False
2720,0.2645888030529022,3.50569656557575e-35,0.5642206809510313,4.9472548090232354e-18,OFFLOADED,1.0,No,0.0,1.0,1.0,False,False
2721,0.8647140264511108,0.9956065158733861,0.31016848732415064,1.4860726535770754e-36,OFFLOADED,1.0,No,1.0,1.0,1.0,True,False
2722,0.5291498899459839,0.0006114431330577048,0.8466618203046504,0.039708163818519174,OFFLOADED,1.0,No,1.0,0.0,1.0,False,False
2723,0.2605379521846771,1.6868834524170012e-37,0.4935015236039683,5.451084823884631e-24,OFFLOADED,1.0,No,1.0,1.0,1.0,False,False
2724,0.29822269082069397,1.1034521415765144e-22,0.47466444291581755,2.6962513830216377e-25,OFFLOADED,1.0,No,1.0,1.0,1.0,False,False
2725,0.5707027316093445,0.004947380338541641,0.7851534487249452,0.0001316373005331053,OFFLOADED,1.0,No,1.0,1.0,1.0,False,False
2726,0.2906029224395752,7.529293281795661e-25,0.4669921423358178,6.297153359508252e-26,OFFLOADED,1.0,No,1.0,0.0,0.0,False,False
2727,0.2663857340812683,1.6511402754129523e-34,0.37847601526884855,4.7850734659544275e-32,OFFLOADED,1.0,No,1.0,1.0,1.0,False,False
2728,0.38055866956710815,7.051172996479478e-11,0.5826451856027998,8.18248986724365e-17,OFFLOADED,1.0,No,1.0,1.0,1.0,False,False
2729,0.9127103090286255,0.999712892454986,0.9763994050835647,0.9945035635985069,ACCEPTED,1.0,No,1.0,1.0,0.0,True,True
2730,0.9204317927360535,0.9997642408640262,1.0,1.0,ACCEPTED,0.0,Yes,0.0,0.0,0.0,True,True
2731,0.7353551387786865,0.6581072948895581,0.9900670525723393,0.9991228355403918,ACCEPTED,0.0,Yes,0.0,0.0,0.0,True,True
2732,0.33123475313186646,1.7731439039870483e-15,0.8447406569398481,0.032309687407267404,OFFLOADED,0.0,Yes,0.0,0.0,0.0,False,False
2733,0.2548375725746155,6.48272583248815e-42,0.12913972388156164,2.0508955894973893e-42,OFFLOADED,1.0,No,1.0,1.0,1.0,False,False
2734,0.2761996388435364,2.4535044026385364e-30,0.4212267912524416,4.4960695742819077e-29,OFFLOADED,1.0,No,1.0,1.0,1.0,False,False
2735,0.0,0.0,0.738767328261062,1.115813243590114e-06,OFFLOADED,0.0,Yes,0.0,0.0,0.0,False,False
2736,0.5026717185974121,0.00015300066461656462,0.8420298451056367,0.02750928505488019,OFFLOADED,0.0,Yes,0.0,0.0,0.0,False,False
2737,0.41707223653793335,3.8828604134325756e-08,0.39466421721357425,9.367812566413537e-31,OFFLOADED,1.0,No,1.0,1.0,1.0,False,False
2738,0.0,0.0,0.47066187897151845,1.2996927003745227e-25,OFFLOADED,0.0,Yes,0.0,0.0,0.0,False,False
2739,0.25513359904289246,1.0643942616763638e-41,0.46684038353882334,6.849807800255989e-26,OFFLOADED,1.0,No,1.0,1.0,1.0,False,False
2740,0.5484257340431213,0.0018195559742584795,0.6935710158380504,2.8312835783616323e-09,OFFLOADED,1.0,No,1.0,1.0,1.0,False,False
2741,0.26194462180137634,1.0401056015169257e-36,0.816268607249707,0.004387563041857478,OFFLOADED,1.0,No,1.0,1.0,1.0,False,False
2742,0.3281579613685608,4.961413270754807e-16,0.35793797173769126,1.852241386547873e-33,OFFLOADED,1.0,No,1.0,1.0,1.0,False,False
2743,0.909714937210083,0.9996864289761624,1.0,1.0,ACCEPTED,0.0,Yes,0.0,0.0,0.0,True,True
2744,0.31295594573020935,8.753046778802734e-19,0.8546129429742729,0.07598595688326697,OFFLOADED,1.0,No,1.0,1.0,1.0,False,False
2745,0.32912278175354004,7.265949905608327e-16,0.6192447803974733,1.3186136637784699e-14,OFFLOADED,1.0,No,1.0,1.0,1.0,False,False
2746,0.8129529356956482,0.946962454382034,0.7757457018271079,3.73872377169908e-05,OFFLOADED,1.0,No,1.0,1.0,0.0,True,False
2747,0.3751015067100525,2.066181703180698e-11,0.7927997220759329,0.0003314524434672139,OFFLOADED,1.0,No,1.0,0.0,0.0,False,False
2748,0.3467901051044464,5.10050894169164e-14,0.7300388118511583,3.18795967202776e-07,OFFLOADED,1.0,No,1.0,0.0,0.0,False,False
2749,0.7231914401054382,0.5888742502253271,0.8985580302910365,0.49170791835175653,OFFLOADED,1.0,No,1.0,1.0,1.0,True,False
2750,0.3363533318042755,6.897018961787495e-15,0.3262890914792573,9.230575063339526e-36,OFFLOADED,1.0,No,0.0,1.0,1.0,False,False
2751,0.2661496102809906,7.801805795712106e-35,0.7113958825244281,2.070857202981938e-08,OFFLOADED,1.0,No,1.0,1.0,1.0,False,False
2752,0.35752230882644653,5.030468591977082e-13,0.33434761528358836,2.8364574767251645e-35,OFFLOADED,1.0,No,1.0,1.0,1.0,False,False
2753,0.253245085477829,1.9624964654245847e-43,0.6365220249975944,1.430331978728982e-13,OFFLOADED,1.0,No,1.0,0.0,0.0,False,False
2754,0.25783661007881165,1.052664106604595e-39,0.34596617566871957,1.527670320264853e-34,OFFLOADED,1.0,No,1.0,1.0,1.0,False,False
2755,0.26696088910102844,1.5939122184330776e-34,0.7407342102468888,1.1718685562819358e-06,OFFLOADED,1.0,No,1.0,1.0,1.0,False,False
2756,0.38085702061653137,6.496537639997807e-11,0.42689200771631336,6.402289421078131e-29,OFFLOADED,1.0,No,1.0,1.0,1.0,False,False
2757,0.743675947189331,0.7047874388168766,0.9093662917457461,0.5874487219453773,ACCEPTED,0.0,Yes,0.0,0.0,0.0,True,True
2758,0.5003604888916016,0.00013519162214572895,0.45810748632944587,1.0437309348504925e-26,OFFLOADED,1.0,No,1.0,1.0,1.0,False,False
2759,0.40022963285446167,2.284406203838578e-09,0.8187781311145701,0.004852638422618295,OFFLOADED,1.0,No,0.0,1.0,0.0,False,False
2760,0.301541805267334,6.605298726057179e-22,0.36374137041418325,2.3397288615612617e-33,OFFLOADED,1.0,No,1.0,1.0,1.0,False,False
2761,0.2598462700843811,1.517142112653644e-38,0.35612612267032173,6.552213486490339e-34,OFFLOADED,1.0,No,1.0,1.0,1.0,False,False
2762,0.29086458683013916,4.376537595252919e-25,0.4968218442877811,5.4975969253745125e-24,OFFLOADED,1.0,No,1.0,1.0,0.0,False,False
2763,0.2635698914527893,3.034685333138361e-36,0.4626222682481303,1.6284751718775492e-26,OFFLOADED,1.0,No,1.0,1.0,1.0,False,False
2764,0.4966174066066742,0.00010304933934170157,1.0,1.0,OFFLOADED,1.0,No,1.0,0.0,0.0,False,True
2765,0.3000509738922119,1.9047131243732305e-22,0.8834216029689431,0.32943948295998265,OFFLOADED,1.0,No,1.0,1.0,0.0,False,True
2766,0.7940037846565247,0.8999678401364558,0.59433308873709,2.750109222723865e-16,OFFLOADED,1.0,No,1.0,1.0,0.0,True,False
2767,0.3140319883823395,7.924479180966674e-19,0.497564280690293,5.430244141840328e-24,OFFLOADED,1.0,No,1.0,1.0,1.0,False,False
2768,0.30239784717559814,1.0425994097392383e-21,0.954267366495437,0.9521585403641223,OFFLOADED,1.0,No,1.0,1.0,0.0,False,True
2769,0.2661930024623871,4.11185931421985e-35,0.4476328696783953,1.5385435852899879e-27,OFFLOADED,1.0,No,1.0,0.0,0.0,False,False
2770,0.2523229718208313,1.984281475871937e-44,0.5999041543922339,5.920795888935359e-16,OFFLOADED,1.0,No,0.0,1.0,1.0,False,False
2771,0.359578400850296,6.318960190519435e-13,0.8149417354459201,0.0030353130469391006,OFFLOADED,1.0,No,0.0,1.0,1.0,False,False
2772,0.6854695081710815,0.30071089221638353,0.4713886668989281,5.775085403070902e-26,OFFLOADED,0.0,Yes,0.0,0.0,0.0,True,False
2773,0.4382880926132202,5.174518011103979e-07,0.6984736633030788,2.627581046424108e-09,OFFLOADED,1.0,No,1.0,1.0,1.0,False,False
2774,0.8975299000740051,0.9993387407607183,0.9884608034489868,0.9989251870840278,ACCEPTED,0.0,Yes,0.0,0.0,0.0,True,True
2775,0.9006602168083191,0.9994969511923812,1.0,1.0,ACCEPTED,0.0,Yes,0.0,0.0,0.0,True,True
2776,0.271085649728775,7.805225397973623e-33,0.8081977514234115,0.001377036554088377,OFFLOADED,1.0,No,1.0,1.0,1.0,False,False
2777,0.307632714509964,2.1384423823347324e-20,0.2063746735797866,4.2949377002497307e-42,OFFLOADED,1.0,No,1.0,1.0,1.0,False,False
2778,0.29881957173347473,5.422720344676084e-23,0.6059942958286259,1.1210391445651411e-15,OFFLOADED,1.0,No,1.0,1.0,0.0,False,False
2779,0.2972014844417572,1.5696482483055803e-23,0.35817354253218114,4.833130925483399e-34,OFFLOADED,1.0,No,1.0,1.0,1.0,False,False
2780,0.2817446291446686,1.223593781789533e-28,0.27241176430524017,2.0852990853416724e-39,OFFLOADED,1.0,No,1.0,1.0,1.0,False,False
2781,0.2609963119029999,5.523488240493225e-38,0.4770618543307951,1.2606423926784822e-25,OFFLOADED,1.0,No,1.0,1.0,1.0,False,False
2782,0.26776519417762756,1.6185560302662285e-34,0.2294743123123582,2.110280394452376e-41,OFFLOADED,1.0,No,1.0,1.0,1.0,False,False
2783,0.47166070342063904,1.096775834851385e-05,0.6285526874775444,2.934577163568602e-14,OFFLOADED,0.0,Yes,0.0,0.0,0.0,False,False
2784,0.7932924032211304,0.8944670977829743,0.942250042805462,0.909423893577968,ACCEPTED,0.0,Yes,0.0,0.0,0.0,True,True
2785,0.38347211480140686,9.500638498968882e-11,0.7573298780630718,4.198507619991564e-06,OFFLOADED,1.0,No,0.0,1.0,0.0,False,False
2786,0.2738432288169861,1.0266476575521744e-31,0.5544424533160611,1.9535883805651662e-19,OFFLOADED,1.0,No,0.0,1.0,1.0,False,False
2787,0.6020016074180603,0.02237181805240557,0.5751268547613384,1.1423710582364687e-17,OFFLOADED,1.0,No,0.0,1.0,1.0,False,False
2788,0.2992675006389618,6.621908944578398e-23,0.6533986932541239,2.33740775725262e-12,OFFLOADED,1.0,No,1.0,0.0,0.0,False,False
2789,0.25028282403945923,5.908539144761864e-45,0.3639681917533172,1.001508235699487e-33,OFFLOADED,1.0,No,1.0,1.0,1.0,False,False
2790,0.7962930202484131,0.9086379717053075,0.40153867891453865,5.80610794610914e-31,OFFLOADED,1.0,No,1.0,1.0,1.0,True,False
2791,0.6850832104682922,0.3094160928774691,0.44996957679618943,1.3828619114224327e-27,OFFLOADED,1.0,No,1.0,1.0,1.0,False,False
2792,0.2965754568576813,9.250294954589182e-24,0.8109136995937323,0.0017617428741463353,OFFLOADED,1.0,No,1.0,0.0,0.0,False,False
2793,0.3876344561576843,2.0339415789964357e-10,0.45970424648265623,5.0302405429462104e-27,OFFLOADED,1.0,No,1.0,1.0,1.0,False,False
2794,0.26781511306762695,1.1680548065410468e-34,0.7123454683442877,1.5709392465974064e-08,OFFLOADED,1.0,No,1.0,0.0,0.0,False,False
2795,0.26548099517822266,8.360603840576013e-36,0.6269392225898648,1.902461061108098e-14,OFFLOADED,1.0,No,1.0,1.0,1.0,False,False
2796,0.3663986623287201,2.204374239767437e-12,0.5760698378771116,1.0079773870339966e-17,OFFLOADED,1.0,No,1.0,1.0,1.0,False,False
2797,0.8698698282241821,0.9966484473281445,0.9274476217516427,0.8167190492366161,ACCEPTED,0.0,Yes,0.0,0.0,0.0,True,True
2798,0.6124804615974426,0.030406156586623156,0.6480680106549771,7.952211304081771e-13,OFFLOADED,1.0,No,1.0,1.0,1.0,False,False
2799,0.30992591381073,6.602465857487266e-20,0.7974946621558278,0.00038332058213376923,OFFLOADED,1.0,No,0.0,1.0,1.0,False,False
2800,0.5254048705101013,0.00037158879445492736,0.5910846893010644,8.42358725648506e-17,OFFLOADED,0.0,Yes,0.0,0.0,0.0,False,False
2801,0.3948410153388977,7.202701367792024e-10,0.745230704757138,1.2497692807560887e-06,OFFLOADED,1.0,No,1.0,1.0,1.0,False,False
2802,0.3300504684448242,4.519123309053674e-16,0.5145963513752485,5.956333681684687e-23,OFFLOADED,1.0,No,1.0,1.0,0.0,False,False
2803,0.31089305877685547,1.0596390254057324e-19,0.27852474673099936,1.856457745186898e-39,OFFLOADED,1.0,No,1.0,1.0,1.0,False,False
2804,0.36790183186531067,2.772515377495151e-12,0.7283883848457908,1.389553246492404e-07,OFFLOADED,1.0,No,1.0,1.0,0.0,False,False
2805,0.5249148011207581,0.00038274790018677854,0.71895964788615,3.370482080374296e-08,OFFLOADED,1.0,No,1.0,0.0,0.0,False,False
2806,0.818925678730011,0.9505187919943484,0.8849677439060967,0.34160324432305333,OFFLOADED,1.0,No,1.0,1.0,1.0,False,False
2807,0.30297693610191345,7.231959995853207e-22,0.752474913390354,2.1120898015938915e-06,OFFLOADED,1.0,No,1.0,1.0,1.0,False,False
2808,0.559607744216919,0.0024495004835819118,0.37465852167249214,2.4675748376195738e-33,OFFLOADED,1.0,No,1.0,1.0,1.0,False,False
2809,0.9047797918319702,0.9996234353311018,0.6646835087617994,8.68637868534974e-12,OFFLOADED,1.0,No,1.0,1.0,1.0,True,False
2810,0.8488693833351135,0.9849943321321427,0.9747813577135929,0.9924424129840662,ACCEPTED,1.0,No,1.0,1.0,0.0,True,True
2811,0.34651419520378113,1.990221947772969e-14,0.4810386876994436,9.45290955973419e-26,OFFLOADED,1.0,No,1.0,1.0,1.0,False,False
2812,0.3020232319831848,3.093116602688703e-22,0.3112347138975187,5.999470410466735e-38,OFFLOADED,1.0,No,1.0,1.0,1.0,False,False
2813,0.262924462556839,2.355652359350023e-37,0.8840694970977306,0.31693429548784646,OFFLOADED,1.0,No,1.0,0.0,0.0,False,False
2814,0.25485774874687195,2.6704195799374168e-43,0.32479569940854536,5.573039708611344e-37,OFFLOADED,1.0,No,1.0,1.0,1.0,False,False
2815,0.6369372010231018,0.07984706729303744,0.95045761507881,0.9424252526570432,OFFLOADED,0.0,Yes,0.0,0.0,0.0,False,True
2816,0.37553778290748596,1.2042776100089072e-11,0.37529327251769556,2.1964998954639295e-33,OFFLOADED,1.0,No,1.0,1.0,1.0,False,False
2817,0.2823620140552521,7.95435007724998e-29,0.9102836152516932,0.5995328570953004,OFFLOADED,1.0,No,1.0,0.0,0.0,False,True
2818,0.27492839097976685,9.236152759271795e-32,0.6789943777850941,1.1255886775066423e-10,OFFLOADED,1.0,No,1.0,1.0,1.0,False,False
2819,0.3449164927005768,1.442570472588091e-14,0.16009329362614885,1.005286800545612e-43,OFFLOADED,1.0,No,1.0,1.0,1.0,False,False
2820,0.3950771391391754,6.663605546718183e-10,0.8664137215854542,0.13493500851409843,OFFLOADED,1.0,No,0.0,1.0,0.0,False,False
2821,0.3489268124103546,2.583132787635532e-14,0.6554689381053748,1.4951018728389131e-12,OFFLOADED,1.0,No,1.0,1.0,1.0,False,False
2822,0.30209556221961975,2.5756076829648026e-22,0.6814043640252404,1.5181509300397326e-10,OFFLOADED,0.0,Yes,0.0,0.0,0.0,False,False
2823,0.2646186053752899,1.2633931203192973e-36,0.40914261428603654,6.126224239224617e-31,OFFLOADED,1.0,No,1.0,1.0,1.0,False,False
2824,0.3037124276161194,8.436877493256588e-22,0.46649805227032154,6.097097234469057e-27,OFFLOADED,1.0,No,1.0,1.0,1.0,False,False
2825,0.8202510476112366,0.9487078564505554,0.8935154300051554,0.40575575750981463,OFFLOADED,0.0,Yes,0.0,0.0,0.0,True,False
2826,0.8170886635780334,0.9472814318830995,0.5364418850922111,2.238414274944712e-21,OFFLOADED,1.0,No,1.0,1.0,1.0,True,False
2827,0.34923332929611206,2.6090551854726822e-14,0.6215865831705807,4.224099869785447e-15,OFFLOADED,1.0,No,1.0,1.0,1.0,False,False
2828,0.5074765682220459,0.00016008878888112185,0.8432728642359194,0.02536603255263598,OFFLOADED,0.0,Yes,0.0,0.0,0.0,False,False
2829,0.2658933103084564,4.642249979007429e-36,0.9457429443476328,0.9300778991639386,OFFLOADED,1.0,No,1.0,0.0,0.0,False,True
2830,0.2818121314048767,3.8629059233792343e-29,0.535825006235778,1.8799994716885304e-21,OFFLOADED,1.0,No,0.0,0.0,1.0,False,False
2831,0.2761603891849518,1.7235600102639524e-31,0.6406423597035994,1.0811977290072382e-13,OFFLOADED,1.0,No,1.0,1.0,1.0,False,False
2832,0.26865652203559875,1.1812899121549897e-34,0.711202327512336,8.714329121771412e-09,OFFLOADED,1.0,No,0.0,0.0,1.0,False,False
2833,0.2569480538368225,1.0781177422834039e-41,0.5450735593829389,1.0518718303241377e-20,OFFLOADED,1.0,No,1.0,1.0,1.0,False,False
2834,0.3060222566127777,3.550174311407026e-21,0.7326489886377671,2.3277495080320314e-07,OFFLOADED,1.0,No,1.0,1.0,0.0,False,False
2835,0.6127349138259888,0.030378121595799848,0.6363701130160677,3.82140164750978e-14,OFFLOADED,0.0,Yes,0.0,0.0,0.0,False,False
2836,0.2505924105644226,1.0335197477161656e-45,0.4149961423887199,9.881041051489095e-31,OFFLOADED,1.0,No,1.0,1.0,1.0,False,False
2837,0.47683700919151306,1.7692739028465543e-05,0.5399306466010152,3.406568095359593e-21,OFFLOADED,1.0,No,1.0,1.0,0.0,False,False
2838,0.9384981393814087,0.9998795729792699,0.7861062735261481,9.025477130193155e-05,OFFLOADED,1.0,No,1.0,1.0,1.0,True,False
2839,0.29048773646354675,5.857555404829468e-26,0.3870819541373618,8.987051207814541e-33,OFFLOADED,1.0,No,1.0,1.0,1.0,False,False
2840,0.5247215628623962,0.0003836472413784632,0.769697045394876,9.283043862300169e-06,OFFLOADED,1.0,No,1.0,0.0,0.0,False,False
2841,0.26123327016830444,1.1111451676367807e-38,0.6935351854241653,6.355650062479187e-10,OFFLOADED,1.0,No,1.0,1.0,1.0,False,False
2842,0.874474823474884,0.9973969699586033,0.952138226868112,0.9456743375350626,ACCEPTED,0.0,Yes,0.0,0.0,0.0,True,True
2843,0.26454591751098633,6.831282825388522e-37,0.4831590821853058,6.54409734394804e-26,OFFLOADED,1.0,No,1.0,1.0,1.0,False,False
2844,0.3257528841495514,3.7835869524093867e-17,0.5569502364792401,9.610902138615386e-20,OFFLOADED,1.0,No,1.0,0.0,0.0,False,False
2845,0.2581138610839844,5.470630692601241e-41,0.48343803335411684,6.104655277083542e-26,OFFLOADED,1.0,No,1.0,1.0,1.0,False,False
2846,0.33471447229385376,1.3289253974379546e-15,0.82365437074609,0.005471009135150028,OFFLOADED,1.0,No,1.0,1.0,1.0,False,False
2847,0.253255695104599,4.9368289280458253e-45,0.4426466260923119,6.448068040641075e-29,OFFLOADED,1.0,No,1.0,1.0,1.0,False,False
2848,0.8367180228233337,0.9695825521190101,0.9827891122469699,0.9977658256429554,ACCEPTED,0.0,Yes,0.0,0.0,0.0,True,True
2849,0.29495924711227417,1.1827054470758358e-24,0.30330589491453924,4.7056978578455306e-39,OFFLOADED,1.0,No,1.0,1.0,1.0,False,False
2850,0.258737176656723,1.1384166847085234e-40,0.5588331012168869,1.4200350116374218e-19,OFFLOADED,1.0,No,1.0,1.0,1.0,False,False
2851,0.506182849407196,0.00015761430685855697,0.5921911911785509,4.6215749488608916e-17,OFFLOADED,1.0,No,1.0,1.0,1.0,False,False
2852,0.26022177934646606,1.1177147133568634e-39,0.3593818044484162,4.0526267894856355e-35,OFFLOADED,1.0,No,1.0,1.0,0.0,False,False
2853,0.37901774048805237,2.242901235222801e-11,0.7509564682778295,1.422811429288405e-06,OFFLOADED,1.0,No,1.0,1.0,1.0,False,False
2854,0.8907907009124756,0.999079892267921,0.6108533849301854,6.881498227345992e-16,OFFLOADED,1.0,No,1.0,1.0,1.0,True,False
2855,0.3580942153930664,2.1177619113197996e-13,0.5763237796286467,3.497434476719951e-18,OFFLOADED,1.0,No,1.0,0.0,0.0,False,False
2856,0.0,0.0,0.7902153731380328,0.00014103462030103857,OFFLOADED,0.0,Yes,0.0,0.0,0.0,False,False
2857,0.4156494736671448,2.010669138187065e-08,0.8683410042292391,0.14677055783309578,OFFLOADED,1.0,No,1.0,1.0,1.0,False,False
2858,0.4488298296928406,1.0655555617482264e-06,0.411641631725227,2.6019661174139554e-31,OFFLOADED,1.0,No,1.0,1.0,1.0,False,False
2859,0.8923914432525635,0.999114319400106,1.0,1.0,ACCEPTED,0.0,Yes,0.0,0.0,0.0,True,True
2860,0.2546326220035553,3.47770621485495e-44,0.3579221785543506,2.416736437221928e-35,OFFLOADED,1.0,No,1.0,1.0,1.0,False,False
2861,0.5080879330635071,0.00016460454482950836,0.7923704678666327,0.00018463694386012614,OFFLOADED,0.0,Yes,0.0,0.0,0.0,False,False
2862,0.2576534152030945,1.533722784781337e-41,0.8014366439874927,0.0005110883255622846,OFFLOADED,1.0,No,1.0,0.0,0.0,False,False
2863,0.3123548924922943,9.535074757505881e-20,0.6806532975498645,1.0353316214194322e-10,OFFLOADED,1.0,No,1.0,0.0,0.0,False,False
2864,0.2648361623287201,5.8764789719654416e-37,0.970828010510675,0.9871683745998973,OFFLOADED,1.0,No,1.0,0.0,0.0,False,True
2865,0.2527698874473572,1.0773446389217332e-45,0.3555544794374234,1.4953987694431958e-35,OFFLOADED,1.0,No,1.0,1.0,1.0,False,False
2866,0.2597758173942566,3.788551826663913e-40,0.24549320137805886,3.286317706964528e-42,OFFLOADED,1.0,No,1.0,1.0,1.0,False,False
2867,0.25627291202545166,7.818797971765779e-43,0.3227182963087672,6.212089888193882e-38,OFFLOADED,1.0,No,1.0,1.0,1.0,False,False
2868,0.28291720151901245,5.787813672882717e-29,0.44201268038837443,3.951600662020574e-29,OFFLOADED,1.0,No,0.0,1.0,1.0,False,False
2869,0.8319326043128967,0.9656107858594575,0.9283757067694853,0.8233921156278824,OFFLOADED,0.0,Yes,0.0,0.0,0.0,True,False
2870,0.36395689845085144,7.63595258447802e-13,1.0,1.0,OFFLOADED,1.0,No,1.0,0.0,0.0,False,True
2871,0.6305554509162903,0.06822195518551723,0.7777660116608625,2.5634529670172406e-05,OFFLOADED,0.0,Yes,0.0,0.0,0.0,False,False
2872,0.2943550944328308,5.576188774898474e-25,0.4874749622043313,7.961318412922898e-26,OFFLOADED,1.0,No,1.0,1.0,1.0,False,False
2873,0.8144962191581726,0.9443294602033541,0.9659618096500072,0.9805616132626105,ACCEPTED,0.0,Yes,0.0,0.0,0.0,True,True
2874,0.2957928478717804,1.372024635351086e-24,0.6361299112044689,2.9703589522696484e-14,OFFLOADED,1.0,No,1.0,1.0,1.0,False,False
2875,0.5143795013427734,0.00023994799484019662,0.5196671893852598,3.908511788351618e-23,OFFLOADED,1.0,No,1.0,1.0,1.0,False,False
2876,0.0,0.0,0.8753303432196125,0.20438725456161563,OFFLOADED,0.0,Yes,0.0,0.0,0.0,False,False
2877,0.30583956837654114,1.7869782345921393e-21,0.40520056314140773,7.926567537685865e-32,OFFLOADED,1.0,No,1.0,1.0,1.0,False,False
2878,0.616599977016449,0.04018099610138126,0.619744569108706,2.039418165378921e-15,OFFLOADED,1.0,No,1.0,1.0,1.0,False,False
2879,0.9529621005058289,0.9999340119905346,0.7998863369807887,0.00042367282425542915,OFFLOADED,0.0,Yes,0.0,0.0,0.0,True,False
2880,0.3723420798778534,4.564122279311548e-12,0.4448356739485279,5.657711398520044e-29,OFFLOADED,1.0,No,1.0,1.0,1.0,False,False
2881,0.2526380717754364,4.683895710134998e-46,0.66956352661208,1.4271596344981444e-11,OFFLOADED,1.0,No,1.0,1.0,1.0,False,False
2882,0.300454705953598,3.3499223344925504e-23,0.41378868337875213,2.453778674787537e-31,OFFLOADED,1.0,No,1.0,1.0,1.0,False,False
2883,0.32500967383384705,1.604940771734574e-17,0.4993108458068433,7.126928413721873e-25,OFFLOADED,1.0,No,1.0,1.0,1.0,False,False
2884,0.2687831521034241,4.201633584468906e-35,0.7981278459295446,0.0003641288818226442,OFFLOADED,1.0,No,0.0,0.0,1.0,False,False
2885,0.31600838899612427,4.35891453388032e-19,0.2941747722015683,5.170530304938948e-40,OFFLOADED,1.0,No,1.0,1.0,1.0,False,False
2886,0.0,0.0,0.642272930881526,9.307146123889496e-14,OFFLOADED,0.0,Yes,0.0,0.0,0.0,False,False
2887,0.2604975402355194,7.096479717769108e-40,0.9479366419626007,0.9405520546865407,OFFLOADED,1.0,No,0.0,1.0,1.0,False,True
2888,0.28470316529273987,1.3595149816209274e-28,0.3692048732028132,1.1287524724439278e-34,OFFLOADED,1.0,No,1.0,1.0,1.0,False,False
2889,0.6817985773086548,0.2773375587658576,0.4998327959866032,7.517568412050918e-25,OFFLOADED,1.0,No,1.0,1.0,1.0,False,False
2890,0.34680649638175964,1.0020321681423826e-14,0.6739892326991421,3.3027257575170023e-11,OFFLOADED,1.0,No,1.0,1.0,0.0,False,False
2891,0.0,0.0,0.5737326881515549,1.8958117482101798e-18,OFFLOADED,0.0,Yes,0.0,0.0,0.0,False,False
2892,0.2571060359477997,1.8717685384628805e-42,0.5259228094822228,1.2108766374313791e-22,OFFLOADED,1.0,No,1.0,1.0,1.0,False,False
2893,0.2543630003929138,6.742906460010485e-45,0.6529511387484637,7.137982615237821e-13,OFFLOADED,1.0,No,1.0,0.0,0.0,False,False
2894,0.2818729877471924,9.683028855551355e-30,0.7669738492883718,6.420328592804613e-06,OFFLOADED,1.0,No,1.0,0.0,0.0,False,False
2895,0.28188836574554443,9.271307451260591e-30,0.4580190057729304,3.450398007958078e-28,OFFLOADED,1.0,No,1.0,1.0,1.0,False,False
2896,0.3226756155490875,4.56667875010163e-18,1.0,1.0,OFFLOADED,1.0,No,1.0,1.0,0.0,False,True
2897,0.3302554488182068,1.6471298800675525e-16,0.2608598805545495,6.271685746797625e-42,OFFLOADED,1.0,No,1.0,1.0,0.0,False,False
2898,0.9341960549354553,0.9998846870557643,0.8022909710243514,0.0005761025622982224,OFFLOADED,0.0,Yes,0.0,0.0,0.0,True,False
2899,0.8499283194541931,0.9875011870047415,0.8937858361321411,0.4280755597827555,ACCEPTED,0.0,Yes,0.0,0.0,0.0,True,True
2900,0.32985010743141174,1.2727258655573406e-16,0.6003146565054811,1.1558395424771776e-16,OFFLOADED,1.0,No,1.0,0.0,0.0,False,False
2901,0.2581004202365875,8.134252522808643e-42,0.1880641036799345,1.7216808515999965e-44,OFFLOADED,1.0,No,1.0,1.0,1.0,False,False
2902,0.2766660749912262,4.741181299050715e-32,0.6598055368584992,2.098587343658074e-12,OFFLOADED,1.0,No,0.0,1.0,1.0,False,False
2903,0.25839754939079285,1.1909792086891432e-41,0.21843785438575838,1.0087500575726107e-43,OFFLOADED,1.0,No,1.0,1.0,1.0,False,False
2904,0.7016619443893433,0.4151344630448813,0.9618180557957469,0.9728818752627955,OFFLOADED,0.0,Yes,0.0,0.0,0.0,False,True
2905,0.8936823010444641,0.9993665336078286,1.0,1.0,ACCEPTED,0.0,Yes,0.0,0.0,0.0,True,True
2906,0.28374382853507996,4.902119370338479e-29,0.30874242980513233,2.3517886356853638e-39,OFFLOADED,1.0,No,1.0,1.0,1.0,False,False
2907,0.9277596473693848,0.9998835103236109,0.5443158077905292,3.9255238583215455e-21,OFFLOADED,1.0,No,1.0,1.0,1.0,True,False
2908,0.25799375772476196,5.638045786634071e-42,0.7087590581351504,4.942492259614141e-09,OFFLOADED,1.0,No,1.0,1.0,1.0,False,False
2909,0.2672659754753113,2.9189959081064134e-36,0.3298492135714335,8.951697455051992e-38,OFFLOADED,1.0,No,1.0,1.0,1.0,False,False
2910,0.2601677477359772,1.8807286797453986e-40,0.8672494827874507,0.14431279914903705,OFFLOADED,1.0,No,1.0,0.0,0.0,False,False
2911,0.49373191595077515,7.137861478668856e-05,0.6073287363206475,2.6231122708124694e-16,OFFLOADED,0.0,Yes,0.0,0.0,0.0,False,False
2912,0.40671485662460327,4.20519934582145e-09,0.9255531317874862,0.8060705737590892,OFFLOADED,1.0,No,1.0,0.0,0.0,False,True
2913,0.48218777775764465,2.689374533682092e-05,0.9041913830929883,0.5229346107770353,OFFLOADED,0.0,Yes,0.0,0.0,0.0,False,True
2914,0.2501158118247986,4.928570107471998e-47,0.29662814467473236,3.7505408726054366e-40,OFFLOADED,1.0,No,1.0,1.0,1.0,False,False
2915,0.2734223008155823,3.124741095326415e-33,0.4631505895730621,6.372433812784849e-28,OFFLOADED,1.0,No,1.0,1.0,1.0,False,False
2916,0.927463710308075,0.9998754196663113,1.0,1.0,ACCEPTED,0.0,Yes,0.0,0.0,0.0,True,True
2917,0.3846374750137329,7.193331376873345e-11,0.7104370771265607,5.876304422437674e-09,OFFLOADED,1.0,No,1.0,1.0,1.0,False,False
2918,0.9253824949264526,0.9998731113723408,0.735089213122359,2.753873327641222e-07,OFFLOADED,1.0,No,1.0,1.0,1.0,True,False
2919,0.31840652227401733,8.722195710910585e-19,0.7088201853024612,4.048451155185596e-09,OFFLOADED,1.0,No,1.0,1.0,1.0,False,False
2920,0.27287113666534424,1.460488423902159e-33,0.3047340676268529,8.052440291197664e-40,OFFLOADED,1.0,No,1.0,1.0,1.0,False,False
2921,0.2632311284542084,2.028340120922292e-38,0.2734340195726389,1.9353648947858735e-41,OFFLOADED,1.0,No,1.0,1.0,1.0,False,False
2922,0.33003050088882446,1.3590305738214476e-16,0.8548233076401915,0.06363238164829753,OFFLOADED,1.0,No,1.0,1.0,0.0,False,False
2923,0.35520806908607483,7.874951240184827e-14,0.6249956946272591,2.991662339615129e-15,OFFLOADED,1.0,No,0.0,1.0,1.0,False,False
2924,0.2576697766780853,1.882248601998628e-42,0.15560765047750014,2.3918293656762034e-45,OFFLOADED,1.0,No,1.0,1.0,1.0,False,False
2925,0.31479305028915405,1.4989080247972195e-19,0.6521304481405812,4.172698262053001e-13,OFFLOADED,0.0,Yes,0.0,0.0,0.0,False,False
2926,0.7001081109046936,0.41747516805580864,0.7644731603974536,4.869076701388658e-06,OFFLOADED,0.0,Yes,0.0,0.0,0.0,False,False
2927,0.4840683341026306,3.481011419598325e-05,0.8505042530586059,0.044614999562406464,OFFLOADED,1.0,No,0.0,1.0,1.0,False,False
2928,0.4494444727897644,1.1673733167987432e-06,0.41730859558681704,2.0068415122582296e-31,OFFLOADED,1.0,No,1.0,1.0,1.0,False,False
2929,0.9307604432106018,0.9998900279761639,0.8637931034663071,0.10865261260519893,OFFLOADED,0.0,Yes,0.0,0.0,0.0,True,False
2930,0.2820906937122345,7.155891199971178e-30,0.15003197322716724,2.1391697719168813e-45,OFFLOADED,1.0,No,1.0,1.0,1.0,False,False
2931,0.40055015683174133,1.464657527262942e-09,1.0,1.0,OFFLOADED,1.0,No,1.0,1.0,0.0,False,True
2932,0.2964426875114441,7.46279910869963e-25,0.7303052256038062,1.2513293239204838e-07,OFFLOADED,1.0,No,1.0,0.0,0.0,False,False
2933,0.2768756151199341,3.7434381061672107e-32,0.3235424638723911,1.8594368260401478e-38,OFFLOADED,1.0,No,1.0,1.0,1.0,False,False
2934,0.34747132658958435,9.118048266679343e-15,0.45798693578681837,2.153570443356255e-28,OFFLOADED,1.0,No,0.0,1.0,1.0,False,False
2935,0.30103692412376404,2.629501293204341e-23,0.5392040189425494,8.985450767654882e-22,OFFLOADED,1.0,No,1.0,0.0,0.0,False,False
2936,0.5486363172531128,0.0016153880634923754,0.38933479269344257,1.756395934384386e-33,OFFLOADED,1.0,No,1.0,1.0,1.0,False,False
2937,0.4785619378089905,1.8341353688042398e-05,0.6465074380489969,1.5579710237990123e-13,OFFLOADED,1.0,No,1.0,0.0,0.0,False,False
2938,0.2823190987110138,6.115812093810247e-30,0.9349558655283582,0.8822873150929077,OFFLOADED,1.0,No,1.0,0.0,0.0,False,True
2939,0.278372198343277,1.3881330432438385e-31,0.6437323274833462,8.243056404496957e-14,OFFLOADED,1.0,No,1.0,1.0,1.0,False,False
2940,0.6796430945396423,0.2680471621352475,1.0,1.0,OFFLOADED,0.0,Yes,0.0,0.0,0.0,False,True
2941,0.2867526412010193,3.422407558811127e-28,0.5592232154719033,6.546111138584551e-20,OFFLOADED,1.0,No,1.0,1.0,1.0,False,False
2942,0.9185160994529724,0.9998427283835805,0.8422736811113897,0.02299575200600752,OFFLOADED,1.0,No,1.0,1.0,1.0,True,False
2943,0.26452985405921936,4.316918588573798e-38,0.4987832724079385,2.492200546308064e-25,OFFLOADED,1.0,No,1.0,1.0,1.0,False,False
2944,0.26240718364715576,2.979496438728921e-39,0.9431781905465384,0.9175911728628631,OFFLOADED,1.0,No,1.0,0.0,0.0,False,True
2945,0.3462480306625366,6.342562534944129e-15,0.3960596156490116,4.01731134377024e-33,OFFLOADED,1.0,No,1.0,1.0,1.0,False,False
2946,0.31584879755973816,1.8663350407376674e-19,0.2919411901097175,7.786712315160849e-41,OFFLOADED,1.0,No,1.0,1.0,1.0,False,False
2947,0.31019914150238037,9.47589538382471e-21,0.6151322287250712,5.830517997495843e-16,OFFLOADED,0.0,Yes,0.0,0.0,0.0,False,False
2948,0.7597053647041321,0.7976754694787387,0.5588612132705911,5.562478833249087e-20,OFFLOADED,0.0,Yes,0.0,0.0,0.0,True,False
2949,0.2603946030139923,9.087827730588449e-41,0.39746643330803744,5.4317420829442476e-33,OFFLOADED,1.0,No,1.0,1.0,1.0,False,False
2950,0.41935834288597107,3.0312313115973386e-08,0.5631332626966805,1.635650561355822e-19,OFFLOADED,1.0,No,1.0,1.0,1.0,False,False
2951,0.774232804775238,0.8566988955536957,0.9880833734783507,0.9989924112823818,ACCEPTED,0.0,Yes,0.0,0.0,0.0,True,True
2952,0.8698321580886841,0.9976770063784902,0.5384863638218997,6.099669072632307e-22,OFFLOADED,1.0,No,1.0,1.0,1.0,True,False
2953,0.6929482221603394,0.39140577153234046,0.5700846000520235,6.467997557033421e-19,OFFLOADED,0.0,Yes,0.0,0.0,0.0,False,False
2954,0.2507361173629761,1.242761889492798e-47,0.3864871237725269,5.957140139230817e-34,OFFLOADED,1.0,No,1.0,1.0,1.0,False,False
2955,0.9362282752990723,0.9999162186009869,0.9897298771596547,0.9992223648350573,ACCEPTED,0.0,Yes,0.0,0.0,0.0,True,True
2956,0.2694430351257324,1.8145761007593645e-35,0.810593489977369,0.0012779263510456535,OFFLOADED,1.0,No,0.0,1.0,0.0,False,False
2957,0.6224549412727356,0.05526950423742732,0.7770774477741883,2.2647810489783003e-05,OFFLOADED,0.0,Yes,0.0,0.0,0.0,False,False
2958,0.27888229489326477,2.3763765307334924e-31,0.5858682824730834,7.479010520478409e-18,OFFLOADED,1.0,No,0.0,1.0,1.0,False,False
2959,0.7165628671646118,0.5780933498801551,1.0,1.0,OFFLOADED,0.0,Yes,0.0,0.0,0.0,False,True
2960,0.2693067491054535,1.533842118098003e-35,0.30431409951654365,3.0829987204877005e-40,OFFLOADED,1.0,No,1.0,1.0,1.0,False,False
2961,0.27429383993148804,2.6692639500126432e-33,0.7985068472351529,0.0003159689639415422,OFFLOADED,1.0,No,1.0,0.0,0.0,False,False
2962,0.8503624796867371,0.9907298162994858,1.0,1.0,ACCEPTED,0.0,Yes,0.0,0.0,0.0,True,True
2963,0.5191273093223572,0.00030524280494234374,0.9201920781962875,0.7182996703741201,OFFLOADED,0.0,Yes,0.0,0.0,0.0,False,True
2964,0.260718435049057,1.7267834801176452e-40,0.7068617950726833,2.440834333479247e-09,OFFLOADED,1.0,No,0.0,1.0,1.0,False,False
2965,0.0,0.0,0.46392877826785045,3.356604350912369e-28,OFFLOADED,0.0,Yes,0.0,0.0,0.0,False,False
2966,0.34148120880126953,3.0889051860183595e-15,0.3401694158158518,1.4046056314096322e-37,OFFLOADED,1.0,No,1.0,1.0,1.0,False,False
2967,0.9085793495178223,0.999801188530868,0.9889213204338267,0.9992202051514745,ACCEPTED,0.0,Yes,0.0,0.0,0.0,True,True
2968,0.27612802386283875,1.1570508404083454e-32,0.5471173001774446,3.678474537764353e-21,OFFLOADED,1.0,No,1.0,1.0,1.0,False,False
2969,0.4764738082885742,1.742643800268431e-05,0.824274507857122,0.004751833900895931,OFFLOADED,1.0,No,1.0,1.0,1.0,False,False
2970,0.6235311031341553,0.06271111219989722,0.7295911776137014,8.798105943317465e-08,OFFLOADED,1.0,No,1.0,0.0,0.0,False,False
2971,0.8872182965278625,0.9992553687425036,1.0,1.0,ACCEPTED,0.0,Yes,0.0,0.0,0.0,True,True
2972,0.27218762040138245,2.378874050823823e-34,0.6509376987631422,2.602381116426976e-13,OFFLOADED,1.0,No,1.0,1.0,1.0,False,False
2973,0.5419132709503174,0.0011536556207535223,0.8356676317181724,0.011802140813994407,OFFLOADED,0.0,Yes,0.0,0.0,0.0,False,False
2974,0.8238646388053894,0.9682479871922732,0.848810998870666,0.03748241508408055,OFFLOADED,0.0,Yes,0.0,0.0,0.0,True,False
2975,0.3186315596103668,5.771090326088352e-19,0.565411769565789,2.2280991246757763e-19,OFFLOADED,1.0,No,1.0,1.0,1.0,False,False
2976,0.5729418992996216,0.0059669242701500145,0.8222677099886088,0.00442301320997596,OFFLOADED,1.0,No,1.0,1.0,0.0,False,False
2977,0.27235203981399536,2.590642291905498e-34,0.2514408398103976,3.1465844067787857e-43,OFFLOADED,1.0,No,1.0,1.0,1.0,False,False
2978,0.4936513900756836,8.553588303296511e-05,0.38099703668804613,1.3268217074475664e-34,OFFLOADED,1.0,No,1.0,1.0,1.0,False,False
2979,0.6888415217399597,0.38160305173788567,0.9852466804547687,0.9986923100775575,ACCEPTED,0.0,Yes,0.0,0.0,0.0,True,True
2980,0.2584390938282013,1.6738381026386374e-42,0.5460671108087005,2.318790325114358e-21,OFFLOADED,1.0,No,1.0,1.0,1.0,False,False
2981,0.4843546450138092,3.520880134465227e-05,0.3479757174923579,3.896234392274803e-37,OFFLOADED,1.0,No,1.0,1.0,1.0,False,False
2982,0.29904112219810486,3.1832904101781362e-24,0.8002477799144637,0.0003815419179371938,OFFLOADED,1.0,No,1.0,1.0,1.0,False,False
2983,0.28852522373199463,1.164783960720528e-27,0.7451962408963106,7.422674346620639e-07,OFFLOADED,1.0,No,1.0,0.0,0.0,False,False
2984,0.2778209447860718,4.415592232612773e-32,0.580063446712756,2.193860367354228e-18,OFFLOADED,1.0,No,1.0,1.0,1.0,False,False
2985,0.25724637508392334,1.3911751248434913e-43,0.17688320747843125,8.872952797129104e-46,OFFLOADED,1.0,No,1.0,1.0,0.0,False,False
2986,0.3201688826084137,8.287852901450374e-19,0.4863701411250661,1.1354747941476108e-26,OFFLOADED,1.0,No,0.0,1.0,1.0,False,False
2987,0.30129438638687134,2.069486598939154e-23,0.5044658911873215,4.352193087701668e-25,OFFLOADED,1.0,No,1.0,1.0,1.0,False,False
2988,0.2873938977718353,3.8525813094884445e-28,0.6928964863838606,2.881904304460321e-10,OFFLOADED,1.0,No,1.0,1.0,1.0,False,False
2989,0.264424592256546,1.3214157573128786e-38,0.23423436500496767,3.46073467913455e-44,OFFLOADED,1.0,No,1.0,1.0,1.0,False,False
2990,0.46648991107940674,5.274151150245178e-06,0.897184315215049,0.4795269756592898,OFFLOADED,1.0,No,1.0,1.0,0.0,False,True
2991,0.8419433236122131,0.9860857341671178,0.9165558815678718,0.6784881946954638,ACCEPTED,1.0,No,1.0,1.0,0.0,True,True
2992,0.26697584986686707,2.6350786780249175e-37,0.9838904202560561,0.9983145443383347,OFFLOADED,1.0,No,0.0,1.0,0.0,False,True
2993,0.3386510908603668,1.25809482186071e-15,0.9175662940371735,0.6770766578680326,OFFLOADED,1.0,No,1.0,0.0,0.0,False,True
2994,0.42648380994796753,8.25613514492025e-08,0.6383393725800586,1.5749411766117125e-14,OFFLOADED,1.0,No,1.0,1.0,1.0,False,False
2995,0.5323278903961182,0.0006351487371814532,0.6861313761427434,1.1169736993356185e-10,OFFLOADED,1.0,No,1.0,1.0,1.0,False,False
2996,0.3106801211833954,8.372358959605766e-21,0.8567244491700373,0.06626989702893223,OFFLOADED,1.0,No,1.0,0.0,0.0,False,False
2997,0.33094698190689087,9.966320535305644e-17,0.5695567371195883,2.87735818876474e-19,OFFLOADED,1.0,No,1.0,1.0,1.0,False,False
2998,0.30392682552337646,1.07848873651983e-22,0.5567743968381382,1.393368163459823e-20,OFFLOADED,1.0,No,0.0,1.0,1.0,False,False
2999,0.9262691140174866,0.9999097867701857,0.8622282249591904,0.09312738590133207,OFFLOADED,0.0,Yes,0.0,0.0,0.0,True,False
3000,0.8611716628074646,0.9959572604443754,0.8057542652421215,0.0006250862069274764,OFFLOADED,1.0,No,1.0,1.0,1.0,True,False
3001,0.2739807665348053,6.417728875545983e-34,0.4634744799471026,1.198593204080327e-28,OFFLOADED,1.0,No,1.0,1.0,1.0,False,False
3002,0.5311334729194641,0.0005584011720631206,0.7221517467368963,2.2648236546668074e-08,OFFLOADED,1.0,No,1.0,1.0,1.0,False,False
3003,0.5981156229972839,0.021230338340984804,0.864128942942751,0.11207349185825197,OFFLOADED,1.0,No,1.0,1.0,1.0,False,False
3004,0.5507476925849915,0.0017874549506225724,0.7476094772563051,7.630986157109709e-07,OFFLOADED,0.0,Yes,0.0,0.0,0.0,False,False
3005,0.8831899762153625,0.9990423251764785,0.9806178983305119,0.9969139492285152,ACCEPTED,0.0,Yes,0.0,0.0,0.0,True,True
3006,0.34587594866752625,3.9839709408263316e-15,0.7285800443232457,5.667944406829578e-08,OFFLOADED,1.0,No,1.0,1.0,1.0,False,False
3007,0.8885295391082764,0.9993702044084314,0.9546754129559407,0.9493351398472156,ACCEPTED,0.0,Yes,0.0,0.0,0.0,True,True
3008,0.2883121371269226,4.73165696196976e-28,0.5131001525694552,1.3172926282722e-24,OFFLOADED,1.0,No,1.0,1.0,1.0,False,False
3009,0.0,0.0,0.7816100197549352,3.2156904854865374e-05,OFFLOADED,0.0,Yes,0.0,0.0,0.0,False,False
3010,0.5114094018936157,0.00020081813424154465,0.7090458885228728,2.2271364536501226e-09,OFFLOADED,1.0,No,1.0,0.0,0.0,False,False
3011,0.3034396171569824,5.930261027779339e-23,0.6007715885060562,3.538283315597852e-17,OFFLOADED,1.0,No,1.0,1.0,1.0,False,False
3012,0.255080908536911,5.136791121014412e-46,0.42489180927652026,1.2536932733590692e-31,OFFLOADED,1.0,No,1.0,1.0,1.0,False,False
3013,0.40665340423583984,2.4525535387291485e-09,0.5802183473236278,1.310085525359895e-18,OFFLOADED,1.0,No,1.0,1.0,0.0,False,False
3014,0.92449551820755,0.9999134161389591,0.8391927092395552,0.01590723669700421,OFFLOADED,0.0,Yes,0.0,0.0,0.0,True,False
3015,0.2527126669883728,5.005006193447629e-48,0.3718894309881059,9.74614776183225e-36,OFFLOADED,1.0,No,1.0,1.0,1.0,False,False
3016,0.9173084497451782,0.9998904678342959,1.0,1.0,ACCEPTED,1.0,No,1.0,1.0,1.0,True,True
3017,0.845573365688324,0.987962077179487,0.7208323191897822,1.7914206248941316e-08,OFFLOADED,1.0,No,1.0,1.0,0.0,True,False
3018,0.28184452652931213,9.541288827882494e-31,0.7783606226772917,2.4018461344567054e-05,OFFLOADED,1.0,No,1.0,1.0,0.0,False,False
3019,0.3325228691101074,1.3870412478286605e-16,0.6764529980999064,1.7824849165716673e-11,OFFLOADED,1.0,No,1.0,1.0,1.0,False,False
3020,0.8736662864685059,0.9983426787385307,0.6613161753748908,8.369718855790771e-13,OFFLOADED,1.0,No,1.0,1.0,1.0,True,False
3021,0.37388360500335693,3.0939259717891046e-12,0.6082578008056635,8.910361660101569e-17,OFFLOADED,1.0,No,1.0,0.0,0.0,False,False
3022,0.38540974259376526,4.340180829701815e-11,0.9413735313836423,0.9014318764102689,OFFLOADED,1.0,No,0.0,1.0,1.0,False,True
3023,0.26431214809417725,3.518045064146974e-39,0.3067465357480824,6.339712822112239e-41,OFFLOADED,1.0,No,1.0,1.0,1.0,False,False
3024,0.2910897135734558,4.2227079993202465e-27,0.32882669881817483,3.8186546819856216e-39,OFFLOADED,1.0,No,1.0,1.0,1.0,False,False
3025,0.2688605487346649,1.197372301431788e-36,0.2596569626943787,1.3337992091978838e-43,OFFLOADED,1.0,No,1.0,1.0,1.0,False,False
3026,0.2785537838935852,3.023825836942518e-32,0.31194573564428024,1.5285262491983047e-40,OFFLOADED,1.0,No,1.0,1.0,1.0,False,False
3027,0.3282219171524048,1.6544820558462292e-17,0.5817607907881466,1.2152129263579693e-18,OFFLOADED,1.0,No,1.0,1.0,0.0,False,False
3028,0.6757198572158813,0.28432707073619395,0.9415460819819531,0.8970515673636383,OFFLOADED,0.0,Yes,0.0,0.0,0.0,False,True
3029,0.8977629542350769,0.9996500810686703,0.5649960064015442,6.246935751510085e-20,OFFLOADED,1.0,No,1.0,1.0,1.0,True,False
3030,0.8151929974555969,0.9602248011717135,0.8567127890062414,0.06379472601186266,OFFLOADED,0.0,Yes,0.0,0.0,0.0,True,False
3031,0.2757989168167114,1.5048521584556084e-33,0.4421668620282149,1.8084016177179882e-30,OFFLOADED,1.0,No,1.0,1.0,1.0,False,False
3032,0.2553081214427948,4.235092133675634e-46,0.6840053561043532,6.787912249429222e-11,OFFLOADED,1.0,No,1.0,0.0,0.0,False,False
3033,0.4430251121520996,4.984463963509317e-07,0.6067774841211085,6.514714185554707e-17,OFFLOADED,1.0,No,1.0,1.0,1.0,False,False
3034,0.7213296294212341,0.6407450891077721,0.9670012513771419,0.9817403731951897,ACCEPTED,0.0,Yes,0.0,0.0,0.0,True,True
3035,0.613474428653717,0.04098573449022671,0.7702514295776324,7.94866532032895e-06,OFFLOADED,0.0,Yes,0.0,0.0,0.0,True,False
3036,0.2726019322872162,6.232034746744358e-35,0.3772972478754094,1.3534019472499937e-35,OFFLOADED,1.0,No,1.0,1.0,1.0,False,False
3037,0.5005446672439575,0.00011849976181110016,0.7853445164220867,5.969826875486248e-05,OFFLOADED,0.0,Yes,0.0,0.0,0.0,False,False
3038,0.38999664783477783,1.252123130819994e-10,0.7977535101982666,0.00024992697261585925,OFFLOADED,1.0,No,1.0,0.0,0.0,False,False
3039,0.2779214382171631,1.31368840308791e-32,0.4035911797452386,2.145163936182035e-33,OFFLOADED,1.0,No,1.0,1.0,1.0,False,False
3040,0.25852543115615845,2.5184876255965516e-43,0.3221764886617966,7.2641170620565e-40,OFFLOADED,1.0,No,1.0,1.0,1.0,False,False
3041,0.7425531148910522,0.7744183894172191,0.7239288609031154,3.122654263663212e-08,OFFLOADED,0.0,Yes,0.0,0.0,0.0,True,False
3042,0.7279296517372131,0.7075093718011495,0.6417746932320055,2.2558126569144236e-14,OFFLOADED,1.0,No,1.0,1.0,1.0,True,False
3043,0.5765296220779419,0.008172620699413243,0.9776221189386521,0.995780773130763,OFFLOADED,0.0,Yes,0.0,0.0,0.0,False,True
3044,0.0,0.0,0.7236585796132462,3.183986543234704e-08,OFFLOADED,0.0,Yes,0.0,0.0,0.0,False,False
3045,0.39108020067214966,1.523412627644659e-10,0.7131623196366381,5.591504611532513e-09,OFFLOADED,1.0,No,1.0,1.0,1.0,False,False
3046,0.27668067812919617,2.9927366368197207e-33,0.6520915716912176,1.8691951548782953e-13,OFFLOADED,0.0,Yes,0.0,0.0,0.0,False,False
3047,0.2651973366737366,8.572140767896128e-39,1.0,1.0,OFFLOADED,1.0,No,1.0,0.0,0.0,False,True
3048,0.2843211889266968,8.754875224497055e-30,0.4551308584956957,1.8392294841067386e-29,OFFLOADED,1.0,No,1.0,1.0,1.0,False,False
3049,0.25584444403648376,1.0464339954173288e-45,0.8122207525022547,0.0013919617038523678,OFFLOADED,1.0,No,1.0,0.0,0.0,False,False
3050,0.9086914658546448,0.9998307008462453,0.9607726518142542,0.9693889029603856,ACCEPTED,1.0,No,1.0,1.0,1.0,True,True
3051,0.8722863793373108,0.9982456742433088,0.5810422090521662,1.0365321564679573e-18,OFFLOADED,0.0,Yes,0.0,0.0,0.0,True,False
3052,0.29927122592926025,1.3283670697766998e-24,0.6437822315850719,3.28531995642347e-14,OFFLOADED,1.0,No,1.0,0.0,0.0,False,False
3053,0.31222525238990784,1.1605849222091655e-20,0.4511504510866807,8.581857936243371e-30,OFFLOADED,1.0,No,1.0,1.0,0.0,False,False
3054,0.3383110463619232,7.147579778716534e-16,0.8042232393370377,0.0005054335509961448,OFFLOADED,1.0,No,0.0,0.0,1.0,False,False
3055,0.34739258885383606,4.303333821631226e-15,0.8928335900751478,0.40873899567890953,OFFLOADED,1.0,No,0.0,0.0,1.0,False,False
3056,0.25777801871299744,4.629629305580314e-44,0.7431603981131742,5.005270215574387e-07,OFFLOADED,1.0,No,0.0,1.0,1.0,False,False
3057,0.7414287328720093,0.7698749061932272,0.9868625023384224,0.9990624688387822,ACCEPTED,0.0,Yes,0.0,0.0,0.0,True,True
3058,0.2608840763568878,1.5737191491000778e-41,0.32893006705953776,2.0614067242927672e-39,OFFLOADED,1.0,No,1.0,1.0,1.0,False,False
3059,0.4346083998680115,2.3122846485738173e-07,0.8519948429857163,0.04715021204348914,OFFLOADED,1.0,No,1.0,1.0,1.0,False,False
3060,0.2966323792934418,1.3467860023008571e-25,0.9315379568200626,0.8362996600815186,OFFLOADED,0.0,Yes,0.0,0.0,0.0,False,True
3061,0.27450332045555115,3.6048283360661542e-34,0.7357218319016029,1.7478423917333897e-07,OFFLOADED,1.0,No,0.0,0.0,1.0,False,False
3062,0.3370237350463867,4.4311506513941676e-16,0.4128141641785416,6.074915998699546e-33,OFFLOADED,1.0,No,1.0,1.0,1.0,False,False
3063,0.32439613342285156,1.986873564871793e-18,0.5173352466812963,1.597060537987062e-24,OFFLOADED,1.0,No,1.0,1.0,1.0,False,False
3064,0.8083931803703308,0.956721788751265,0.8667994850657622,0.12380335020971797,OFFLOADED,0.0,Yes,0.0,0.0,0.0,True,False
3065,0.6427663564682007,0.14073660431679072,0.6105067911780152,9.724619601712115e-17,OFFLOADED,0.0,Yes,0.0,0.0,0.0,False,False
3066,0.9302072525024414,0.9999336360368554,0.6344856790732025,4.0042073077791405e-15,OFFLOADED,0.0,Yes,0.0,0.0,0.0,True,False
3067,0.8661309480667114,0.9975727533369904,1.0,1.0,ACCEPTED,0.0,Yes,0.0,0.0,0.0,True,True
3068,0.361345112323761,1.761519542625198e-13,1.0,1.0,OFFLOADED,0.0,Yes,0.0,0.0,0.0,False,True
3069,0.272848516702652,5.606695243672734e-35,0.8046500489515348,0.00048248347237939013,OFFLOADED,1.0,No,1.0,0.0,0.0,False,False
3070,0.34981194138526917,8.080241364872937e-15,0.5550014794397489,4.342584753498942e-21,OFFLOADED,1.0,No,1.0,1.0,1.0,False,False
3071,0.32488369941711426,2.6038443938194576e-18,0.2809490808995667,1.0367638333233174e-42,OFFLOADED,1.0,No,1.0,1.0,1.0,False,False
3072,0.9127207398414612,0.9998820224785101,0.9597383277992694,0.9660367725619753,ACCEPTED,0.0,Yes,0.0,0.0,0.0,True,True
3073,0.53863924741745,0.0011288835722277932,0.6244054602178837,7.33604974100549e-16,OFFLOADED,1.0,No,1.0,1.0,1.0,False,False
3074,0.2576078176498413,2.2069947385626368e-44,0.2250696966557813,1.4267235932802565e-45,OFFLOADED,1.0,No,1.0,1.0,1.0,False,False
3075,0.2500547170639038,2.7974828942913027e-49,0.46827691791060216,1.1306266550686993e-28,OFFLOADED,1.0,No,1.0,1.0,1.0,False,False
3076,0.27873465418815613,2.255152343361843e-32,0.5865756333247704,2.008874383329849e-18,OFFLOADED,1.0,No,1.0,1.0,1.0,False,False
3077,0.27024927735328674,2.505107670316996e-36,0.2470304607425962,1.0377080037496431e-44,OFFLOADED,1.0,No,1.0,1.0,1.0,False,False
3078,0.6284596920013428,0.08905508201223361,0.4559928878140505,1.157042147613745e-29,OFFLOADED,1.0,No,1.0,1.0,1.0,False,False
3079,0.28106504678726196,2.1698530553515196e-31,0.8031899268009278,0.0003967052832166908,OFFLOADED,1.0,No,1.0,1.0,1.0,False,False
3080,0.48854631185531616,5.2846645191956605e-05,0.7648389589552955,3.3676414999426397e-06,OFFLOADED,0.0,Yes,0.0,0.0,0.0,False,False
3081,0.2560631036758423,6.66972237615559e-46,0.4710620401792688,1.8785111524862714e-28,OFFLOADED,1.0,No,1.0,1.0,1.0,False,False
3082,0.34368255734443665,1.9055121099307346e-15,0.3583593223639311,1.9872144192135248e-37,OFFLOADED,1.0,No,1.0,1.0,1.0,False,False
3083,0.8741673827171326,0.998779392935049,1.0,1.0,ACCEPTED,0.0,Yes,0.0,0.0,0.0,True,True
3084,0.8549304008483887,0.9947631015074679,1.0,1.0,ACCEPTED,0.0,Yes,0.0,0.0,0.0,True,True
3085,0.6439865827560425,0.1491214473788763,0.9551619741716791,0.956588769523493,OFFLOADED,0.0,Yes,0.0,0.0,0.0,False,False
3086,0.3363942801952362,3.503153833711667e-16,0.9545305630683498,0.9569668576114696,OFFLOADED,0.0,Yes,0.0,0.0,0.0,False,True
3087,0.746319055557251,0.8047575880705464,0.9183910663300265,0.6811679254642795,ACCEPTED,1.0,No,1.0,1.0,0.0,True,True
3088,0.939369261264801,0.9999625453442264,0.8128239950577139,0.0012836051324491668,OFFLOADED,0.0,Yes,0.0,0.0,0.0,True,False
3089,0.0,0.0,0.5734202196448311,2.4252457628846337e-19,OFFLOADED,0.0,Yes,0.0,0.0,0.0,False,False
3090,0.2861955165863037,2.819530484196034e-29,0.8680869540820609,0.13689791791674918,OFFLOADED,1.0,No,1.0,1.0,1.0,False,False
3091,0.4402579367160797,4.3896403197879905e-07,0.5681727243544872,9.512458761325073e-20,OFFLOADED,1.0,No,1.0,1.0,1.0,False,False
3092,0.3124820291996002,8.801091045818679e-21,0.7719041025653508,8.449662420923981e-06,OFFLOADED,1.0,No,1.0,1.0,1.0,False,False
3093,0.3596944212913513,1.1594102823406697e-13,0.7501838614212287,8.608623119043368e-07,OFFLOADED,0.0,Yes,0.0,0.0,0.0,False,False
3094,0.3757830560207367,4.154229200324324e-12,0.5398258441750478,1.1730706634771365e-22,OFFLOADED,1.0,No,1.0,1.0,1.0,False,False
3095,0.28166425228118896,3.2054734512878954e-31,0.25097898760521614,1.1656904485661472e-44,OFFLOADED,1.0,No,1.0,1.0,1.0,False,False
3096,0.2626786530017853,1.2320200604812641e-40,0.5026704178972357,6.439001994696257e-26,OFFLOADED,1.0,No,1.0,0.0,0.0,False,False
3097,0.37690070271492004,5.271560316826566e-12,0.5866948728505572,1.9284483202781917e-18,OFFLOADED,1.0,No,0.0,1.0,1.0,False,False
3098,0.7101850509643555,0.5802364705723795,0.47566673460191805,3.3998815742068286e-28,OFFLOADED,1.0,No,1.0,1.0,1.0,False,False
3099,0.8985268473625183,0.9997606075438805,0.8541046244585647,0.05174453991765261,OFFLOADED,1.0,No,1.0,1.0,1.0,True,False
3100,0.2671829164028168,3.243177306852602e-38,0.6940011594131438,1.8435478868736058e-10,OFFLOADED,1.0,No,1.0,1.0,1.0,False,False
3101,0.32193857431411743,5.054746303890947e-19,0.6504264077165236,9.216330647845083e-14,OFFLOADED,1.0,No,1.0,1.0,1.0,False,False
3102,0.2503228485584259,1.3361590825212704e-49,0.5234073507758399,3.580568724194789e-24,OFFLOADED,1.0,No,1.0,1.0,0.0,False,False
3103,0.9278693795204163,0.9999407461409845,0.7403174399589245,2.921795747101196e-07,OFFLOADED,1.0,No,1.0,1.0,0.0,True,False
3104,0.2606033980846405,3.10138681276691e-42,0.5263098679282348,5.804020122544366e-24,OFFLOADED,1.0,No,0.0,1.0,1.0,False,False
3105,0.5608141422271729,0.0035024831865210896,0.5984250629866472,1.0531194504342584e-17,OFFLOADED,1.0,No,1.0,1.0,1.0,False,False
3106,0.3964962661266327,3.8819623681304114e-10,0.784534752100752,3.781466105393904e-05,OFFLOADED,0.0,Yes,0.0,0.0,0.0,False,False
3107,0.8965631723403931,0.9997079585980716,0.8609680708736384,0.08075405013225052,OFFLOADED,0.0,Yes,0.0,0.0,0.0,True,False
3108,0.25063076615333557,1.1959156150752842e-49,0.1776997411772929,2.655137077559417e-47,OFFLOADED,1.0,No,1.0,1.0,1.0,False,False
3109,0.261385440826416,1.5589987995211692e-41,0.8240956153505996,0.0041267034047968556,OFFLOADED,1.0,No,1.0,1.0,1.0,False,False
3110,0.9214738607406616,0.9999224628525751,0.8767280445421313,0.2087123681623644,OFFLOADED,0.0,Yes,0.0,0.0,0.0,True,False
3111,0.2604663372039795,1.9380181765299453e-42,0.3031635903781289,5.289332698094048e-42,OFFLOADED,1.0,No,1.0,1.0,1.0,False,False
3112,0.27521252632141113,3.5335619212592197e-34,0.6068968186935302,4.384595930340723e-17,OFFLOADED,1.0,No,1.0,1.0,1.0,False,False
3113,0.3051738142967224,8.533847878658233e-23,0.7814092507122622,2.8734381860275693e-05,OFFLOADED,1.0,No,1.0,1.0,0.0,False,False
3114,0.2848609387874603,6.226196805985279e-30,0.6678233876674556,1.861847386772062e-12,OFFLOADED,1.0,No,1.0,1.0,1.0,False,False
3115,0.5578790903091431,0.002898732474135309,0.6773871875929274,1.4214451935443674e-11,OFFLOADED,1.0,No,1.0,1.0,1.0,False,False
3116,0.2520338296890259,1.1429192413967916e-49,0.9097724546063872,0.5687780349439668,OFFLOADED,1.0,No,1.0,0.0,0.0,False,True
3117,0.8052933812141418,0.9521810846649489,0.8095225992919957,0.0007918280612177194,OFFLOADED,0.0,Yes,0.0,0.0,0.0,True,False
3118,0.5771759152412415,0.008875191902332841,0.41484140333019637,2.8136919955998777e-33,OFFLOADED,1.0,No,1.0,1.0,1.0,False,False
3119,0.252536803483963,1.9819609217313863e-49,0.6484752231771123,5.250240354348077e-14,OFFLOADED,1.0,No,1.0,1.0,0.0,False,False
3120,0.26052504777908325,1.5978440043451532e-42,0.34661764904317305,9.60310897263763e-39,OFFLOADED,1.0,No,1.0,1.0,1.0,False,False
3121,0.28394943475723267,2.489316410008899e-30,0.5083721987016164,1.049579956650539e-25,OFFLOADED,1.0,No,1.0,1.0,1.0,False,False
3122,0.2761631906032562,5.551564979460122e-34,0.5467757005039992,3.392447964175092e-22,OFFLOADED,1.0,No,1.0,1.0,1.0,False,False
3123,0.9528079628944397,0.9999772784864831,1.0,1.0,ACCEPTED,0.0,Yes,0.0,0.0,0.0,True,True
3124,0.2706104815006256,1.6052242955085663e-36,0.4678868717578488,3.45642162991631e-29,OFFLOADED,1.0,No,1.0,1.0,1.0,False,False
3125,0.8695181012153625,0.9983973017297463,0.7133316380436361,3.774775189938345e-09,OFFLOADED,1.0,No,1.0,1.0,1.0,True,False
3126,0.3298327624797821,2.2821031177457244e-17,0.6548741184980367,1.5789579023444515e-13,OFFLOADED,1.0,No,1.0,1.0,1.0,False,False
3127,0.3145841658115387,1.884848060113642e-20,0.312564523942841,1.43917070083986e-41,OFFLOADED,1.0,No,1.0,1.0,1.0,False,False
3128,0.748801052570343,0.7991192688354302,1.0,1.0,ACCEPTED,0.0,Yes,0.0,0.0,0.0,True,True
3129,0.25719165802001953,2.1626431794889716e-45,0.2819018577049875,2.0779828483082637e-43,OFFLOADED,1.0,No,1.0,1.0,1.0,False,False
3130,0.2805675268173218,6.703385911216306e-32,0.8279244599163005,0.005576962618627052,OFFLOADED,1.0,No,1.0,1.0,0.0,False,False
3131,0.2565816044807434,5.3980806029738184e-46,0.10397004448526455,2.1903647302103206e-48,OFFLOADED,1.0,No,1.0,1.0,1.0,False,False
3132,0.2822258770465851,3.216251419881207e-31,0.4243665726277936,1.074803002360554e-32,OFFLOADED,1.0,No,1.0,1.0,1.0,False,False
3133,0.9104093313217163,0.9998920548516955,0.7593696439545029,2.1123019871398674e-06,OFFLOADED,0.0,Yes,0.0,0.0,0.0,True,False
3134,0.536162257194519,0.0007285919566101988,0.9753532820981872,0.9940979913960266,OFFLOADED,1.0,No,1.0,0.0,0.0,False,True
3135,0.5849020481109619,0.013069288950348935,0.6367698267141444,3.560943866931183e-15,OFFLOADED,0.0,Yes,0.0,0.0,0.0,False,False
3136,0.26269659399986267,4.855968574756255e-41,0.7118728872798509,2.626566888076799e-09,OFFLOADED,1.0,No,1.0,0.0,0.0,False,False
3137,0.7800621390342712,0.9021055441207673,0.8436297811533122,0.022998251859825708,OFFLOADED,1.0,No,1.0,1.0,0.0,True,False
3138,0.2927991449832916,5.8905409322627214e-27,0.3022350111344761,1.8837208841733847e-42,OFFLOADED,1.0,No,1.0,1.0,1.0,False,False
3139,0.2756079435348511,2.483415702410312e-34,0.27506639860102244,6.533156534970182e-44,OFFLOADED,1.0,No,1.0,1.0,1.0,False,False
3140,0.3069758117198944,2.0182685445123613e-22,0.3742111616131908,9.806001759851423e-37,OFFLOADED,1.0,No,1.0,1.0,1.0,False,False
3141,0.25271734595298767,1.259167204129586e-49,0.11509618670835975,1.8959885545656508e-48,OFFLOADED,1.0,No,1.0,1.0,1.0,False,False
3142,0.2566209137439728,4.211798126088303e-46,0.8619548789567596,0.09155762117105222,OFFLOADED,1.0,No,1.0,0.0,1.0,False,False
3143,0.25327709317207336,3.716854638146624e-49,0.4990231390237785,1.0422377012412773e-26,OFFLOADED,1.0,No,0.0,1.0,1.0,False,False
3144,0.6388692855834961,0.12751540848671905,0.6570134008502476,1.8199774291773652e-13,OFFLOADED,0.0,Yes,0.0,0.0,0.0,False,False
3145,0.8833097219467163,0.9993409500222709,1.0,1.0,ACCEPTED,0.0,Yes,0.0,0.0,0.0,True,True
3146,0.7736172676086426,0.8858048468015542,1.0,1.0,ACCEPTED,0.0,Yes,0.0,0.0,0.0,True,True
3147,0.7777410745620728,0.8988230880534379,1.0,1.0,ACCEPTED,0.0,Yes,0.0,0.0,0.0,True,True
3148,0.74888014793396,0.8154590818605028,0.6705203312735746,2.5045579471719026e-12,OFFLOADED,1.0,No,1.0,1.0,1.0,True,False
3149,0.358047753572464,6.403585774514048e-14,0.6719781631136811,3.3355996364227086e-12,OFFLOADED,1.0,No,1.0,1.0,0.0,False,False
3150,0.2932789623737335,7.424265763213529e-27,0.8528398688584323,0.04423013914054926,OFFLOADED,1.0,No,1.0,1.0,0.0,False,False
3151,0.8564313650131226,0.9956485088509294,0.9848516807715914,0.9988156052754024,ACCEPTED,0.0,Yes,0.0,0.0,0.0,True,True
3152,0.8305695652961731,0.981567273338339,0.9194552844587977,0.6717190684562239,ACCEPTED,0.0,Yes,0.0,0.0,0.0,True,True
3153,0.2604755461215973,6.561844364523725e-43,0.14694640902675485,2.4621984610515563e-48,OFFLOADED,1.0,No,1.0,1.0,1.0,False,False
3154,0.2524053156375885,4.975071468952267e-50,0.6040368557085062,1.627338941366893e-17,OFFLOADED,1.0,No,1.0,1.0,1.0,False,False
3155,0.0,0.0,0.6115162586909509,5.555236892352882e-17,OFFLOADED,0.0,Yes,0.0,0.0,0.0,False,False
3156,0.31900742650032043,1.276141796637673e-19,0.5763750421055575,1.679999385707644e-19,OFFLOADED,1.0,No,1.0,1.0,1.0,False,False
3157,0.2713371217250824,1.947456425317349e-36,0.6588205813668512,2.244252204071748e-13,OFFLOADED,1.0,No,0.0,1.0,0.0,False,False
3158,0.2503785789012909,1.8433422113727123e-50,0.5263302639660709,2.6864977184586342e-24,OFFLOADED,1.0,No,1.0,1.0,1.0,False,False
3159,0.2511540949344635,1.8004554528721426e-50,0.6263137108131761,4.91505861407776e-16,OFFLOADED,1.0,No,0.0,0.0,1.0,False,False
3160,0.2911100387573242,1.296212525437883e-27,0.4849599780631206,4.247804403751644e-28,OFFLOADED,1.0,No,1.0,1.0,1.0,False,False
3161,0.2567291855812073,3.978773795761643e-46,0.49984245730256893,8.592891235194879e-27,OFFLOADED,1.0,No,1.0,1.0,1.0,False,False
3162,0.7490348815917969,0.8081070984438847,0.9391560116451999,0.8961602653321272,OFFLOADED,0.0,Yes,0.0,0.0,0.0,False,True
3163,0.4389559030532837,3.140606870255812e-07,0.39326680222663435,2.501276447089852e-35,OFFLOADED,1.0,No,1.0,1.0,1.0,False,False
3164,0.5502260327339172,0.0020427220351174253,0.7852362146480317,3.7901400330151884e-05,OFFLOADED,0.0,Yes,0.0,0.0,0.0,False,False
3165,0.6793375611305237,0.34302435252138985,0.6815503397421812,2.462314222992396e-11,OFFLOADED,0.0,Yes,0.0,0.0,0.0,False,False
3166,0.2778104543685913,1.9792265395909736e-33,0.558365721110171,3.542795985920402e-21,OFFLOADED,1.0,No,1.0,1.0,1.0,False,False
3167,0.2586333155632019,1.8018532165192278e-44,0.4348421630822541,4.5264843493640443e-32,OFFLOADED,1.0,No,1.0,0.0,0.0,False,False
3168,0.2859315276145935,9.395567965314508e-30,1.0,1.0,OFFLOADED,1.0,No,0.0,0.0,1.0,False,True
3169,0.7315824031829834,0.7381223344207974,0.5674982998149998,3.1949768672463904e-20,OFFLOADED,1.0,No,1.0,1.0,1.0,True,False
3170,0.43270036578178406,1.5807014746315215e-07,0.7999518673770832,0.00020362083079894088,OFFLOADED,1.0,No,0.0,1.0,1.0,False,False
3171,0.2549212574958801,5.0269207368139587e-48,0.3049753695372229,1.248966265170353e-42,OFFLOADED,1.0,No,1.0,1.0,0.0,False,False
3172,0.26225367188453674,1.3632344796807496e-41,0.344044991829184,1.6554372036540944e-39,OFFLOADED,1.0,No,1.0,1.0,1.0,False,False
3173,0.2612968683242798,3.141109545232723e-42,0.6979136344972642,2.2594659482289307e-10,OFFLOADED,1.0,No,1.0,0.0,0.0,False,False
3174,0.2977573871612549,1.2616408685042684e-25,0.13456526112136274,9.361695086169554e-49,OFFLOADED,1.0,No,1.0,1.0,1.0,False,False
3175,0.5625320672988892,0.003828062954464837,0.6041642233347961,1.482543430299944e-17,OFFLOADED,1.0,No,1.0,1.0,1.0,False,False
3176,0.4100073575973511,4.034533029448899e-09,0.8632838223340309,0.09642305275243104,OFFLOADED,1.0,No,1.0,0.0,0.0,False,False
3177,0.25010380148887634,8.402318190531434e-51,0.3688229836083905,1.5290418804435037e-37,OFFLOADED,1.0,No,1.0,1.0,1.0,False,False
3178,0.27461373805999756,5.524662994734286e-35,0.28438763146086216,7.15778763330096e-44,OFFLOADED,1.0,No,1.0,1.0,1.0,False,False
3179,0.2878412902355194,4.8860932675555355e-29,0.4778300592889288,8.995801283584888e-29,OFFLOADED,1.0,No,1.0,1.0,1.0,False,False
3180,0.8800240159034729,0.9993572604340161,0.9886201673952792,0.9994529972065074,ACCEPTED,0.0,Yes,0.0,0.0,0.0,True,True
3181,0.8441267013549805,0.9908963152746989,0.8179934864429154,0.0019171460548067425,OFFLOADED,0.0,Yes,0.0,0.0,0.0,True,False
3182,0.4051152467727661,1.5509665352266269e-09,0.6947545537314946,1.435784786565134e-10,OFFLOADED,1.0,No,1.0,1.0,1.0,False,False
3183,0.8846309781074524,0.9995867406726269,0.4812387590789672,1.5460561766078417e-28,OFFLOADED,1.0,No,1.0,1.0,1.0,True,False
3184,0.41872701048851013,1.6754144074772878e-08,0.8072307514215055,0.0004923617335583442,OFFLOADED,1.0,No,0.0,1.0,1.0,False,False
3185,0.635775625705719,0.12463922554998695,0.9075253368423735,0.5336493111677719,OFFLOADED,0.0,Yes,0.0,0.0,0.0,False,True
3186,0.8071190714836121,0.9626400893782754,0.5293890736913595,3.621591942131352e-24,OFFLOADED,1.0,No,1.0,1.0,1.0,True,False
3187,0.35860711336135864,5.832476082340493e-14,0.33157389000834764,1.3814236562451517e-40,OFFLOADED,1.0,No,1.0,1.0,1.0,False,False
3188,0.3335520625114441,8.391333552697682e-17,0.38676113585945776,3.602075822446429e-36,OFFLOADED,1.0,No,0.0,1.0,1.0,False,False
3189,0.41292309761047363,6.162961582190694e-09,0.8741594387221747,0.18683314541120877,OFFLOADED,1.0,No,1.0,0.0,0.0,False,False
3190,0.5962468981742859,0.025113122594867355,0.8068707675722482,0.0004328519008452471,OFFLOADED,1.0,No,1.0,1.0,1.0,False,False
3191,0.862747848033905,0.9976877433962559,0.7209791329336931,1.0417285281716117e-08,OFFLOADED,1.0,No,1.0,1.0,1.0,True,False
3192,0.2562920153141022,5.042440440578198e-47,0.8925169232056217,0.3910685064654801,OFFLOADED,1.0,No,0.0,1.0,1.0,False,False
3193,0.9112749099731445,0.999916534605847,0.8157656931509525,0.0014519977718283012,OFFLOADED,0.0,Yes,0.0,0.0,0.0,True,False
3194,0.6991577744483948,0.5107058720593546,0.5723126389830518,5.36482799340458e-20,OFFLOADED,1.0,No,1.0,1.0,1.0,False,False
3195,0.6208372712135315,0.06649748442087224,0.8489103090046302,0.02777223111257999,OFFLOADED,1.0,No,1.0,1.0,0.0,False,False
3196,0.3521203100681305,7.635792939207108e-15,0.6041789868773441,1.0554236458645554e-17,OFFLOADED,0.0,Yes,0.0,0.0,0.0,False,False
3197,0.2900703549385071,2.762316822578689e-28,0.24789296325923438,3.0189085893390152e-46,OFFLOADED,1.0,No,1.0,1.0,1.0,False,False
3198,0.2532123327255249,6.922877507832601e-50,0.663987897811814,4.5242600256850555e-13,OFFLOADED,1.0,No,1.0,0.0,0.0,False,False
3199,0.2617802023887634,3.2836969074126796e-42,0.4553700366939185,8.57493985285223e-31,OFFLOADED,1.0,No,1.0,1.0,1.0,False,False
3200,0.4659213423728943,4.145311297263188e-06,0.6991778059600436,2.0042381435433937e-10,OFFLOADED,1.0,No,1.0,1.0,0.0,False,False
3201,0.5632739663124084,0.0034301042808157775,0.4552816352426691,7.5318384936351725e-31,OFFLOADED,1.0,No,1.0,1.0,1.0,False,False
3202,0.2595115602016449,2.877720802471496e-44,0.6755718645182949,5.10396828149227e-12,OFFLOADED,1.0,No,1.0,1.0,1.0,False,False
3203,0.43241772055625916,1.0939399616346173e-07,0.5670161836660004,1.4503407910049325e-20,OFFLOADED,1.0,No,1.0,1.0,1.0,False,False
3204,0.26512765884399414,2.858987716734613e-40,0.35488519516490036,4.728141268573636e-39,OFFLOADED,1.0,No,1.0,1.0,1.0,False,False
3205,0.2601386606693268,7.183672261986059e-44,0.3170886743152268,3.8430157969514094e-42,OFFLOADED,1.0,No,1.0,1.0,1.0,False,False
3206,0.4347405731678009,1.352871280517077e-07,0.8151043357815446,0.0013205832768893224,OFFLOADED,1.0,No,1.0,1.0,1.0,False,False
3207,0.2954070568084717,1.433276415346756e-26,0.3766719850840645,2.3696825252333093e-37,OFFLOADED,1.0,No,1.0,1.0,1.0,False,False
3208,0.5910971164703369,0.017528489118066187,0.878018926809234,0.20666385254286648,OFFLOADED,1.0,No,0.0,1.0,1.0,False,False
3209,0.3077056407928467,1.3116004142251319e-22,0.4592295595571907,1.0670992639502883e-30,OFFLOADED,1.0,No,1.0,1.0,1.0,False,False
3210,0.33620595932006836,1.3064498872982e-16,0.28040644762754596,1.1785782608168073e-44,OFFLOADED,1.0,No,1.0,1.0,1.0,False,False
3211,0.2626417279243469,6.844361157748594e-42,0.2607024035427147,6.245329458510009e-46,OFFLOADED,1.0,No,1.0,1.0,0.0,False,False
3212,0.3284814953804016,4.990183190811434e-18,0.38983974610003463,3.6414743895659656e-36,OFFLOADED,1.0,No,1.0,1.0,1.0,False,False
3213,0.4847157895565033,2.762251831392853e-05,0.6981562930020817,1.4412279116068444e-10,OFFLOADED,1.0,No,1.0,1.0,1.0,False,False
3214,0.49863818287849426,8.596074546383782e-05,0.7148492278625844,2.9094040027386068e-09,OFFLOADED,1.0,No,1.0,1.0,1.0,False,False
3215,0.3194950819015503,5.370904075711749e-20,0.551548396938151,2.5959044227281963e-22,OFFLOADED,1.0,No,0.0,1.0,1.0,False,False
3216,0.9012754559516907,0.9998472802960924,0.6443315679490071,6.536878642652526e-15,OFFLOADED,0.0,Yes,0.0,0.0,0.0,True,False
3217,0.26188141107559204,1.5866717273323012e-42,0.48072611359188566,6.289847724444493e-29,OFFLOADED,1.0,No,1.0,1.0,1.0,False,False
3218,0.256462961435318,2.3383843616175855e-47,0.41414853242519967,2.13612142320989e-34,OFFLOADED,1.0,No,0.0,1.0,1.0,False,False
3219,0.5775403380393982,0.008301261659034232,0.6935892514289264,6.852836973287425e-11,OFFLOADED,1.0,No,1.0,1.0,1.0,False,False
3220,0.2789624035358429,1.9824447529292574e-33,0.5328217057404964,3.408696920640329e-24,OFFLOADED,1.0,No,1.0,1.0,1.0,False,False
3221,0.278297483921051,7.56113641572187e-34,0.5031569311384476,5.8794615127281494e-27,OFFLOADED,1.0,No,1.0,1.0,1.0,False,False
3222,0.5187492966651917,0.00021228263061585643,0.18550197684392747,5.421223173394512e-49,OFFLOADED,1.0,No,1.0,1.0,1.0,False,False
3223,0.269435852766037,3.725788562109188e-38,0.5759420463588758,6.3089804659807e-20,OFFLOADED,1.0,No,0.0,1.0,1.0,False,False
3224,0.26363512873649597,1.5152271981424132e-41,0.7386124340762746,1.582642772761209e-07,OFFLOADED,1.0,No,1.0,0.0,1.0,False,False
3225,0.33389022946357727,4.289752691673857e-17,0.459856842158005,7.095328211005602e-31,OFFLOADED,1.0,No,1.0,1.0,1.0,False,False
3226,0.272882342338562,1.7683187603603516e-36,0.8280524129897107,0.0037841773951238175,OFFLOADED,1.0,No,1.0,0.0,0.0,False,False
3227,0.26914501190185547,2.273000271976372e-38,0.7891243831586368,4.397440025838829e-05,OFFLOADED,1.0,No,0.0,0.0,1.0,False,False
3228,0.25974297523498535,1.0672862768842854e-44,0.587257817749084,3.4084929208809047e-19,OFFLOADED,1.0,No,0.0,1.0,1.0,False,False
3229,0.29843366146087646,6.214738027094977e-26,0.4165683751148743,1.9449612449195796e-34,OFFLOADED,1.0,No,1.0,1.0,1.0,False,False
3230,0.8431226015090942,0.9898991793218802,0.9740203291977384,0.9926633566581345,ACCEPTED,0.0,Yes,0.0,0.0,0.0,True,True
3231,0.2912415564060211,3.146472797442643e-28,0.9615314456377391,0.9753488725243931,OFFLOADED,1.0,No,1.0,1.0,1.0,False,False
3232,0.3215430974960327,1.0117339354692007e-19,0.6057118042098717,7.805226080393114e-18,OFFLOADED,1.0,No,1.0,1.0,1.0,False,False
3233,0.6340118050575256,0.11308700875735045,0.7838546299052391,2.0991251674878227e-05,OFFLOADED,0.0,Yes,0.0,0.0,0.0,False,False
3234,0.2708040475845337,1.33111467268387e-37,0.24237608793550433,2.9386709032413656e-47,OFFLOADED,1.0,No,1.0,1.0,1.0,False,False
3235,0.25515079498291016,5.346630633645279e-49,0.3288198420209015,1.3413839948389808e-41,OFFLOADED,1.0,No,1.0,1.0,0.0,False,False
3236,0.36986052989959717,3.995640360219823e-13,0.6118037193461738,2.4254522789569122e-17,OFFLOADED,1.0,No,0.0,1.0,0.0,False,False
3237,0.2715498208999634,2.7338969283414045e-37,0.45863058222811753,4.237713674382669e-31,OFFLOADED,1.0,No,1.0,1.0,1.0,False,False
3238,0.2600562274456024,1.287510186531049e-44,0.44731414892717514,5.607325816788607e-32,OFFLOADED,1.0,No,0.0,1.0,1.0,False,False
3239,0.7922422289848328,0.930725589562317,0.9478693229461542,0.9369108166670045,ACCEPTED,0.0,Yes,0.0,0.0,0.0,True,True
3240,0.2869406044483185,4.420559151509765e-30,0.2853001035228641,7.136561716324817e-45,OFFLOADED,1.0,No,1.0,1.0,1.0,False,False
3241,0.32204321026802063,1.199641711921295e-19,1.0,1.0,OFFLOADED,1.0,No,1.0,0.0,0.0,False,True
3242,0.0,0.0,1.0,1.0,OFFLOADED,0.0,Yes,0.0,0.0,0.0,False,True
3243,0.259611576795578,5.059420224853446e-45,0.4771602633428506,1.8921456248364006e-29,OFFLOADED,1.0,No,1.0,1.0,1.0,False,False
3244,0.9516612887382507,0.9999851273960694,0.77255072075671,5.328856859899114e-06,OFFLOADED,0.0,Yes,0.0,0.0,0.0,True,False
3245,0.2571290135383606,3.705140176235071e-47,0.7640864825846119,2.1005182726272565e-06,OFFLOADED,1.0,No,1.0,1.0,1.0,False,False
3246,0.342205286026001,4.2764449817596664e-16,0.4589914733944226,4.022117992302992e-31,OFFLOADED,1.0,No,1.0,1.0,1.0,False,False
3247,0.43315428495407104,8.414956454505705e-08,0.7102588138595693,9.132355686577634e-10,OFFLOADED,1.0,No,1.0,1.0,1.0,False,False
3248,0.3858502507209778,1.6215683170361636e-11,0.9615586701475795,0.9753616319485595,OFFLOADED,1.0,No,0.0,1.0,0.0,False,True
3249,0.2832725942134857,1.070587415839383e-31,0.6238129393522932,1.2165468900477072e-16,OFFLOADED,1.0,No,1.0,1.0,1.0,False,False
3250,0.25009506940841675,3.277476613640021e-52,0.5832130193960279,1.3571653029316006e-19,OFFLOADED,1.0,No,1.0,1.0,0.0,False,False
3251,0.3107466697692871,4.483629973603373e-22,0.3890857304843728,7.975576541650976e-37,OFFLOADED,1.0,No,1.0,1.0,1.0,False,False
3252,0.28183072805404663,1.6376420785447973e-32,0.39828837746750156,4.7623807801034715e-36,OFFLOADED,1.0,No,1.0,1.0,1.0,False,False
3253,0.2743770182132721,4.9176929919656264e-36,0.9431496051703259,0.9192745161344273,OFFLOADED,1.0,No,1.0,1.0,0.0,False,True
3254,0.26439452171325684,1.5202645975791777e-41,0.4316263788146363,2.220049878536304e-33,OFFLOADED,1.0,No,1.0,1.0,1.0,False,False
3255,0.45749977231025696,1.2278604275158353e-06,0.9843826771833232,0.9988270459157258,OFFLOADED,0.0,Yes,0.0,0.0,0.0,False,True
3256,0.30554133653640747,1.4948514222652714e-23,0.8168148050487726,0.001399411404680557,OFFLOADED,1.0,No,1.0,0.0,1.0,False,False
3257,0.25014159083366394,2.4485173005309794e-52,0.2962816981292306,1.4499087698374886e-44,OFFLOADED,1.0,No,1.0,1.0,1.0,False,False
3258,0.26562440395355225,8.465414597391916e-41,0.33982955454085634,4.1292156172913104e-41,OFFLOADED,1.0,No,1.0,1.0,1.0,False,False
3259,0.2570861279964447,1.9001157450768753e-47,0.18920357052261202,1.5054119198593555e-49,OFFLOADED,1.0,No,1.0,1.0,1.0,False,False
3260,0.3577379882335663,1.9671784124553334e-14,0.7196158869643273,5.340379241103362e-09,OFFLOADED,1.0,No,1.0,1.0,1.0,False,False
3261,0.8048313856124878,0.9590851386374004,0.8210960106192722,0.002014469761695952,OFFLOADED,1.0,No,1.0,1.0,1.0,True,False
3262,0.8987698554992676,0.9998344199504879,0.7642117932000765,1.7711941827234563e-06,OFFLOADED,0.0,Yes,0.0,0.0,0.0,True,False
3263,0.2544375956058502,4.0814419522721166e-50,0.33910786691682926,3.2797609918270704e-41,OFFLOADED,1.0,No,1.0,1.0,1.0,False,False
3264,0.8469308614730835,0.9925346906954071,0.9451561659292869,0.9242231847035417,ACCEPTED,0.0,Yes,0.0,0.0,0.0,True,True
3265,0.25008735060691833,1.8245295058540244e-52,0.2639120809839333,1.368583119210047e-46,OFFLOADED,1.0,No,1.0,1.0,1.0,False,False
3266,0.7102479934692383,0.5723105317036088,0.9384535207753154,0.896520280247991,OFFLOADED,0.0,Yes,0.0,0.0,0.0,False,True
3267,0.278842568397522,7.024755417025286e-34,0.6281176981456255,2.4732280332351377e-16,OFFLOADED,1.0,No,0.0,1.0,1.0,False,False
3268,0.32169216871261597,8.234001245146729e-20,0.583733610105975,1.192086298772177e-19,OFFLOADED,1.0,No,1.0,1.0,1.0,False,False
3269,0.30311253666877747,2.233422454792509e-24,0.5642609015827391,2.7095846621245e-21,OFFLOADED,1.0,No,0.0,1.0,1.0,False,False
3270,0.26069507002830505,2.7825911489676683e-44,0.3769997761754158,3.5267525298051936e-38,OFFLOADED,1.0,No,1.0,1.0,1.0,False,False
3271,0.29738762974739075,1.4461133808912863e-26,0.6034777222137784,4.022878939572265e-18,OFFLOADED,1.0,No,1.0,1.0,1.0,False,False
3272,0.7925704717636108,0.9354186878809052,0.825579861877942,0.002708948900382053,OFFLOADED,1.0,No,0.0,0.0,1.0,True,False
3273,0.4899914860725403,4.2476798140734396e-05,0.7371095615222109,1.0150858708305426e-07,OFFLOADED,1.0,No,1.0,1.0,1.0,False,False
3274,0.37408655881881714,8.608351640616823e-13,0.5799552884258546,5.1480874902308253e-20,OFFLOADED,1.0,No,1.0,1.0,1.0,False,False
3275,0.2865849435329437,1.5017175766937859e-30,0.773271256053326,5.202564537213097e-06,OFFLOADED,1.0,No,0.0,1.0,1.0,False,False
3276,0.29990559816360474,1.1995644237307091e-25,0.5882431269348296,2.0625968251336736e-19,OFFLOADED,1.0,No,1.0,1.0,1.0,False,False
3277,0.3873582184314728,2.2843297493567455e-11,0.3971462677206881,1.7870690014313186e-36,OFFLOADED,1.0,No,1.0,1.0,1.0,False,False
3278,0.33599531650543213,6.413821978526693e-17,0.8878965518838187,0.3186488092392421,OFFLOADED,1.0,No,0.0,1.0,0.0,False,False
3279,0.0,0.0,0.6910412257727058,2.6640162776875618e-11,OFFLOADED,0.0,Yes,0.0,0.0,0.0,False,False
3280,0.3965246379375458,1.5440800031067745e-10,0.5647471727048846,2.0873641013838407e-21,OFFLOADED,1.0,No,1.0,1.0,1.0,False,False
3281,0.9548935294151306,0.999987974754853,1.0,1.0,ACCEPTED,0.0,Yes,0.0,0.0,0.0,True,True
3282,0.7163149118423462,0.627621993271657,1.0,1.0,ACCEPTED,0.0,Yes,0.0,0.0,0.0,True,True
3283,0.3752041161060333,9.594290459730452e-13,0.41291891707427475,2.750973263975901e-35,OFFLOADED,1.0,No,1.0,1.0,1.0,False,False
3284,0.25174349546432495,1.0734582346449893e-52,0.7682824378148354,2.301535844863362e-06,OFFLOADED,1.0,No,0.0,1.0,0.0,False,False
3285,0.25181859731674194,1.064729433969163e-52,0.5803853167972796,4.473394515536512e-20,OFFLOADED,1.0,No,1.0,1.0,1.0,False,False
3286,0.2592032551765442,5.8463115342422115e-46,0.5975622645379097,1.0594840520372847e-18,OFFLOADED,1.0,No,1.0,1.0,0.0,False,False
3287,0.857358455657959,0.9967281162854683,0.9135488171602303,0.6021885055493728,ACCEPTED,0.0,Yes,0.0,0.0,0.0,True,True
3288,0.30656710267066956,1.8007713495679994e-23,0.31734134514865614,2.052957561361699e-43,OFFLOADED,1.0,No,1.0,1.0,1.0,False,False
3289,0.9383082389831543,0.9999813266897225,0.6339417101524225,5.340913435871575e-16,OFFLOADED,0.0,Yes,0.0,0.0,0.0,True,False
3290,0.25396421551704407,7.15981649100799e-51,0.2646065220303581,5.973507063379865e-47,OFFLOADED,1.0,No,1.0,1.0,1.0,False,False
3291,0.26863399147987366,2.0914709324553063e-39,0.13014645858247592,7.287466545577661e-51,OFFLOADED,1.0,No,0.0,1.0,1.0,False,False
3292,0.2879166603088379,4.372900157139628e-30,0.6877882566553304,1.824558747506213e-11,OFFLOADED,1.0,No,0.0,1.0,1.0,False,False
3293,0.29212304949760437,2.295629105266356e-28,0.17322097830711108,2.0588563918890976e-50,OFFLOADED,1.0,No,1.0,1.0,1.0,False,False
3294,0.9311417937278748,0.9999759137690378,1.0,1.0,ACCEPTED,0.0,Yes,0.0,0.0,0.0,True,True
3295,0.2618575096130371,1.2851913114452838e-43,0.6996694167645042,9.580907161761001e-11,OFFLOADED,1.0,No,1.0,1.0,1.0,False,False
3296,0.6819522976875305,0.38157987992326825,0.8307773937240556,0.0042538854089927015,OFFLOADED,1.0,No,1.0,1.0,1.0,True,False
3297,0.3360997140407562,5.471015126615046e-17,0.5991589143162045,1.2095623194761837e-18,OFFLOADED,1.0,No,1.0,1.0,1.0,False,False
3298,0.25824689865112305,6.705603771542589e-47,0.579795300747901,3.079996878299841e-20,OFFLOADED,1.0,No,1.0,0.0,0.0,False,False
3299,0.7520589232444763,0.8262271717221547,0.8328209224141145,0.0050070861032660285,OFFLOADED,0.0,Yes,0.0,0.0,0.0,True,False
3300,0.36758121848106384,1.5886632184855592e-13,0.40481617598203573,4.961783165125381e-36,OFFLOADED,1.0,No,1.0,1.0,1.0,False,False
3301,0.8336230516433716,0.9855900843286339,0.7935842774989944,5.8324763024006526e-05,OFFLOADED,1.0,No,1.0,1.0,1.0,True,False
3302,0.5210714936256409,0.00023928393511753903,0.3455879429159247,3.2571379177571024e-41,OFFLOADED,1.0,No,1.0,1.0,1.0,False,False
3303,0.4037705659866333,5.372133755541733e-10,0.9107609699231095,0.5767723410231929,OFFLOADED,1.0,No,1.0,0.0,0.0,False,True
3304,0.25956180691719055,6.5807111457244014e-46,0.16646212675726368,1.0134982376345901e-50,OFFLOADED,1.0,No,1.0,1.0,1.0,False,False
3305,0.25454461574554443,1.0753607412415012e-50,0.296059086777368,2.9910646481019236e-45,OFFLOADED,1.0,No,1.0,1.0,1.0,False,False
3306,0.269173800945282,3.005869708564938e-39,0.48923363844988116,5.185520229766128e-29,OFFLOADED,1.0,No,1.0,1.0,1.0,False,False
3307,0.3704606890678406,2.6855977717936004e-13,0.9443803612930816,0.9273596158597394,OFFLOADED,1.0,No,1.0,1.0,1.0,False,True
3308,0.6932001113891602,0.46714001789272575,0.5133875931851597,9.989437588905592e-27,OFFLOADED,1.0,No,1.0,1.0,1.0,True,False
3309,0.8943737745285034,0.9998002078460906,1.0,1.0,ACCEPTED,0.0,Yes,0.0,0.0,0.0,True,True
3310,0.4264412522315979,2.8057755516609584e-08,0.4466642827417862,1.0412079415299314e-32,OFFLOADED,1.0,No,1.0,1.0,1.0,False,False
3311,0.5020138025283813,8.475603511385486e-05,0.7860385207458931,2.2557279962829887e-05,OFFLOADED,1.0,No,1.0,0.0,0.0,False,False
3312,0.2600332200527191,1.1626590709591846e-45,0.2561339632539735,8.241328279973116e-48,OFFLOADED,1.0,No,1.0,1.0,1.0,False,False
3313,0.25195619463920593,3.562532737053674e-53,0.6906838279956913,2.0232155012358196e-11,OFFLOADED,0.0,Yes,0.0,0.0,0.0,False,False
3314,0.0,0.0,0.7673787533087927,1.7362697200865459e-06,OFFLOADED,0.0,Yes,0.0,0.0,0.0,False,False
3315,0.45973873138427734,1.30466943095321e-06,0.7922118320817272,4.5501879208830296e-05,OFFLOADED,1.0,No,0.0,0.0,1.0,False,False
3316,0.27544084191322327,3.3456096569165567e-36,0.7417569359205551,1.4207452511318446e-07,OFFLOADED,1.0,No,1.0,1.0,1.0,False,False
3317,0.2837003469467163,3.750822944525517e-32,0.5901879690357754,2.1673472974556582e-19,OFFLOADED,1.0,No,1.0,1.0,1.0,False,False
3318,0.6735863089561462,0.3038196355202999,0.7266899425112647,1.1684778048190754e-08,OFFLOADED,1.0,No,1.0,1.0,1.0,False,False
3319,0.33422794938087463,1.6100368972662733e-17,0.4663960539491154,3.851379094370806e-31,OFFLOADED,1.0,No,1.0,1.0,1.0,False,False
3320,0.8248408436775208,0.9781841784917478,0.5958895672518395,5.568047241137408e-19,OFFLOADED,1.0,No,1.0,1.0,1.0,True,False
3321,0.3715522587299347,2.6153539359275695e-13,0.35318203677688687,9.7592705718459e-41,OFFLOADED,1.0,No,1.0,1.0,1.0,False,False
3322,0.6990017294883728,0.4895767856845484,0.5455727734586775,8.820993182043433e-24,OFFLOADED,1.0,No,1.0,1.0,1.0,False,False
3323,0.8630236387252808,0.9976441200946146,0.8957707550488039,0.3938618228067204,ACCEPTED,0.0,Yes,0.0,0.0,0.0,True,True
3324,0.8330808281898499,0.9824193003582586,0.9540344488429452,0.9575619559979953,ACCEPTED,0.0,Yes,0.0,0.0,0.0,True,True
3325,0.5562193989753723,0.0019707016916721415,0.7256782552686043,9.901603211281093e-09,OFFLOADED,1.0,No,1.0,1.0,1.0,False,False
3326,0.26398786902427673,1.121163543431287e-42,0.41608339445633635,1.815163603050069e-35,OFFLOADED,1.0,No,1.0,1.0,1.0,False,False
3327,0.48665690422058105,2.0970244636814364e-05,0.7379042511655935,7.868307107397423e-08,OFFLOADED,1.0,No,1.0,1.0,0.0,False,False
3328,0.2628122568130493,2.0333331913479257e-43,0.5982219965889024,7.2386864561741465e-19,OFFLOADED,1.0,No,1.0,0.0,1.0,False,False
3329,0.29520946741104126,9.772306442629659e-28,1.0,1.0,OFFLOADED,1.0,No,1.0,0.0,0.0,False,True
3330,0.27420657873153687,5.75665410161409e-37,0.8252731945812012,0.0024506058034990926,OFFLOADED,1.0,No,1.0,1.0,0.0,False,False
3331,0.868255615234375,0.9986477391513401,0.6250008787186365,6.618064328918433e-17,OFFLOADED,0.0,Yes,0.0,0.0,0.0,True,False
3332,0.25704529881477356,1.302428321224128e-48,0.20884747341988422,4.316370212376242e-50,OFFLOADED,1.0,No,1.0,1.0,1.0,False,False
3333,0.8149425387382507,0.9685535853086724,0.9517750443234487,0.953702354430622,ACCEPTED,0.0,Yes,0.0,0.0,0.0,True,True
3334,0.28320783376693726,1.489600106250022e-32,0.5756185843295517,9.102750689818963e-21,OFFLOADED,1.0,No,0.0,1.0,1.0,False,False
3335,0.2923584282398224,1.059363554922485e-28,0.412670809423762,7.467361695546955e-36,OFFLOADED,1.0,No,1.0,1.0,1.0,False,False
3336,0.26932457089424133,1.3710860077253144e-39,0.3807766163533061,1.143730116501451e-38,OFFLOADED,1.0,No,1.0,1.0,1.0,False,False
3337,0.8271026015281677,0.9805194848972724,0.9550351400951248,0.9646456084164767,ACCEPTED,0.0,Yes,0.0,0.0,0.0,True,True
3338,0.7424328923225403,0.7844581136127934,0.4336048439404386,4.9953998471073095e-34,OFFLOADED,1.0,No,1.0,1.0,1.0,True,False
3339,0.25643882155418396,2.2163488612163783e-49,0.689737415811078,1.4603603725527636e-11,OFFLOADED,1.0,No,0.0,1.0,0.0,False,False
3340,0.41437894105911255,2.4942195539150793e-09,0.45696342993473077,3.6730383834382916e-32,OFFLOADED,1.0,No,1.0,1.0,1.0,False,False
3341,0.2542438507080078,1.4386882613036527e-51,0.48328848823107706,8.336120829041763e-30,OFFLOADED,1.0,No,0.0,1.0,1.0,False,False
3342,0.31730085611343384,3.900316732910786e-21,0.46189380873495534,9.015740734596385e-32,OFFLOADED,1.0,No,1.0,1.0,0.0,False,False
3343,0.2802453637123108,4.451323693468059e-34,0.8145330398812372,0.0008078635485602953,OFFLOADED,1.0,No,1.0,1.0,1.0,False,False
3344,0.3112679123878479,1.5719937577415446e-22,0.25920411684209105,4.0965903274845154e-48,OFFLOADED,1.0,No,1.0,1.0,1.0,False,False
3345,0.25006040930747986,6.673458827375853e-54,0.4165582928915387,1.1105057740489923e-35,OFFLOADED,1.0,No,1.0,1.0,1.0,False,False
3346,0.3056034743785858,3.2450609048244127e-24,0.4953799663654026,9.905853929473199e-29,OFFLOADED,1.0,No,0.0,0.0,1.0,False,False
3347,0.33065247535705566,2.8353843561648694e-18,0.337095136287344,1.517571750739267e-42,OFFLOADED,1.0,No,1.0,1.0,1.0,False,False
3348,0.753451943397522,0.8212841277996626,0.7544818000641775,5.17083069540794e-07,OFFLOADED,0.0,Yes,0.0,0.0,0.0,True,False
3349,0.29382744431495667,2.430931017213134e-28,0.6135261656803072,1.2055746114795354e-17,OFFLOADED,1.0,No,1.0,1.0,1.0,False,False
3350,0.5431825518608093,0.0009008725383602903,0.8323796694918931,0.0049265962048532985,OFFLOADED,0.0,Yes,0.0,0.0,0.0,False,False
3351,0.7470734119415283,0.8030798647554742,0.9854695580867452,0.9992934336482253,ACCEPTED,0.0,Yes,0.0,0.0,0.0,True,True
3352,0.27089011669158936,6.399319339371673e-39,0.18307053389201794,4.021784390521725e-51,OFFLOADED,1.0,No,1.0,1.0,1.0,False,False
3353,0.2623738646507263,4.628546463400443e-44,0.26040846405084894,4.0912454561141615e-48,OFFLOADED,1.0,No,1.0,1.0,1.0,False,False
3354,0.2521221935749054,9.743918040003714e-54,0.3557166098765261,6.112012349969682e-41,OFFLOADED,1.0,No,1.0,1.0,1.0,False,False
3355,0.7251375317573547,0.684844084201563,0.80600773215129,0.00022551714986584977,OFFLOADED,0.0,Yes,0.0,0.0,0.0,False,False
3356,0.2761424779891968,2.5574350222399477e-36,0.5863047611383314,6.650496904159706e-20,OFFLOADED,1.0,No,1.0,1.0,1.0,False,False
3357,0.3552166223526001,3.8560446428527034e-15,0.3407242964303617,2.7441015433768732e-42,OFFLOADED,1.0,No,1.0,1.0,1.0,False,False
3358,0.31279200315475464,3.512747848024067e-22,0.5751263834384845,7.40566981809294e-21,OFFLOADED,1.0,No,1.0,1.0,1.0,False,False
3359,0.25579068064689636,2.5518540684449356e-50,0.9735452771548196,0.9934528416923788,OFFLOADED,1.0,No,1.0,0.0,0.0,False,True
3360,0.8051131963729858,0.9617968388649741,0.7535058781435878,5.545858539931213e-07,OFFLOADED,1.0,No,1.0,1.0,1.0,True,False
3361,0.25686705112457275,3.721645684535962e-49,0.15247040993169167,8.301989497585453e-52,OFFLOADED,1.0,No,1.0,1.0,1.0,False,False
3362,0.32933664321899414,1.3208265716128183e-18,0.23823563856433502,2.332431109945339e-49,OFFLOADED,1.0,No,1.0,1.0,1.0,False,False
3363,0.4377508759498596,1.0790047976681855e-07,0.6539172949679769,1.773357175394933e-14,OFFLOADED,1.0,No,1.0,1.0,1.0,False,False
3364,0.2949923574924469,5.022101364237592e-28,0.3561483993939016,5.237597459801841e-41,OFFLOADED,1.0,No,1.0,1.0,1.0,False,False
3365,0.2548084259033203,1.796364663160036e-51,0.6827862266648456,6.0285343241744895e-12,OFFLOADED,1.0,No,1.0,1.0,1.0,False,False
3366,0.2857028543949127,8.464868096367453e-32,0.5955940899148089,3.638949025330273e-19,OFFLOADED,1.0,No,1.0,1.0,1.0,False,False
3367,0.49086880683898926,3.4151402498943184e-05,0.6799296513685283,3.291545390053361e-12,OFFLOADED,1.0,No,1.0,0.0,0.0,False,False
3368,0.28038689494132996,2.8161580336808062e-34,0.5906010822926037,1.2755322543049683e-19,OFFLOADED,1.0,No,1.0,0.0,0.0,False,False
3369,0.2802967131137848,2.41961451695482e-34,0.378289309960018,2.873882569749064e-39,OFFLOADED,1.0,No,0.0,1.0,1.0,False,False
3370,0.7922400236129761,0.9360845995032648,0.8814838337769908,0.2350180715355506,OFFLOADED,1.0,No,1.0,1.0,0.0,True,False
3371,0.25007304549217224,2.276031815634313e-54,0.3537699330493137,2.360243242850653e-41,OFFLOADED,1.0,No,1.0,1.0,1.0,False,False
3372,0.32431718707084656,7.57843395768688e-20,0.9207858151888659,0.7097012510855558,OFFLOADED,1.0,No,1.0,0.0,0.0,False,True
3373,0.3170569837093353,2.5368153130092426e-21,0.5555578137920221,4.425454803699976e-23,OFFLOADED,1.0,No,1.0,0.0,1.0,False,False
3374,0.25570857524871826,1.1084538784083438e-50,0.42927698099632006,8.566673241563388e-35,OFFLOADED,1.0,No,1.0,0.0,0.0,False,False
3375,0.38034117221832275,1.915913651161123e-12,1.0,1.0,OFFLOADED,0.0,Yes,0.0,0.0,0.0,False,True
3376,0.8070588111877441,0.9599299621638813,0.9781265409595737,0.997124504932308,ACCEPTED,0.0,Yes,0.0,0.0,0.0,True,True
3377,0.2869667410850525,2.739853961817299e-31,0.8482965275320228,0.021860543782526783,OFFLOADED,1.0,No,1.0,0.0,0.0,False,False
3378,0.2726920545101166,2.8590551142543656e-38,0.23918574084040098,1.1953574524551544e-49,OFFLOADED,1.0,No,1.0,1.0,1.0,False,False
3379,0.26010456681251526,1.6048892258628129e-46,0.783767124421978,1.3759689519346129e-05,OFFLOADED,1.0,No,0.0,1.0,1.0,False,False
3380,0.6494117975234985,0.1797974544449071,0.7322004405004581,2.474860889115026e-08,OFFLOADED,0.0,Yes,0.0,0.0,0.0,False,False
3381,0.9481363892555237,0.99999063931755,0.6302819938801938,1.4805750282596856e-16,OFFLOADED,1.0,No,1.0,1.0,1.0,True,False
3382,0.2636072635650635,1.467174305110045e-43,0.8151712107052438,0.0008066043255566829,OFFLOADED,1.0,No,0.0,1.0,1.0,False,False
3383,0.26481661200523376,8.946236351219032e-43,0.4766250083442194,1.0313055272437828e-30,OFFLOADED,1.0,No,1.0,0.0,1.0,False,False
3384,0.47717931866645813,7.477899965244867e-06,0.8468978206193423,0.01815757648292744,OFFLOADED,0.0,Yes,0.0,0.0,0.0,False,False
3385,0.7730104923248291,0.8998812894014487,0.7568073871492987,6.338327694513267e-07,OFFLOADED,1.0,No,1.0,1.0,0.0,True,False
3386,0.27603864669799805,1.2696142863190308e-36,0.519613282108444,1.1483800453599468e-26,OFFLOADED,1.0,No,1.0,1.0,1.0,False,False
3387,0.7494986057281494,0.8222646251279273,0.9875160085266336,0.9995172177796506,ACCEPTED,0.0,Yes,0.0,0.0,0.0,True,True
3388,0.9137367606163025,0.9999593332516263,1.0,1.0,ACCEPTED,0.0,Yes,0.0,0.0,0.0,True,True
3389,0.26070478558540344,8.117788396744583e-46,0.3775992071419007,1.4829469550055518e-39,OFFLOADED,1.0,No,1.0,1.0,1.0,False,False
3390,0.37733668088912964,1.006820060960018e-12,0.6457686268743352,2.5050862324694416e-15,OFFLOADED,1.0,No,0.0,1.0,1.0,False,False
3391,0.7857066988945007,0.9210873899587417,0.982484589780001,0.9987287792619929,ACCEPTED,0.0,Yes,0.0,0.0,0.0,True,True
3392,0.665695309638977,0.2585288476775554,0.47657416105127764,8.571398662395638e-31,OFFLOADED,1.0,No,1.0,1.0,0.0,False,False
3393,0.8283024430274963,0.9837982347746594,1.0,1.0,ACCEPTED,0.0,Yes,0.0,0.0,0.0,True,True
3394,0.25929152965545654,2.3913169211346325e-47,0.31775905005529004,9.122623265597542e-45,OFFLOADED,1.0,No,1.0,1.0,1.0,False,False
3395,0.2790466248989105,5.31959433616252e-35,0.785343698465793,1.6266901445886964e-05,OFFLOADED,1.0,No,1.0,1.0,1.0,False,False
3396,0.27273428440093994,2.5733167709879556e-38,0.4733610948279777,4.338804398796518e-31,OFFLOADED,1.0,No,1.0,1.0,1.0,False,False
3397,0.25281643867492676,9.935333124864725e-54,0.8780180358061106,0.18515960184075805,OFFLOADED,1.0,No,1.0,0.0,0.0,False,True
3398,0.30347856879234314,4.720375434590751e-25,0.5890323630816747,5.475415773598957e-20,OFFLOADED,1.0,No,0.0,1.0,1.0,False,False
3399,0.25447845458984375,3.282187233449915e-52,0.46273853652348396,3.0045316146646454e-32,OFFLOADED,1.0,No,1.0,1.0,1.0,False,False
3400,0.27273300290107727,2.2858883373124346e-38,0.1898585282880247,8.347204791399779e-52,OFFLOADED,1.0,No,1.0,1.0,1.0,False,False
3401,0.2850112318992615,3.2919309404961495e-32,0.9806099457292944,0.9983000372988096,OFFLOADED,1.0,No,1.0,0.0,0.0,False,True
3402,0.3487059772014618,4.920838669476101e-16,0.41880004523862807,4.8949326557863495e-36,OFFLOADED,1.0,No,1.0,1.0,1.0,False,False
3403,0.2617260217666626,4.3227045968010025e-45,0.40016154477797117,1.3729571130859055e-37,OFFLOADED,1.0,No,1.0,1.0,0.0,False,False
3404,0.9361366033554077,0.9999871628969602,1.0,1.0,ACCEPTED,0.0,Yes,0.0,0.0,0.0,True,True
3405,0.28410160541534424,1.2577508831589178e-32,0.813245307935149,0.0005753535007153554,OFFLOADED,1.0,No,1.0,1.0,1.0,False,False
3406,0.8891279101371765,0.9997957204800041,0.7203287768320982,2.310973838165598e-09,OFFLOADED,1.0,No,1.0,1.0,0.0,True,False
3407,0.8141114711761475,0.9736747975992378,0.9600035574091175,0.9734799101779521,ACCEPTED,0.0,Yes,0.0,0.0,0.0,True,True
3408,0.2734021246433258,4.893303546320402e-38,0.3889537382493677,1.141563575233596e-38,OFFLOADED,1.0,No,1.0,1.0,1.0,False,False
3409,0.2740705609321594,1.0174614960778104e-37,0.709720583274794,2.5568101863659773e-10,OFFLOADED,1.0,No,1.0,0.0,1.0,False,False
3410,0.3216594159603119,1.72019808596058e-20,0.8156799060830362,0.0008054480122337571,OFFLOADED,1.0,No,1.0,0.0,0.0,False,False
3411,0.43934014439582825,1.2966246147403542e-07,0.6495965254022101,3.873809982497784e-15,OFFLOADED,1.0,No,1.0,1.0,1.0,False,False
3412,0.2575048506259918,3.2421486235548327e-49,0.5783897434748831,4.471181905345064e-21,OFFLOADED,1.0,No,1.0,1.0,1.0,False,False
3413,0.2764735817909241,1.2202778851465062e-36,0.6964763368645464,2.3050520660202454e-11,OFFLOADED,1.0,No,1.0,1.0,1.0,False,False
3414,0.8397350311279297,0.9912812745864567,0.8121351233468797,0.0004380237456983178,OFFLOADED,0.0,Yes,0.0,0.0,0.0,True,False
3415,0.2603364586830139,1.047855266079335e-46,0.15295244579346517,9.224766072432047e-53,OFFLOADED,1.0,No,1.0,1.0,1.0,False,False
3416,0.2576158940792084,3.562818354349885e-49,0.31676487685764354,3.1555328289610136e-45,OFFLOADED,1.0,No,1.0,1.0,1.0,False,False
3417,0.25512588024139404,6.831725410702156e-52,0.9508507192667293,0.9537840031592715,OFFLOADED,1.0,No,1.0,0.0,0.0,False,True
3418,0.2623484432697296,8.207178140951635e-45,0.5260114487730198,2.3758059440578564e-26,OFFLOADED,1.0,No,0.0,1.0,1.0,False,False
3419,0.3560236990451813,4.046654415880047e-15,0.9716790384181967,0.9908776220550191,OFFLOADED,1.0,No,1.0,0.0,1.0,False,True
3420,0.0,0.0,0.636239183503402,2.1989365661648973e-16,OFFLOADED,0.0,Yes,0.0,0.0,0.0,False,False
3421,0.2632618546485901,3.566725637968615e-44,0.38172938761419256,1.3599416078247286e-39,OFFLOADED,1.0,No,1.0,1.0,1.0,False,False
3422,0.6804196238517761,0.3361831430510473,0.9513999092135618,0.95242279011922,OFFLOADED,1.0,No,0.0,0.0,1.0,False,False
3423,0.5287835597991943,0.0003251579657061013,0.5484302739563361,3.926089180526755e-24,OFFLOADED,1.0,No,1.0,1.0,1.0,False,False
3424,0.9113490581512451,0.9999634281094109,0.9887090063426265,0.9995642356028314,ACCEPTED,0.0,Yes,0.0,0.0,0.0,True,True
3425,0.2515396773815155,3.557535484334303e-55,0.7974725283996018,5.902605609985017e-05,OFFLOADED,1.0,No,1.0,0.0,0.0,False,False
3426,0.8583539128303528,0.9978987696978258,0.5927254604441808,8.972736148584153e-20,OFFLOADED,1.0,No,1.0,1.0,1.0,True,False
3427,0.7812382578849792,0.9167654911128021,0.8238828068866262,0.00182071810503,OFFLOADED,1.0,No,1.0,1.0,1.0,False,False
3428,0.8382952213287354,0.9901901675515353,0.9752014035559678,0.9939837797907698,ACCEPTED,1.0,No,1.0,1.0,1.0,True,True
3429,0.2667215168476105,4.193291494370609e-42,0.16408127796903293,8.85691189953321e-53,OFFLOADED,1.0,No,1.0,1.0,1.0,False,False
3430,0.6772800087928772,0.2980296470773504,1.0,1.0,ACCEPTED,0.0,Yes,0.0,0.0,0.0,True,True
3431,0.26575738191604614,1.2348345507176685e-42,0.18233299835298483,2.1035776103183286e-52,OFFLOADED,1.0,No,1.0,1.0,1.0,False,False
3432,0.6596747636795044,0.22035587792036188,0.9573719636249988,0.9662467429727046,OFFLOADED,0.0,Yes,0.0,0.0,0.0,False,True
3433,0.2827474772930145,2.3531200130402315e-33,0.21678766555829096,2.503408544694445e-51,OFFLOADED,1.0,No,0.0,1.0,1.0,False,False
3434,0.25529494881629944,6.733018739720835e-52,0.1510781207581197,4.899526178206367e-53,OFFLOADED,1.0,No,1.0,1.0,1.0,False,False
3435,0.9297993779182434,0.9999830817050521,0.8902497785215798,0.32110087755605876,OFFLOADED,0.0,Yes,0.0,0.0,0.0,True,False
3436,0.2580886483192444,6.878787272118849e-49,0.0773629767748003,1.5296383711264625e-53,OFFLOADED,1.0,No,1.0,1.0,1.0,False,False
3437,0.312444806098938,1.6725704429615319e-22,0.36197290727501985,2.315058058258647e-41,OFFLOADED,1.0,No,1.0,1.0,1.0,False,False
3438,0.3346899151802063,1.1250055078787754e-17,0.5679330107315979,4.788665477479963e-22,OFFLOADED,1.0,No,1.0,1.0,1.0,False,False
3439,0.3380696773529053,3.484256025446315e-17,0.709741210183291,2.2191868920408506e-10,OFFLOADED,1.0,No,1.0,1.0,1.0,False,False
3440,0.36013177037239075,1.266365719949555e-14,0.47292998180888446,1.7447387636041574e-31,OFFLOADED,1.0,No,1.0,1.0,1.0,False,False
3441,0.2782704830169678,7.919606520028351e-36,0.8641220741749575,0.07962717963786016,OFFLOADED,0.0,Yes,0.0,0.0,0.0,False,False
3442,0.31058961153030396,4.3791270885846874e-23,0.2694836294869874,1.2091111098529679e-48,OFFLOADED,1.0,No,1.0,1.0,1.0,False,False
3443,0.4891647398471832,2.7798503935421147e-05,0.7391621612993012,5.995909351275994e-08,OFFLOADED,1.0,No,1.0,1.0,1.0,False,False
3444,0.8466756939888,0.9941917391062929,0.7595401473024649,6.398140348699421e-07,OFFLOADED,1.0,No,1.0,1.0,0.0,True,False
3445,0.7967100739479065,0.9460563941491508,0.6622637209468506,3.362180709260135e-14,OFFLOADED,1.0,No,1.0,1.0,1.0,False,False
3446,0.26292529702186584,1.2279445043603966e-44,0.32958386258586675,2.6274144381075354e-44,OFFLOADED,1.0,No,1.0,1.0,1.0,False,False
3447,0.2557418644428253,1.3279791327265825e-51,0.5193158112721195,3.718274114302825e-27,OFFLOADED,1.0,No,0.0,1.0,1.0,False,False
3448,0.8510814905166626,0.9953697305053832,0.9643691262265449,0.9816478942310742,ACCEPTED,0.0,Yes,0.0,0.0,0.0,True,True
3449,0.8153189420700073,0.9734859335300179,0.5828958083628323,7.685716348022888e-21,OFFLOADED,1.0,No,1.0,1.0,1.0,True,False
3450,0.8217512965202332,0.9774428654824387,0.5580056377941014,2.680783307139597e-23,OFFLOADED,1.0,No,1.0,1.0,1.0,True,False
3451,0.5461118221282959,0.0012381845335412143,0.8235712808840997,0.0018446461679297104,OFFLOADED,0.0,Yes,0.0,0.0,0.0,False,False
3452,0.8698172569274902,0.998911216786714,0.9896573571470157,0.9996645287302397,ACCEPTED,1.0,No,1.0,1.0,1.0,True,True
3453,0.3803260624408722,1.9595829536187808e-12,0.6063747566017901,1.1079741400906847e-18,OFFLOADED,1.0,No,1.0,0.0,0.0,False,False
3454,0.2708224654197693,8.211521293898245e-40,0.2109536297764118,7.700183313652543e-52,OFFLOADED,1.0,No,1.0,1.0,1.0,False,False
3455,0.2730521559715271,1.4307810517737096e-38,0.4270336228937778,8.902413660059917e-36,OFFLOADED,1.0,No,1.0,1.0,1.0,False,False
3456,0.33322402834892273,5.0503884694444735e-18,0.6191197480805598,8.984438624644573e-18,OFFLOADED,1.0,No,0.0,0.0,1.0,False,False
3457,0.27540314197540283,2.237751034059564e-37,0.5685331944798883,3.968107780972689e-22,OFFLOADED,1.0,No,1.0,1.0,1.0,False,False
3458,0.4113115668296814,1.279267493835503e-09,0.8257870478430981,0.0023993604460990883,OFFLOADED,0.0,Yes,0.0,0.0,0.0,False,False
3459,0.32009926438331604,5.612640896271716e-21,0.7770249403509142,5.013430830514272e-06,OFFLOADED,1.0,No,1.0,0.0,0.0,False,False
3460,0.852970540523529,0.9956895288858068,0.7270911272283419,7.018304625772422e-09,OFFLOADED,1.0,No,1.0,1.0,1.0,True,False
3461,0.8869173526763916,0.9996532209030147,0.9779113503691819,0.9970178336125318,ACCEPTED,0.0,Yes,0.0,0.0,0.0,True,True
3462,0.4955551028251648,4.8774634833641714e-05,0.9268547234505219,0.8009365708378805,OFFLOADED,0.0,Yes,0.0,0.0,0.0,False,True
3463,0.35662028193473816,4.427773769778916e-15,0.9286174234213973,0.8288654584216071,OFFLOADED,1.0,No,1.0,1.0,1.0,False,True
3464,0.2508029043674469,1.2459519436430358e-55,0.5831326864608076,6.78196712930978e-21,OFFLOADED,1.0,No,1.0,1.0,1.0,False,False
3465,0.3805372416973114,2.191890702350317e-12,0.8531526424355519,0.03513121763943218,OFFLOADED,1.0,No,1.0,0.0,1.0,False,False
3466,0.0,0.0,0.8606827370445597,0.06269917500271319,OFFLOADED,0.0,Yes,0.0,0.0,0.0,False,False
3467,0.8754770755767822,0.9992536977565115,0.961182539793889,0.9766957166026458,ACCEPTED,0.0,Yes,0.0,0.0,0.0,True,True
3468,0.7337870597839355,0.7496033289523079,0.9479369850800194,0.943312371497831,ACCEPTED,0.0,Yes,0.0,0.0,0.0,True,True
3469,0.31605425477027893,8.62245090212924e-22,0.5648796824839288,1.3191059822847704e-22,OFFLOADED,1.0,No,1.0,1.0,1.0,False,False
3470,0.8958708643913269,0.9998547101929136,0.8257964180886261,0.0025560552784273612,OFFLOADED,0.0,Yes,0.0,0.0,0.0,True,False
3471,0.6463075280189514,0.17663646138128128,0.8732347328885263,0.14993435067852318,OFFLOADED,0.0,Yes,0.0,0.0,0.0,False,False
3472,0.7039822936058044,0.5453140663429987,0.920278107581965,0.6992800178495245,OFFLOADED,0.0,Yes,0.0,0.0,0.0,False,True
3473,0.26650553941726685,1.732497778562201e-42,0.29931205000845074,4.0299525610264055e-47,OFFLOADED,1.0,No,1.0,1.0,1.0,False,False
3474,0.261595755815506,8.252974315962498e-46,0.39341177177304804,9.427389234752896e-39,OFFLOADED,1.0,No,1.0,1.0,1.0,False,False
3475,0.39165183901786804,3.321444862398137e-11,0.9441657936067264,0.9335864431453224,OFFLOADED,0.0,Yes,0.0,0.0,0.0,False,True
3476,0.8629466891288757,0.9980935170762848,0.985415723394469,0.9994598879114355,ACCEPTED,1.0,No,1.0,1.0,1.0,True,True
3477,0.4951203465461731,5.477198574624699e-05,0.8556289359320398,0.04700158459480712,OFFLOADED,1.0,No,1.0,0.0,0.0,False,False
3478,0.6872456669807434,0.4212222546151439,0.82161860717893,0.0019230859747427231,OFFLOADED,1.0,No,1.0,0.0,0.0,True,False
3479,0.2553732395172119,3.2186162905924226e-52,0.309392591379091,1.9233896103364523e-46,OFFLOADED,1.0,No,1.0,1.0,1.0,False,False
3480,0.6179860830307007,0.05941552232635,0.7314001426069143,1.6268702178456332e-08,OFFLOADED,1.0,No,1.0,0.0,0.0,False,False
3481,0.2877412736415863,2.758301426971763e-31,0.5695386122306616,4.088397131795744e-22,OFFLOADED,1.0,No,0.0,1.0,1.0,False,False
3482,0.7239515781402588,0.7024124561925822,0.7917699868309085,3.581079101736537e-05,OFFLOADED,1.0,No,1.0,1.0,1.0,True,False
3483,0.3021751642227173,7.535761315955951e-26,0.5653219238638443,1.203515438228016e-22,OFFLOADED,1.0,No,1.0,1.0,1.0,False,False
3484,0.3128618001937866,1.3150975376651886e-22,0.455323387931861,1.449347794159546e-33,OFFLOADED,1.0,No,1.0,0.0,1.0,False,False
3485,0.9169510006904602,0.9999647526676795,1.0,1.0,ACCEPTED,0.0,Yes,0.0,0.0,0.0,True,True
3486,0.27955684065818787,2.8250402411125494e-35,0.7792315338405948,6.217224922057702e-06,OFFLOADED,1.0,No,1.0,0.0,1.0,False,False
3487,0.8697324991226196,0.9987943747269588,1.0,1.0,ACCEPTED,0.0,Yes,0.0,0.0,0.0,True,True
3488,0.8691362142562866,0.9988030391641598,0.9863892723118192,0.9995344398413724,ACCEPTED,1.0,No,1.0,1.0,1.0,True,True
3489,0.30785390734672546,4.522005236800868e-24,0.45298685566923225,8.70987025683145e-34,OFFLOADED,1.0,No,1.0,1.0,1.0,False,False
3490,0.4151739180088043,2.6787585389824074e-09,0.632231084896059,8.149262287344213e-17,OFFLOADED,1.0,No,1.0,1.0,1.0,False,False
3491,0.9153304100036621,0.9999642007077238,0.6563980074728586,8.735710307315476e-15,OFFLOADED,0.0,Yes,0.0,0.0,0.0,True,False
3492,0.37717974185943604,7.446307060484443e-13,0.809981292884159,0.00039834016986122736,OFFLOADED,1.0,No,0.0,0.0,1.0,False,False
3493,0.2515451908111572,6.589727403033557e-56,0.1828892140166548,3.680244061987187e-53,OFFLOADED,1.0,No,1.0,1.0,1.0,False,False
3494,0.2536276578903198,3.974931670180709e-54,1.0,1.0,OFFLOADED,1.0,No,1.0,0.0,0.0,False,True
3495,0.8213998675346375,0.9759278144602588,0.45578683357608135,1.2732861251160478e-33,OFFLOADED,1.0,No,1.0,1.0,1.0,True,False
3496,0.8151966333389282,0.9693047856280576,0.5171285180280757,1.06164972727541e-27,OFFLOADED,1.0,No,1.0,1.0,1.0,True,False
3497,0.34433358907699585,1.1671237716383158e-16,0.7328243126132217,1.7001236630400506e-08,OFFLOADED,1.0,No,0.0,1.0,0.0,False,False
3498,0.2510617673397064,4.896283129645327e-56,0.12489424992480713,4.1947540466646114e-54,OFFLOADED,1.0,No,1.0,1.0,1.0,False,False
3499,0.4484224319458008,3.327312523214731e-07,0.7061171380632396,8.138504155583706e-11,OFFLOADED,1.0,No,1.0,1.0,0.0,False,False
3500,0.2673945724964142,3.1543915792425425e-42,0.5259283783159966,6.275546066396555e-27,OFFLOADED,1.0,No,1.0,1.0,0.0,False,False
3501,0.27837809920310974,4.154128096517295e-36,0.2893230174699677,3.780192660694695e-48,OFFLOADED,1.0,No,1.0,1.0,1.0,False,False
3502,0.8096532821655273,0.9604899202417003,0.8010297584332557,0.00010476217217286408,OFFLOADED,1.0,No,1.0,1.0,1.0,True,False
3503,0.41962939500808716,5.287863079286569e-09,0.33176395044479207,9.587423730831211e-45,OFFLOADED,1.0,No,1.0,1.0,1.0,False,False
3504,0.3827533423900604,2.925637010864914e-12,0.45005552560150386,3.093796068555658e-34,OFFLOADED,1.0,No,1.0,1.0,1.0,False,False
3505,0.2500156760215759,3.300814614452867e-56,0.4944584968457482,4.582391847868041e-30,OFFLOADED,1.0,No,0.0,1.0,1.0,False,False
3506,0.40019357204437256,1.417826099998497e-10,0.8031400164695109,0.00013969591715245314,OFFLOADED,1.0,No,1.0,1.0,0.0,False,False
3507,0.8734787106513977,0.9990014627592054,0.7774600771138094,3.818604007936296e-06,OFFLOADED,0.0,Yes,0.0,0.0,0.0,True,False
3508,0.7935140132904053,0.9294512429614467,0.8947079084532064,0.4078715660023829,ACCEPTED,1.0,No,1.0,1.0,0.0,True,True
3509,0.2540838420391083,6.531973912437605e-54,0.32011311503589435,6.522531900341675e-46,OFFLOADED,1.0,No,1.0,1.0,1.0,False,False
3510,0.2611912190914154,1.4589301570467807e-46,0.22187127036462123,3.936977307112387e-52,OFFLOADED,1.0,No,1.0,1.0,1.0,False,False
3511,0.2967087924480438,3.2466152763495774e-28,0.5841566121662903,5.3429631116498915e-21,OFFLOADED,1.0,No,1.0,1.0,1.0,False,False
3512,0.8216604590415955,0.970210266547009,0.950773856207641,0.9586572617057372,ACCEPTED,0.0,Yes,0.0,0.0,0.0,True,True
3513,0.41035038232803345,9.308679621356896e-10,0.6507137536707398,2.5004512902720884e-15,OFFLOADED,1.0,No,1.0,0.0,0.0,False,False
3514,0.283674031496048,1.7143603389006667e-33,0.8727418488186247,0.14882795531520943,OFFLOADED,1.0,No,1.0,1.0,1.0,False,True
3515,0.7337650060653687,0.7478994899736336,0.7491502098584037,1.6301760317991004e-07,OFFLOADED,1.0,No,1.0,1.0,1.0,True,False
3516,0.4522136151790619,4.921646185143855e-07,0.8111397860305507,0.00039787695482316164,OFFLOADED,1.0,No,1.0,0.0,1.0,False,False
3517,0.2567250430583954,3.425662415919609e-51,0.4648281082848447,4.49575687393525e-33,OFFLOADED,1.0,No,1.0,1.0,0.0,False,False
3518,0.6773984432220459,0.31186670369968156,0.31131186467322497,6.784903776921364e-47,OFFLOADED,0.0,Yes,0.0,0.0,0.0,False,False
3519,0.25968608260154724,2.3199377954414677e-48,0.36364503594954806,3.649982958961463e-42,OFFLOADED,1.0,No,1.0,1.0,1.0,False,False
3520,0.8426048159599304,0.9887161405013964,0.7515637662250703,1.8247952063260188e-07,OFFLOADED,1.0,No,1.0,1.0,0.0,True,False
3521,0.7133287787437439,0.6017059497696565,0.7918862003038352,2.4919166070734617e-05,OFFLOADED,0.0,Yes,0.0,0.0,0.0,False,False
3522,0.31895968317985535,1.838574844529294e-21,0.5381380840431914,6.105180937484301e-26,OFFLOADED,1.0,No,1.0,1.0,1.0,False,False
3523,0.5174328088760376,0.00017698432869160782,0.47550767316178427,5.150707337603453e-32,OFFLOADED,1.0,No,1.0,1.0,1.0,False,False
3524,0.3681918680667877,4.973180356251356e-14,0.6988594548979189,1.5233270175893788e-11,OFFLOADED,1.0,No,1.0,1.0,1.0,False,False
3525,0.3140234649181366,1.3191088443065122e-22,0.6796074424100177,7.423273327018014e-13,OFFLOADED,1.0,No,1.0,1.0,1.0,False,False
3526,0.5851022601127625,0.01303195344815111,0.5316959417182058,1.357932553725155e-26,OFFLOADED,1.0,No,1.0,1.0,1.0,False,False
3527,0.28685736656188965,3.33208007834859e-32,0.59814673072896,8.229831957146258e-20,OFFLOADED,0.0,Yes,0.0,0.0,0.0,False,False
3528,0.39277952909469604,2.4324572073067312e-11,0.5522783567521825,1.9205993864782866e-24,OFFLOADED,0.0,Yes,0.0,0.0,0.0,False,False
3529,0.2984921336174011,9.95720158736342e-28,0.44025534003708633,2.352478313596151e-35,OFFLOADED,1.0,No,1.0,1.0,0.0,False,False
3530,0.5825979709625244,0.010869840497871113,0.8824582630307006,0.2343656736518198,OFFLOADED,1.0,No,1.0,1.0,1.0,False,True
3531,0.6712086200714111,0.29611122157404673,0.775366490025125,2.6556332940224984e-06,OFFLOADED,1.0,No,1.0,1.0,1.0,False,False
3532,0.34180960059165955,3.86035366815047e-17,0.34824865738295757,9.849409085635767e-44,OFFLOADED,1.0,No,1.0,1.0,1.0,False,False
3533,0.8308926820755005,0.9796707697968765,0.9115801400802227,0.5767212529953791,ACCEPTED,0.0,Yes,0.0,0.0,0.0,True,True
3534,0.474362313747406,4.522746941640104e-06,0.7052119399383491,4.682335914245282e-11,OFFLOADED,1.0,No,1.0,1.0,1.0,False,False
3535,0.26862695813179016,7.827303457244195e-42,0.36398655876879166,2.5790499344654883e-42,OFFLOADED,1.0,No,1.0,1.0,1.0,False,False
3536,0.9159376621246338,0.999963091105052,0.8027774554494278,0.00010801051894198151,OFFLOADED,0.0,Yes,0.0,0.0,0.0,True,False
3537,0.27444782853126526,1.5918392539397692e-38,0.7494672772204328,1.4622320673294804e-07,OFFLOADED,1.0,No,1.0,1.0,1.0,False,False
3538,0.3052760660648346,2.810244850286772e-25,0.7990992233421275,6.245932770090286e-05,OFFLOADED,0.0,Yes,0.0,0.0,0.0,False,False
3539,0.7281714677810669,0.7127974669764523,0.8831612966717061,0.2385870319357276,OFFLOADED,0.0,Yes,0.0,0.0,0.0,True,False
3540,0.929233193397522,0.9999827922237265,1.0,1.0,ACCEPTED,0.0,Yes,0.0,0.0,0.0,True,True
3541,0.25410571694374084,2.7494765071948205e-54,0.6919715922988849,4.8643607435334365e-12,OFFLOADED,1.0,No,1.0,1.0,0.0,False,False
3542,0.25008994340896606,1.113421966106814e-56,0.7520644438244203,2.0070925256109542e-07,OFFLOADED,1.0,No,0.0,1.0,1.0,False,False
3543,0.3127290606498718,4.545412006820518e-23,0.7940476149080987,3.851652141430429e-05,OFFLOADED,1.0,No,1.0,0.0,0.0,False,False
3544,0.2811265289783478,4.965357123048894e-35,0.32548244746611077,7.82063877427494e-46,OFFLOADED,1.0,No,1.0,1.0,1.0,False,False
3545,0.6615263819694519,0.2411432704810015,0.7798962787794632,5.468301449105958e-06,OFFLOADED,1.0,No,1.0,1.0,1.0,True,False
3546,0.2757061719894409,5.625173936678004e-38,0.5419029447105582,1.2025319228140713e-25,OFFLOADED,1.0,No,1.0,1.0,0.0,False,False
3547,0.2603859305381775,5.608045364533731e-48,0.08517165534984453,4.4075726852533994e-55,OFFLOADED,1.0,No,1.0,1.0,1.0,False,False
3548,0.2706482708454132,9.217906946869087e-41,0.26515034229264695,2.3379547433703014e-50,OFFLOADED,1.0,No,0.0,1.0,1.0,False,False
3549,0.25529441237449646,3.03573553783513e-53,0.4621942393573088,1.3755462969729029e-33,OFFLOADED,1.0,No,1.0,1.0,1.0,False,False
3550,0.8399388790130615,0.987358669857686,0.6036130965868607,2.1137181437736478e-19,OFFLOADED,1.0,No,1.0,1.0,1.0,True,False
3551,0.7027685642242432,0.5302809554698047,0.4476521947587632,6.051681795919461e-35,OFFLOADED,1.0,No,1.0,1.0,1.0,False,False
3552,0.3099380135536194,6.930831344527498e-24,0.9520377362950939,0.9650680345736954,OFFLOADED,1.0,No,1.0,0.0,0.0,False,True
3553,0.2766232490539551,1.4735160405189485e-37,0.36995712147257487,6.017994161020786e-42,OFFLOADED,1.0,No,1.0,1.0,1.0,False,False
3554,0.3027965724468231,3.6394137654425e-26,0.8286501508304476,0.003257009528655175,OFFLOADED,1.0,No,1.0,0.0,0.0,False,False
3555,0.6364184617996216,0.12180715935906339,0.5451054828363623,2.126981394512704e-25,OFFLOADED,1.0,No,1.0,1.0,1.0,False,False
3556,0.2690085768699646,8.209085574157196e-42,0.6469438535498309,5.526906130172738e-16,OFFLOADED,0.0,Yes,0.0,0.0,0.0,False,False
3557,0.3108001947402954,1.1001065939310629e-23,0.3758273711380179,1.5472395281582215e-41,OFFLOADED,1.0,No,1.0,1.0,1.0,False,False
3558,0.267465740442276,7.880609329855743e-43,0.3864527285837544,1.7750112800776092e-40,OFFLOADED,1.0,No,1.0,1.0,1.0,False,False
3559,0.31919431686401367,1.2285797918012613e-21,0.6873928187589752,1.901226576007376e-12,OFFLOADED,1.0,No,0.0,1.0,0.0,False,False
3560,0.25615960359573364,2.033262120521724e-52,0.8089204839702147,0.00026970088513958424,OFFLOADED,1.0,No,1.0,0.0,1.0,False,False
3561,0.5672014355659485,0.0028779080203105846,0.943619769802268,0.9347974426367083,OFFLOADED,0.0,Yes,0.0,0.0,0.0,False,True
3562,0.2710128128528595,1.002084386936243e-40,0.8016426414783602,8.966877080060333e-05,OFFLOADED,1.0,No,1.0,0.0,1.0,False,False
3563,0.6764920949935913,0.29636130307819414,0.5513216588568006,9.605897340740951e-25,OFFLOADED,1.0,No,1.0,1.0,0.0,False,False
3564,0.5517493486404419,0.0014032522527120872,0.5781471387029861,6.73023352460588e-22,OFFLOADED,1.0,No,1.0,1.0,0.0,False,False
3565,0.2597391903400421,6.776327678748335e-49,0.23575825973775733,2.6115893960814585e-52,OFFLOADED,1.0,No,1.0,1.0,1.0,False,False
3566,0.5978515148162842,0.018035565347834074,0.3934275689409542,7.221395345514056e-40,OFFLOADED,1.0,No,0.0,1.0,1.0,False,False
3567,0.2616136372089386,6.942219782427732e-47,0.542798550354124,9.669062756804649e-26,OFFLOADED,1.0,No,0.0,1.0,1.0,False,False
3568,0.31672683358192444,3.476886637673593e-22,0.4145017694627539,3.832096642484794e-38,OFFLOADED,1.0,No,1.0,1.0,1.0,False,False
3569,0.26970627903938293,1.506202382333053e-41,0.8016450091382478,8.462377537407286e-05,OFFLOADED,1.0,No,1.0,1.0,1.0,False,False
3570,0.26611530780792236,8.078282529404195e-44,0.3057744200232672,3.919284533359053e-48,OFFLOADED,1.0,No,1.0,1.0,1.0,False,False
3571,0.5018472671508789,4.993555273123732e-05,0.7573130406866604,2.6306554400152013e-07,OFFLOADED,0.0,Yes,0.0,0.0,0.0,False,False
3572,0.36670246720314026,2.394682187307024e-14,0.8339510875803795,0.005673389570264302,OFFLOADED,1.0,No,1.0,0.0,0.0,False,False
3573,0.38377782702445984,2.2650517589434838e-12,0.778710394797783,3.237254821998265e-06,OFFLOADED,1.0,No,1.0,1.0,1.0,False,False
3574,0.532522976398468,0.00031415255325598274,0.8808979956081024,0.22135549134253316,OFFLOADED,1.0,No,1.0,1.0,0.0,False,False
3575,0.6950280666351318,0.4358603044203328,0.6916257624213568,2.518705933206359e-12,OFFLOADED,0.0,Yes,0.0,0.0,0.0,True,False
3576,0.6299554109573364,0.08712843584351417,0.6246673596983228,5.902546638227276e-18,OFFLOADED,1.0,No,1.0,1.0,1.0,False,False
3577,0.33802470564842224,8.717446236620274e-18,0.381499989737883,2.5352322420139277e-41,OFFLOADED,1.0,No,1.0,1.0,1.0,False,False
3578,0.4029981195926666,1.2995026726882507e-10,0.9315586002933035,0.864801107556742,OFFLOADED,1.0,No,1.0,0.0,1.0,False,True
3579,0.2599126398563385,5.342679193325028e-49,0.33219034954722904,9.400266118289158e-46,OFFLOADED,1.0,No,1.0,1.0,1.0,False,False
3580,0.5336997509002686,0.00032115269908287433,0.5890136492290441,6.2450050975750126e-21,OFFLOADED,1.0,No,1.0,1.0,0.0,False,False
3581,0.2608211934566498,7.163225777637855e-48,0.47762574911153804,2.5926218817385343e-32,OFFLOADED,1.0,No,1.0,1.0,1.0,False,False
3582,0.25132015347480774,2.09964315815466e-57,0.279368608077907,6.189063220666312e-50,OFFLOADED,1.0,No,1.0,1.0,1.0,False,False
3583,0.34546542167663574,4.6723286627153787e-17,0.6472533836602978,4.684495997848005e-16,OFFLOADED,1.0,No,1.0,1.0,1.0,False,False
3584,0.8764091730117798,0.9991888019651899,0.9389482465519756,0.9120174330195684,ACCEPTED,1.0,No,1.0,1.0,1.0,True,True
3585,0.2789873480796814,1.6731158079841643e-36,0.5794059142288494,6.206149412358421e-22,OFFLOADED,1.0,No,1.0,1.0,1.0,False,False
3586,0.27731871604919434,1.5901888867715395e-37,0.43766839434980676,3.816427467585517e-36,OFFLOADED,1.0,No,1.0,1.0,1.0,False,False
3587,0.2619830369949341,6.612480558803416e-47,0.5206620138907437,3.6299358052180307e-28,OFFLOADED,1.0,No,1.0,1.0,1.0,False,False
3588,0.5531643629074097,0.001276903041849391,0.723766284447483,1.4012727761907287e-09,OFFLOADED,1.0,No,0.0,1.0,0.0,False,False
3589,0.7441090941429138,0.7996120945711593,0.5846716122847185,1.7910307401105203e-21,OFFLOADED,1.0,No,1.0,1.0,1.0,True,False
3590,0.26139143109321594,1.9992770300765392e-47,0.3579989062877593,1.066240645883056e-43,OFFLOADED,1.0,No,1.0,1.0,1.0,False,False
3591,0.2636173963546753,9.959997147849578e-46,0.18122069122658566,7.482645701853663e-55,OFFLOADED,1.0,No,1.0,1.0,1.0,False,False
3592,0.7871367335319519,0.9084722384956686,1.0,1.0,ACCEPTED,1.0,No,1.0,1.0,0.0,True,True
3593,0.3049395680427551,9.215688055152345e-26,0.46634389241811175,1.2770729605843037e-33,OFFLOADED,1.0,No,1.0,1.0,1.0,False,False
3594,0.9025698900222778,0.9998908987630415,0.938748468689598,0.9062328463272366,ACCEPTED,0.0,Yes,0.0,0.0,0.0,True,True
3595,0.5269458889961243,0.000174662562329313,0.8777204694313206,0.1775948957628845,OFFLOADED,1.0,No,0.0,0.0,1.0,False,True
3596,0.440131813287735,6.075367545647623e-08,0.48052517679604617,3.289021763116381e-32,OFFLOADED,1.0,No,1.0,1.0,1.0,False,False
3597,0.2605276107788086,1.379455367815194e-48,0.15989772519625783,2.0520866094609303e-55,OFFLOADED,1.0,No,1.0,1.0,1.0,False,False
3598,0.327127605676651,4.552455887450208e-20,0.2203577844970623,1.345136641123292e-53,OFFLOADED,1.0,No,1.0,1.0,1.0,False,False
3599,0.8287497162818909,0.9760155438035921,0.6228976324753777,3.3693715889515813e-18,OFFLOADED,1.0,No,1.0,1.0,1.0,True,False
3600,0.3678828179836273,1.9555133753866707e-14,0.8733032795863443,0.13550912420251474,OFFLOADED,1.0,No,1.0,0.0,0.0,False,False
3601,0.8961324691772461,0.9997999342859168,0.9837623165529051,0.9991372083825953,ACCEPTED,1.0,No,0.0,0.0,1.0,True,True
3602,0.5517740249633789,0.0010944291259046863,0.4503388970596237,2.947026250066713e-35,OFFLOADED,1.0,No,1.0,1.0,1.0,False,False
3603,0.2504473626613617,7.853252424281686e-58,0.23048283292778832,3.5385001176555494e-53,OFFLOADED,1.0,No,1.0,1.0,1.0,False,False
3604,0.4884450435638428,1.2817004482678081e-05,0.8843383486577948,0.24056364626185556,OFFLOADED,1.0,No,1.0,0.0,0.0,False,True
3605,0.7298424243927002,0.7072178581619359,0.9408893908394201,0.9185160652813754,OFFLOADED,0.0,Yes,0.0,0.0,0.0,False,True
3606,0.35863521695137024,1.5707179140426607e-15,0.46134469750449436,2.7100357798627302e-34,OFFLOADED,1.0,No,1.0,1.0,1.0,False,False
3607,0.3220115303993225,1.807538323016747e-21,0.4051149642320435,2.3833976440158025e-39,OFFLOADED,1.0,No,1.0,1.0,1.0,False,False
3608,0.3472425639629364,4.6383305697053363e-17,0.8070904705403865,0.00013894489404657012,OFFLOADED,1.0,No,1.0,0.0,0.0,False,False
3609,0.30064016580581665,1.4321330001890525e-27,0.624799641958421,3.977771210831714e-18,OFFLOADED,1.0,No,1.0,1.0,1.0,False,False
3610,0.2703133821487427,9.654593605729459e-42,0.3039262963854883,6.640137857119722e-49,OFFLOADED,1.0,No,1.0,1.0,1.0,False,False
3611,0.34780922532081604,5.199229817136553e-17,0.7516520492803399,9.32177648006656e-08,OFFLOADED,1.0,No,0.0,1.0,1.0,False,False
3612,0.44041550159454346,5.41297939307407e-08,0.8630489240226651,0.06441747148434507,OFFLOADED,1.0,No,1.0,0.0,0.0,False,False
3613,0.5349462628364563,0.0002907925622327099,1.0,1.0,OFFLOADED,0.0,Yes,0.0,0.0,0.0,False,True
3614,0.2551858425140381,1.7486879096202138e-54,0.665303196666944,1.1040439952115921e-14,OFFLOADED,1.0,No,0.0,1.0,1.0,False,False
3615,0.5921716690063477,0.012544035586843838,0.7813284425392655,3.3624075630971485e-06,OFFLOADED,1.0,No,1.0,1.0,1.0,False,False
3616,0.2591063976287842,2.306385554130977e-50,0.39328633449847333,1.3466988053379303e-40,OFFLOADED,1.0,No,1.0,1.0,1.0,False,False
3617,0.8185628056526184,0.9649550538355846,0.7145999408067821,1.4352272526142387e-10,OFFLOADED,1.0,No,1.0,1.0,0.0,True,False
3618,0.5795214772224426,0.006024699277016493,0.8097460517499954,0.0001970545020505675,OFFLOADED,1.0,No,0.0,1.0,1.0,False,False
3619,0.7509642839431763,0.8166882146755648,0.8461432735483726,0.013810525672213027,OFFLOADED,0.0,Yes,0.0,0.0,0.0,False,False
3620,0.8654085993766785,0.9974789362650359,0.952570448712332,0.9646489020477514,ACCEPTED,0.0,Yes,0.0,0.0,0.0,True,True
3621,0.2546539008617401,3.5194698816098956e-55,0.5870953604693258,1.677374641383956e-21,OFFLOADED,1.0,No,0.0,1.0,1.0,False,False
3622,0.37674009799957275,1.6093664102154134e-13,0.4083467106325778,2.5735091285644852e-39,OFFLOADED,1.0,No,1.0,1.0,1.0,False,False
3623,0.34888699650764465,5.602725122905802e-17,0.7114939453673715,6.209300629441239e-11,OFFLOADED,0.0,Yes,0.0,0.0,0.0,False,False
3624,0.2664060592651367,2.715538736332776e-44,0.4920773935043782,2.4048643351224445e-31,OFFLOADED,1.0,No,1.0,1.0,1.0,False,False
3625,0.29552796483039856,1.4166785208375278e-29,0.6412489401656912,7.539513383823027e-17,OFFLOADED,1.0,No,0.0,0.0,1.0,False,False
3626,0.2679932117462158,2.7118557794829846e-43,0.2562680305771581,2.7366425613667444e-52,OFFLOADED,1.0,No,1.0,1.0,1.0,False,False
3627,0.31167420744895935,5.029560410087222e-24,0.6286101702377119,6.801719308102534e-18,OFFLOADED,1.0,No,1.0,1.0,0.0,False,False
3628,0.2513519525527954,3.321199875445551e-58,0.24301541871367713,4.790186963592272e-53,OFFLOADED,1.0,No,1.0,1.0,1.0,False,False
3629,0.45681047439575195,3.4081690976503816e-07,0.45338979355783304,2.737799560307222e-35,OFFLOADED,1.0,No,1.0,1.0,1.0,False,False
3630,0.9315634965896606,0.9999815824368132,1.0,1.0,ACCEPTED,0.0,Yes,0.0,0.0,0.0,True,True
3631,0.35191217064857483,1.6649989295010494e-16,0.9892102189669676,0.9996834454597612,OFFLOADED,1.0,No,1.0,0.0,1.0,False,True
3632,0.8311429619789124,0.977520046920339,1.0,1.0,ACCEPTED,0.0,Yes,0.0,0.0,0.0,True,True
3633,0.706479012966156,0.5481138506097862,0.758444821332879,1.914233897209627e-07,OFFLOADED,1.0,No,1.0,1.0,1.0,False,False
3634,0.2514045238494873,2.7738841696649658e-58,0.6589026744419177,2.546160314966419e-15,OFFLOADED,1.0,No,1.0,1.0,1.0,False,False
3635,0.25513753294944763,8.331192594701918e-55,0.3499418922237146,5.216576385213754e-45,OFFLOADED,1.0,No,1.0,1.0,0.0,False,False
3636,0.26836591958999634,3.8550230155966e-43,0.5676075385008283,1.669234920465962e-23,OFFLOADED,1.0,No,0.0,0.0,1.0,False,False
3637,0.37542030215263367,9.322992111850845e-14,0.5743235343528489,7.80075446242007e-23,OFFLOADED,1.0,No,0.0,1.0,1.0,False,False
3638,0.29383501410484314,2.703089957283651e-30,0.7048828943512003,1.693132523317538e-11,OFFLOADED,0.0,Yes,0.0,0.0,0.0,False,False
3639,0.2751998007297516,3.6991515730965604e-39,0.6210100014689782,1.2165619038784695e-18,OFFLOADED,1.0,No,1.0,1.0,1.0,False,False
3640,0.2725389897823334,1.08905083861368e-40,0.7788955366665242,2.169174325445546e-06,OFFLOADED,1.0,No,1.0,1.0,1.0,False,False
3641,0.3043172061443329,2.166561172918411e-26,0.5554316612945804,4.986901771139712e-25,OFFLOADED,1.0,No,1.0,1.0,0.0,False,False
3642,0.26722824573516846,4.943242033616617e-44,0.40560201606259905,8.572387890218074e-40,OFFLOADED,1.0,No,1.0,1.0,1.0,False,False
3643,0.7406529188156128,0.7779057185326278,0.822595073642497,0.0012881257946376816,OFFLOADED,0.0,Yes,0.0,0.0,0.0,True,False
3644,0.37552204728126526,9.17602433486963e-14,0.5796290779239109,2.334769694153627e-22,OFFLOADED,1.0,No,0.0,1.0,1.0,False,False
3645,0.25800034403800964,1.1517321795620282e-51,0.5931913902456055,6.5490369054978345e-21,OFFLOADED,1.0,No,1.0,1.0,1.0,False,False
3646,0.7924169898033142,0.9220866027308132,0.3880172548256101,1.5948742454484587e-41,OFFLOADED,1.0,No,1.0,1.0,1.0,True,False
3647,0.8667141199111938,0.9979295139898219,0.5504039473136176,1.3381978541193047e-25,OFFLOADED,1.0,No,1.0,1.0,1.0,True,False
3648,0.8475311398506165,0.9904269919713777,0.7387586741386695,1.3369400837187257e-08,OFFLOADED,1.0,No,1.0,1.0,1.0,True,False
3649,0.8610608577728271,0.9962354885384903,0.7363181677089746,8.46718879829763e-09,OFFLOADED,0.0,Yes,0.0,0.0,0.0,True,False
3650,0.29206663370132446,6.289147769828939e-31,0.4250004107247118,4.3495717511703964e-38,OFFLOADED,1.0,No,1.0,1.0,1.0,False,False
3651,0.2985156178474426,9.401214021329071e-29,0.6335434667029888,1.575656910331754e-17,OFFLOADED,1.0,No,1.0,1.0,0.0,False,False
3652,0.25762903690338135,3.988596429144326e-52,0.6337237367457427,1.5379004724467338e-17,OFFLOADED,1.0,No,1.0,1.0,0.0,False,False
3653,0.544571042060852,0.0006164525852674517,0.7103062836232944,4.7298525196940526e-11,OFFLOADED,1.0,No,0.0,1.0,1.0,False,False
3654,0.0,0.0,0.762346236823644,2.566969391585763e-07,OFFLOADED,0.0,Yes,0.0,0.0,0.0,False,False
3655,0.2541741132736206,4.0982585886104255e-56,0.47823377332122696,5.021667670973183e-33,OFFLOADED,1.0,No,0.0,1.0,1.0,False,False
3656,0.8107094764709473,0.9539996816364751,0.29998574509967446,7.52441932425054e-50,OFFLOADED,1.0,No,1.0,1.0,1.0,True,False
3657,0.8620465993881226,0.9965495143276839,0.9288197381929817,0.8321231335382994,ACCEPTED,0.0,Yes,0.0,0.0,0.0,True,True
3658,0.8526815176010132,0.9931171259188719,0.6093082887551531,1.6790724956281009e-19,OFFLOADED,1.0,No,1.0,1.0,1.0,True,False
3659,0.2995885908603668,2.3918987993246302e-28,0.9522110040521301,0.9673492751883571,OFFLOADED,1.0,No,1.0,0.0,0.0,False,True
3660,0.3514591455459595,1.109437882026606e-16,0.651888078470974,7.286173255413258e-16,OFFLOADED,1.0,No,1.0,1.0,0.0,False,False
3661,0.2654764950275421,2.8012239661479153e-45,0.44474378157481487,1.7912835942509065e-36,OFFLOADED,1.0,No,1.0,1.0,1.0,False,False
3662,0.8809026479721069,0.9992504544626554,0.9849359189849342,0.999319491313241,ACCEPTED,0.0,Yes,0.0,0.0,0.0,True,True
3663,0.2607186436653137,4.5860908467317146e-49,0.5068282742647037,3.3718033984082996e-30,OFFLOADED,1.0,No,0.0,1.0,1.0,False,False
3664,0.7548546195030212,0.8351822333242687,0.557375822937798,6.0441108546920125e-25,OFFLOADED,1.0,No,1.0,1.0,1.0,True,False
3665,0.27677398920059204,1.5452809580177206e-38,0.29995236669863706,5.31468670638894e-50,OFFLOADED,1.0,No,1.0,1.0,1.0,False,False
3666,0.45878487825393677,3.5799544845154e-07,0.8597597155757564,0.0481106830284857,OFFLOADED,1.0,No,1.0,1.0,1.0,False,False
3667,0.26356515288352966,1.1240852787917774e-46,0.45906932060021466,3.169548926810209e-35,OFFLOADED,1.0,No,1.0,1.0,1.0,False,False
3668,0.7455553412437439,0.7951119461215358,0.733611370572953,5.626134402003473e-09,OFFLOADED,1.0,No,1.0,1.0,0.0,True,False
3669,0.40617606043815613,1.0869850346473127e-10,0.8049005950728071,9.04098717531492e-05,OFFLOADED,1.0,No,0.0,1.0,1.0,False,False
3670,0.27471452951431274,1.1296703714092527e-39,0.5185461363533916,3.6660321245613777e-29,OFFLOADED,1.0,No,1.0,1.0,1.0,False,False
3671,0.31105417013168335,1.8790337030263683e-24,0.39366405889778605,2.5421941020005505e-41,OFFLOADED,1.0,No,1.0,1.0,1.0,False,False
3672,0.2867395281791687,1.837515872616552e-33,0.9510993086600247,0.9628160143996854,OFFLOADED,1.0,No,1.0,0.0,0.0,False,True
3673,0.33115971088409424,1.5808047072763984e-19,0.5901704743384265,2.031868490508798e-21,OFFLOADED,1.0,No,1.0,0.0,0.0,False,False
3674,0.29184678196907043,3.077678067338443e-31,0.5976931641396637,1.0617773117044088e-20,OFFLOADED,1.0,No,0.0,1.0,1.0,False,False
3675,0.31606635451316833,4.2038498487965456e-23,0.6792268529999511,1.9342716591997553e-13,OFFLOADED,1.0,No,0.0,1.0,1.0,False,False
3676,0.632905900478363,0.09019594017449692,0.8442784623376403,0.012055884355160107,OFFLOADED,1.0,No,1.0,1.0,1.0,False,False
3677,0.946893036365509,0.9999888768711442,0.9677490860007826,0.9896115578245636,ACCEPTED,0.0,Yes,0.0,0.0,0.0,True,True
3678,0.2521911859512329,1.3592004179576932e-58,0.3767902653784242,2.7917475731889934e-43,OFFLOADED,1.0,No,1.0,1.0,1.0,False,False
3679,0.7054250240325928,0.5136959924392919,0.7586502940224505,1.6543728399301192e-07,OFFLOADED,1.0,No,1.0,1.0,1.0,False,False
3680,0.4550762474536896,2.1409347872376956e-07,0.6139397990229336,2.4198929017314353e-19,OFFLOADED,1.0,No,1.0,1.0,0.0,False,False
3681,0.30635973811149597,4.835660757586327e-26,0.4049897439786025,2.0185542004628502e-40,OFFLOADED,1.0,No,1.0,1.0,0.0,False,False
3682,0.7206381559371948,0.6267609483653436,0.5492065800321723,4.0401630552051226e-26,OFFLOADED,1.0,No,1.0,1.0,1.0,True,False
3683,0.32618749141693115,8.100621649007297e-21,0.5158802952923505,1.2545963688064193e-29,OFFLOADED,1.0,No,0.0,1.0,1.0,False,False
3684,0.2515042722225189,4.00705681207533e-59,0.4091847570159069,3.926954605331066e-40,OFFLOADED,1.0,No,1.0,1.0,1.0,False,False
3685,0.8704103827476501,0.9980740771003673,0.8937711514998694,0.35854086298941373,OFFLOADED,1.0,No,1.0,1.0,1.0,True,False
3686,0.396806925535202,1.532429278241875e-11,0.9224620661616378,0.7376131958864331,OFFLOADED,1.0,No,1.0,0.0,0.0,False,True
3687,0.2622915804386139,5.467817885595543e-48,0.28136902726837354,1.4472666450285805e-51,OFFLOADED,1.0,No,1.0,1.0,1.0,False,False
3688,0.2689371407032013,2.3242517107891902e-43,0.48086238170012946,3.300405414390366e-33,OFFLOADED,1.0,No,1.0,1.0,1.0,False,False
3689,0.7807230353355408,0.8727808868718337,0.7531075731071057,7.220059488758626e-08,OFFLOADED,1.0,No,1.0,1.0,1.0,True,False
3690,0.7609961032867432,0.8192071960182679,0.7898152778687886,9.677411910645423e-06,OFFLOADED,0.0,Yes,0.0,0.0,0.0,True,False
3691,0.25380921363830566,5.056664423369541e-57,0.5107626221935564,3.182857232767313e-30,OFFLOADED,1.0,No,1.0,1.0,1.0,False,False
3692,0.518843412399292,7.203700017307477e-05,0.3007763700741375,1.7859164044029085e-50,OFFLOADED,1.0,No,1.0,1.0,1.0,False,False
3693,0.251748263835907,3.5855113935760713e-59,0.7264151053363741,1.0061828276666537e-09,OFFLOADED,1.0,No,1.0,1.0,1.0,False,False
3694,0.281910240650177,4.267172001565788e-36,0.6546762840437499,7.3606383662584575e-16,OFFLOADED,1.0,No,0.0,0.0,1.0,False,False
3695,0.26921749114990234,2.9596483758549547e-43,0.5253289683361944,9.454287895474871e-29,OFFLOADED,1.0,No,1.0,1.0,1.0,False,False
3696,0.2970580756664276,1.005051522059597e-29,0.8193379788610352,0.0008560623621710268,OFFLOADED,1.0,No,1.0,0.0,0.0,False,False
3697,0.2513469159603119,2.0746885752813594e-59,0.464668371348222,4.584762803167015e-35,OFFLOADED,1.0,No,1.0,1.0,1.0,False,False
3698,0.2834537625312805,2.988252993420559e-35,0.5002922688920624,2.3168510248443954e-31,OFFLOADED,1.0,No,1.0,1.0,0.0,False,False
3699,0.4958762228488922,1.824976366749983e-05,0.5594646644937284,5.559824452220776e-25,OFFLOADED,1.0,No,1.0,1.0,1.0,False,False
3700,0.32480043172836304,2.8740341090933933e-21,0.44590341970510755,5.294433309826899e-37,OFFLOADED,1.0,No,0.0,1.0,1.0,False,False
3701,0.25877878069877625,8.23993026581048e-52,0.3063691007356578,3.180876749313796e-50,OFFLOADED,1.0,No,1.0,1.0,1.0,False,False
3702,0.8831544518470764,0.9992558620310602,0.76100901638016,1.8029798450286717e-07,OFFLOADED,0.0,Yes,0.0,0.0,0.0,True,False
3703,0.3533494174480438,1.2342928075231586e-16,0.8009083243008275,3.980768242786488e-05,OFFLOADED,0.0,Yes,0.0,0.0,0.0,False,False
3704,0.3565926253795624,3.218012224705762e-16,0.8136510034519949,0.00032988232424316534,OFFLOADED,1.0,No,1.0,0.0,0.0,False,False
3705,0.3159131407737732,2.3147377601593788e-23,0.5953087772075217,4.1346900794594114e-21,OFFLOADED,1.0,No,1.0,1.0,1.0,False,False
3706,0.884080171585083,0.999348428944994,0.8793058967222445,0.1586151925042313,OFFLOADED,1.0,No,1.0,1.0,1.0,True,False
3707,0.27169761061668396,5.998495280527919e-42,0.9479844548400463,0.9494190460878449,OFFLOADED,1.0,No,1.0,0.0,0.0,False,True
3708,0.28690025210380554,9.460851132387098e-34,0.8327004211330208,0.003088732423443121,OFFLOADED,1.0,No,1.0,1.0,1.0,False,False
3709,0.27860626578330994,5.514960120737628e-38,0.6924432425118914,1.1857711335957632e-12,OFFLOADED,1.0,No,1.0,1.0,1.0,False,False
3710,0.39592429995536804,1.0783784902166537e-11,0.3168520943849941,2.61783293321066e-49,OFFLOADED,1.0,No,1.0,1.0,1.0,False,False
3711,0.25388219952583313,2.6096729581464915e-57,0.6728970335346378,2.966512078433315e-14,OFFLOADED,1.0,No,1.0,0.0,1.0,False,False
3712,0.2716861963272095,4.6859018107174215e-42,0.7503358163561863,4.610462390636539e-08,OFFLOADED,1.0,No,1.0,1.0,1.0,False,False
3713,0.29750967025756836,1.0578427275118233e-29,0.7396064529986511,9.890151604512747e-09,OFFLOADED,1.0,No,1.0,1.0,1.0,False,False
3714,0.35002970695495605,3.6859273997035075e-17,0.9481167491537021,0.946981738975103,OFFLOADED,1.0,No,1.0,0.0,0.0,False,True
3715,0.26911330223083496,1.1989866356193616e-43,0.4451498978086628,2.9289536171728433e-37,OFFLOADED,1.0,No,1.0,1.0,0.0,False,False
3716,0.9430787563323975,0.9999863560591468,0.7204002592701194,2.321934853549939e-10,OFFLOADED,0.0,Yes,0.0,0.0,0.0,True,False
3717,0.8372253775596619,0.9770403896227109,0.8227878243360527,0.0009924556932195227,OFFLOADED,0.0,Yes,0.0,0.0,0.0,True,False
3718,0.4728488028049469,1.4858121944399451e-06,0.8403831060685442,0.007115548410428347,OFFLOADED,0.0,Yes,0.0,0.0,0.0,False,False
3719,0.8983411192893982,0.9998063663851203,0.7821809866944993,2.9625141202785082e-06,OFFLOADED,1.0,No,1.0,1.0,1.0,True,False
3720,0.7667759656906128,0.8451473837087186,0.7401129044474175,1.0760413867336179e-08,OFFLOADED,1.0,No,1.0,1.0,0.0,True,False
3721,0.0,0.0,0.7693670305364662,4.210459813943672e-07,OFFLOADED,0.0,Yes,0.0,0.0,0.0,False,False
3722,0.8946542143821716,0.9997062711568443,0.7769326887034959,1.276193122404199e-06,OFFLOADED,1.0,No,1.0,1.0,0.0,True,False
3723,0.2578679323196411,7.039913188883563e-53,0.4580683749158087,5.210249151987753e-36,OFFLOADED,1.0,No,1.0,1.0,1.0,False,False
3724,0.8640105724334717,0.9964772219958254,0.7265496366854026,7.85078932742993e-10,OFFLOADED,0.0,Yes,0.0,0.0,0.0,True,False
3725,0.32101255655288696,2.756104931173569e-22,0.5284080863472838,1.4068359656635116e-28,OFFLOADED,1.0,No,1.0,0.0,1.0,False,False
3726,0.6046487092971802,0.019719408964053494,0.9161940568961003,0.6183271737102889,OFFLOADED,0.0,Yes,0.0,0.0,0.0,False,True
3727,0.3027472198009491,1.715213354461349e-27,0.5365823798495425,8.851263666635492e-28,OFFLOADED,1.0,No,0.0,1.0,1.0,False,False
3728,0.26008254289627075,7.503229696337097e-51,0.17321837945116866,2.597363538446735e-57,OFFLOADED,1.0,No,1.0,1.0,1.0,False,False
3729,0.2523440420627594,3.3617891889617453e-59,0.3709821396350092,2.2263005159176948e-44,OFFLOADED,1.0,No,1.0,1.0,1.0,False,False
3730,0.41979697346687317,1.297178883044817e-09,0.9835826507849822,0.9990190802752507,OFFLOADED,1.0,No,1.0,0.0,1.0,False,True
3731,0.8707853555679321,0.9981321479527747,0.866292325489518,0.07000064645494453,OFFLOADED,1.0,No,1.0,1.0,1.0,True,False
3732,0.25880542397499084,4.2541556491979805e-52,0.5361381732988978,7.179215163439524e-28,OFFLOADED,1.0,No,1.0,1.0,1.0,False,False
3733,0.8010931611061096,0.920908888486065,0.9734362354879191,0.9933891402767602,ACCEPTED,0.0,Yes,0.0,0.0,0.0,True,True
3734,0.25377750396728516,1.2278212118713112e-57,0.9607480808102311,0.9782407090656193,OFFLOADED,0.0,Yes,0.0,0.0,0.0,False,True
3735,0.269625723361969,2.217510856170478e-43,0.24551146104128962,1.4245514831692033e-54,OFFLOADED,1.0,No,1.0,1.0,1.0,False,False
3736,0.2554428279399872,7.733644481247444e-56,0.49353969772350403,2.576338785276092e-32,OFFLOADED,1.0,No,1.0,1.0,1.0,False,False
3737,0.2528514564037323,1.2078441090131109e-58,0.802953011686705,5.370870807444441e-05,OFFLOADED,1.0,No,1.0,1.0,1.0,False,False
3738,0.0,0.0,0.5588547372796979,3.0899472032441003e-25,OFFLOADED,0.0,Yes,0.0,0.0,0.0,False,False
3739,0.2802431285381317,3.509707373168242e-37,0.6226363404366607,5.640197391207698e-19,OFFLOADED,1.0,No,1.0,0.0,0.0,False,False
3740,0.25832319259643555,1.3623389549082496e-52,0.17709462972707563,2.1831992968292206e-57,OFFLOADED,1.0,No,1.0,1.0,1.0,False,False
3741,0.3264352083206177,6.755051695540344e-21,0.2245977833207006,1.0907095223397192e-55,OFFLOADED,1.0,No,1.0,1.0,1.0,False,False
3742,0.258434921503067,1.5549426414106442e-52,0.4978102002856803,6.552390787448832e-32,OFFLOADED,1.0,No,1.0,1.0,1.0,False,False
3743,0.28645554184913635,3.787211791632172e-34,0.20393022468582192,1.3553964326100187e-56,OFFLOADED,1.0,No,1.0,1.0,1.0,False,False
3744,0.27574458718299866,7.0359332416883714e-40,0.4771193741212591,4.721600508018963e-34,OFFLOADED,1.0,No,1.0,1.0,1.0,False,False
3745,0.7693536281585693,0.848332886571627,0.901893434584938,0.4223916193689809,OFFLOADED,0.0,Yes,0.0,0.0,0.0,True,False
3746,0.27309951186180115,2.4644781663278634e-41,0.6828841087338288,2.538562293948695e-13,OFFLOADED,1.0,No,1.0,1.0,1.0,False,False
3747,0.28141117095947266,1.1233098886775428e-36,0.5552694501141183,9.835999175946076e-26,OFFLOADED,1.0,No,1.0,0.0,0.0,False,False
3748,0.251385897397995,3.672769363971958e-60,0.057218696640374746,9.780216541730082e-59,OFFLOADED,1.0,No,1.0,1.0,1.0,False,False
3749,0.25698715448379517,3.453429599635726e-54,0.7259709120675376,7.173515210128746e-10,OFFLOADED,1.0,No,1.0,0.0,1.0,False,False
3750,0.2907308042049408,3.931322051154162e-32,0.47478279801693274,2.3788761393057243e-34,OFFLOADED,1.0,No,1.0,1.0,1.0,False,False
3751,0.425059974193573,3.4231303414788097e-09,0.3761907904321955,3.1757476258057284e-44,OFFLOADED,1.0,No,1.0,1.0,1.0,False,False
3752,0.615556001663208,0.03515179814463633,0.9128270379620056,0.5955388686405493,OFFLOADED,1.0,No,0.0,0.0,1.0,False,True
3753,0.2921227216720581,1.1973373189201224e-31,0.3505634675883101,1.3312233343092257e-46,OFFLOADED,1.0,No,1.0,1.0,1.0,False,False
3754,0.48559999465942383,6.1270598946724965e-06,0.7671825424748803,2.882223502624212e-07,OFFLOADED,1.0,No,1.0,0.0,0.0,False,False
3755,0.6765937209129333,0.26278544743868265,0.7836012959891321,3.1895655939361594e-06,OFFLOADED,0.0,Yes,0.0,0.0,0.0,False,False
3756,0.2563651502132416,4.382760932666497e-55,0.15133226211074507,3.566639857345534e-58,OFFLOADED,1.0,No,1.0,1.0,1.0,False,False
3757,0.43892425298690796,2.4594150118411858e-08,0.6001213833336089,7.092005026691717e-21,OFFLOADED,1.0,No,1.0,1.0,1.0,False,False
3758,0.4040943682193756,4.6651872891134e-11,0.6163796459428539,1.727524535277495e-19,OFFLOADED,1.0,No,1.0,1.0,1.0,False,False
3759,0.6749691367149353,0.26548978388865113,0.8848100212924612,0.21862869210995384,OFFLOADED,0.0,Yes,0.0,0.0,0.0,False,True
3760,0.45329198241233826,1.5720687678440583e-07,0.6452304544752614,6.337977203116953e-17,OFFLOADED,0.0,Yes,0.0,0.0,0.0,False,False
3761,0.25719577074050903,4.194581249758763e-54,0.4904567850184267,8.621423191982966e-33,OFFLOADED,1.0,No,1.0,1.0,1.0,False,False
3762,0.354819118976593,1.610542530436422e-16,0.9209403181443967,0.7044322880760311,OFFLOADED,1.0,No,1.0,1.0,1.0,False,False
3763,0.40208500623703003,3.339622747518724e-11,0.6831158639555698,2.3714998774548563e-13,OFFLOADED,1.0,No,1.0,1.0,0.0,False,False
3764,0.730972945690155,0.7046766553667276,0.9072059129873244,0.4965749962958927,OFFLOADED,0.0,Yes,0.0,0.0,0.0,False,False
3765,0.31123587489128113,7.13820600349935e-25,0.5777732258437113,3.0214653199207736e-23,OFFLOADED,1.0,No,1.0,0.0,0.0,False,False
3766,0.3200395703315735,1.1737468487636424e-22,0.25684835774882686,2.6980839059587584e-54,OFFLOADED,1.0,No,1.0,1.0,1.0,False,False
3767,0.3013986647129059,3.0846278409932163e-28,0.39627895337063923,3.9614219700346963e-42,OFFLOADED,1.0,No,1.0,1.0,1.0,False,False
3768,0.6335648894309998,0.09286385244763927,0.88930368343868,0.2945728627078176,OFFLOADED,0.0,Yes,0.0,0.0,0.0,False,False
3769,0.8121076822280884,0.9529958876210234,0.8071747497205299,0.00010433035334809378,OFFLOADED,0.0,Yes,0.0,0.0,0.0,False,False
3770,0.321732759475708,2.8784715093920335e-22,0.9876036871621677,0.9995722398531742,OFFLOADED,1.0,No,1.0,0.0,0.0,False,True
3771,0.2559259831905365,8.829501170940263e-56,0.26076069323408085,4.9913765897755505e-54,OFFLOADED,1.0,No,1.0,1.0,1.0,False,False
3772,0.6429464817047119,0.1413145820391549,0.7082679093835552,1.905936828868942e-11,OFFLOADED,1.0,No,1.0,1.0,1.0,False,False
3773,0.317390501499176,3.04942157902551e-23,0.8725601117718886,0.1121615354602055,OFFLOADED,1.0,No,1.0,0.0,0.0,False,False
3774,0.8197149634361267,0.9646719948838208,0.6446466614372931,5.497678392922531e-17,OFFLOADED,1.0,No,1.0,1.0,1.0,True,False
3775,0.2870013117790222,3.8203295325676626e-34,0.32113833662024077,1.821869556010682e-49,OFFLOADED,1.0,No,1.0,1.0,1.0,False,False
3776,0.2517692446708679,1.9308196962339486e-60,0.20282807249365764,4.7970287969407815e-57,OFFLOADED,1.0,No,1.0,1.0,1.0,False,False
3777,0.29542791843414307,1.1497344544059978e-30,0.9087190597666228,0.5363882309496644,OFFLOADED,1.0,No,1.0,0.0,0.0,False,False
3778,0.4209851920604706,1.4904782351742757e-09,0.626660772537992,1.1681817114020912e-18,OFFLOADED,1.0,No,1.0,1.0,1.0,False,False
3779,0.8974955081939697,0.9997930006901398,0.9292372006776104,0.825575073438742,OFFLOADED,0.0,Yes,0.0,0.0,0.0,True,False
3780,0.2528556287288666,2.5088644882075896e-59,0.4451769623347388,1.1004971139701987e-37,OFFLOADED,1.0,No,0.0,1.0,1.0,False,False
3781,0.2585483491420746,6.618152977006052e-53,0.6334183781038917,4.788110504110027e-18,OFFLOADED,1.0,No,0.0,1.0,1.0,False,False
3782,0.26948657631874084,5.335528622265056e-44,0.6316237116065692,3.220505168311543e-18,OFFLOADED,1.0,No,1.0,1.0,1.0,False,False
3783,0.2563779950141907,2.004621848442478e-55,0.5007320044143153,7.956373862134627e-32,OFFLOADED,1.0,No,1.0,1.0,1.0,False,False
3784,0.6783204078674316,0.3002230191191534,0.5363720717594038,3.9091153509005463e-28,OFFLOADED,1.0,No,0.0,0.0,1.0,True,False
3785,0.38042107224464417,1.8748105911220272e-13,0.485992039219146,1.8005411771584018e-33,OFFLOADED,1.0,No,1.0,1.0,1.0,False,False
3786,0.3210753798484802,1.5474945148937735e-22,0.20753154758429482,4.4990705460214314e-57,OFFLOADED,1.0,No,1.0,1.0,0.0,False,False
3787,0.3991643488407135,1.598804691868037e-11,0.9563204617494313,0.971860224784066,OFFLOADED,1.0,No,1.0,0.0,0.0,False,True
3788,0.251505970954895,7.750968053414346e-61,0.4661992390506739,1.284575122263859e-35,OFFLOADED,1.0,No,0.0,1.0,1.0,False,False
3789,0.26802802085876465,3.9368439550368407e-45,0.7149520725740148,8.390499933171026e-11,OFFLOADED,1.0,No,1.0,0.0,0.0,False,False
3790,0.2593451738357544,2.6290510144141978e-52,0.18077025829741278,4.701105987907148e-58,OFFLOADED,1.0,No,1.0,1.0,1.0,False,False
3791,0.5739808082580566,0.0034044946588714306,0.7711268816834035,5.747093424017643e-07,OFFLOADED,0.0,Yes,0.0,0.0,0.0,False,False
3792,0.9098845720291138,0.9999354969155163,0.8268768989435147,0.00166710189070779,OFFLOADED,0.0,Yes,0.0,0.0,0.0,True,False
3793,0.31524646282196045,6.638264239958759e-24,0.6105333963998049,5.4105326868404157e-20,OFFLOADED,1.0,No,1.0,1.0,0.0,False,False
3794,0.26053115725517273,5.716925363277424e-51,0.3438837153468748,1.1846279375963877e-47,OFFLOADED,1.0,No,1.0,1.0,1.0,False,False
3795,0.4837232232093811,5.301010566270178e-06,0.9425212501910535,0.9252920987783547,OFFLOADED,1.0,No,1.0,1.0,0.0,False,True
3796,0.269467294216156,3.7082122600780864e-44,0.8294467619889155,0.0022707092554915377,OFFLOADED,1.0,No,1.0,0.0,0.0,False,False
3797,0.32219254970550537,2.7227591325478516e-22,0.2661061985734657,5.607261883684131e-54,OFFLOADED,1.0,No,1.0,1.0,0.0,False,False
3798,0.26986345648765564,6.207731339086327e-44,0.7060683749392538,1.1496700612663075e-11,OFFLOADED,1.0,No,1.0,1.0,1.0,False,False
3799,0.3241139054298401,9.339587691673534e-22,0.38781616563572197,2.3987123788506825e-43,OFFLOADED,1.0,No,1.0,1.0,1.0,False,False
3800,0.2508464753627777,3.870758690780741e-61,0.3374471040761985,2.6587733037325493e-48,OFFLOADED,1.0,No,1.0,1.0,1.0,False,False
3801,0.25409722328186035,2.096622758252881e-58,0.36826792212100223,2.383886722853431e-45,OFFLOADED,1.0,No,1.0,1.0,1.0,False,False
3802,0.5807338953018188,0.00597634237806544,0.4929295325096739,8.0964329883979e-33,OFFLOADED,1.0,No,1.0,1.0,1.0,False,False
3803,0.26109373569488525,2.3920483210208584e-50,0.48147062976124044,4.874046292925638e-34,OFFLOADED,1.0,No,1.0,1.0,1.0,False,False
3804,0.8472995758056641,0.9890733390770918,0.9357160431807323,0.8843905711080293,ACCEPTED,0.0,Yes,0.0,0.0,0.0,True,True
3805,0.5010125041007996,2.6636177498048984e-05,0.527155928249755,3.842046327640317e-29,OFFLOADED,1.0,No,1.0,1.0,1.0,False,False
3806,0.25238272547721863,1.842665104161851e-60,0.5913806756077581,6.363666736389579e-22,OFFLOADED,1.0,No,1.0,1.0,1.0,False,False
3807,0.8041410446166992,0.9390297361746254,0.9331249140638639,0.8689964961897719,ACCEPTED,0.0,Yes,0.0,0.0,0.0,True,True
3808,0.29883185029029846,1.094023691759061e-29,0.44485286121780193,4.76053280996329e-38,OFFLOADED,1.0,No,1.0,1.0,1.0,False,False
3809,0.8837500214576721,0.9994545370293357,0.723492395180284,5.101266147345838e-10,OFFLOADED,0.0,Yes,0.0,0.0,0.0,True,False
3810,0.2833606004714966,3.5057245413101675e-36,0.7118300835691899,4.06270139103234e-11,OFFLOADED,1.0,No,1.0,1.0,1.0,False,False
3811,0.2597130835056305,3.1439924685972644e-52,0.6007115103408388,5.382385505944058e-21,OFFLOADED,1.0,No,1.0,1.0,0.0,False,False
3812,0.6363900303840637,0.10062695666122272,0.8074321562043411,0.00010919217727466475,OFFLOADED,0.0,Yes,0.0,0.0,0.0,False,False
3813,0.0,0.0,0.8282248906000307,0.001907435754940615,OFFLOADED,0.0,Yes,0.0,0.0,0.0,False,False
3814,0.3181576430797577,2.6953339174529524e-23,0.6827548199755896,2.2294883264751282e-13,OFFLOADED,1.0,No,1.0,0.0,0.0,False,False
3815,0.8533782362937927,0.9939093524720285,0.6554524550412734,5.136385599193177e-16,OFFLOADED,1.0,No,1.0,1.0,1.0,True,False
3816,0.9290774464607239,0.9999819344362301,0.6381493659411055,1.1078723860670589e-17,OFFLOADED,0.0,Yes,0.0,0.0,0.0,True,False
3817,0.3974120318889618,9.912324379266925e-12,0.7827453892275061,3.6597306331361507e-06,OFFLOADED,0.0,Yes,0.0,0.0,0.0,False,False
3818,0.26215603947639465,1.824203705834162e-49,0.4175212689928595,1.5246007640495873e-40,OFFLOADED,1.0,No,0.0,1.0,1.0,False,False
3819,0.255539208650589,6.410943373833704e-57,0.32317012918896143,9.110649787703768e-50,OFFLOADED,1.0,No,1.0,1.0,1.0,False,False
3820,0.3223051428794861,2.625537344126293e-22,0.7985098894048057,3.118256038565371e-05,OFFLOADED,1.0,No,0.0,1.0,1.0,False,False
3821,0.891314685344696,0.9997032390434849,0.9339934354257561,0.8824512821349488,ACCEPTED,0.0,Yes,0.0,0.0,0.0,True,True
3822,0.8752596378326416,0.9990006058242878,0.9249002482210844,0.7864509056900105,ACCEPTED,0.0,Yes,0.0,0.0,0.0,True,True
3823,0.927617073059082,0.99998355874313,0.9361714826650088,0.9081841279558454,ACCEPTED,0.0,Yes,0.0,0.0,0.0,True,True
3824,0.8875494599342346,0.9996413266723305,1.0,1.0,ACCEPTED,0.0,Yes,0.0,0.0,0.0,True,True
3825,0.49244919419288635,1.3371504751185855e-05,0.6111996613107842,5.623144883043971e-20,OFFLOADED,1.0,No,1.0,1.0,1.0,False,False
3826,0.35862600803375244,3.6142670281746163e-16,0.29966777593614385,4.69515612847175e-52,OFFLOADED,1.0,No,1.0,1.0,1.0,False,False
3827,0.9191066026687622,0.9999749104834259,1.0,1.0,ACCEPTED,0.0,Yes,0.0,0.0,0.0,True,True
3828,0.33307889103889465,1.2871022674867588e-19,0.5091822915842648,4.069232408511716e-31,OFFLOADED,1.0,No,1.0,1.0,1.0,False,False
3829,0.29680630564689636,1.3011102449676416e-30,0.4598708349505224,1.394223432666957e-36,OFFLOADED,1.0,No,1.0,1.0,1.0,False,False
3830,0.6815605759620667,0.3167307406588554,0.5712651302517425,4.552536790653116e-24,OFFLOADED,0.0,Yes,0.0,0.0,0.0,False,False
3831,0.39956849813461304,1.5874606131547866e-11,0.5377388429265595,4.5319557269129415e-28,OFFLOADED,1.0,No,1.0,1.0,1.0,False,False
3832,0.9174281358718872,0.9999741489302866,0.8978885825519191,0.41117321501245535,ACCEPTED,1.0,No,1.0,1.0,1.0,True,True
3833,0.25691887736320496,2.5691283142029942e-55,0.6709058340942229,1.3589286507621511e-14,OFFLOADED,1.0,No,1.0,0.0,0.0,False,False
3834,0.25493985414505005,7.198278605822472e-58,0.7316435411194507,2.7813760848336552e-09,OFFLOADED,1.0,No,0.0,1.0,1.0,False,False
3835,0.3526805639266968,5.341910899270247e-17,0.4380005386148423,9.433076533499779e-39,OFFLOADED,1.0,No,0.0,1.0,1.0,False,False
3836,0.5301855206489563,0.00017080820186014304,0.5655996839950092,9.096560760022828e-25,OFFLOADED,1.0,No,0.0,1.0,1.0,False,False
3837,0.6064692139625549,0.025394004647643402,0.6374826246590898,8.88279251289649e-18,OFFLOADED,1.0,No,1.0,1.0,1.0,False,False
3838,0.9352911710739136,0.9999902815346884,0.7696877673336826,5.383865396178595e-07,OFFLOADED,1.0,No,1.0,1.0,1.0,True,False
3839,0.48387253284454346,4.179866179648223e-06,0.765260982066914,2.963090034721659e-07,OFFLOADED,1.0,No,1.0,1.0,1.0,False,False
3840,0.7000192403793335,0.4779154274712692,0.7661727044117371,3.0325768872872977e-07,OFFLOADED,0.0,Yes,0.0,0.0,0.0,False,False
3841,0.5688334703445435,0.0023708540159374123,0.772691696124627,8.167513151171716e-07,OFFLOADED,1.0,No,1.0,1.0,1.0,False,False
3842,0.29373008012771606,9.281638691987204e-32,0.3166734282918366,9.590881974287837e-51,OFFLOADED,1.0,No,1.0,1.0,1.0,False,False
3843,0.25984543561935425,2.1400183578801873e-52,0.7013917025742923,4.21994886192931e-12,OFFLOADED,1.0,No,1.0,1.0,1.0,False,False
3844,0.7830712795257568,0.89712583394387,0.9492797736309219,0.9585735116553504,OFFLOADED,0.0,Yes,0.0,0.0,0.0,False,True
3845,0.8438597321510315,0.9887568944779055,0.8708569299712214,0.09394059077489686,OFFLOADED,1.0,No,1.0,1.0,0.0,True,False
3846,0.3197302222251892,3.458893106268448e-23,0.6106057173063381,3.0591822276212166e-20,OFFLOADED,1.0,No,1.0,0.0,1.0,False,False
3847,0.2623277008533478,1.2246000348081994e-49,0.37597559340656994,3.492515469843226e-45,OFFLOADED,1.0,No,1.0,1.0,1.0,False,False
3848,0.3094569146633148,5.698694543766906e-26,0.4172350910025495,5.888209035750893e-41,OFFLOADED,1.0,No,1.0,1.0,0.0,False,False
3849,0.2574310004711151,5.689663544400954e-55,0.24806559522976127,6.475027753303232e-56,OFFLOADED,1.0,No,1.0,1.0,1.0,False,False
3850,0.270513653755188,5.98721540682298e-44,0.7917377942956493,1.2746961084599813e-05,OFFLOADED,1.0,No,1.0,1.0,1.0,False,False
3851,0.74671870470047,0.8097923830284027,1.0,1.0,ACCEPTED,1.0,No,1.0,0.0,0.0,True,True
3852,0.32084110379219055,6.150207367579817e-23,0.6470332983123003,5.398655344784258e-17,OFFLOADED,1.0,No,0.0,1.0,1.0,False,False
3853,0.341869056224823,1.841734422258756e-18,0.39708692887807195,6.383174474291561e-43,OFFLOADED,1.0,No,0.0,1.0,1.0,False,False
3854,0.5395405888557434,0.00035219007730078215,0.4346518734629953,2.499181453811679e-39,OFFLOADED,1.0,No,1.0,1.0,1.0,False,False
3855,0.3740472197532654,1.6271358425350305e-14,0.44655436655097264,3.127150257778079e-38,OFFLOADED,1.0,No,0.0,1.0,0.0,False,False
3856,0.2685559391975403,1.98865361336593e-45,0.9091385555879012,0.5383097112393685,OFFLOADED,1.0,No,0.0,1.0,1.0,False,True
3857,0.26896315813064575,3.9983737591704476e-45,0.2884119475930375,2.7614106895206816e-53,OFFLOADED,1.0,No,1.0,1.0,1.0,False,False
3858,0.3221639096736908,1.136995244492508e-22,0.9635636630538658,0.986698838870576,OFFLOADED,0.0,Yes,0.0,0.0,0.0,False,True
3859,0.7427550554275513,0.7851868127802599,0.8472205869786968,0.01244673442535703,OFFLOADED,0.0,Yes,0.0,0.0,0.0,True,False
3860,0.2613591253757477,1.1582128779178542e-50,0.6961600943813422,1.3625051016662637e-12,OFFLOADED,1.0,No,1.0,1.0,1.0,False,False
3861,0.31822651624679565,1.3270823208649935e-23,0.4421319455680606,1.0179486698326931e-38,OFFLOADED,1.0,No,1.0,0.0,0.0,False,False
3862,0.2502041757106781,4.695795700326684e-62,0.31062062880366026,1.3153317316400005e-51,OFFLOADED,1.0,No,1.0,1.0,1.0,False,False
3863,0.9199110269546509,0.999976462477259,0.8983820589463467,0.3893354882524682,OFFLOADED,1.0,No,1.0,1.0,0.0,True,False
3864,0.26404517889022827,1.5688221953696655e-48,0.3019704995594298,1.6397297848536642e-52,OFFLOADED,1.0,No,1.0,1.0,1.0,False,False
3865,0.8263255953788757,0.9744837165827975,1.0,1.0,ACCEPTED,0.0,Yes,0.0,0.0,0.0,True,True
3866,0.8013749718666077,0.9438527426227308,0.6667553830139625,3.1884671244483666e-15,OFFLOADED,0.0,Yes,0.0,0.0,0.0,True,False
3867,0.37092071771621704,7.257354309004128e-15,0.31969090325430005,9.92116614044079e-51,OFFLOADED,1.0,No,1.0,1.0,1.0,False,False
3868,0.36189061403274536,6.490958987440222e-16,0.6432475323613169,2.094797269774736e-17,OFFLOADED,0.0,Yes,0.0,0.0,0.0,False,False
3869,0.7462575435638428,0.8116804797951598,0.3183572938131027,7.088891241555752e-51,OFFLOADED,1.0,No,1.0,1.0,1.0,True,False
3870,0.7901599407196045,0.9166974832122021,0.6235738899554705,2.8663972099432444e-19,OFFLOADED,1.0,No,1.0,1.0,1.0,True,False
3871,0.265369713306427,1.3518982415507852e-47,0.46657277179700823,4.4336824475910044e-36,OFFLOADED,1.0,No,1.0,1.0,1.0,False,False
3872,0.2572666108608246,1.878166812651647e-55,0.5162024818337998,1.1576619391413016e-30,OFFLOADED,1.0,No,0.0,1.0,1.0,False,False
3873,0.2636374235153198,6.943286474399917e-49,0.2595874697885148,1.4500892167389305e-55,OFFLOADED,1.0,No,1.0,1.0,1.0,False,False
3874,0.2541331946849823,2.4778218520833372e-59,0.20535675409537085,2.253910951516898e-58,OFFLOADED,1.0,No,1.0,1.0,1.0,False,False
3875,0.39322519302368164,3.0970008240608264e-12,1.0,1.0,OFFLOADED,1.0,No,1.0,0.0,0.0,False,True
3876,0.7666488885879517,0.8648664613148364,0.9666941323929273,0.9905800250514182,ACCEPTED,0.0,Yes,0.0,0.0,0.0,True,True
3877,0.46096622943878174,2.5572306687166527e-07,0.8073320537366833,0.00011029331874782585,OFFLOADED,1.0,No,1.0,0.0,0.0,False,False
3878,0.7875743508338928,0.9109969323616052,1.0,1.0,ACCEPTED,0.0,Yes,0.0,0.0,0.0,True,True
3879,0.5394275784492493,0.00033320046219388144,0.9409560790703188,0.930894364566663,OFFLOADED,0.0,Yes,0.0,0.0,0.0,False,True
3880,0.32178905606269836,8.600512840817092e-23,0.9607293013709252,0.9842317614698413,OFFLOADED,0.0,Yes,0.0,0.0,0.0,False,True
3881,0.8527769446372986,0.9942727407869715,0.9639480954431996,0.9894678981781615,ACCEPTED,0.0,Yes,0.0,0.0,0.0,True,True
3882,0.7405678629875183,0.7860902163926793,0.5700454845184318,1.8345298518039994e-24,OFFLOADED,0.0,Yes,0.0,0.0,0.0,True,False
3883,0.3478844165802002,6.559666159864854e-18,0.7782505419959244,1.4248714539450256e-06,OFFLOADED,1.0,No,1.0,1.0,1.0,False,False
3884,0.9251631498336792,0.9999854072898877,0.9242061696278481,0.7760078166517052,ACCEPTED,0.0,Yes,0.0,0.0,0.0,True,True
3885,0.3200405538082123,3.040974249946288e-23,0.9477806421630959,0.9609770683842228,OFFLOADED,1.0,No,0.0,1.0,1.0,False,True
3886,0.30039161443710327,2.298937336894123e-29,0.428048410339242,3.967525433471296e-40,OFFLOADED,1.0,No,1.0,1.0,0.0,False,False
3887,0.4026198983192444,2.2394435068717038e-11,0.8201465493085343,0.000896436332082616,OFFLOADED,0.0,Yes,0.0,0.0,0.0,False,False
3888,0.40073689818382263,1.6026312265737816e-11,0.5564256787055515,3.560738983299856e-26,OFFLOADED,0.0,Yes,0.0,0.0,0.0,False,False
3889,0.4532102346420288,1.1721672488408024e-07,0.961699576475298,0.9869196388244599,OFFLOADED,0.0,Yes,0.0,0.0,0.0,False,True
3890,0.7080086469650269,0.5639420477199384,0.6662045809621875,2.9004377197223157e-15,OFFLOADED,1.0,No,1.0,1.0,1.0,True,False
3891,0.39752569794654846,8.863908069529771e-12,0.8776207159710718,0.13327151472385312,OFFLOADED,1.0,No,1.0,1.0,1.0,False,False
3892,0.26750221848487854,2.9533948528999775e-46,0.597248793297947,1.0427564625471347e-21,OFFLOADED,1.0,No,1.0,1.0,1.0,False,False
3893,0.9083431363105774,0.9999590583178998,1.0,1.0,ACCEPTED,0.0,Yes,0.0,0.0,0.0,True,True
3894,0.6502494812011719,0.1753498120006729,0.5003839035121816,2.0095843774568684e-32,OFFLOADED,1.0,No,1.0,1.0,1.0,False,False
3895,0.3427084982395172,1.828800452729766e-18,0.821651611269816,0.0010321560986521299,OFFLOADED,0.0,Yes,0.0,0.0,0.0,False,False
3896,0.319572776556015,2.439461528780309e-23,0.39642684046667587,3.2980552292675695e-43,OFFLOADED,1.0,No,1.0,1.0,1.0,False,False
3897,0.31002679467201233,5.886129912258983e-26,0.6668466678856002,3.1620988102579607e-15,OFFLOADED,1.0,No,1.0,1.0,1.0,False,False
3898,0.46596667170524597,4.701433215473205e-07,0.7465935240346876,2.7284871271423662e-08,OFFLOADED,1.0,No,1.0,0.0,0.0,False,False
3899,0.3045932948589325,9.828711616421331e-28,0.6774055821109223,3.946973631525919e-14,OFFLOADED,1.0,No,1.0,1.0,1.0,False,False
3900,0.3316303491592407,4.044228191016289e-20,0.38666222393700017,2.1157145315660962e-44,OFFLOADED,1.0,No,1.0,1.0,1.0,False,False
3901,0.28176912665367126,1.0538795759993848e-37,0.504858487579735,5.534784204491886e-32,OFFLOADED,1.0,No,1.0,0.0,0.0,False,False
3902,0.27877795696258545,2.6910205730215197e-39,0.3444843514054394,1.1156706981296256e-48,OFFLOADED,1.0,No,1.0,1.0,1.0,False,False
3903,0.2611560821533203,3.1425433734085723e-51,0.2761047510599202,1.6968461118192313e-54,OFFLOADED,1.0,No,1.0,1.0,1.0,False,False
3904,0.8404356241226196,0.9874585929410286,0.7378950366277083,6.017390885765122e-09,OFFLOADED,1.0,No,1.0,1.0,0.0,True,False
3905,0.35048428177833557,1.5320787121250927e-17,0.7567845088415245,9.977618080349777e-08,OFFLOADED,1.0,No,1.0,0.0,0.0,False,False
3906,0.29050883650779724,2.2226842709278127e-33,0.3082017077511029,2.7729629923348283e-52,OFFLOADED,1.0,No,1.0,1.0,1.0,False,False
3907,0.5523922443389893,0.0008306941958346778,0.5243486544402498,5.922240186623162e-30,OFFLOADED,1.0,No,1.0,1.0,1.0,False,False
3908,0.3492318391799927,8.283189337720515e-18,0.37044781879073985,3.4615959435730466e-46,OFFLOADED,1.0,No,0.0,1.0,1.0,False,False
3909,0.39299216866493225,2.647681181780214e-12,0.9453022032531123,0.9519691229372492,OFFLOADED,1.0,No,1.0,0.0,1.0,False,True
3910,0.9556481838226318,0.9999960677344623,1.0,1.0,ACCEPTED,1.0,No,1.0,1.0,1.0,True,True
3911,0.25133925676345825,1.5423389180812395e-62,0.18910499263422917,2.203949910570037e-59,OFFLOADED,1.0,No,1.0,1.0,1.0,False,False
3912,0.808009147644043,0.9563808381644233,0.434619550077922,1.100367674618517e-39,OFFLOADED,1.0,No,1.0,1.0,1.0,True,False
3913,0.4318489134311676,5.912770289077853e-09,0.6027201855146834,3.084148314872262e-21,OFFLOADED,1.0,No,1.0,1.0,1.0,False,False
3914,0.9362307786941528,0.9999912683947814,0.9787892730347318,0.998657032589182,ACCEPTED,0.0,Yes,0.0,0.0,0.0,True,True
3915,0.8760641813278198,0.9992137338370488,0.550753269405042,5.672263807035662e-27,OFFLOADED,1.0,No,1.0,1.0,1.0,True,False
3916,0.9212773442268372,0.9999795958218648,0.9810206351265216,0.9990883470294127,ACCEPTED,0.0,Yes,0.0,0.0,0.0,True,True
3917,0.29834413528442383,1.4256400141723232e-30,0.8477516805246705,0.012900357339182081,OFFLOADED,0.0,Yes,0.0,0.0,0.0,False,False
3918,0.2715621888637543,9.455473119110511e-44,0.5727214983510823,2.286309250275443e-24,OFFLOADED,1.0,No,1.0,1.0,1.0,False,False
3919,0.3907119035720825,1.4559106506027784e-12,1.0,1.0,OFFLOADED,1.0,No,1.0,0.0,0.0,False,True
3920,0.2625095546245575,3.579829109398875e-50,0.31205102914899185,5.237322620711436e-52,OFFLOADED,1.0,No,0.0,1.0,1.0,False,False
3921,0.26876768469810486,1.0873298092805872e-45,0.7382543209292157,6.0354469124147064e-09,OFFLOADED,1.0,No,1.0,1.0,1.0,False,False
3922,0.3224148154258728,9.193270462699365e-23,0.9277037370335492,0.8385348099274448,OFFLOADED,0.0,Yes,0.0,0.0,0.0,False,True
3923,0.7721014618873596,0.8864166933020419,0.6571644547061826,3.115367214750171e-16,OFFLOADED,1.0,No,1.0,1.0,1.0,True,False
3924,0.8473045229911804,0.9903329859119372,0.6838550852254497,1.381400450668055e-13,OFFLOADED,1.0,No,1.0,1.0,1.0,True,False
3925,0.29258599877357483,1.238997042739252e-32,0.20347109269850153,4.704397404588347e-59,OFFLOADED,1.0,No,1.0,1.0,1.0,False,False
3926,0.2520037293434143,2.8697679273503904e-62,0.6898559765259141,3.409595176013681e-13,OFFLOADED,1.0,No,1.0,1.0,1.0,False,False
3927,0.5758546590805054,0.003820978726663253,0.7720758887888028,6.425933401322018e-07,OFFLOADED,0.0,Yes,0.0,0.0,0.0,False,False
3928,0.4573360085487366,1.5964331757570988e-07,0.5518742622721259,6.420995921298308e-27,OFFLOADED,1.0,No,1.0,1.0,0.0,False,False
3929,0.2586751878261566,1.985718476914149e-54,0.18621079318370734,9.985095211039748e-60,OFFLOADED,1.0,No,1.0,1.0,1.0,False,False
3930,0.8035064339637756,0.9443066129888941,0.9692304350498607,0.9942332891887198,ACCEPTED,0.0,Yes,0.0,0.0,0.0,True,True
3931,0.2803482711315155,1.3686881213479017e-38,0.9183870617832731,0.6703390969075529,OFFLOADED,1.0,No,0.0,1.0,1.0,False,False
3932,0.38324496150016785,1.9486335947109587e-13,0.4284373791066698,1.7292316831006414e-40,OFFLOADED,1.0,No,1.0,1.0,1.0,False,False
3933,0.27042075991630554,1.4220211818513493e-44,0.7738757228072307,8.443838898501821e-07,OFFLOADED,1.0,No,0.0,1.0,1.0,False,False
3934,0.49075260758399963,8.594330581608718e-06,0.9318775835737917,0.8815800860697907,OFFLOADED,0.0,Yes,0.0,0.0,0.0,False,True
3935,0.31339725852012634,4.430881331617827e-25,0.5722838995050393,1.5653871645506265e-24,OFFLOADED,1.0,No,1.0,1.0,1.0,False,False
3936,0.34942638874053955,7.060149062668462e-18,0.44983166209568304,2.3502543966503752e-38,OFFLOADED,1.0,No,1.0,1.0,0.0,False,False
3937,0.885409414768219,0.9995875186648538,0.7562358952524026,9.130716925626698e-08,OFFLOADED,1.0,No,1.0,1.0,1.0,True,False
3938,0.25602421164512634,1.0919744753036324e-57,0.706318124215224,6.99976244967329e-12,OFFLOADED,1.0,No,1.0,0.0,0.0,False,False
3939,0.9180052280426025,0.9999734186073492,0.6737618588143353,1.0925557522209136e-14,OFFLOADED,1.0,No,1.0,1.0,0.0,True,False
3940,0.28377100825309753,9.420560163606196e-37,0.26087435457796226,2.844611900641071e-56,OFFLOADED,1.0,No,1.0,1.0,1.0,False,False
3941,0.670222282409668,0.2535642728193604,0.9519419550978926,0.9701208906023853,ACCEPTED,0.0,Yes,0.0,0.0,0.0,True,True
3942,0.2732120156288147,8.942048704592844e-43,0.6002086158245894,1.0702644064382794e-21,OFFLOADED,1.0,No,0.0,1.0,1.0,False,False
3943,0.26829588413238525,3.3263694324607515e-46,0.5422095005065786,2.95694883406224e-28,OFFLOADED,1.0,No,1.0,1.0,1.0,False,False
3944,0.9063331484794617,0.9999377776836725,0.5129449132642719,1.4065606639616033e-31,OFFLOADED,1.0,No,1.0,1.0,1.0,True,False
3945,0.2505074143409729,5.972976663324147e-63,0.5884117639652104,5.219348747928055e-23,OFFLOADED,1.0,No,0.0,1.0,1.0,False,False
3946,0.2580447196960449,3.0414435102280764e-55,0.6470781266775948,2.4931029991205278e-17,OFFLOADED,1.0,No,1.0,1.0,1.0,False,False
3947,0.8646879196166992,0.9975936103713704,0.9021718272329988,0.417013554990194,OFFLOADED,1.0,No,1.0,1.0,1.0,True,False
3948,0.4031582176685333,2.4154904977456368e-11,0.6696464838914138,3.338656051744584e-15,OFFLOADED,1.0,No,1.0,1.0,1.0,False,False
3949,0.5784373879432678,0.005112726532028487,0.8912400115450139,0.2880531352349916,OFFLOADED,1.0,No,0.0,1.0,1.0,False,False
3950,0.2675907015800476,8.387396013824967e-47,0.2586697885765783,1.2111511096413914e-56,OFFLOADED,1.0,No,1.0,1.0,1.0,False,False
3951,0.25063374638557434,4.4906364487811673e-63,0.38209093542635836,1.2772554368091006e-45,OFFLOADED,1.0,No,1.0,1.0,1.0,False,False
3952,0.26277944445610046,3.3362038684344084e-50,0.2808170953788343,6.487663797258503e-55,OFFLOADED,1.0,No,1.0,1.0,1.0,False,False
3953,0.7440987825393677,0.798912328006539,0.702237931706124,2.837946958881421e-12,OFFLOADED,1.0,No,1.0,1.0,1.0,True,False
3954,0.29036417603492737,1.163148049388753e-33,0.692131373004941,3.775050538701607e-13,OFFLOADED,1.0,No,1.0,1.0,1.0,False,False
3955,0.25803807377815247,2.0851950949104324e-55,0.4164567207185361,4.351148481464109e-42,OFFLOADED,1.0,No,1.0,1.0,1.0,False,False
3956,0.0,0.0,0.8436645163433169,0.009102877306619035,OFFLOADED,0.0,Yes,0.0,0.0,0.0,False,False
3957,0.25275975465774536,1.0087108080561432e-61,0.6158690814259598,2.4865385155975678e-20,OFFLOADED,1.0,No,1.0,1.0,1.0,False,False
3958,0.35019296407699585,8.635474689473445e-18,0.6856772764387997,1.2969878375300062e-13,OFFLOADED,0.0,Yes,0.0,0.0,0.0,False,False
3959,0.29195839166641235,5.776441542087664e-33,0.8625045184435535,0.04257812749738996,OFFLOADED,1.0,No,1.0,0.0,0.0,False,False
3960,0.3538905084133148,3.6950813922172236e-17,0.4772658678861444,1.1644121483204953e-35,OFFLOADED,1.0,No,1.0,1.0,1.0,False,False
3961,0.3279389441013336,2.830305088636051e-21,0.8903657145378533,0.2645641373009151,OFFLOADED,0.0,Yes,0.0,0.0,0.0,False,False
3962,0.4031715393066406,2.1303042246875626e-11,0.6867258300892937,1.5893485824273036e-13,OFFLOADED,1.0,No,1.0,1.0,1.0,False,False
3963,0.5980547666549683,0.014767020019912256,0.5780950877595028,2.7957372631556744e-24,OFFLOADED,0.0,Yes,0.0,0.0,0.0,False,False
3964,0.7301934957504272,0.7170461538233731,0.7167447989974685,8.087557320637835e-11,OFFLOADED,1.0,No,1.0,1.0,1.0,False,False
3965,0.3286324143409729,4.33501607897333e-21,0.8794717621807029,0.1374626146576018,OFFLOADED,1.0,No,1.0,1.0,1.0,False,False
3966,0.3373147249221802,2.3491986253977837e-19,0.587292741828736,2.3491774893854908e-23,OFFLOADED,1.0,No,1.0,1.0,1.0,False,False
3967,0.8638548851013184,0.9970403878804462,0.774229732640542,7.68951935038039e-07,OFFLOADED,0.0,Yes,0.0,0.0,0.0,True,False
3968,0.3036533296108246,2.0641614368925842e-28,0.6521733529828299,6.179034863709888e-17,OFFLOADED,1.0,No,1.0,1.0,0.0,False,False
3969,0.5464714169502258,0.0005943682190957986,0.7749841158984402,8.923386548775578e-07,OFFLOADED,1.0,No,1.0,0.0,0.0,False,False
3970,0.26057133078575134,1.0887387409034147e-52,0.40999891171809444,7.967958942668332e-43,OFFLOADED,1.0,No,1.0,1.0,1.0,False,False
3971,0.25486868619918823,1.415086635505258e-59,0.20440565721794413,9.649492500542296e-60,OFFLOADED,1.0,No,1.0,1.0,1.0,False,False
3972,0.31183090806007385,1.0100080843625057e-25,0.3219956898496794,1.1235611151263617e-51,OFFLOADED,1.0,No,1.0,0.0,0.0,False,False
3973,0.31797313690185547,5.205743135888957e-24,0.6210324068016251,4.714471874215127e-20,OFFLOADED,1.0,No,1.0,1.0,1.0,False,False
3974,0.27256402373313904,1.6787544532488552e-43,0.546773343033707,5.020889080964197e-28,OFFLOADED,1.0,No,0.0,1.0,1.0,False,False
3975,0.2868000566959381,1.4840146079177054e-35,0.8452376518820578,0.010246170020546997,OFFLOADED,1.0,No,1.0,1.0,1.0,False,False
3976,0.7382707595825195,0.7528532215044337,0.9528361529804481,0.9727510744023383,ACCEPTED,0.0,Yes,0.0,0.0,0.0,True,True
3977,0.255337655544281,4.459122745855592e-59,0.45841612541025245,4.925883409735767e-38,OFFLOADED,1.0,No,1.0,1.0,1.0,False,False
3978,0.3760494887828827,1.7728898058489562e-14,0.7181529968325704,9.078283846805391e-11,OFFLOADED,0.0,Yes,0.0,0.0,0.0,False,False
3979,0.541705310344696,0.00039266133269905883,0.651128040513822,4.315555550738125e-17,OFFLOADED,1.0,No,0.0,1.0,1.0,False,False
3980,0.4979185461997986,1.5788552407099798e-05,0.6598676147194791,2.6678407988914505e-16,OFFLOADED,0.0,Yes,0.0,0.0,0.0,False,False
3981,0.9315739274024963,0.9999865808125701,1.0,1.0,ACCEPTED,0.0,Yes,0.0,0.0,0.0,True,True
3982,0.37315812706947327,8.37529461701273e-15,0.8052733542082975,7.355948214683685e-05,OFFLOADED,1.0,No,1.0,1.0,1.0,False,False
3983,0.9318121075630188,0.9999874724754055,0.7336193576713411,1.9070303536457625e-09,OFFLOADED,0.0,Yes,0.0,0.0,0.0,True,False
3984,0.25248983502388,1.9804384023121497e-62,0.5557315258075483,6.0429309104227286e-27,OFFLOADED,1.0,No,1.0,1.0,1.0,False,False
3985,0.7158370018005371,0.6066621033980083,0.9658136304263385,0.9931922819161403,OFFLOADED,0.0,Yes,0.0,0.0,0.0,False,True
3986,0.0,0.0,0.9689028018445115,0.995156324391946,OFFLOADED,0.0,Yes,0.0,0.0,0.0,False,True
3987,0.3087325990200043,9.826793999048263e-27,0.6069487356533558,2.8156763069477926e-21,OFFLOADED,0.0,Yes,0.0,0.0,0.0,False,False
3988,0.902440071105957,0.9999073611800702,0.7759950925891801,8.751862497280648e-07,OFFLOADED,0.0,Yes,0.0,0.0,0.0,True,False
3989,0.26567021012306213,2.6940517919313205e-48,0.6924616108725778,3.7700718845021527e-13,OFFLOADED,1.0,No,1.0,1.0,1.0,False,False
3990,0.3944636285305023,2.970565531564938e-12,0.6250150144447411,1.1477480329591695e-19,OFFLOADED,1.0,No,1.0,1.0,1.0,False,False
3991,0.30550262331962585,8.32818476863165e-28,0.7034586710559853,3.4696499133385546e-12,OFFLOADED,1.0,No,1.0,1.0,1.0,False,False
3992,0.2547907531261444,7.344853290537014e-60,0.6691574382500616,2.1325154815273647e-15,OFFLOADED,1.0,No,0.0,1.0,1.0,False,False
3993,0.5097478628158569,3.8303016427630526e-05,0.5001952924031436,2.3835938838150082e-33,OFFLOADED,1.0,No,1.0,1.0,1.0,False,False
3994,0.28837907314300537,8.666240089170062e-35,0.5851908240848172,1.0591195911335806e-23,OFFLOADED,1.0,No,1.0,1.0,1.0,False,False
3995,0.280134916305542,4.178999125668922e-39,0.6713630978500224,3.677174547032802e-15,OFFLOADED,1.0,No,0.0,1.0,1.0,False,False
3996,0.5702177286148071,0.0025082873480082317,0.8072383743850495,9.772624721251388e-05,OFFLOADED,1.0,No,1.0,1.0,1.0,False,False
3997,0.40000054240226746,9.114397767964145e-12,0.5514164412206597,1.3892827276774616e-27,OFFLOADED,1.0,No,1.0,1.0,1.0,False,False
3998,0.25736528635025024,1.2693151183373724e-56,0.18734928906469306,1.0214050117689164e-60,OFFLOADED,1.0,No,1.0,1.0,1.0,False,False
3999,0.6212220191955566,0.05162459320075093,0.8248885268654234,0.0012881271197827228,OFFLOADED,1.0,No,0.0,1.0,0.0,False,False
4000,0.7149143218994141,0.6110486226409484,0.9143182914040646,0.590648416876624,OFFLOADED,0.0,Yes,0.0,0.0,0.0,False,False
4001,0.30827200412750244,5.559411505237961e-27,0.4013439159142334,6.616809173520149e-44,OFFLOADED,1.0,No,1.0,1.0,1.0,False,False
4002,0.416814386844635,3.2850714084130887e-10,0.47704294801559594,4.675350824686085e-36,OFFLOADED,1.0,No,1.0,1.0,1.0,False,False
4003,0.25666648149490356,1.4289563997905433e-57,0.26170167037998593,4.8023294127869796e-57,OFFLOADED,1.0,No,1.0,1.0,1.0,False,False
4004,0.346530020236969,1.769713408048779e-18,0.5731605061101267,5.551163758240902e-25,OFFLOADED,0.0,Yes,0.0,0.0,0.0,False,False
4005,0.2679235637187958,5.307470347871253e-47,0.2913957952172179,7.75644643947999e-55,OFFLOADED,1.0,No,0.0,1.0,1.0,False,False
4006,0.45976683497428894,1.7699443758330334e-07,0.6919728306771421,2.7781414852136965e-13,OFFLOADED,1.0,No,1.0,1.0,1.0,False,False
4007,0.3142795264720917,4.047934978199726e-25,0.7716932257240794,4.744843159423194e-07,OFFLOADED,1.0,No,1.0,0.0,0.0,False,False
4008,0.7966318726539612,0.9339874471879478,0.5336901050976751,8.855722479734162e-30,OFFLOADED,1.0,No,1.0,1.0,1.0,True,False
4009,0.2624781131744385,4.8959327168266065e-51,0.27146400645451285,2.8846656553237637e-56,OFFLOADED,1.0,No,1.0,1.0,1.0,False,False
4010,0.5082302093505859,3.024424779221845e-05,0.7706042348970593,3.754096121311825e-07,OFFLOADED,1.0,No,1.0,1.0,1.0,False,False
4011,0.30695703625679016,1.5517965733446634e-27,0.2729400327117466,3.406231718898164e-56,OFFLOADED,1.0,No,1.0,1.0,1.0,False,False
4012,0.2776392996311188,7.908974818770281e-41,0.23773495550850252,1.1177859178806253e-58,OFFLOADED,1.0,No,1.0,1.0,1.0,False,False
4013,0.2794828712940216,1.1765098065933856e-39,0.4189510094159772,2.5510039946329033e-42,OFFLOADED,1.0,No,1.0,1.0,1.0,False,False
4014,0.2605535387992859,2.964248886625533e-53,0.5080324718508632,1.1653700916895605e-32,OFFLOADED,1.0,No,1.0,1.0,1.0,False,False
4015,0.8756024837493896,0.9990601778869614,1.0,1.0,ACCEPTED,0.0,Yes,0.0,0.0,0.0,True,True
4016,0.25064617395401,5.032729383062734e-64,0.7836706671443604,2.8708230258336745e-06,OFFLOADED,1.0,No,1.0,0.0,1.0,False,False
4017,0.8064929246902466,0.9507800202358715,0.4503552997347222,3.5257893387225586e-39,OFFLOADED,1.0,No,1.0,1.0,1.0,True,False
4018,0.2572280168533325,4.230799667827595e-57,0.6575232720323245,1.0487006404372184e-16,OFFLOADED,1.0,No,0.0,1.0,1.0,False,False
4019,0.9179971814155579,0.9999728694355197,0.8427350809690413,0.008035789765529964,OFFLOADED,1.0,No,1.0,1.0,1.0,True,False
4020,0.4136020839214325,1.4316087809003256e-10,0.36875178909728135,9.981109148354909e-48,OFFLOADED,1.0,No,1.0,1.0,0.0,False,False
4021,0.4437403678894043,2.600502698717951e-08,0.7687004174969577,2.2390070803995183e-07,OFFLOADED,1.0,No,0.0,1.0,1.0,False,False
4022,0.4560679793357849,1.061843095654081e-07,0.5723538452624045,3.29398953776603e-25,OFFLOADED,1.0,No,1.0,1.0,1.0,False,False
4023,0.4583611786365509,1.269033276580713e-07,1.0,1.0,OFFLOADED,0.0,Yes,0.0,0.0,0.0,False,True
4024,0.2603004276752472,1.0437911587657973e-53,0.33524532956707065,4.963284486536455e-51,OFFLOADED,1.0,No,1.0,1.0,1.0,False,False
4025,0.35692059993743896,4.8875318092870586e-17,0.47813751157770096,3.4891738991233344e-36,OFFLOADED,1.0,No,1.0,1.0,1.0,False,False
4026,0.2523704767227173,2.9321128586164693e-63,0.4639908392027872,7.773277008795808e-38,OFFLOADED,1.0,No,1.0,1.0,1.0,False,False
4027,0.25948867201805115,1.1137432425741889e-54,0.7108054582955919,1.0885004387559616e-11,OFFLOADED,1.0,No,0.0,1.0,1.0,False,False
4028,0.3810011148452759,5.251297525071221e-14,0.34527906897635163,3.23526240935095e-50,OFFLOADED,1.0,No,1.0,1.0,1.0,False,False
4029,0.2541939318180084,3.8480162402954156e-61,0.12027366401165303,1.7428186263378258e-62,OFFLOADED,1.0,No,1.0,1.0,1.0,False,False
4030,0.5491917133331299,0.000605328975137757,0.5312622352665366,3.188223236748336e-30,OFFLOADED,1.0,No,0.0,1.0,0.0,False,False
4031,0.4256995916366577,1.3905982059207963e-09,0.5180429272507253,9.92618166678093e-32,OFFLOADED,1.0,No,1.0,1.0,1.0,False,False
4032,0.29624640941619873,6.233976208623791e-32,0.5324437368369639,3.9963849758867226e-30,OFFLOADED,1.0,No,1.0,1.0,1.0,False,False
4033,0.3121512532234192,5.27539797659589e-26,0.3334282231996719,2.2242013342223146e-51,OFFLOADED,1.0,No,1.0,1.0,1.0,False,False
4034,0.34084200859069824,3.112510597704398e-19,0.8767191679305658,0.11141512538017483,OFFLOADED,1.0,No,1.0,1.0,1.0,False,False
4035,0.26978781819343567,6.0243363298079644e-46,0.77841713120206,9.637947736740008e-07,OFFLOADED,0.0,Yes,0.0,0.0,0.0,False,False
4036,0.3475780785083771,1.5215856880092654e-18,0.3997818663320025,1.5067995154765715e-44,OFFLOADED,1.0,No,1.0,1.0,1.0,False,False
4037,0.32485008239746094,1.642818665853283e-22,0.43276286677560977,3.00001275021241e-41,OFFLOADED,1.0,No,1.0,1.0,1.0,False,False
4038,0.40984463691711426,5.3025527056996175e-11,0.35578204986900985,2.784679137295981e-49,OFFLOADED,1.0,No,1.0,1.0,0.0,False,False
4039,0.9387524127960205,0.9999915750836142,1.0,1.0,ACCEPTED,0.0,Yes,0.0,0.0,0.0,True,True
4040,0.5303903222084045,0.00011057146993154685,0.46036247454688484,2.0663647534975773e-38,OFFLOADED,1.0,No,1.0,1.0,1.0,False,False
4041,0.6644041538238525,0.2357575876288459,0.9238389318132174,0.7786644010326758,OFFLOADED,1.0,No,1.0,0.0,1.0,True,False
4042,0.8487524390220642,0.9906062529233599,0.8192199404853677,0.0006612395611330912,OFFLOADED,1.0,No,1.0,1.0,1.0,True,False
4043,0.3306495249271393,4.493234260459448e-21,0.49266523791787986,1.0193273661637468e-34,OFFLOADED,1.0,No,1.0,0.0,0.0,False,False
4044,0.475930392742157,1.054193916919145e-06,0.5985024749276068,1.681027792671892e-22,OFFLOADED,1.0,No,1.0,1.0,1.0,False,False
4045,0.28365713357925415,9.710793741593314e-38,0.17228836956832572,4.319638471294851e-62,OFFLOADED,1.0,No,1.0,1.0,1.0,False,False
4046,0.7044810056686401,0.5263762672120986,0.501248247182803,9.949311822859567e-34,OFFLOADED,1.0,No,1.0,1.0,1.0,True,False
4047,0.2524503469467163,1.469464949182298e-63,0.5634803931273236,2.4801505986794715e-26,OFFLOADED,1.0,No,1.0,1.0,1.0,False,False
4048,0.7642102837562561,0.8567784417312512,0.5560284939930699,2.3054654528142895e-27,OFFLOADED,1.0,No,1.0,1.0,1.0,True,False
4049,0.2918761968612671,7.959186234783312e-34,0.7385689093014344,3.230232016368004e-09,OFFLOADED,1.0,No,1.0,1.0,1.0,False,False
4050,0.8738400936126709,0.9987370524048166,0.7713924480754458,3.2698418694031327e-07,OFFLOADED,1.0,No,1.0,1.0,1.0,True,False
4051,0.3512353003025055,4.355173157738388e-18,0.6583603095471324,8.330512893463897e-17,OFFLOADED,1.0,No,1.0,0.0,0.0,False,False
4052,0.7918325662612915,0.9080045590904242,0.7321853400336036,9.369522503127138e-10,OFFLOADED,1.0,No,1.0,1.0,1.0,True,False
4053,0.26854854822158813,3.784736254898568e-47,0.41191542986171803,9.906252189367862e-44,OFFLOADED,1.0,No,1.0,1.0,1.0,False,False
4054,0.40618789196014404,1.636160775207525e-11,0.28422606395098393,3.242410512506794e-56,OFFLOADED,1.0,No,1.0,1.0,1.0,False,False
4055,0.25034409761428833,9.961138531946782e-65,0.3223363854482091,6.410425779157741e-53,OFFLOADED,1.0,No,1.0,1.0,1.0,False,False
4056,0.32411083579063416,5.96630800944898e-23,0.8487303410018804,0.011711810576384174,OFFLOADED,1.0,No,1.0,0.0,0.0,False,False
4057,0.8036577105522156,0.934565631098547,0.8509871117105758,0.013660542891927767,OFFLOADED,1.0,No,1.0,1.0,1.0,True,False
4058,0.27588051557540894,1.808916148243099e-42,0.41575157090550807,2.0048942643773155e-43,OFFLOADED,1.0,No,1.0,1.0,1.0,False,False
4059,0.7379897236824036,0.7480686152403402,0.4849464690671463,8.135927935242161e-36,OFFLOADED,1.0,No,1.0,1.0,1.0,True,False
4060,0.3069167733192444,4.721566165499846e-28,0.6226896358269985,1.9484086565291216e-20,OFFLOADED,1.0,No,1.0,1.0,1.0,False,False
4061,0.3906156122684479,4.4649530321002995e-13,0.7581920580048548,5.340901982078452e-08,OFFLOADED,1.0,No,1.0,1.0,1.0,False,False
4062,0.9091976284980774,0.9999306926651401,0.7075253714797423,3.0867075566764644e-12,OFFLOADED,0.0,Yes,0.0,0.0,0.0,True,False
4063,0.26844334602355957,2.1688306748330908e-47,0.4513312266268437,1.0240599762516244e-39,OFFLOADED,1.0,No,1.0,1.0,1.0,False,False
4064,0.7876631617546082,0.8854284664451189,0.49487421721156605,9.376557778392817e-35,OFFLOADED,1.0,No,1.0,1.0,1.0,True,False
4065,0.8929919004440308,0.9996583917540564,0.9578468255107887,0.9842568672160005,ACCEPTED,0.0,Yes,0.0,0.0,0.0,True,True
4066,0.7792550325393677,0.862214154303599,0.6736578552750753,2.9072489452589643e-15,OFFLOADED,1.0,No,1.0,1.0,1.0,True,False
4067,0.3074502646923065,6.273510178264903e-28,0.27305341043523185,2.664391781791869e-57,OFFLOADED,1.0,No,1.0,1.0,1.0,False,False
4068,0.2762761414051056,2.3515119920645896e-42,0.8993675785815768,0.36633739762931167,OFFLOADED,1.0,No,0.0,1.0,1.0,False,False
4069,0.29910019040107727,3.092325873354613e-31,0.15126174404454046,5.008681704499291e-63,OFFLOADED,1.0,No,1.0,1.0,1.0,False,False
4070,0.2752009332180023,5.69041947704596e-43,0.6806130341557212,1.542739258958868e-14,OFFLOADED,1.0,No,1.0,1.0,1.0,False,False
4071,0.2506869435310364,5.454372136935654e-65,0.12239472237844708,2.383860118443824e-63,OFFLOADED,1.0,No,1.0,1.0,1.0,False,False
4072,0.3267522156238556,3.0459811965870693e-22,0.569716103319153,8.23978031591881e-26,OFFLOADED,1.0,No,1.0,0.0,0.0,False,False
4073,0.3316422700881958,5.3878415712722396e-21,0.39161266846689363,4.814638446101477e-46,OFFLOADED,1.0,No,1.0,1.0,0.0,False,False
4074,0.7606644630432129,0.811612953365689,0.9199350086648728,0.6771548353669176,OFFLOADED,0.0,Yes,0.0,0.0,0.0,False,True
4075,0.7976794838905334,0.907029804070514,1.0,1.0,ACCEPTED,1.0,No,0.0,0.0,1.0,True,True
4076,0.8978314399719238,0.9997827250435929,0.781933664486904,1.4983865560004225e-06,OFFLOADED,1.0,No,1.0,1.0,1.0,True,False
4077,0.328393816947937,7.611055213178945e-22,0.9898794425335982,0.9998598494828309,OFFLOADED,1.0,No,1.0,1.0,0.0,False,True
4078,0.4325411915779114,3.3678932262882257e-09,0.595070730714902,4.0042784480564513e-23,OFFLOADED,1.0,No,1.0,1.0,1.0,False,False
4079,0.8803468942642212,0.998948649995425,0.7671166717469408,1.21436803778959e-07,OFFLOADED,1.0,No,1.0,1.0,1.0,True,False
4080,0.29285645484924316,1.007170444057843e-33,0.15499806783891926,3.7602957633268737e-63,OFFLOADED,1.0,No,1.0,1.0,1.0,False,False
4081,0.2715325653553009,2.0392227941054924e-45,0.27573266790873285,2.88983959184741e-57,OFFLOADED,1.0,No,1.0,1.0,1.0,False,False
4082,0.8249444961547852,0.9588896507223182,0.8691495840359262,0.058958342753790006,OFFLOADED,1.0,No,1.0,1.0,1.0,True,False
4083,0.3158899247646332,2.5478837763479264e-25,0.24801692518173665,1.8873887429160424e-59,OFFLOADED,1.0,No,1.0,1.0,1.0,False,False
4084,0.483167439699173,2.1581031408756877e-06,0.93627589137117,0.9207190625616433,OFFLOADED,1.0,No,0.0,0.0,1.0,False,True
4085,0.5868427753448486,0.007238420374710907,0.6189187039869888,6.09240925206773e-21,OFFLOADED,1.0,No,1.0,1.0,0.0,False,False
4086,0.7738369703292847,0.8463705931997672,0.819517201525712,0.000537217502496059,OFFLOADED,0.0,Yes,0.0,0.0,0.0,True,False
4087,0.2863703668117523,6.442552048967401e-37,0.37854458139855507,9.126911941244184e-48,OFFLOADED,1.0,No,1.0,1.0,0.0,False,False
4088,0.36251458525657654,1.3792372259848327e-16,0.5451194114498463,4.127359536008796e-29,OFFLOADED,1.0,No,1.0,0.0,0.0,False,False
4089,0.7681761384010315,0.8408246024730683,0.9584761408196603,0.9853477221990248,ACCEPTED,0.0,Yes,0.0,0.0,0.0,True,True
4090,0.8720105290412903,0.9979680649192976,0.9125854407453655,0.5612309647761309,OFFLOADED,1.0,No,1.0,1.0,1.0,True,False
4091,0.2641228139400482,7.324005812824279e-51,0.4498400263051609,3.5635000144241574e-40,OFFLOADED,1.0,No,1.0,1.0,1.0,False,False
4092,0.7949770092964172,0.900764514118446,0.7577415096433879,4.036270920292917e-08,OFFLOADED,1.0,No,1.0,1.0,1.0,True,False
4093,0.5018195509910583,1.3727633174027294e-05,0.3012220178117707,1.1723968901283585e-55,OFFLOADED,1.0,No,1.0,1.0,1.0,False,False
4094,0.6223861575126648,0.047473238156317654,0.6804145153163573,1.152874623920897e-14,OFFLOADED,1.0,No,1.0,1.0,1.0,False,False
4095,0.2644902169704437,1.2256995257779735e-50,0.40305231395998514,4.8629592125225245e-45,OFFLOADED,1.0,No,1.0,1.0,1.0,False,False
4096,0.7740830779075623,0.8556859678062295,0.8122775463130368,0.00016431993844522294,OFFLOADED,1.0,No,1.0,1.0,0.0,True,False
4097,0.2606649100780487,3.24236646208008e-54,0.18642356782109978,1.2468490899720323e-62,OFFLOADED,1.0,No,1.0,1.0,1.0,False,False
4098,0.3158227801322937,1.7351327272164522e-25,0.6938066918489667,1.4207171263746672e-13,OFFLOADED,1.0,No,0.0,1.0,1.0,False,False
4099,0.28286343812942505,9.741431624279501e-39,0.8573592857609944,0.02081180417529272,OFFLOADED,1.0,No,0.0,1.0,1.0,False,False
4100,0.25384312868118286,1.2881663327033248e-62,0.6759050004728444,3.132307875569709e-15,OFFLOADED,1.0,No,1.0,1.0,1.0,False,False
4101,0.860540509223938,0.9938297281480574,0.7609791293901288,5.110490262195715e-08,OFFLOADED,0.0,Yes,0.0,0.0,0.0,True,False
4102,0.4198228120803833,2.3351359159638834e-10,0.7730200454058046,2.80287687262266e-07,OFFLOADED,1.0,No,1.0,1.0,1.0,False,False
4103,0.2685156762599945,7.212571997784818e-48,0.5326924571841128,8.82351960986892e-31,OFFLOADED,1.0,No,1.0,1.0,1.0,False,False
4104,0.405082106590271,8.393404860735167e-12,0.9322085334844428,0.882984102532381,OFFLOADED,1.0,No,0.0,1.0,0.0,False,True
4105,0.7799893021583557,0.8572857958124971,0.73218003624478,5.270705437594257e-10,OFFLOADED,1.0,No,1.0,1.0,1.0,True,False
4106,0.5909382104873657,0.008214973561791197,0.9285299740327687,0.8397537665900054,OFFLOADED,1.0,No,1.0,1.0,0.0,False,True
4107,0.2560024559497833,4.227540958337489e-60,0.29535296812859385,2.538913722762402e-56,OFFLOADED,1.0,No,1.0,1.0,0.0,False,False
4108,0.27071648836135864,2.8669418644174117e-46,0.7219995016763521,6.81021979595074e-11,OFFLOADED,1.0,No,1.0,1.0,1.0,False,False
4109,0.3436248302459717,2.0529962235677078e-19,0.7631469410236407,6.296492765237928e-08,OFFLOADED,1.0,No,1.0,1.0,1.0,False,False
4110,0.7921462059020996,0.8766959370288605,0.9099511286040083,0.4896753002295731,OFFLOADED,0.0,Yes,0.0,0.0,0.0,True,False
4111,0.28686127066612244,7.507576239997195e-37,0.8083594180450551,7.237919660967644e-05,OFFLOADED,1.0,No,1.0,1.0,1.0,False,False
4112,0.9478502869606018,0.9999901240032942,1.0,1.0,ACCEPTED,0.0,Yes,0.0,0.0,0.0,True,True
4113,0.29869747161865234,8.251920373324904e-32,0.9490995037096819,0.9620763054141651,OFFLOADED,1.0,No,0.0,1.0,0.0,False,True
4114,0.584867000579834,0.0054857741805236886,0.9641233868996345,0.9916410791090889,OFFLOADED,0.0,Yes,0.0,0.0,0.0,False,True
4115,0.35750991106033325,1.9358709970691786e-17,0.8656772144645263,0.04207686035095781,OFFLOADED,1.0,No,0.0,0.0,1.0,False,True
4116,0.2614592909812927,1.7865722786666697e-53,0.44328769271523394,2.9137711546045773e-41,OFFLOADED,1.0,No,1.0,1.0,1.0,False,False
4117,0.3564668595790863,1.2929698880486998e-17,0.451653664383003,2.889008224012395e-40,OFFLOADED,1.0,No,1.0,1.0,1.0,False,False
4118,0.5708099007606506,0.001869628236423817,0.7027084130993898,6.655146656554055e-13,OFFLOADED,0.0,Yes,0.0,0.0,0.0,False,False
4119,0.26089179515838623,3.717537890974892e-54,0.4716400506771968,8.152425479984986e-38,OFFLOADED,1.0,No,1.0,1.0,0.0,False,False
4120,0.8654516935348511,0.9961152324665957,0.6294456079146706,4.827066949734424e-20,OFFLOADED,0.0,Yes,0.0,0.0,0.0,True,False
4121,0.9160972237586975,0.9999503109984902,1.0,1.0,ACCEPTED,0.0,Yes,0.0,0.0,0.0,True,True
4122,0.5434831380844116,0.00030695044208064147,0.6802535791278471,6.9152188650408265e-15,OFFLOADED,0.0,Yes,0.0,0.0,0.0,False,False
4123,0.3157689869403839,1.3291701530821972e-25,0.7645459455577693,6.334478528432546e-08,OFFLOADED,1.0,No,1.0,0.0,1.0,False,False
4124,0.30219098925590515,3.170842627728852e-30,0.8837595297318209,0.16503913172668913,OFFLOADED,1.0,No,1.0,0.0,0.0,False,False
4125,0.8771659135818481,0.9985965481293967,1.0,1.0,ACCEPTED,0.0,Yes,0.0,0.0,0.0,True,True
4126,0.8112781643867493,0.9339105628590687,0.7648402076476591,5.872844922301836e-08,OFFLOADED,0.0,Yes,0.0,0.0,0.0,True,False
4127,0.2666625678539276,1.878392978215973e-49,0.5828154447873565,6.852011531248943e-25,OFFLOADED,1.0,No,1.0,0.0,0.0,False,False
4128,0.2624283730983734,1.1557786709602927e-52,1.0,1.0,OFFLOADED,1.0,No,1.0,1.0,0.0,False,True
4129,0.45071080327033997,3.799580843730104e-08,0.36397627422581774,1.3140090574090392e-49,OFFLOADED,1.0,No,1.0,1.0,1.0,False,False
4130,0.25819262862205505,1.511542678959527e-57,0.17285627582024965,2.1100644350561052e-63,OFFLOADED,1.0,No,1.0,1.0,1.0,False,False
4131,0.25209271907806396,2.854556679157257e-65,0.35386347083374015,1.2101431052805563e-50,OFFLOADED,1.0,No,0.0,1.0,1.0,False,False
4132,0.8382825255393982,0.9748850655784175,0.5769045120802756,1.7517946977508708e-25,OFFLOADED,1.0,No,1.0,1.0,1.0,True,False
4133,0.0,0.0,0.9594190562805311,0.9854256673417925,OFFLOADED,0.0,Yes,0.0,0.0,0.0,False,True
4134,0.33885449171066284,5.4143459765561464e-20,0.4683287641420929,2.7619896244868847e-38,OFFLOADED,1.0,No,1.0,1.0,1.0,False,False
4135,0.2711113393306732,3.556091481395297e-46,0.4710893026860319,6.133724301011462e-38,OFFLOADED,1.0,No,1.0,1.0,1.0,False,False
4136,0.5151906609535217,3.1592551843231374e-05,0.8178116332258868,0.00036756533140351643,OFFLOADED,1.0,No,1.0,1.0,1.0,False,False
4137,0.7147595286369324,0.5762862959665627,0.8350312897491773,0.00224985265578761,OFFLOADED,0.0,Yes,0.0,0.0,0.0,True,False
4138,0.8837636709213257,0.9992341089902258,0.894938084632184,0.30032611537417575,OFFLOADED,1.0,No,1.0,1.0,1.0,True,False
4139,0.5638169050216675,0.0012334672347932985,0.7131736481351327,6.906444984383752e-12,OFFLOADED,1.0,No,1.0,1.0,1.0,False,False
4140,0.3709941804409027,9.269072974398592e-16,0.7573914785161473,2.505043432416669e-08,OFFLOADED,1.0,No,1.0,1.0,1.0,False,False
4141,0.2522130310535431,2.8897249919163103e-65,0.7547298342258072,1.573157397015376e-08,OFFLOADED,1.0,No,1.0,1.0,1.0,False,False
4142,0.49956265091896057,1.0634741695886197e-05,0.8279771209553258,0.0010213705971026312,OFFLOADED,0.0,Yes,0.0,0.0,0.0,False,False
4143,0.5008513927459717,1.2313663849072251e-05,0.9858306073191823,0.9997204992821191,OFFLOADED,0.0,Yes,0.0,0.0,0.0,False,True
4144,0.8850525617599487,0.9992669936934166,0.785038555414181,1.8364637200085449e-06,OFFLOADED,1.0,No,1.0,1.0,1.0,True,False
4145,0.2728147804737091,4.8053017740109783e-45,0.6846793129676704,1.5579969621768422e-14,OFFLOADED,1.0,No,1.0,1.0,1.0,False,False
4146,0.2720293700695038,1.3115391841471466e-45,0.36263990237653415,5.699557468559282e-50,OFFLOADED,1.0,No,1.0,1.0,1.0,False,False
4147,0.2996445894241333,1.7591493003432364e-31,0.5973345386444677,2.5316167062515855e-23,OFFLOADED,1.0,No,1.0,1.0,0.0,False,False
4148,0.8025610446929932,0.9197393996179201,0.8002150201397898,1.570633272371488e-05,OFFLOADED,1.0,No,1.0,1.0,1.0,True,False
4149,0.569683313369751,0.0017809542286344562,0.9900292083015306,0.9998516615046401,OFFLOADED,0.0,Yes,0.0,0.0,0.0,False,True
4150,0.2812724709510803,5.5481582138574554e-40,0.4246186027291798,2.2410174049963907e-43,OFFLOADED,1.0,No,1.0,1.0,1.0,False,False
4151,0.3069223165512085,1.4951606370301755e-28,0.22286156862256878,1.1491331024619012e-61,OFFLOADED,1.0,No,1.0,1.0,1.0,False,False
4152,0.2807926833629608,2.928875572180452e-40,0.18534816240606497,2.2768698463167222e-63,OFFLOADED,1.0,No,1.0,1.0,1.0,False,False
4153,0.2742787003517151,3.485873581445783e-44,0.32746916743909593,1.572724457987112e-53,OFFLOADED,1.0,No,1.0,1.0,1.0,False,False
4154,0.2531127333641052,4.69111782092482e-64,0.12483651378678703,1.4746060756104776e-64,OFFLOADED,1.0,No,1.0,1.0,1.0,False,False
4155,0.27685678005218506,1.073073559511646e-42,0.6718532871437142,5.251053702696096e-16,OFFLOADED,1.0,No,1.0,1.0,0.0,False,False
4156,0.5522152781486511,0.0006054458371260163,0.5587711565400137,8.667294313894155e-28,OFFLOADED,1.0,No,1.0,1.0,1.0,False,False
4157,0.9081606268882751,0.9999111303864417,0.9285477903721112,0.8311426453005583,ACCEPTED,0.0,Yes,0.0,0.0,0.0,True,True
4158,0.5524103045463562,0.0005785350701354614,0.6139034243665689,1.1038525879856266e-21,OFFLOADED,1.0,No,1.0,1.0,1.0,False,False
4159,0.25004300475120544,2.810901983587209e-66,0.25817735269002806,8.560642635781653e-60,OFFLOADED,1.0,No,1.0,1.0,1.0,False,False
4160,0.3642760217189789,1.519455774088011e-16,0.5627124026215694,2.6045429289068238e-27,OFFLOADED,1.0,No,1.0,1.0,1.0,False,False
4161,0.29215145111083984,1.4809889137306072e-34,0.31350259264808067,3.286488484596956e-55,OFFLOADED,1.0,No,1.0,1.0,1.0,False,False
4162,0.41212329268455505,4.511855311280904e-11,0.9780327160469088,0.9990188012079683,OFFLOADED,1.0,No,1.0,1.0,0.0,False,True
4163,0.26222535967826843,2.7855213825410663e-53,0.3312692653884883,2.8234219132868025e-53,OFFLOADED,1.0,No,1.0,1.0,1.0,False,False
4164,0.2969701588153839,8.545220862772388e-33,0.3701551241634861,2.1745834407906683e-49,OFFLOADED,1.0,No,1.0,1.0,1.0,False,False
4165,0.3464530408382416,3.08130496273678e-19,0.3270006779461654,9.306879060065018e-54,OFFLOADED,1.0,No,1.0,1.0,1.0,False,False
4166,0.45585331320762634,6.457421041747853e-08,0.7901800004523213,3.8790030181522095e-06,OFFLOADED,1.0,No,0.0,1.0,1.0,False,False
4167,0.3116908073425293,4.470851148211791e-27,0.1345274485268316,9.826385536113463e-65,OFFLOADED,1.0,No,1.0,1.0,1.0,False,False
4168,0.2514041066169739,2.0321464576451445e-66,0.1935946749800039,2.6126974940838727e-63,OFFLOADED,1.0,No,1.0,1.0,1.0,False,False
4169,0.5168556571006775,3.09501213186875e-05,0.2802448793730308,4.478409822201617e-58,OFFLOADED,1.0,No,0.0,1.0,0.0,False,False
4170,0.47871363162994385,1.0677559091917338e-06,1.0,1.0,OFFLOADED,1.0,No,0.0,0.0,1.0,False,True
4171,0.8234841823577881,0.9543302574302501,0.44903304711087527,5.618083133721173e-41,OFFLOADED,1.0,No,1.0,1.0,1.0,True,False
4172,0.5202816724777222,3.641108876953104e-05,0.9091364233334348,0.4798755638670252,OFFLOADED,1.0,No,1.0,1.0,0.0,False,True
4173,0.2578422427177429,1.5225573936533307e-58,0.6796344063521655,3.9541799917523605e-15,OFFLOADED,1.0,No,0.0,0.0,1.0,False,False
4174,0.306874543428421,7.578130383376113e-29,0.6687396526815016,1.8223958413546288e-16,OFFLOADED,0.0,Yes,0.0,0.0,0.0,False,False
4175,0.33206167817115784,2.0115495408474653e-21,0.47636068106540946,9.93682567386279e-38,OFFLOADED,1.0,No,1.0,1.0,1.0,False,False
4176,0.273893803358078,9.716223897208497e-45,0.28855895059117465,1.4245969422045886e-57,OFFLOADED,1.0,No,1.0,1.0,1.0,False,False
4177,0.27682626247406006,4.773693429983201e-43,0.4960026368481626,1.8746366084034364e-35,OFFLOADED,1.0,No,1.0,1.0,1.0,False,False
4178,0.7698407173156738,0.8394378167730873,0.40022422015616255,3.869637768014602e-46,OFFLOADED,1.0,No,1.0,1.0,1.0,True,False
4179,0.7845948934555054,0.8580471157869336,0.9512289867553756,0.9672065383827413,ACCEPTED,0.0,Yes,0.0,0.0,0.0,True,True
4180,0.6722118258476257,0.2541537950102255,0.6147506451202315,1.1228554541562452e-21,OFFLOADED,1.0,No,1.0,1.0,1.0,True,False
4181,0.5135343074798584,2.2070418505239937e-05,0.7334589593416787,3.9051274034777e-10,OFFLOADED,1.0,No,1.0,1.0,1.0,False,False
4182,0.4395446181297302,5.419032053576456e-09,0.3612185996609041,1.5469759767168036e-50,OFFLOADED,1.0,No,1.0,1.0,1.0,False,False
4183,0.9081076383590698,0.9999097135533906,0.8360288984116876,0.00258834705910356,OFFLOADED,1.0,No,1.0,1.0,1.0,True,False
4184,0.2615904211997986,3.492349042021172e-54,0.9726249619474288,0.9970180493963209,OFFLOADED,1.0,No,1.0,0.0,0.0,False,True
4185,0.3374592363834381,1.613207162796983e-20,0.4588366275486536,4.639201926569196e-40,OFFLOADED,1.0,No,1.0,1.0,1.0,False,False
4186,0.9599136710166931,0.9999937064585112,0.6589207467459417,1.8000169815300052e-17,OFFLOADED,1.0,No,1.0,1.0,1.0,True,False
4187,0.850830614566803,0.9865487191605247,0.6882755621804525,2.0776383518700496e-14,OFFLOADED,1.0,No,1.0,1.0,1.0,True,False
4188,0.7450346946716309,0.7586908571157257,0.6602324160992362,2.211018064387849e-17,OFFLOADED,1.0,No,1.0,1.0,1.0,True,False
4189,0.3257910907268524,3.392770461089844e-23,0.9093343453208477,0.46990797750062074,OFFLOADED,1.0,No,1.0,0.0,0.0,False,False
4190,0.8507844805717468,0.9850601562048037,0.8073517775814671,4.400323871541821e-05,OFFLOADED,0.0,Yes,0.0,0.0,0.0,True,False
4191,0.2607617974281311,2.9655177863635615e-55,0.1103796194064925,2.419166944629784e-65,OFFLOADED,1.0,No,1.0,1.0,1.0,False,False
4192,0.424399733543396,4.031526092975917e-10,0.6016342242449885,4.611030321049098e-23,OFFLOADED,1.0,No,1.0,1.0,1.0,False,False
4193,0.8821130990982056,0.998849924127402,0.8869709262602468,0.1858590359758766,OFFLOADED,0.0,Yes,0.0,0.0,0.0,True,False
4194,0.2572880685329437,1.526168778602424e-59,0.15191481629077128,5.8554776433820646e-65,OFFLOADED,1.0,No,1.0,1.0,1.0,False,False
4195,0.2900407016277313,7.21124300368992e-36,0.37747813385934414,4.98603918601418e-49,OFFLOADED,1.0,No,1.0,1.0,1.0,False,False
4196,0.45352932810783386,3.536271557477294e-08,0.856782414286673,0.016184137250110968,OFFLOADED,1.0,No,1.0,1.0,1.0,False,False
4197,0.2976323366165161,6.782303222422094e-33,0.7435710190500031,2.512173729516646e-09,OFFLOADED,1.0,No,0.0,1.0,0.0,False,False
4198,0.5236116647720337,4.140322353502591e-05,0.4202959272237548,2.7640200914831437e-44,OFFLOADED,1.0,No,1.0,1.0,1.0,False,False
4199,0.2519080936908722,1.5131497894427218e-66,0.2087071856677936,3.9080641705466534e-63,OFFLOADED,1.0,No,1.0,1.0,1.0,False,False
4200,0.7908605933189392,0.8721847604371891,0.9816680625612828,0.9994050613250821,ACCEPTED,0.0,Yes,0.0,0.0,0.0,True,True
4201,0.4531196653842926,3.0104626887970206e-08,0.6264525972548473,1.040203196686381e-20,OFFLOADED,1.0,No,0.0,1.0,1.0,False,False
4202,0.2926918566226959,8.571615152679929e-35,0.8109741591469455,9.191985526859438e-05,OFFLOADED,1.0,No,0.0,0.0,1.0,False,False
4203,0.38818734884262085,8.289962605210156e-14,0.4539324082847412,9.782351587390443e-41,OFFLOADED,1.0,No,1.0,1.0,1.0,False,False
4204,0.29057782888412476,8.908431065604032e-36,0.2797962199441677,1.1910182592759354e-58,OFFLOADED,1.0,No,0.0,1.0,1.0,False,False
4205,0.7982402443885803,0.8997446042576691,0.7875424662175576,2.148285145393934e-06,OFFLOADED,1.0,No,1.0,1.0,1.0,True,False
4206,0.3281378448009491,1.0796762450123293e-22,0.8824863122885649,0.13417223556860067,OFFLOADED,0.0,Yes,0.0,0.0,0.0,False,False
4207,0.4117577075958252,2.0677513309243526e-11,0.5702023761433437,1.1703688346627012e-26,OFFLOADED,1.0,No,1.0,1.0,1.0,False,False
4208,0.9375483393669128,0.999985795025829,0.949337277961803,0.9629381431164229,ACCEPTED,0.0,Yes,0.0,0.0,0.0,True,True
4209,0.30147820711135864,3.899258277290894e-31,0.6177692665040168,1.1382867442174852e-21,OFFLOADED,1.0,No,0.0,1.0,1.0,False,False
4210,0.28521713614463806,1.6321891122828743e-38,0.4481260512110356,1.580315466709597e-41,OFFLOADED,1.0,No,1.0,1.0,1.0,False,False
4211,0.9085489511489868,0.9999100751440265,0.9231716570993888,0.7329623029789293,OFFLOADED,1.0,No,1.0,1.0,1.0,True,False
4212,0.25295159220695496,3.348475443055097e-65,0.14698745201120378,2.3286954574968537e-65,OFFLOADED,1.0,No,1.0,1.0,1.0,False,False
4213,0.783966064453125,0.8565398788121872,0.6116453140596798,3.475290899641095e-22,OFFLOADED,1.0,No,1.0,1.0,1.0,True,False
4214,0.3406262993812561,3.046311259474352e-20,0.6835623446219129,7.434832005169696e-15,OFFLOADED,1.0,No,1.0,1.0,1.0,False,False
4215,0.49706748127937317,6.718893534197414e-06,0.982423437550514,0.9995182908464286,OFFLOADED,1.0,No,1.0,0.0,0.0,False,True
4216,0.338669091463089,1.441428641783334e-20,0.8395043889873843,0.0034936621673887966,OFFLOADED,1.0,No,1.0,0.0,0.0,False,False
4217,0.5246396660804749,4.209924406870669e-05,0.6635311098211302,3.901580995505713e-17,OFFLOADED,1.0,No,1.0,1.0,1.0,False,False
4218,0.3247939944267273,9.384187442597241e-24,0.42696827861832387,6.81142466472782e-44,OFFLOADED,1.0,No,1.0,1.0,1.0,False,False
4219,0.29073554277420044,6.937401503739618e-36,0.5473000075438521,7.590899090030502e-30,OFFLOADED,1.0,No,1.0,1.0,1.0,False,False
4220,0.4359113276004791,2.115697150383013e-09,0.605353577970934,6.328180980291538e-23,OFFLOADED,1.0,No,0.0,1.0,1.0,False,False
4221,0.8318672776222229,0.9601868956530758,0.9770603732217236,0.9986369127504534,ACCEPTED,0.0,Yes,0.0,0.0,0.0,True,True
4222,0.5651362538337708,0.0011907306787007697,0.7535105319479526,8.78394698255431e-09,OFFLOADED,0.0,Yes,0.0,0.0,0.0,False,False
4223,0.267990380525589,1.1021239921071637e-49,0.3567947833741867,1.4513725766608073e-51,OFFLOADED,1.0,No,1.0,1.0,1.0,False,False
4224,0.7813921570777893,0.8457425119246019,0.7440706290759651,2.4075703736222276e-09,OFFLOADED,0.0,Yes,0.0,0.0,0.0,True,False
4225,0.2641313374042511,1.785053212519214e-52,0.19463994994243283,4.078578018584652e-64,OFFLOADED,1.0,No,1.0,1.0,1.0,False,False
4226,0.9218050837516785,0.9999632823504438,0.7204404145269449,2.283562846487319e-11,OFFLOADED,0.0,Yes,0.0,0.0,0.0,True,False
4227,0.8370517492294312,0.9698409196350062,1.0,1.0,ACCEPTED,0.0,Yes,0.0,0.0,0.0,True,True
4228,0.7577552795410156,0.7993880169918306,0.5487202702582202,1.2695270973567055e-29,OFFLOADED,1.0,No,1.0,1.0,1.0,True,False
4229,0.3916628062725067,1.464832655685109e-13,0.9118006096081626,0.5041626417909713,OFFLOADED,0.0,Yes,0.0,0.0,0.0,False,False
4230,0.3058261275291443,1.491256176721784e-29,0.8055787132178924,3.143935140726233e-05,OFFLOADED,1.0,No,1.0,0.0,0.0,False,False
4231,0.2566109299659729,6.704078643406991e-61,0.25256722508234036,3.913273636633141e-61,OFFLOADED,1.0,No,0.0,1.0,1.0,False,False
4232,0.29184821248054504,2.1974525902006487e-35,0.9156130324201776,0.5852421453399942,OFFLOADED,1.0,No,1.0,0.0,0.0,False,False
4233,0.31622976064682007,3.8916603322059863e-26,0.41069385559868077,1.0989952339910044e-45,OFFLOADED,1.0,No,1.0,1.0,1.0,False,False
4234,0.49362245202064514,4.770129658081e-06,0.3430405417210459,4.760401166970494e-53,OFFLOADED,1.0,No,1.0,1.0,1.0,False,False
4235,0.25727182626724243,3.949580641277825e-60,0.5403427780729807,9.789206772715552e-31,OFFLOADED,1.0,No,1.0,1.0,1.0,False,False
4236,0.28878912329673767,6.614079973902759e-37,0.8623868507308416,0.026995424861976248,OFFLOADED,1.0,No,1.0,1.0,1.0,False,False
4237,0.2670350670814514,1.5579207480427298e-50,0.7460011743325525,3.1698216252349567e-09,OFFLOADED,1.0,No,1.0,0.0,0.0,False,False
4238,0.29814413189888,6.125228863203444e-33,0.7819517084154208,6.46957445991564e-07,OFFLOADED,1.0,No,0.0,1.0,1.0,False,False
4239,0.0,0.0,0.6543783848939556,4.002354915754613e-18,OFFLOADED,0.0,Yes,0.0,0.0,0.0,False,False
4240,0.3407757580280304,2.6060467348676897e-20,0.4486910076159041,1.1026714467891391e-41,OFFLOADED,1.0,No,1.0,1.0,1.0,False,False
4241,0.7051140666007996,0.4842912639140327,0.5887659885248128,7.487568723889422e-25,OFFLOADED,1.0,No,1.0,1.0,1.0,False,False
4242,0.35280707478523254,1.2425179948673746e-18,0.2571159173265059,4.5872359739145376e-61,OFFLOADED,1.0,No,1.0,1.0,1.0,False,False
4243,0.3003215789794922,6.426389940328924e-32,0.2636091365561673,1.6623408636939168e-60,OFFLOADED,1.0,No,1.0,1.0,1.0,False,False
4244,0.41922488808631897,8.21057654403997e-11,0.7574729319492727,1.4453088661400878e-08,OFFLOADED,0.0,Yes,0.0,0.0,0.0,False,False
4245,0.3011537194252014,1.5912914505310562e-31,0.7422170296350324,1.555192230017005e-09,OFFLOADED,1.0,No,1.0,1.0,0.0,False,False
4246,0.32245126366615295,1.6444392101776773e-24,0.7408677414585427,1.1166636259977104e-09,OFFLOADED,1.0,No,1.0,0.0,0.0,False,False
4247,0.3076130449771881,4.4712133882641166e-29,0.6102118363039032,1.9037610273132133e-22,OFFLOADED,1.0,No,1.0,1.0,1.0,False,False
4248,0.2697739005088806,1.756202772579811e-48,0.22346344231276405,4.5807732047235813e-63,OFFLOADED,1.0,No,1.0,1.0,1.0,False,False
4249,0.252070814371109,3.892977305506116e-67,0.4008404635225474,7.544472479058425e-47,OFFLOADED,1.0,No,1.0,1.0,1.0,False,False
4250,0.2535434663295746,4.38486822340849e-65,0.5651189908476368,1.4027541992650545e-27,OFFLOADED,1.0,No,1.0,1.0,1.0,False,False
4251,0.30531150102615356,6.7635077265804e-30,0.7103771756469796,1.5054092367405905e-12,OFFLOADED,1.0,No,1.0,1.0,0.0,False,False
4252,0.29327917098999023,5.669907976806093e-35,0.2609031686709875,6.330049164791026e-61,OFFLOADED,1.0,No,1.0,1.0,1.0,False,False
4253,0.9396465420722961,0.9999881087738458,0.8638040787876957,0.0295462716187691,OFFLOADED,0.0,Yes,0.0,0.0,0.0,True,False
4254,0.8298201560974121,0.9604697958035867,0.6725762580394169,3.196401025311711e-16,OFFLOADED,1.0,No,1.0,1.0,1.0,False,False
4255,0.31112396717071533,7.268146881494159e-28,0.3400361237684305,1.298478413999526e-53,OFFLOADED,1.0,No,1.0,1.0,0.0,False,False
4256,0.8628454804420471,0.994749654094979,1.0,1.0,ACCEPTED,0.0,Yes,0.0,0.0,0.0,True,True
4257,0.8246129751205444,0.9491908543263752,0.6473768485266939,7.383697290744573e-19,OFFLOADED,1.0,No,1.0,1.0,1.0,True,False
4258,0.2659200429916382,1.4677453091116346e-51,0.29209806145139294,2.0499774885534853e-58,OFFLOADED,1.0,No,1.0,1.0,1.0,False,False
4259,0.3270288109779358,3.7154280103893454e-23,0.27770056037042795,1.7606015702597842e-59,OFFLOADED,1.0,No,1.0,1.0,1.0,False,False
4260,0.25455284118652344,3.880404961320407e-64,0.8476473100373869,0.006784336881098515,OFFLOADED,1.0,No,1.0,1.0,1.0,False,False
4261,0.27777403593063354,2.160849845647218e-43,0.6996963055106677,1.3808930279753745e-13,OFFLOADED,1.0,No,1.0,1.0,1.0,False,False
4262,0.2932005822658539,4.3684033817263774e-35,0.33714936411480007,5.614624679681839e-54,OFFLOADED,1.0,No,1.0,1.0,1.0,False,False
4263,0.2572801113128662,1.4544771553205404e-60,0.2662415336432093,1.42299966894928e-60,OFFLOADED,1.0,No,0.0,1.0,1.0,False,False
4264,0.3528439402580261,1.2542289133454834e-18,0.3583977255783985,8.997378783658701e-52,OFFLOADED,1.0,No,1.0,1.0,1.0,False,False
4265,0.6370965242385864,0.09038446181193448,0.503164146111332,2.7362374252865723e-35,OFFLOADED,1.0,No,1.0,1.0,1.0,False,False
4266,0.6153655648231506,0.02667468877756978,0.570478001544074,5.438714106468879e-27,OFFLOADED,1.0,No,1.0,1.0,1.0,False,False
4267,0.8978278040885925,0.9997151398608277,0.9870018790976706,0.9997964375214954,ACCEPTED,0.0,Yes,0.0,0.0,0.0,True,True
4268,0.25541988015174866,3.758814736960921e-63,1.0,1.0,OFFLOADED,0.0,Yes,0.0,0.0,0.0,False,True
4269,0.25814199447631836,1.6442640074683376e-59,0.8563642756344212,0.014688868201291921,OFFLOADED,1.0,No,1.0,1.0,0.0,False,False
4270,0.5116304159164429,1.4593609108150718e-05,0.6417359328287712,1.6468376030267698e-19,OFFLOADED,1.0,No,1.0,1.0,0.0,False,False
4271,0.33356040716171265,1.1756005607486197e-21,0.583279519876474,9.266570826532854e-26,OFFLOADED,1.0,No,1.0,1.0,1.0,False,False
4272,0.6024091839790344,0.013169348084836994,0.6849252145115194,6.697967586962523e-15,OFFLOADED,1.0,No,1.0,0.0,0.0,False,False
4273,0.25139570236206055,3.887940442918482e-68,0.8818839544842966,0.1314808764552101,OFFLOADED,1.0,No,0.0,1.0,1.0,False,False
4274,0.3518725335597992,6.491666866345832e-19,0.853310585458852,0.00987276528818809,OFFLOADED,1.0,No,1.0,0.0,0.0,False,False
4275,0.28948915004730225,4.635261478018254e-37,0.864368197461051,0.029647817613606842,OFFLOADED,1.0,No,1.0,0.0,0.0,False,False
4276,0.6668885946273804,0.19684737721572712,0.8898954046064685,0.22235184490918597,OFFLOADED,1.0,No,1.0,1.0,1.0,False,False
4277,0.5645383596420288,0.0009361006637887786,0.5884507878796491,2.989866396526369e-25,OFFLOADED,1.0,No,1.0,1.0,1.0,False,False
4278,0.37190166115760803,3.412255171342919e-16,0.8131763523692794,9.424792133308962e-05,OFFLOADED,1.0,No,1.0,1.0,0.0,False,False
4279,0.2520550787448883,1.027257613796207e-67,0.32871625039239644,4.060044411226845e-55,OFFLOADED,1.0,No,1.0,1.0,1.0,False,False
4280,0.29235750436782837,8.97134370887496e-36,0.4067460333702623,1.0927057059344183e-46,OFFLOADED,1.0,No,1.0,1.0,1.0,False,False
4281,0.8977727293968201,0.999726693387318,0.7997886322246965,7.490691737202505e-06,OFFLOADED,1.0,No,1.0,1.0,1.0,True,False
4282,0.4455045759677887,6.249118300240861e-09,0.35333519607911706,1.2308780196094002e-52,OFFLOADED,1.0,No,1.0,1.0,1.0,False,False
4283,0.7747224569320679,0.824391973854768,0.9082121493498353,0.43002749967968695,OFFLOADED,1.0,No,1.0,1.0,0.0,True,False
4284,0.25953811407089233,2.938004536617527e-58,0.8058043516646602,1.9320355860633494e-05,OFFLOADED,1.0,No,1.0,1.0,0.0,False,False
4285,0.25933101773262024,1.6155041519186483e-58,0.4414671406075795,4.330991495205288e-43,OFFLOADED,1.0,No,1.0,1.0,1.0,False,False
4286,0.27862516045570374,3.5120187628958558e-43,0.19837877152294492,4.098018794915658e-65,OFFLOADED,1.0,No,1.0,1.0,1.0,False,False
4287,0.25727877020835876,5.105526110448103e-61,0.36798460647890224,3.8867204552734636e-51,OFFLOADED,1.0,No,1.0,1.0,1.0,False,False
4288,0.2599574625492096,7.378183461657077e-58,0.267831882991379,5.9604269975292276e-61,OFFLOADED,1.0,No,1.0,1.0,1.0,False,False
4289,0.4289163053035736,4.206143305001738e-10,0.6761179331036223,4.707866052875262e-16,OFFLOADED,1.0,No,0.0,1.0,1.0,False,False
4290,0.2880244553089142,6.050426952945313e-38,0.3971001610110198,7.046065963072798e-48,OFFLOADED,1.0,No,1.0,1.0,1.0,False,False
4291,0.2765473425388336,1.196744067712283e-44,1.0,1.0,OFFLOADED,1.0,No,0.0,1.0,1.0,False,True
4292,0.28789183497428894,4.917252041392203e-38,0.293256416639909,5.393859119477653e-59,OFFLOADED,1.0,No,1.0,1.0,1.0,False,False
4293,0.3459051549434662,5.0065678919762503e-20,0.8714173080458482,0.04805488616623267,OFFLOADED,1.0,No,1.0,1.0,0.0,False,False
4294,0.27275949716567993,4.578168827322855e-47,0.29784325621917296,1.086980713440124e-58,OFFLOADED,1.0,No,1.0,1.0,1.0,False,False
4295,0.28161412477493286,1.4877184311567362e-41,0.4108296672747738,1.8992513306565153e-46,OFFLOADED,1.0,No,1.0,1.0,1.0,False,False
4296,0.2516719698905945,1.701122296452354e-68,0.7630830222989765,1.758033469803454e-08,OFFLOADED,1.0,No,1.0,1.0,1.0,False,False
4297,0.5161723494529724,1.4941700611252193e-05,0.5008511764095536,5.2006700925809434e-36,OFFLOADED,1.0,No,1.0,1.0,1.0,False,False
4298,0.47742486000061035,3.8530099557981396e-07,0.6592108940614124,4.5331959370602646e-18,OFFLOADED,1.0,No,0.0,1.0,0.0,False,False
4299,0.2727299928665161,3.435570344630335e-47,0.45456963631403374,1.1932418009315432e-41,OFFLOADED,1.0,No,1.0,1.0,1.0,False,False
4300,0.38128700852394104,4.8332083440110735e-15,0.43557351519548304,8.095013644848682e-44,OFFLOADED,1.0,No,1.0,1.0,1.0,False,False
4301,0.33117732405662537,1.8739819207284768e-22,0.7057703131701336,2.938358320188398e-13,OFFLOADED,1.0,No,1.0,0.0,0.0,False,False
4302,0.2772558927536011,2.388093292328139e-44,0.8797260884968187,0.0912703022935277,OFFLOADED,1.0,No,1.0,0.0,0.0,False,False
4303,0.6837335824966431,0.2893330833315663,0.9000058864814598,0.29830335199756086,ACCEPTED,0.0,Yes,0.0,0.0,0.0,True,True
4304,0.27411317825317383,2.8163899544124034e-46,0.6205237665813254,4.499684133807547e-22,OFFLOADED,1.0,No,0.0,1.0,1.0,False,False
4305,0.4687299132347107,1.3419257282506718e-07,0.861369791710358,0.01755452512604923,OFFLOADED,1.0,No,1.0,1.0,1.0,False,False
4306,0.29698824882507324,3.907225257875674e-34,0.7450134973605284,1.2302591791578097e-09,OFFLOADED,1.0,No,1.0,1.0,1.0,False,False
4307,0.8819589614868164,0.9988251032768388,0.7987469244661739,4.695040451763172e-06,OFFLOADED,0.0,Yes,0.0,0.0,0.0,True,False
4308,0.9543538093566895,0.9999929157301517,0.9619059671657457,0.9898407286861758,ACCEPTED,0.0,Yes,0.0,0.0,0.0,True,True
4309,0.27795878052711487,6.335920134862319e-44,0.12329135765661486,2.142991499766138e-67,OFFLOADED,1.0,No,1.0,1.0,1.0,False,False
4310,0.7766359448432922,0.8223630763632962,0.8240950448428161,0.0003843669984078302,OFFLOADED,1.0,No,1.0,0.0,0.0,True,False
4311,0.3879389464855194,3.380782793457203e-14,0.7096266849856232,5.531839209710494e-13,OFFLOADED,1.0,No,1.0,0.0,0.0,False,False
4312,0.38836410641670227,3.559566080897209e-14,0.4971576503997462,1.1413757566249564e-36,OFFLOADED,1.0,No,1.0,1.0,1.0,False,False
4313,0.26725631952285767,1.4728769771625432e-51,0.4552038684382862,9.107006157248834e-42,OFFLOADED,1.0,No,1.0,1.0,1.0,False,False
4314,0.28111323714256287,4.964596236208673e-42,0.7048930710066285,1.962412740887491e-13,OFFLOADED,1.0,No,0.0,0.0,1.0,False,False
4315,0.6438729166984558,0.10716252086663679,0.9763546321466189,0.9985013945517891,OFFLOADED,1.0,No,1.0,1.0,0.0,False,True
4316,0.4983440935611725,4.264349418461127e-06,0.936088928586588,0.899943318075697,OFFLOADED,0.0,Yes,0.0,0.0,0.0,False,True
4317,0.8969190120697021,0.9996798033045848,0.8943387668451009,0.2569141830965714,OFFLOADED,1.0,No,1.0,1.0,1.0,True,False
4318,0.7990162372589111,0.8766547229455975,0.903178760400722,0.33837850164266675,ACCEPTED,1.0,No,1.0,1.0,1.0,True,True
4319,0.2573521137237549,1.820985041737027e-61,0.4860833250412206,4.934465735286276e-38,OFFLOADED,1.0,No,1.0,1.0,1.0,False,False
4320,0.25319740176200867,9.515433522295784e-67,0.20554450928884274,2.0823702311486026e-65,OFFLOADED,1.0,No,1.0,1.0,1.0,False,False
4321,0.3066341280937195,5.404923573968003e-30,0.5572669998265544,2.069024953998431e-29,OFFLOADED,1.0,No,1.0,1.0,0.0,False,False
4322,0.5373036861419678,0.00010756093503557743,0.8613409972310029,0.01529486945056283,OFFLOADED,1.0,No,1.0,0.0,0.0,False,False
4323,0.3471203148365021,4.6914560643361485e-20,0.47719200269941936,3.570053577120207e-39,OFFLOADED,1.0,No,1.0,1.0,1.0,False,False
4324,0.3571614921092987,2.2089647626038054e-18,0.7088351024612488,3.677449822864299e-13,OFFLOADED,1.0,No,1.0,1.0,1.0,False,False
4325,0.26594141125679016,1.2832562332430884e-52,0.1747407485341305,8.186260775700632e-67,OFFLOADED,1.0,No,1.0,1.0,1.0,False,False
4326,0.46768850088119507,1.012689340090217e-07,0.6556631605730928,1.2135848163258158e-18,OFFLOADED,1.0,No,0.0,1.0,1.0,False,False
4327,0.33745303750038147,2.1395664761361555e-21,0.46444139429550885,8.056167089037579e-41,OFFLOADED,1.0,No,1.0,1.0,1.0,False,False
4328,0.31264153122901917,5.208541273978874e-28,0.6104649326208904,3.571463581176916e-23,OFFLOADED,1.0,No,1.0,1.0,1.0,False,False
4329,0.3060941994190216,2.344592640543396e-30,0.61069044227663,3.549324277618855e-23,OFFLOADED,1.0,No,0.0,1.0,1.0,False,False
4330,0.6117159128189087,0.01858613855660941,0.8118717358344348,4.744052027581364e-05,OFFLOADED,1.0,No,1.0,1.0,0.0,False,False
4331,0.31562483310699463,4.12146248136999e-27,0.8811656929635708,0.09446599947714446,OFFLOADED,1.0,No,1.0,0.0,0.0,False,False
4332,0.6457823514938354,0.10723146325621842,0.7785176409800979,1.404750159034101e-07,OFFLOADED,1.0,No,0.0,1.0,0.0,False,False
4333,0.8947891592979431,0.9995708851753632,0.9335348202710345,0.8776155379226206,ACCEPTED,1.0,No,1.0,1.0,0.0,True,True
4334,0.0,0.0,0.7124929128146974,8.954006194308819e-13,OFFLOADED,0.0,Yes,0.0,0.0,0.0,False,False
4335,0.2707172632217407,3.9731151269208754e-49,0.664510627288556,9.11026516788502e-18,OFFLOADED,1.0,No,1.0,0.0,0.0,False,False
4336,0.40558475255966187,1.5717847739285387e-12,1.0,1.0,OFFLOADED,1.0,No,1.0,0.0,0.0,False,True
4337,0.2863290011882782,1.6846528018184385e-39,0.5913557166630504,2.0533627485774846e-25,OFFLOADED,1.0,No,1.0,0.0,0.0,False,False
4338,0.5729346871376038,0.0015298187091639082,0.8008268286159005,5.297241301912316e-06,OFFLOADED,1.0,No,1.0,1.0,0.0,False,False
4339,0.26024264097213745,2.0848962840179333e-58,0.43933689761544764,4.74894962146582e-44,OFFLOADED,1.0,No,1.0,1.0,1.0,False,False
4340,0.4374099671840668,1.053739883145212e-09,0.8481383823437684,0.0035642807356109467,OFFLOADED,1.0,No,1.0,0.0,0.0,False,False
4341,0.3245183229446411,1.1030702150948843e-24,0.7843840173756332,3.5424711464659986e-07,OFFLOADED,1.0,No,1.0,1.0,0.0,False,False
4342,0.774480402469635,0.8012841427577735,0.8160966510224212,0.00010196711290058982,OFFLOADED,1.0,No,1.0,1.0,0.0,True,False
4343,0.25852856040000916,1.9758771978156947e-60,0.6620869349980697,3.666738350276317e-18,OFFLOADED,1.0,No,1.0,0.0,1.0,False,False
4344,0.0,0.0,0.9730239239954682,0.996958230775994,OFFLOADED,0.0,Yes,0.0,0.0,0.0,False,True
4345,0.8402934074401855,0.9637241389905252,0.9365817682970614,0.9000217033961576,ACCEPTED,0.0,Yes,0.0,0.0,0.0,True,True
4346,0.3640933334827423,1.556091604705162e-17,0.8656432237979709,0.02210265899055757,OFFLOADED,1.0,No,1.0,1.0,0.0,False,False
4347,0.8900330066680908,0.9993312840272716,0.8269737501013941,0.0003608656579181516,OFFLOADED,0.0,Yes,0.0,0.0,0.0,True,False
4348,0.2696347236633301,4.517198640364229e-50,0.3788922345209345,5.552225041174603e-51,OFFLOADED,1.0,No,0.0,1.0,1.0,False,False
4349,0.30724263191223145,3.726998635929901e-30,0.3761916646657176,2.5441399784545094e-51,OFFLOADED,1.0,No,1.0,1.0,1.0,False,False
4350,0.2805522382259369,8.099004369485777e-43,0.438196843449295,2.8212343659862773e-44,OFFLOADED,1.0,No,1.0,1.0,1.0,False,False
4351,0.6860755085945129,0.3026462103219996,0.5757620332746799,1.954755771167836e-27,OFFLOADED,0.0,Yes,0.0,0.0,0.0,True,False
4352,0.30035725235939026,5.850784366744408e-33,0.706125191064546,1.3699452859147851e-13,OFFLOADED,1.0,No,1.0,1.0,1.0,False,False
4353,0.9387134313583374,0.9999864381900913,1.0,1.0,ACCEPTED,0.0,Yes,0.0,0.0,0.0,True,True
4354,0.8089226484298706,0.899171987754447,0.9726468040655231,0.9971168076396358,OFFLOADED,1.0,No,1.0,1.0,0.0,False,True
4355,0.8694283366203308,0.996374170109499,0.7350736153472212,9.656877854964641e-11,OFFLOADED,0.0,Yes,0.0,0.0,0.0,True,False
4356,0.9054468274116516,0.9998543501624204,0.8463418963727923,0.0027428480691635733,OFFLOADED,1.0,No,1.0,1.0,0.0,True,False
4357,0.2797383666038513,2.64680943398022e-43,0.7595051047566754,5.7039694951496366e-09,OFFLOADED,1.0,No,1.0,0.0,0.0,False,False
4358,0.8249207139015198,0.9346360417111654,0.7864926259852925,4.6558942597165564e-07,OFFLOADED,0.0,Yes,0.0,0.0,0.0,True,False
4359,0.8167951703071594,0.9196522110779792,0.8272053677970352,0.0003690053563114161,OFFLOADED,1.0,No,1.0,1.0,1.0,False,False
4360,0.6594277620315552,0.15268510321625064,0.939784555644974,0.9226124353505231,ACCEPTED,0.0,Yes,0.0,0.0,0.0,True,True
4361,0.5697588324546814,0.001152654166588417,0.8006335831812562,3.864479945997232e-06,OFFLOADED,1.0,No,0.0,0.0,1.0,False,False
4362,0.3817736804485321,3.1133423221263945e-15,0.7896029933796129,7.407984984439002e-07,OFFLOADED,1.0,No,1.0,1.0,0.0,False,False
4363,0.3887394368648529,2.5061901054470698e-14,0.5264884166915057,1.012047367070301e-33,OFFLOADED,1.0,No,1.0,1.0,1.0,False,False
4364,0.35238778591156006,2.1993013697584335e-19,0.5240991502886001,5.133948086998404e-34,OFFLOADED,1.0,No,0.0,1.0,1.0,False,False
4365,0.41631603240966797,1.883785588320203e-11,0.526853984966377,1.0430651027876197e-33,OFFLOADED,1.0,No,1.0,1.0,1.0,False,False
4366,0.296216756105423,5.328619259014847e-35,0.6984526334240028,1.8414088430153226e-14,OFFLOADED,1.0,No,0.0,1.0,1.0,False,False
4367,0.5332673788070679,5.457215346563615e-05,0.8992530679724955,0.2774608115634768,OFFLOADED,1.0,No,1.0,1.0,1.0,False,True
4368,0.25435754656791687,3.0162618011291435e-66,0.6413124975329811,1.8231721557475753e-20,OFFLOADED,1.0,No,1.0,0.0,0.0,False,False
4369,0.9457213282585144,0.999989732105066,0.792689880000692,1.0833298387749393e-06,OFFLOADED,1.0,No,1.0,1.0,1.0,True,False
4370,0.41420799493789673,1.0247162999466991e-11,0.5771706981971988,1.852823851438914e-27,OFFLOADED,1.0,No,1.0,1.0,1.0,False,False
4371,0.3589816987514496,2.3486045336223477e-18,0.3025907329624832,1.6110530377831976e-59,OFFLOADED,1.0,No,1.0,1.0,1.0,False,False
4372,0.8261187672615051,0.9387694779150616,0.5661239444426642,9.882507477290914e-29,OFFLOADED,1.0,No,1.0,1.0,1.0,True,False
4373,0.3908379375934601,3.4005273918925474e-14,0.6675204449236841,9.11911866530815e-18,OFFLOADED,1.0,No,1.0,1.0,1.0,False,False
4374,0.2735033333301544,1.4675739214236286e-47,0.3908374605428243,8.426145855357124e-50,OFFLOADED,1.0,No,1.0,1.0,1.0,False,False
4375,0.3934260308742523,6.333104534730296e-14,0.79764739184295,1.985014963574318e-06,OFFLOADED,1.0,No,1.0,1.0,0.0,False,False
4376,0.2761126160621643,4.330981133614122e-46,0.42164559054495937,2.024543612731402e-46,OFFLOADED,1.0,No,1.0,1.0,1.0,False,False
4377,0.2896483242511749,4.363572926609118e-38,0.6175285082459665,5.117082668573173e-23,OFFLOADED,1.0,No,1.0,1.0,1.0,False,False
4378,0.31110092997550964,5.412462118222659e-29,0.4474127764911174,1.130512550296054e-43,OFFLOADED,1.0,No,1.0,0.0,0.0,False,False
4379,0.3714678883552551,8.078248926532846e-17,0.8363347039510214,0.0009568897075848763,OFFLOADED,1.0,No,1.0,1.0,1.0,False,False
4380,0.2530808448791504,5.837818565625701e-68,0.27228918574403027,3.996097429299345e-62,OFFLOADED,1.0,No,0.0,1.0,1.0,False,False
4381,0.2632206082344055,1.6131914244578388e-55,0.3066564441590158,2.7016119534337984e-59,OFFLOADED,1.0,No,0.0,1.0,1.0,False,False
4382,0.278912752866745,3.4605422202041674e-44,0.37364369966765726,4.5045040113656395e-52,OFFLOADED,1.0,No,1.0,1.0,1.0,False,False
4383,0.26858511567115784,1.7858357669674744e-51,0.8652006049132249,0.01903258406127467,OFFLOADED,1.0,No,1.0,0.0,0.0,False,False
4384,0.2522600293159485,2.3195402383475183e-69,0.5644102718535798,3.973821988216462e-29,OFFLOADED,1.0,No,1.0,1.0,1.0,False,False
4385,0.2529234290122986,2.7750979115243915e-68,0.6786163667923587,1.8999061510990338e-16,OFFLOADED,1.0,No,0.0,1.0,1.0,False,False
4386,0.3016015887260437,1.1337008640700647e-32,0.6730299064299219,3.465263632720329e-17,OFFLOADED,1.0,No,1.0,0.0,0.0,False,False
4387,0.3749559819698334,2.13861381974926e-16,0.42003615300506014,8.102227935506932e-47,OFFLOADED,1.0,No,1.0,1.0,1.0,False,False
4388,0.2794824242591858,7.113658115825862e-44,0.7332760619027111,4.310446340057955e-11,OFFLOADED,1.0,No,1.0,0.0,0.0,False,False
4389,0.28113019466400146,6.375160578227184e-43,0.5546350065849404,1.3718026014615152e-30,OFFLOADED,1.0,No,1.0,1.0,0.0,False,False
4390,0.40781715512275696,2.0435170786849213e-12,0.7126219471273124,4.701147543843133e-13,OFFLOADED,1.0,No,1.0,1.0,0.0,False,False
4391,0.6108067631721497,0.01688729730425717,0.8512985288919003,0.0038383363681300194,OFFLOADED,1.0,No,1.0,0.0,0.0,False,False
4392,0.6149915456771851,0.020174662785948982,0.6369961396102638,3.678553973472848e-21,OFFLOADED,1.0,No,1.0,1.0,1.0,False,False
4393,0.41992127895355225,3.13126958659656e-11,0.2987781735361378,2.2076194442547692e-60,OFFLOADED,1.0,No,1.0,1.0,1.0,False,False
4394,0.52627032995224,2.28749055054594e-05,0.5156998611062612,1.7323501060258216e-35,OFFLOADED,1.0,No,1.0,1.0,1.0,False,False
4395,0.2648022174835205,1.4608067800879307e-54,0.21462087720886652,2.3644235511146324e-66,OFFLOADED,1.0,No,1.0,1.0,1.0,False,False
4396,0.25738924741744995,8.648562974745275e-63,0.47029780364496665,6.356119154194432e-41,OFFLOADED,1.0,No,1.0,1.0,1.0,False,False
4397,0.5206705331802368,1.2451389757345843e-05,0.7684349655075204,1.0115339288859224e-08,OFFLOADED,0.0,Yes,0.0,0.0,0.0,False,False
4398,0.2681867778301239,4.843862157586018e-52,0.17660308719122747,4.169313809671999e-68,OFFLOADED,1.0,No,1.0,1.0,0.0,False,False
4399,0.5937198400497437,0.005738267982053283,0.8055282910441827,6.841538534036084e-06,OFFLOADED,1.0,No,0.0,0.0,1.0,False,False
4400,0.4513553977012634,6.619871926654643e-09,0.3809077128471348,1.4504974867363696e-51,OFFLOADED,1.0,No,1.0,1.0,1.0,False,False
4401,0.9147571921348572,0.9999261832990527,0.9691954117825206,0.9958875429726177,ACCEPTED,1.0,No,1.0,1.0,0.0,True,True
4402,0.32936134934425354,9.762728432163882e-24,0.4499579315569178,1.185009622225658e-43,OFFLOADED,1.0,No,1.0,1.0,1.0,False,False
4403,0.938534140586853,0.999984205201626,0.747922703318087,6.405487335856635e-10,OFFLOADED,0.0,Yes,0.0,0.0,0.0,True,False
4404,0.3996046483516693,2.0184065134047715e-13,0.9284186221474816,0.8167072900629853,OFFLOADED,1.0,No,1.0,0.0,1.0,False,True
4405,0.33128494024276733,2.992829824651118e-23,0.410970179444492,4.378384597630449e-48,OFFLOADED,1.0,No,1.0,1.0,1.0,False,False
4406,0.3563426434993744,3.836403912372326e-19,0.987593751448089,0.9998069926955698,OFFLOADED,0.0,Yes,0.0,0.0,0.0,False,True
4407,0.3486693501472473,1.7950084672250606e-20,0.5701877487785595,1.827668315454104e-28,OFFLOADED,1.0,No,0.0,1.0,1.0,False,False
4408,0.2663671374320984,1.3285263534154559e-53,0.2621086251262866,1.2924577170648677e-63,OFFLOADED,1.0,No,1.0,1.0,1.0,False,False
4409,0.6809571981430054,0.27384437777082304,0.6228963120887634,1.12810428443247e-22,OFFLOADED,1.0,No,1.0,1.0,0.0,True,False
4410,0.3700568974018097,3.00227408215497e-17,0.783050431885994,1.3990754680858777e-07,OFFLOADED,0.0,Yes,0.0,0.0,0.0,False,False
4411,0.744954526424408,0.6960223911103384,0.8030632036757008,4.308756588512833e-06,OFFLOADED,0.0,Yes,0.0,0.0,0.0,True,False
4412,0.6161272525787354,0.019676296692556484,0.7197004550317064,2.892659019439731e-12,OFFLOADED,1.0,No,1.0,1.0,1.0,False,False
4413,0.2666461765766144,1.8859856660314203e-53,0.21222285015013884,1.2334720821993537e-66,OFFLOADED,1.0,No,1.0,1.0,1.0,False,False
4414,0.48234495520591736,4.0198017276832796e-07,0.8396110298440944,0.0011425500156475716,OFFLOADED,0.0,Yes,0.0,0.0,0.0,False,False
4415,0.2651336193084717,1.6876205521647898e-54,0.6352690531978279,2.902040490035409e-21,OFFLOADED,1.0,No,1.0,1.0,1.0,False,False
4416,0.28117635846138,3.91957990160952e-43,0.523476553065086,1.2991484749436013e-34,OFFLOADED,1.0,No,1.0,1.0,1.0,False,False
4417,0.5406421422958374,9.375090318211913e-05,0.8775422845896897,0.05810728730641319,OFFLOADED,1.0,No,1.0,0.0,0.0,False,False
4418,0.8477781414985657,0.9769924036319656,0.9782861265235614,0.9989729875241371,ACCEPTED,0.0,Yes,0.0,0.0,0.0,True,True
4419,0.27329689264297485,2.9111919225931153e-48,0.29525042463617496,6.994020650552045e-61,OFFLOADED,1.0,No,1.0,1.0,1.0,False,False
4420,0.46203067898750305,2.4502310423836556e-08,0.6377924567828481,4.611752482348387e-21,OFFLOADED,1.0,No,0.0,1.0,1.0,False,False
4421,0.26918184757232666,2.363364052683938e-51,0.40638616266027894,1.1323732066598919e-48,OFFLOADED,1.0,No,1.0,1.0,1.0,False,False
4422,0.26152366399765015,8.371809619241163e-58,0.24835132053316122,9.109195880074459e-65,OFFLOADED,1.0,No,1.0,1.0,1.0,False,False
4423,0.8694456219673157,0.9966866192573026,0.7068057643618855,8.927095930045221e-14,OFFLOADED,0.0,Yes,0.0,0.0,0.0,True,False
4424,0.26224997639656067,3.957036123872668e-57,0.28763120530938474,1.887454488179345e-61,OFFLOADED,1.0,No,1.0,1.0,1.0,False,False
4425,0.6653812527656555,0.17601057463617054,0.8473364824218947,0.002279885534882148,OFFLOADED,0.0,Yes,0.0,0.0,0.0,False,False
4426,0.2705193758010864,2.4029938898042372e-50,0.8680405858172464,0.02210897855665763,OFFLOADED,1.0,No,1.0,1.0,1.0,False,False
4427,0.31542256474494934,7.371068251176981e-28,0.3230400911185357,5.95241512073252e-58,OFFLOADED,1.0,No,1.0,1.0,1.0,False,False
4428,0.7506852149963379,0.7322386025769483,0.7674339373667033,9.702922033284576e-09,OFFLOADED,0.0,Yes,0.0,0.0,0.0,True,False
4429,0.4607256054878235,2.0010191238000346e-08,0.5203414328001286,5.430167458037123e-35,OFFLOADED,1.0,No,1.0,1.0,1.0,False,False
4430,0.6701558828353882,0.21188175775671386,0.6148859184148973,1.9224353849254622e-23,OFFLOADED,1.0,No,1.0,1.0,1.0,False,False
4431,0.33853840827941895,6.766171324534252e-22,0.40845880215605745,1.7731143485692167e-48,OFFLOADED,1.0,No,1.0,1.0,1.0,False,False
4432,0.9537783861160278,0.9999927528267011,0.9676858106313264,0.9948803513087945,ACCEPTED,0.0,Yes,0.0,0.0,0.0,True,True
4433,0.8132645487785339,0.911857866284317,1.0,1.0,ACCEPTED,0.0,Yes,0.0,0.0,0.0,True,True
4434,0.27018192410469055,1.1045555666568576e-50,0.4819431406689164,1.2462973149519966e-39,OFFLOADED,1.0,No,1.0,1.0,1.0,False,False
4435,0.6953494548797607,0.38732478678330595,0.9376347889744211,0.9097635794798026,OFFLOADED,0.0,Yes,0.0,0.0,0.0,False,True
4436,0.27694448828697205,4.739194883543566e-46,0.5539148994913491,8.523175818114665e-31,OFFLOADED,1.0,No,1.0,1.0,1.0,False,False
4437,0.2710084617137909,4.07488022767203e-50,0.3458352004832133,1.1373935946127379e-55,OFFLOADED,1.0,No,1.0,1.0,1.0,False,False
4438,0.42016172409057617,2.4386026490858126e-11,0.31604387346128826,6.510783102609771e-59,OFFLOADED,1.0,No,0.0,0.0,1.0,False,False
4439,0.0,0.0,0.8381364065613378,0.0009873793351348034,OFFLOADED,0.0,Yes,0.0,0.0,0.0,False,False
4440,0.42949655652046204,1.752074279740433e-10,0.5259360800286617,2.20971497666273e-34,OFFLOADED,1.0,No,1.0,1.0,1.0,False,False
4441,0.5675795078277588,0.0007386266733676621,0.6237081683464544,1.5273506384912663e-22,OFFLOADED,0.0,Yes,0.0,0.0,0.0,False,False
4442,0.7942884564399719,0.8587820101392599,0.7379671875771178,1.2754571634080645e-10,OFFLOADED,0.0,Yes,0.0,0.0,0.0,True,False
4443,0.37373918294906616,7.830142468913035e-17,0.9900876620101883,0.9998868769812885,OFFLOADED,1.0,No,1.0,0.0,0.0,False,True
4444,0.31401726603507996,2.15962726390971e-28,0.27387106324721766,1.0532305437456145e-62,OFFLOADED,1.0,No,1.0,1.0,1.0,False,False
4445,0.2967643737792969,1.806884078137665e-35,0.368705776154608,4.0443605203190866e-53,OFFLOADED,1.0,No,1.0,1.0,1.0,False,False
4446,0.3431262671947479,2.7923587700683398e-21,0.8668259255919243,0.018885622693788493,OFFLOADED,1.0,No,1.0,1.0,1.0,False,False
4447,0.3986648917198181,1.2484318807409073e-13,0.9837277916824173,0.9996529624940909,OFFLOADED,0.0,Yes,0.0,0.0,0.0,False,True
4448,0.40848690271377563,1.4633868915638851e-12,0.4691863325880323,3.3838326012824576e-41,OFFLOADED,1.0,No,1.0,1.0,1.0,False,False
4449,0.8679666519165039,0.9970163250726014,0.6648185727443857,3.8318000894498185e-18,OFFLOADED,0.0,Yes,0.0,0.0,0.0,True,False
4450,0.48228761553764343,4.5007849100595676e-07,0.5745960808968517,5.7904422799785095e-28,OFFLOADED,1.0,No,1.0,1.0,1.0,False,False
4451,0.33893322944641113,6.248103180321762e-22,0.48525015878522926,2.910474643554262e-39,OFFLOADED,1.0,No,1.0,1.0,1.0,False,False
4452,0.6327399611473083,0.061812609311353836,0.9047354192195127,0.3276631867865075,OFFLOADED,0.0,Yes,0.0,0.0,0.0,False,False
4453,0.6172341108322144,0.02260859926230525,0.8238102899429433,0.00020053404198642474,OFFLOADED,1.0,No,1.0,1.0,0.0,False,False
4454,0.39090991020202637,1.5957744732867212e-14,0.4610465921664461,2.0531587833822198e-42,OFFLOADED,0.0,Yes,0.0,0.0,0.0,False,False
4455,0.4516648054122925,5.72538634547042e-09,0.9220951612217583,0.6715471863552074,OFFLOADED,1.0,No,1.0,0.0,1.0,False,False
4456,0.9150450825691223,0.9999477640480479,0.7126826487951591,5.241411280153674e-13,OFFLOADED,0.0,Yes,0.0,0.0,0.0,True,False
4457,0.2630617618560791,1.2993629076784028e-56,0.9815023062641562,0.9994981144331966,OFFLOADED,1.0,No,1.0,0.0,1.0,False,True
4458,0.3007572591304779,1.4400571722488636e-33,0.5583330812647188,4.201455313254301e-30,OFFLOADED,1.0,No,1.0,1.0,1.0,False,False
4459,0.34572523832321167,4.799964566097549e-21,0.36008914479349663,3.665787467720271e-54,OFFLOADED,1.0,No,1.0,1.0,1.0,False,False
4460,0.7576165795326233,0.7785088023981873,0.7725207157117221,2.4615450822136174e-08,OFFLOADED,0.0,Yes,0.0,0.0,0.0,False,False
4461,0.6259624361991882,0.04179089012033021,0.6916061015211519,3.872548548024474e-15,OFFLOADED,0.0,Yes,0.0,0.0,0.0,False,False
4462,0.4562321901321411,1.102004201119391e-08,0.48653140918606236,4.203371366652005e-39,OFFLOADED,1.0,No,1.0,1.0,1.0,False,False
4463,0.2609094977378845,5.585113793464326e-59,0.2767515894893979,1.4293092249630996e-62,OFFLOADED,1.0,No,1.0,1.0,1.0,False,False
4464,0.30634447932243347,2.654194376880961e-31,0.32898832607218936,1.963042187784496e-57,OFFLOADED,1.0,No,1.0,1.0,1.0,False,False
4465,0.27182528376579285,8.69796959112826e-50,0.395633884659592,5.8699026502995315e-50,OFFLOADED,1.0,No,1.0,1.0,1.0,False,False
4466,0.9010772109031677,0.9998409048827103,0.9028435278262261,0.30503047191615057,OFFLOADED,0.0,Yes,0.0,0.0,0.0,True,False
4467,0.9192824959754944,0.9999666421429287,0.8700040410304014,0.02683213530906278,OFFLOADED,0.0,Yes,0.0,0.0,0.0,True,False
4468,0.2767189145088196,1.6928435602543682e-46,0.6034192936096464,1.8708105420318684e-24,OFFLOADED,1.0,No,1.0,0.0,1.0,False,False
4469,0.3295833468437195,5.836769690890881e-24,0.9895220142184674,0.9998724168036239,OFFLOADED,0.0,Yes,0.0,0.0,0.0,False,True
4470,0.25093141198158264,1.7718274040342855e-71,0.546897913072148,1.098139384481841e-31,OFFLOADED,1.0,No,1.0,1.0,1.0,False,False
4471,0.2532893419265747,6.294340640445691e-69,0.3893298524648028,1.0660291058189683e-50,OFFLOADED,1.0,No,1.0,1.0,1.0,False,False
4472,0.8851976990699768,0.9993557389886362,0.6995706890769746,2.35169518887952e-14,OFFLOADED,0.0,Yes,0.0,0.0,0.0,True,False
4473,0.3223074972629547,4.4196288424930713e-26,1.0,1.0,OFFLOADED,1.0,No,1.0,0.0,1.0,False,True
4474,0.7757952213287354,0.830866046846223,0.8887208870595031,0.17184579761959487,OFFLOADED,0.0,Yes,0.0,0.0,0.0,True,False
4475,0.8957605957984924,0.999768021404802,0.8361626729000944,0.0009139867493547865,OFFLOADED,1.0,No,1.0,1.0,1.0,True,False
4476,0.8799459934234619,0.9990961080334959,0.6163383024234466,3.896614457470042e-23,OFFLOADED,0.0,Yes,0.0,0.0,0.0,True,False
4477,0.31869369745254517,4.107183644350869e-27,0.5935673086107893,1.3975276536667035e-25,OFFLOADED,0.0,Yes,0.0,0.0,0.0,False,False
4478,0.9700816869735718,0.9999976377214943,1.0,1.0,ACCEPTED,0.0,Yes,0.0,0.0,0.0,True,True
4479,0.6720353960990906,0.23180928136370701,0.7564163461986523,2.9564639952876736e-09,OFFLOADED,0.0,Yes,0.0,0.0,0.0,False,False
4480,0.3178196847438812,2.817401456058673e-27,0.5403844655865975,1.9405629632180243e-32,OFFLOADED,1.0,No,1.0,1.0,1.0,False,False
4481,0.3387371897697449,5.454524748732085e-22,0.4109097182972099,3.233689322135298e-48,OFFLOADED,1.0,No,1.0,1.0,1.0,False,False
4482,0.25829076766967773,1.898877141586229e-62,0.4170607481510996,1.7399087721230273e-47,OFFLOADED,1.0,No,1.0,1.0,1.0,False,False
4483,0.2602149546146393,3.017895268164662e-60,0.3472537608745094,1.4039806442888723e-55,OFFLOADED,1.0,No,1.0,1.0,1.0,False,False
4484,0.8472592830657959,0.9833018903641142,0.6349091004525415,4.092297065790408e-21,OFFLOADED,0.0,Yes,0.0,0.0,0.0,True,False
4485,0.293536514043808,7.806898840534502e-37,0.677809866177693,2.279142160336424e-16,OFFLOADED,1.0,No,1.0,0.0,0.0,False,False
4486,0.27043741941452026,6.85407061582972e-51,0.2235920086503552,1.560100700459866e-66,OFFLOADED,1.0,No,1.0,1.0,1.0,False,False
4487,0.26419293880462646,6.287531755888678e-56,0.34929836671361836,2.388352345552297e-55,OFFLOADED,1.0,No,1.0,1.0,1.0,False,False
4488,0.2554105222225189,1.8032658287485324e-66,0.2878047582496995,8.424590548197342e-62,OFFLOADED,1.0,No,1.0,1.0,1.0,False,False
4489,0.3134550452232361,1.089232849043718e-28,0.6646814136029111,5.20872185968078e-18,OFFLOADED,1.0,No,1.0,1.0,1.0,False,False
4490,0.2642003893852234,5.67938246350003e-56,0.5652136443015742,5.07863522936464e-29,OFFLOADED,1.0,No,1.0,1.0,1.0,False,False
4491,0.8871521949768066,0.9995673276113802,0.7191490568409696,3.2947824461712924e-12,OFFLOADED,1.0,No,1.0,1.0,1.0,True,False
4492,0.25688329339027405,1.5606028547369788e-64,0.6881049172383207,2.3768832291095637e-15,OFFLOADED,1.0,No,1.0,0.0,0.0,False,False
4493,0.2529747784137726,1.2515997871217544e-69,0.354702838996412,6.721819001342014e-55,OFFLOADED,1.0,No,1.0,1.0,1.0,False,False
4494,0.9638550877571106,0.9999972766986771,1.0,1.0,ACCEPTED,0.0,Yes,0.0,0.0,0.0,True,True
4495,0.2858998775482178,7.410356947379148e-41,0.35228002078483367,3.6415144570028625e-55,OFFLOADED,1.0,No,1.0,1.0,1.0,False,False
4496,0.8680952787399292,0.9977051738470467,0.801161482957578,3.228134616212048e-06,OFFLOADED,0.0,Yes,0.0,0.0,0.0,True,False
4497,0.37627124786376953,1.7993373356127155e-16,0.6670077013714922,8.01355292200247e-18,OFFLOADED,0.0,Yes,0.0,0.0,0.0,False,False
4498,0.2887061536312103,2.8302006015144526e-39,0.36742243844889877,2.1079366643130454e-53,OFFLOADED,1.0,No,1.0,1.0,1.0,False,False
4499,0.3530893325805664,1.0764548792573874e-19,0.3870187710323461,4.361709234897108e-51,OFFLOADED,1.0,No,1.0,1.0,1.0,False,False
4500,0.6607146263122559,0.1838832297663245,1.0,1.0,OFFLOADED,1.0,No,1.0,0.0,0.0,False,True
4501,0.4484165906906128,3.380647160100608e-09,0.6500587447501144,1.450162282913616e-19,OFFLOADED,1.0,No,1.0,1.0,1.0,False,False
4502,0.32550689578056335,3.992599121805851e-25,0.4875371521406318,5.164613641000174e-39,OFFLOADED,1.0,No,1.0,1.0,1.0,False,False
4503,0.2694450914859772,7.978218313038238e-52,0.5848316171685818,9.776159555053706e-27,OFFLOADED,1.0,No,1.0,0.0,0.0,False,False
4504,0.574658989906311,0.0016307550126531652,0.8462766942420352,0.0023193360416413253,OFFLOADED,0.0,Yes,0.0,0.0,0.0,False,False
4505,0.31864336133003235,3.615765491556073e-27,0.3909393933623433,1.3255963366556129e-50,OFFLOADED,1.0,No,0.0,1.0,1.0,False,False
4506,0.7621557116508484,0.8109045866296799,0.7778622858790525,7.429138888226136e-08,OFFLOADED,1.0,No,0.0,0.0,1.0,True,False
4507,0.34339672327041626,2.46721523590168e-21,0.5703998599602567,2.4229164697470117e-28,OFFLOADED,1.0,No,1.0,1.0,0.0,False,False
4508,0.3780193030834198,3.3538275793747863e-16,0.9199855072754833,0.6207799055823967,OFFLOADED,0.0,Yes,0.0,0.0,0.0,False,True
4509,0.2737857401371002,1.766866322776574e-48,0.52763631798391,3.8179017283262203e-34,OFFLOADED,1.0,No,1.0,1.0,1.0,False,False
4510,0.5050356388092041,5.191716287934284e-06,0.6725836231465251,4.095383333312413e-17,OFFLOADED,1.0,No,1.0,1.0,0.0,False,False
4511,0.2830342948436737,1.9016328395596665e-42,0.6622741980053282,2.508137984385345e-18,OFFLOADED,1.0,No,1.0,1.0,1.0,False,False
4512,0.9639454483985901,0.9999974405534037,0.9335846175926906,0.8820338694217691,ACCEPTED,0.0,Yes,0.0,0.0,0.0,True,True
4513,0.275642454624176,1.930719352967997e-47,0.614829356787948,2.5923219286991264e-23,OFFLOADED,1.0,No,0.0,1.0,1.0,False,False
4514,0.2915262281894684,5.859620589832083e-38,0.24443609982885395,8.56326071857417e-66,OFFLOADED,1.0,No,1.0,1.0,1.0,False,False
4515,0.4684746265411377,7.235339394892618e-08,0.48195523312285254,7.563845779154095e-40,OFFLOADED,1.0,No,1.0,1.0,1.0,False,False
4516,0.9284679889678955,0.9999870658256625,0.9136304797841982,0.5202895542526945,OFFLOADED,1.0,No,1.0,1.0,1.0,True,False
4517,0.7202516794204712,0.608144623446466,0.8222626542409447,0.0001874237735104211,OFFLOADED,0.0,Yes,0.0,0.0,0.0,True,False
4518,0.3112967610359192,1.2672622120343227e-29,0.47634694044371384,1.374129352936303e-40,OFFLOADED,1.0,No,1.0,1.0,1.0,False,False
4519,0.378015398979187,3.231154721849249e-16,0.7117592051227972,5.373293799707783e-13,OFFLOADED,1.0,No,1.0,1.0,1.0,False,False
4520,0.3652079105377197,5.8716872099872475e-18,0.4141407502216102,3.34191362808692e-48,OFFLOADED,1.0,No,1.0,1.0,1.0,False,False
4521,0.5902863144874573,0.004892541339186194,0.8204735048061259,0.0001676862359495453,OFFLOADED,1.0,No,1.0,0.0,0.0,False,False
4522,0.2573503851890564,2.5156058927320703e-64,0.6336426556119346,2.335600789300226e-21,OFFLOADED,1.0,No,1.0,1.0,0.0,False,False
4523,0.2655744254589081,2.940498123298669e-55,0.7389138529016618,1.8884884185482576e-10,OFFLOADED,1.0,No,1.0,1.0,1.0,False,False
4524,0.25352948904037476,2.408154984566712e-69,0.9710217238643256,0.9967877790299112,OFFLOADED,1.0,No,1.0,0.0,1.0,False,True
4525,0.26082858443260193,9.387669114457901e-60,0.7189055792774331,2.9417233671264786e-12,OFFLOADED,1.0,No,0.0,0.0,1.0,False,False
4526,0.6448421478271484,0.11414999259969236,0.8843658161230927,0.1255474353388424,OFFLOADED,0.0,Yes,0.0,0.0,0.0,False,True
4527,0.2643511891365051,3.0058491936207285e-56,0.2462323619721573,7.10374396219641e-66,OFFLOADED,1.0,No,1.0,1.0,1.0,False,False
4528,0.2837333381175995,3.384681740746984e-42,0.3795646763740576,1.759964118114437e-52,OFFLOADED,1.0,No,1.0,1.0,1.0,False,False
4529,0.6522605419158936,0.15110857490021487,0.7689736862656114,1.661730388370039e-08,OFFLOADED,1.0,No,1.0,1.0,1.0,False,False
4530,0.9001370072364807,0.9998578908968601,0.5731594334460313,3.1740580823658726e-28,OFFLOADED,1.0,No,1.0,1.0,1.0,True,False
4531,0.2582687735557556,3.7686280637093127e-63,0.8826244370458257,0.10985611201038686,OFFLOADED,1.0,No,1.0,0.0,0.0,False,False
4532,0.7920520305633545,0.8727617206240179,0.9827331909856843,0.9995928316735706,OFFLOADED,1.0,No,1.0,1.0,0.0,False,True
4533,0.2588895857334137,1.9566396768515707e-62,0.8247990167838457,0.00023782190964151962,OFFLOADED,1.0,No,1.0,1.0,0.0,False,False
4534,0.535043478012085,5.666844557098986e-05,0.7732928926722284,3.1241187144052854e-08,OFFLOADED,0.0,Yes,0.0,0.0,0.0,False,False
4535,0.2725083529949188,9.717919943469878e-50,0.5332959082164405,1.0695728955209003e-33,OFFLOADED,1.0,No,1.0,1.0,1.0,False,False
4536,0.8185851573944092,0.9361284367352808,0.7256365621803942,1.142371181667904e-11,OFFLOADED,0.0,Yes,0.0,0.0,0.0,True,False
4537,0.42289039492607117,3.8115122281677315e-11,0.5200133498504682,2.3059946160928199e-35,OFFLOADED,1.0,No,1.0,1.0,1.0,False,False
4538,0.4800334870815277,3.427977505662029e-07,1.0,1.0,OFFLOADED,0.0,Yes,0.0,0.0,0.0,False,True
4539,0.31171533465385437,1.5219023984435663e-29,0.44411789435800725,5.3651485211637934e-45,OFFLOADED,1.0,No,1.0,1.0,1.0,False,False
4540,0.31923189759254456,3.815151161096218e-27,0.3587750219557952,5.234263405231183e-55,OFFLOADED,1.0,No,1.0,1.0,1.0,False,False
4541,0.8570454120635986,0.9931059062645643,0.2724920087699826,7.744573500032483e-64,OFFLOADED,1.0,No,1.0,1.0,1.0,True,False
4542,0.3315254747867584,1.5683477342495766e-23,0.7972876607070076,1.6744570439498597e-06,OFFLOADED,0.0,Yes,0.0,0.0,0.0,False,False
4543,0.33351898193359375,4.3345958186391016e-23,0.5698405572016686,1.289634508049798e-28,OFFLOADED,1.0,No,1.0,0.0,0.0,False,False
4544,0.37445488572120667,8.325909842023225e-17,0.3670612667946777,5.0539466742746696e-54,OFFLOADED,1.0,No,1.0,1.0,1.0,False,False
4545,0.283760666847229,2.7976473994523843e-42,0.442835474711869,3.696951201840613e-45,OFFLOADED,1.0,No,1.0,1.0,1.0,False,False
4546,0.27746105194091797,1.9439158265777306e-46,0.6263852357558021,3.626372643553168e-22,OFFLOADED,1.0,No,1.0,0.0,0.0,False,False
4547,0.2547195851802826,3.063653177761018e-68,0.5316355087852525,6.5471394340817585e-34,OFFLOADED,1.0,No,1.0,1.0,1.0,False,False
4548,0.9154746532440186,0.9999601826879407,0.335379677609597,1.0408589741696128e-57,OFFLOADED,1.0,No,1.0,1.0,1.0,True,False
4549,0.2613063156604767,2.719061676399448e-59,0.3491948421262683,3.3710769011188976e-56,OFFLOADED,1.0,No,1.0,1.0,1.0,False,False
4550,0.9301401972770691,0.9999861090731889,1.0,1.0,ACCEPTED,0.0,Yes,0.0,0.0,0.0,True,True
4551,0.28467705845832825,8.403705073310584e-42,0.4064478261219956,2.355939715816074e-49,OFFLOADED,1.0,No,1.0,1.0,1.0,False,False
4552,0.26975199580192566,5.103428806877232e-52,0.30410572193021573,2.491885132127894e-61,OFFLOADED,1.0,No,1.0,1.0,1.0,False,False
4553,0.6961249709129333,0.42654459125157296,0.6694202927557238,1.3400694971090846e-17,OFFLOADED,1.0,No,1.0,1.0,1.0,True,False
4554,0.8084720969200134,0.914499023534439,0.7986237383204275,2.1846061920867877e-06,OFFLOADED,0.0,Yes,0.0,0.0,0.0,True,False
4555,0.2860519289970398,3.707476688541918e-41,0.8046143176161897,6.5042963776366744e-06,OFFLOADED,1.0,No,1.0,0.0,1.0,False,False
4556,0.329448938369751,3.9448031611032594e-24,0.6818949510586058,5.70396270608596e-16,OFFLOADED,1.0,No,0.0,1.0,0.0,False,False
4557,0.0,0.0,0.9364844772763444,0.9123374491858759,OFFLOADED,0.0,Yes,0.0,0.0,0.0,False,True
4558,0.27206331491470337,2.6453759934927564e-50,0.43167752126970244,2.0574909246862627e-46,OFFLOADED,1.0,No,1.0,1.0,1.0,False,False
4559,0.5949032306671143,0.005918447522373708,0.832792542629158,0.000587007927203904,OFFLOADED,1.0,No,0.0,0.0,1.0,False,False
4560,0.47817158699035645,2.5677367890269613e-07,0.21917443049783453,6.041851953272119e-68,OFFLOADED,1.0,No,1.0,1.0,1.0,False,False
4561,0.25418511033058167,4.128552923050106e-69,0.1825877951304807,9.34823450742355e-70,OFFLOADED,1.0,No,1.0,1.0,1.0,False,False
4562,0.633161723613739,0.06744793343824824,0.5091798009278515,8.594890926230126e-37,OFFLOADED,1.0,No,1.0,1.0,1.0,False,False
4563,0.27610597014427185,1.2351886870589546e-47,0.21710529364944203,4.133598125678849e-68,OFFLOADED,1.0,No,1.0,1.0,1.0,False,False
4564,0.3179689943790436,1.2767651426715067e-27,0.48646449941550396,1.1544786237741934e-39,OFFLOADED,1.0,No,1.0,1.0,1.0,False,False
4565,0.3030086159706116,4.7903058681313696e-33,0.483153344356714,4.445390214814009e-40,OFFLOADED,1.0,No,1.0,1.0,1.0,False,False
4566,0.2627199590206146,4.03831387980623e-58,0.4805832255092552,1.8615475002967573e-40,OFFLOADED,1.0,No,1.0,1.0,1.0,False,False
4567,0.25156205892562866,9.050160161081468e-73,0.4408107840728666,1.3470984147141315e-45,OFFLOADED,1.0,No,0.0,1.0,0.0,False,False
4568,0.258186012506485,8.848441827494906e-64,0.5599439392844244,4.149856371266343e-30,OFFLOADED,1.0,No,0.0,1.0,1.0,False,False
4569,0.27726197242736816,8.003703937000183e-47,0.9018989329072229,0.3157674501929118,OFFLOADED,0.0,Yes,0.0,0.0,0.0,False,True
4570,0.250301718711853,5.694654135255437e-73,0.5641681551847785,1.4514191649304922e-29,OFFLOADED,1.0,No,1.0,1.0,1.0,False,False
4571,0.2841912806034088,2.866937397624673e-42,0.46703073352776564,3.0784236772476406e-42,OFFLOADED,1.0,No,1.0,1.0,1.0,False,False
4572,0.5279555320739746,2.4214656508056698e-05,0.6703528992031264,1.5308046881747518e-17,OFFLOADED,0.0,Yes,0.0,0.0,0.0,False,False
4573,0.779641330242157,0.8399507249826312,0.9106335638932876,0.4615458306714533,OFFLOADED,0.0,Yes,0.0,0.0,0.0,True,False
4574,0.2535988390445709,6.515302548886e-70,0.4748722314524156,3.4259186998177837e-41,OFFLOADED,1.0,No,0.0,1.0,1.0,False,False
4575,0.36766907572746277,9.42327660650056e-18,0.6326340787449414,1.5780818084981475e-21,OFFLOADED,1.0,No,0.0,1.0,1.0,False,False
4576,0.6776348948478699,0.2618419496672125,1.0,1.0,OFFLOADED,0.0,Yes,0.0,0.0,0.0,False,True
4577,0.3578715920448303,4.086862941889122e-19,0.33498850780064454,4.064033364488763e-58,OFFLOADED,1.0,No,1.0,1.0,1.0,False,False
4578,0.45274901390075684,5.8922694546963235e-09,0.8687539810676196,0.027659533665578696,OFFLOADED,1.0,No,1.0,1.0,1.0,False,False
4579,0.2569895386695862,1.6113350323728916e-65,0.3060322511546003,1.8235002303207286e-61,OFFLOADED,1.0,No,1.0,1.0,1.0,False,False
4580,0.8838855028152466,0.9994276773134262,0.8561264035135162,0.006496203578144804,OFFLOADED,0.0,Yes,0.0,0.0,0.0,True,False
4581,0.25364950299263,6.0480802066678e-70,0.4121492143641673,4.960518636233398e-49,OFFLOADED,1.0,No,1.0,1.0,1.0,False,False
4582,0.3179744780063629,1.1325509695401449e-27,0.5214392087965848,2.3938495996532432e-35,OFFLOADED,1.0,No,1.0,1.0,1.0,False,False
4583,0.3197689354419708,3.316585403547411e-27,0.3902525645583951,1.360487298785909e-51,OFFLOADED,1.0,No,1.0,1.0,0.0,False,False
4584,0.2506478726863861,3.599400882632732e-73,0.6051680145838763,1.666683361120902e-24,OFFLOADED,1.0,No,1.0,0.0,0.0,False,False
4585,0.38505819439888,2.4686930291346513e-15,0.7042889588568593,7.382500358877118e-14,OFFLOADED,1.0,No,1.0,1.0,1.0,False,False
4586,0.2530718445777893,7.883842597519582e-71,0.6768233652195343,1.2201337234885632e-16,OFFLOADED,1.0,No,1.0,1.0,1.0,False,False
4587,0.8538615107536316,0.9913200324658904,0.8265951858709791,0.0002912582908603712,OFFLOADED,0.0,Yes,0.0,0.0,0.0,True,False
4588,0.2775062322616577,9.275213984534753e-47,0.768758363832504,1.6353553006596115e-08,OFFLOADED,1.0,No,1.0,1.0,1.0,False,False
4589,0.2969928979873657,3.966507650889815e-36,0.7335363103706424,6.524362454626967e-11,OFFLOADED,1.0,No,1.0,1.0,1.0,False,False
4590,0.5593230724334717,0.00042719428410906585,0.949970518529787,0.9713349035376937,OFFLOADED,1.0,No,1.0,0.0,0.0,False,True
4591,0.2761858105659485,7.827053547289527e-48,0.5321731505862476,4.539118489909739e-34,OFFLOADED,0.0,Yes,0.0,0.0,0.0,False,False
4592,0.8056934475898743,0.9177357571462237,0.5194149003823447,1.0402161243287038e-35,OFFLOADED,1.0,No,1.0,1.0,1.0,True,False
4593,0.2835766673088074,8.335493347269868e-43,0.6477728845739124,4.7555900652041854e-20,OFFLOADED,1.0,No,1.0,1.0,1.0,False,False
4594,0.2715763747692108,4.8714066271620544e-51,0.310516380573184,4.2729307371074866e-61,OFFLOADED,1.0,No,1.0,1.0,1.0,False,False
4595,0.6591041684150696,0.16875748267554108,0.4922168524638569,3.970210737466999e-39,OFFLOADED,1.0,No,1.0,1.0,1.0,False,False
4596,0.4005163311958313,1.2362616631891427e-13,0.39202817010175706,1.5142147930145676e-51,OFFLOADED,1.0,No,1.0,1.0,1.0,False,False
4597,0.2781093418598175,1.9152090170784842e-46,0.629129583245524,5.551896868790183e-22,OFFLOADED,1.0,No,1.0,1.0,1.0,False,False
4598,0.43645161390304565,3.871897123706768e-10,0.5577774598155097,1.1440717561357603e-30,OFFLOADED,1.0,No,0.0,1.0,1.0,False,False
4599,0.44605761766433716,1.816155454357366e-09,0.9716041245705889,0.9969082305880895,OFFLOADED,0.0,Yes,0.0,0.0,0.0,False,True
4600,0.3017353117465973,8.394855813256087e-34,0.8857257858073826,0.1543311996023258,OFFLOADED,1.0,No,1.0,0.0,1.0,False,False
4601,0.2771589756011963,3.3748274643847017e-47,0.2828950292466169,8.778245205544271e-64,OFFLOADED,1.0,No,1.0,1.0,1.0,False,False
4602,0.9527076482772827,0.9999962749159321,0.5930287189445795,4.8272401201501505e-26,OFFLOADED,0.0,Yes,0.0,0.0,0.0,True,False
4603,0.2941095232963562,2.7410510382912603e-37,0.5204738116138675,1.1460731854927478e-35,OFFLOADED,1.0,No,1.0,1.0,1.0,False,False
4604,0.33579978346824646,7.53990852423434e-23,0.500390074917155,3.833867733836142e-38,OFFLOADED,1.0,No,1.0,1.0,1.0,False,False
4605,0.5855966806411743,0.0030680490268361928,0.748384505563959,1.025937780969907e-09,OFFLOADED,0.0,Yes,0.0,0.0,0.0,False,False
4606,0.2934105098247528,1.233414062979629e-37,0.45019932114045896,9.860075079462068e-45,OFFLOADED,1.0,No,1.0,1.0,1.0,False,False
4607,0.32238802313804626,1.6811388014085754e-26,0.729870994735719,2.7607411450160844e-11,OFFLOADED,1.0,No,1.0,0.0,0.0,False,False
4608,0.4081357717514038,8.177915271452223e-13,0.6248143859444288,1.326190969659758e-22,OFFLOADED,1.0,No,1.0,1.0,0.0,False,False
4609,0.2687729001045227,1.493342126176084e-53,0.627132455822088,2.721382968060709e-22,OFFLOADED,1.0,No,0.0,1.0,1.0,False,False
4610,0.2696914076805115,9.017488715415195e-53,0.8633896798956157,0.01450479822951991,OFFLOADED,1.0,No,1.0,1.0,0.0,False,False
4611,0.29005274176597595,2.0822088968302172e-39,0.4730209721664129,8.906296363932438e-42,OFFLOADED,1.0,No,1.0,0.0,0.0,False,False
4612,0.2620018720626831,2.047117683189078e-59,0.7804272458685766,1.1116087102633204e-07,OFFLOADED,1.0,No,1.0,0.0,0.0,False,False
4613,0.3714902102947235,2.2389066911118515e-17,0.86084335923973,0.010239503766748377,OFFLOADED,1.0,No,1.0,1.0,1.0,False,False
4614,0.8192406296730042,0.9422991596176103,0.7966520277226986,1.4775438723968002e-06,OFFLOADED,1.0,No,1.0,1.0,0.0,True,False
4615,0.27665776014328003,8.948373004904261e-48,0.3962969718650079,2.3217728334868253e-51,OFFLOADED,1.0,No,1.0,1.0,1.0,False,False
4616,0.5138871669769287,7.808675757457474e-06,0.9782469155195748,0.9991783831015081,OFFLOADED,1.0,No,1.0,0.0,0.0,False,True
4617,0.25549954175949097,3.854628317853797e-68,0.40748910171444247,4.599583126548907e-50,OFFLOADED,1.0,No,0.0,1.0,1.0,False,False
4618,0.497780978679657,2.514554890377454e-06,0.4904260747668669,1.2708987353774233e-39,OFFLOADED,1.0,No,1.0,1.0,0.0,False,False
4619,0.26961594820022583,5.459444016958693e-53,0.451294044955078,8.442311439182393e-45,OFFLOADED,1.0,No,1.0,1.0,1.0,False,False
4620,0.8828412890434265,0.9993773971695392,0.8418869059190496,0.0015049162357685,OFFLOADED,0.0,Yes,0.0,0.0,0.0,True,False
4621,0.3377668559551239,1.2520571161361673e-22,0.6286664219809038,3.483244729537422e-22,OFFLOADED,1.0,No,1.0,1.0,1.0,False,False
4622,0.630381166934967,0.05446157534794522,0.6346398494716792,1.451048240968034e-21,OFFLOADED,1.0,No,0.0,1.0,1.0,False,False
4623,0.0,0.0,0.7396287395577154,1.7233119426946475e-10,OFFLOADED,0.0,Yes,0.0,0.0,0.0,False,False
4624,0.32086992263793945,3.754064400681489e-27,0.393627378522177,8.770155633086623e-52,OFFLOADED,1.0,No,1.0,1.0,1.0,False,False
4625,0.6049957871437073,0.009796990235948985,1.0,1.0,OFFLOADED,1.0,No,1.0,0.0,0.0,False,True
4626,0.5485060214996338,0.0001743007956363475,0.8065054932714839,8.404878025437385e-06,OFFLOADED,1.0,No,1.0,1.0,1.0,False,False
4627,0.34226274490356445,5.755432694412281e-22,0.9416428024281234,0.9420720803361239,OFFLOADED,1.0,No,1.0,0.0,1.0,False,True
4628,0.2753959596157074,8.543442091891205e-49,0.6302887577975993,4.832873003769422e-22,OFFLOADED,1.0,No,1.0,0.0,1.0,False,False
4629,0.9890772104263306,0.9999993338147232,0.8328908337127363,0.0005541862910316079,OFFLOADED,0.0,Yes,0.0,0.0,0.0,True,False
4630,0.30650413036346436,3.6814638273491264e-32,0.41431191917876387,2.325488124909257e-49,OFFLOADED,1.0,No,1.0,1.0,1.0,False,False
4631,0.4465993642807007,1.6271804871846038e-09,0.5755076309004379,2.285310195523774e-28,OFFLOADED,1.0,No,1.0,1.0,1.0,False,False
4632,0.29428577423095703,1.4392278259702733e-37,0.5269592568215149,5.07391442374866e-35,OFFLOADED,1.0,No,1.0,1.0,1.0,False,False
4633,0.8614144325256348,0.9954835500179933,0.5766524832849004,2.979061227273312e-28,OFFLOADED,1.0,No,1.0,1.0,1.0,True,False
4634,0.6765172481536865,0.25356196290180266,0.8624708512854377,0.011741847926091585,OFFLOADED,1.0,No,1.0,1.0,1.0,False,False
4635,0.8806250691413879,0.9992316501557102,1.0,1.0,ACCEPTED,0.0,Yes,0.0,0.0,0.0,True,True
4636,0.2970718443393707,1.4186990373817332e-36,0.4228765248684226,2.7329718665440763e-48,OFFLOADED,1.0,No,1.0,1.0,1.0,False,False
4637,0.3092639148235321,4.25694008182236e-31,0.5691110812144647,3.24155383800515e-29,OFFLOADED,1.0,No,1.0,1.0,1.0,False,False
4638,0.2628498077392578,5.767121870251123e-59,0.3974100183103207,1.582195523255874e-51,OFFLOADED,1.0,No,1.0,1.0,1.0,False,False
4639,0.2799227833747864,1.023496184753408e-45,0.46839703026858703,1.1013139703710311e-42,OFFLOADED,1.0,No,1.0,1.0,1.0,False,False
4640,0.3192158341407776,8.204802603518911e-28,0.5308734735150381,1.4719067513401495e-34,OFFLOADED,1.0,No,1.0,0.0,0.0,False,False
4641,0.8608675003051758,0.9949027835711614,0.8719252950513927,0.03410216706536263,OFFLOADED,0.0,Yes,0.0,0.0,0.0,True,False
4642,0.5520163774490356,0.00020075114061937548,0.8159854498734965,7.207144838048085e-05,OFFLOADED,1.0,No,0.0,1.0,1.0,False,False
4643,0.2679462432861328,6.277664337512133e-55,0.5783975655988419,4.257400495368427e-28,OFFLOADED,1.0,No,0.0,1.0,1.0,False,False
4644,0.2592788636684418,1.2752377327937117e-63,0.23730503815241766,3.262683919170092e-68,OFFLOADED,1.0,No,1.0,1.0,1.0,False,False
4645,0.8796272873878479,0.9992534937902265,0.6095225822490742,2.22324983363534e-24,OFFLOADED,1.0,No,1.0,1.0,1.0,True,False
4646,0.2536831498146057,4.676586855306443e-71,0.1956378544241167,1.517937840828992e-70,OFFLOADED,1.0,No,1.0,1.0,1.0,False,False
4647,0.7876486778259277,0.8563046411343064,0.743628468146747,3.830983364254258e-10,OFFLOADED,1.0,No,1.0,1.0,1.0,True,False
4648,0.3158787786960602,7.254134163429555e-29,0.3247667888793891,2.695754402337374e-60,OFFLOADED,1.0,No,1.0,1.0,1.0,False,False
4649,0.4584783613681793,7.997390017942455e-09,0.7809908553962706,1.0346101660590953e-07,OFFLOADED,0.0,Yes,0.0,0.0,0.0,False,False
4650,0.48150959610939026,2.5808998374132985e-07,0.6818291658673356,3.7627002438873056e-16,OFFLOADED,1.0,No,1.0,1.0,1.0,False,False
4651,0.33159276843070984,4.6145193073010186e-24,0.3054063622541009,1.2463785058799722e-62,OFFLOADED,1.0,No,1.0,1.0,1.0,False,False
4652,0.3510209023952484,1.1204057849300627e-20,0.8219559580250693,0.00017225779381420183,OFFLOADED,1.0,No,1.0,1.0,1.0,False,False
4653,0.26203659176826477,4.648906788958646e-60,0.2652971176449849,2.77485456425994e-66,OFFLOADED,1.0,No,1.0,1.0,1.0,False,False
4654,0.0,0.0,0.7616696742721774,4.997480568020299e-09,OFFLOADED,0.0,Yes,0.0,0.0,0.0,False,False
4655,0.33046627044677734,2.08080811196064e-24,0.4871809426634499,2.4748151222841998e-40,OFFLOADED,1.0,No,1.0,1.0,1.0,False,False
4656,0.5080714821815491,3.879806004755072e-06,0.4722785292110044,2.8627722352042626e-42,OFFLOADED,1.0,No,1.0,1.0,0.0,False,False
4657,0.32559189200401306,7.219497268181638e-26,0.43155114453200627,1.5476552830406934e-47,OFFLOADED,1.0,No,1.0,1.0,1.0,False,False
4658,0.7374495267868042,0.706537104764045,0.8256497638990482,0.0002429197294207137,OFFLOADED,1.0,No,1.0,1.0,1.0,False,False
4659,0.0,0.0,0.6607213399160365,7.576302596270242e-19,OFFLOADED,0.0,Yes,0.0,0.0,0.0,False,False
4660,0.6423337459564209,0.08713084504759153,0.8741508816312082,0.045824033059657814,OFFLOADED,1.0,No,1.0,0.0,0.0,False,False
4661,0.2780415415763855,2.552445491628229e-47,0.3433035506653426,1.9944297139812133e-58,OFFLOADED,1.0,No,1.0,1.0,1.0,False,False
4662,0.41377443075180054,1.8900806960919734e-12,0.4580154576102515,2.3136944162830863e-44,OFFLOADED,1.0,No,1.0,1.0,1.0,False,False
4663,0.3857837915420532,1.2968900188718225e-15,0.4984874207318824,7.322627854812372e-39,OFFLOADED,1.0,No,1.0,1.0,1.0,False,False
4664,0.32520538568496704,4.224210305554848e-26,0.7196163046213224,2.339397544958295e-12,OFFLOADED,1.0,No,1.0,0.0,0.0,False,False
4665,0.5314476490020752,2.3984032002094635e-05,0.8189163776043986,9.818360476422797e-05,OFFLOADED,0.0,Yes,0.0,0.0,0.0,False,False
4666,0.40786728262901306,3.919871388095775e-13,0.5542648035053618,1.3705584292993186e-31,OFFLOADED,1.0,No,1.0,1.0,1.0,False,False
4667,0.3573862314224243,1.0971024583013555e-19,0.30367131628705546,4.561477652999269e-63,OFFLOADED,1.0,No,1.0,1.0,1.0,False,False
4668,0.5014094114303589,2.230937204715433e-06,0.8700328459083623,0.027573081477459488,OFFLOADED,1.0,No,1.0,1.0,1.0,False,False
4669,0.9528976678848267,0.9999961511122164,1.0,1.0,ACCEPTED,0.0,Yes,0.0,0.0,0.0,True,True
4670,0.25196588039398193,4.606489830119875e-74,0.24754164291976896,5.373196945705997e-68,OFFLOADED,1.0,No,1.0,1.0,1.0,False,False
4671,0.4591157138347626,7.67682700624879e-09,0.4265453961454604,2.7288189961667386e-48,OFFLOADED,1.0,No,1.0,1.0,1.0,False,False
4672,0.8644750118255615,0.9963610643321643,0.982907833571722,0.999571425586132,ACCEPTED,0.0,Yes,0.0,0.0,0.0,True,True
4673,0.2875269949436188,1.6464126565611983e-41,0.7135871471900505,5.222499934638934e-13,OFFLOADED,1.0,No,0.0,1.0,0.0,False,False
4674,0.37735500931739807,6.949734258655697e-17,0.8792115354656773,0.06832528054844486,OFFLOADED,1.0,No,1.0,0.0,0.0,False,False
4675,0.35311225056648254,1.7158843931579204e-20,0.4331724934573572,1.4595295020785328e-47,OFFLOADED,1.0,No,1.0,1.0,1.0,False,False
4676,0.0,0.0,0.8579247711388647,0.006115764277769248,OFFLOADED,0.0,Yes,0.0,0.0,0.0,False,False
4677,0.8550513982772827,0.9909402998031134,0.9672317407087849,0.9953450165341365,OFFLOADED,0.0,Yes,0.0,0.0,0.0,False,True
4678,0.8205626606941223,0.9348626260343894,0.8454861057468104,0.001942905259596323,OFFLOADED,0.0,Yes,0.0,0.0,0.0,True,False
4679,0.4122959077358246,1.1385669139058972e-12,0.5423166017820844,3.136972145333625e-33,OFFLOADED,1.0,No,1.0,1.0,1.0,False,False
4680,0.8816742897033691,0.99938661659558,1.0,1.0,ACCEPTED,0.0,Yes,0.0,0.0,0.0,True,True
4681,0.3289989233016968,4.143387535996601e-25,0.6066380792672158,8.000741312564155e-25,OFFLOADED,1.0,No,1.0,1.0,1.0,False,False
4682,0.9252840876579285,0.9999854428481013,1.0,1.0,ACCEPTED,0.0,Yes,0.0,0.0,0.0,True,True
4683,0.25136443972587585,8.683309332077791e-75,0.48184653229094815,3.293410441474087e-41,OFFLOADED,1.0,No,1.0,1.0,1.0,False,False
4684,0.25787171721458435,7.652116504423178e-66,0.7025788226582108,3.0580604946669335e-14,OFFLOADED,1.0,No,1.0,1.0,0.0,False,False
4685,0.29598453640937805,1.7770911257520002e-37,0.8934542787822926,0.2329014935708307,OFFLOADED,1.0,No,0.0,1.0,1.0,False,False
4686,0.9086318016052246,0.9999480670989619,0.8797569175151544,0.06657835876719743,OFFLOADED,0.0,Yes,0.0,0.0,0.0,True,False
4687,0.9297246336936951,0.9999910829937975,0.9489575283464544,0.9644527757415877,ACCEPTED,0.0,Yes,0.0,0.0,0.0,True,True
4688,0.2571960985660553,5.955196084325356e-67,0.16027733592925075,2.2139953811885715e-72,OFFLOADED,1.0,No,1.0,1.0,1.0,False,False
4689,0.9286016225814819,0.9999907339094961,0.6005283489483759,1.5290845173944808e-25,OFFLOADED,1.0,No,1.0,1.0,1.0,True,False
4690,0.2553349435329437,1.5312173190840824e-69,0.8216602144977023,0.00014893758174872602,OFFLOADED,1.0,No,1.0,0.0,0.0,False,False
4691,0.2796795070171356,2.0159357857560455e-46,0.25467379188050343,1.0328398385390344e-67,OFFLOADED,1.0,No,1.0,1.0,0.0,False,False
4692,0.3617740869522095,4.929727609834584e-19,0.6920614778769928,2.5631279572783753e-15,OFFLOADED,1.0,No,1.0,1.0,1.0,False,False
4693,0.3147808313369751,1.1846829561672347e-29,0.7473289908744356,7.057523416986294e-10,OFFLOADED,0.0,Yes,0.0,0.0,0.0,False,False
4694,0.2962002456188202,1.9711426630012775e-37,0.5552506887030346,1.3096134988300498e-31,OFFLOADED,1.0,No,1.0,1.0,1.0,False,False
4695,0.2637591063976288,6.936757858932971e-59,0.1348368770452539,6.592981081534317e-73,OFFLOADED,1.0,No,1.0,1.0,1.0,False,False
4696,0.0,0.0,0.5898146434964265,7.813184948977759e-27,OFFLOADED,0.0,Yes,0.0,0.0,0.0,False,False
4697,0.8668386340141296,0.99763423918991,0.9772031267763988,0.9989462756424329,ACCEPTED,0.0,Yes,0.0,0.0,0.0,True,True
4698,0.25258925557136536,2.1000099836912627e-73,0.18175175015323253,8.346522631138884e-72,OFFLOADED,1.0,No,1.0,1.0,1.0,False,False
4699,0.7359830737113953,0.6882652752134569,0.37181916132818965,2.5256708902146686e-55,OFFLOADED,1.0,No,1.0,1.0,1.0,True,False
4700,0.6583427786827087,0.13790620375216295,0.6653786057479701,2.1962026438692243e-18,OFFLOADED,1.0,No,1.0,1.0,1.0,False,False
4701,0.8578980565071106,0.9935827773047267,0.4940449871418332,1.1394181806788694e-39,OFFLOADED,1.0,No,1.0,1.0,1.0,True,False
4702,0.913250744342804,0.9999650761660912,0.8739305458540048,0.039801970660820536,OFFLOADED,1.0,No,1.0,1.0,0.0,True,False
4703,0.45314159989356995,2.918836402909699e-09,1.0,1.0,OFFLOADED,1.0,No,1.0,0.0,0.0,False,True
4704,0.9571765065193176,0.9999975730626053,1.0,1.0,ACCEPTED,0.0,Yes,0.0,0.0,0.0,True,True
4705,0.3558351695537567,3.815472630730985e-20,0.6922381295017145,2.5272057955772232e-15,OFFLOADED,1.0,No,1.0,1.0,1.0,False,False
4706,0.3858412504196167,9.222291878008307e-16,0.3726935582002885,2.345824863732836e-55,OFFLOADED,1.0,No,1.0,1.0,1.0,False,False
4707,0.7345538139343262,0.6657786460867811,0.7061660221711867,6.004685590734714e-14,OFFLOADED,1.0,No,1.0,1.0,0.0,True,False
4708,0.3282732367515564,1.8226112433830443e-25,0.5119283674451971,1.8656423830210941e-37,OFFLOADED,1.0,No,1.0,1.0,1.0,False,False
4709,0.290815532207489,4.527535682673585e-40,0.9245287164667642,0.7471071739861486,OFFLOADED,1.0,No,0.0,1.0,1.0,False,True
4710,0.25355497002601624,3.9300169673783004e-72,0.4796627273527118,9.074346838224421e-42,OFFLOADED,1.0,No,1.0,1.0,1.0,False,False
4711,0.3833461105823517,3.691652354893073e-16,0.6771274868025807,5.637885323393423e-17,OFFLOADED,1.0,No,0.0,0.0,1.0,False,False
4712,0.2529277503490448,4.512949939955228e-73,0.6953452316832575,4.594548980930092e-15,OFFLOADED,1.0,No,1.0,1.0,1.0,False,False
4713,0.4184223413467407,4.5730713563774785e-12,0.8664033048455498,0.015591465791140494,OFFLOADED,1.0,No,0.0,1.0,0.0,False,False
4714,0.25311222672462463,7.893372933761978e-73,0.2900606968090398,8.198652550971775e-65,OFFLOADED,1.0,No,1.0,1.0,1.0,False,False
4715,0.8788912296295166,0.9991878076028663,0.9789318423778326,0.999295159060882,ACCEPTED,0.0,Yes,0.0,0.0,0.0,True,True
4716,0.36081740260124207,2.503851435930393e-19,0.8248128890896231,0.00016944072096722085,OFFLOADED,1.0,No,1.0,0.0,0.0,False,False
4717,0.4452124834060669,8.34834523562389e-10,0.5743125760145589,5.451816479546744e-29,OFFLOADED,1.0,No,1.0,1.0,1.0,False,False
4718,0.2757083773612976,1.073605373049327e-49,0.42316040224419615,3.867110267480064e-49,OFFLOADED,1.0,No,1.0,1.0,1.0,False,False
4719,0.3102208077907562,1.5886090320531677e-31,0.29671008382553254,2.2189825977323112e-64,OFFLOADED,1.0,No,1.0,1.0,1.0,False,False
4720,0.3066923916339874,6.251296351877928e-33,0.7105386777502766,1.5509751304541837e-13,OFFLOADED,1.0,No,1.0,1.0,1.0,False,False
4721,0.3096228539943695,9.501727322272333e-32,0.5666224430071781,4.5458884878583416e-30,OFFLOADED,1.0,No,1.0,1.0,1.0,False,False
4722,0.2542203962802887,1.6462309695135498e-71,0.34488285843988076,5.353205460616198e-59,OFFLOADED,1.0,No,1.0,1.0,1.0,False,False
4723,0.27412110567092896,9.149299919516277e-51,0.7052530856372718,3.851780691355716e-14,OFFLOADED,1.0,No,1.0,0.0,0.0,False,False
4724,0.2887658178806305,2.2841256486708524e-41,0.5701042517005646,1.3791824174110422e-29,OFFLOADED,1.0,No,0.0,1.0,1.0,False,False
4725,0.2675066590309143,2.729354145681745e-56,0.4603638291598829,1.1406835692183102e-44,OFFLOADED,1.0,No,1.0,1.0,1.0,False,False
4726,0.3367164731025696,1.6031505443583533e-23,0.6522540113043287,5.047704668208762e-20,OFFLOADED,1.0,No,1.0,0.0,0.0,False,False
4727,0.7589433193206787,0.7597822877663533,0.5929380019972491,1.0604959926649408e-26,OFFLOADED,1.0,No,1.0,1.0,1.0,True,False
4728,0.5965657830238342,0.004294583647580777,0.6080615170058589,5.3592871216754435e-25,OFFLOADED,1.0,No,1.0,1.0,1.0,False,False
4729,0.4801197350025177,1.5253222812356123e-07,0.8932135700797311,0.2177876708510469,OFFLOADED,1.0,No,1.0,1.0,1.0,False,False
4730,0.8958423733711243,0.9998016075930909,0.711353403366507,1.8600132833463033e-13,OFFLOADED,0.0,Yes,0.0,0.0,0.0,True,False
4731,0.0,0.0,0.9731447621483905,0.9975965699089574,OFFLOADED,0.0,Yes,0.0,0.0,0.0,False,True
4732,0.8632735013961792,0.9960689035184339,0.8433508447001975,0.001446984896122011,OFFLOADED,1.0,No,1.0,1.0,1.0,True,False
4733,0.8839593529701233,0.9994686672732347,0.8756949829278997,0.04208040278891428,OFFLOADED,0.0,Yes,0.0,0.0,0.0,True,False
4734,0.7307994961738586,0.6239140612476461,0.6417599825758881,3.1112932704207197e-21,OFFLOADED,1.0,No,1.0,1.0,1.0,False,False
4735,0.31099846959114075,2.224989308291928e-31,0.6702305793951998,4.521828081955109e-18,OFFLOADED,1.0,No,1.0,1.0,1.0,False,False
4736,0.3212893307209015,5.684825920596809e-28,0.6840096249942489,2.974109913675623e-16,OFFLOADED,1.0,No,1.0,0.0,0.0,False,False
4737,0.8828738927841187,0.9994299058073556,0.8457686737897743,0.0017867465310862848,OFFLOADED,0.0,Yes,0.0,0.0,0.0,True,False
4738,0.4206196665763855,6.014640346785894e-12,0.8086469481806466,9.484162616447942e-06,OFFLOADED,1.0,No,0.0,1.0,1.0,False,False
4739,0.386942982673645,8.862809272734461e-16,0.964272067992088,0.9940181959799448,OFFLOADED,1.0,No,1.0,0.0,0.0,False,True
4740,0.342658668756485,1.1936712784764302e-22,0.8658629219218247,0.014054880587692936,OFFLOADED,0.0,Yes,0.0,0.0,0.0,False,False
4741,0.25063762068748474,8.258162731925247e-76,0.41990711792656255,7.660017437091756e-50,OFFLOADED,1.0,No,1.0,1.0,1.0,False,False
4742,0.2728711664676666,6.2499825004613724e-52,0.5479033360525449,4.5029820236298785e-33,OFFLOADED,1.0,No,1.0,1.0,1.0,False,False
4743,0.8746882081031799,0.9988110545155109,0.6337268927803928,3.742428354929047e-22,OFFLOADED,1.0,No,1.0,1.0,0.0,True,False
4744,0.3111708462238312,2.204731316164122e-31,0.9614649627295018,0.9907107211871136,OFFLOADED,1.0,No,1.0,0.0,0.0,False,True
4745,0.2672382891178131,9.044305866771918e-57,0.25406896978743576,1.458954514972131e-68,OFFLOADED,1.0,No,1.0,1.0,1.0,False,False
4746,0.5897607803344727,0.002641178896359586,0.7288573823219622,1.387242264505363e-11,OFFLOADED,1.0,No,1.0,1.0,0.0,False,False
4747,0.35239022970199585,4.568490519926441e-21,0.6358078036604583,5.605948178638935e-22,OFFLOADED,1.0,No,0.0,1.0,1.0,False,False
4748,0.9276980757713318,0.9999884287457315,1.0,1.0,ACCEPTED,0.0,Yes,0.0,0.0,0.0,True,True
4749,0.92109614610672,0.9999799147024181,1.0,1.0,ACCEPTED,0.0,Yes,0.0,0.0,0.0,True,True
4750,0.2683087885379791,7.183554818171295e-56,0.4901337893711905,8.7369402360412e-41,OFFLOADED,1.0,No,1.0,1.0,1.0,False,False
4751,0.2995516061782837,2.1453103253604792e-36,0.7294480674412133,1.502721209016537e-11,OFFLOADED,1.0,No,1.0,0.0,0.0,False,False
4752,0.36832934617996216,1.530615404178665e-18,0.3211522386048292,5.018383227295589e-62,OFFLOADED,1.0,No,1.0,1.0,0.0,False,False
4753,0.32229647040367126,9.448250414782136e-28,0.14040384321485838,8.375199949383576e-74,OFFLOADED,1.0,No,1.0,1.0,1.0,False,False
4754,0.2541775107383728,4.59599856998018e-72,0.23374533349548682,5.7306737242155947e-70,OFFLOADED,1.0,No,1.0,1.0,1.0,False,False
4755,0.45599430799484253,3.2783686386001083e-09,0.6199328620097958,5.8341869638199745e-24,OFFLOADED,1.0,No,1.0,1.0,0.0,False,False
4756,0.6242421269416809,0.025609585435348418,0.8698423212119709,0.02328553648085679,OFFLOADED,0.0,Yes,0.0,0.0,0.0,False,False
4757,0.29121896624565125,2.2558069295669965e-40,0.8292903974915413,0.00032948485809842766,OFFLOADED,1.0,No,1.0,0.0,0.0,False,False
4758,0.7279511094093323,0.5947897921935038,0.7094199678251958,9.63474864737922e-14,OFFLOADED,1.0,No,1.0,1.0,0.0,True,False
4759,0.2841978371143341,2.5439421865787894e-44,0.5202280531452166,5.757337180710052e-37,OFFLOADED,1.0,No,1.0,1.0,1.0,False,False
4760,0.8704731464385986,0.9979087449418999,0.9350055670590054,0.8962744622219805,ACCEPTED,0.0,Yes,0.0,0.0,0.0,True,True
4761,0.3388954699039459,2.4709815186238974e-23,0.4018889208315193,2.6411803653029464e-52,OFFLOADED,1.0,No,1.0,1.0,1.0,False,False
4762,0.25999295711517334,2.4290320164521373e-64,0.41487212701375875,8.07433542580456e-51,OFFLOADED,1.0,No,1.0,1.0,1.0,False,False
4763,0.8106457591056824,0.8981181151071793,0.5353976668066109,6.194679913844252e-35,OFFLOADED,1.0,No,1.0,1.0,1.0,True,False
4764,0.7133964896202087,0.4799285569498958,0.43981575042171495,9.679188348370493e-48,OFFLOADED,1.0,No,1.0,1.0,1.0,False,False
4765,0.8397542238235474,0.9630913992110967,1.0,1.0,ACCEPTED,0.0,Yes,0.0,0.0,0.0,True,True
4766,0.7266635894775391,0.5592718860138514,0.8097054566534463,1.1916767179774448e-05,OFFLOADED,0.0,Yes,0.0,0.0,0.0,True,False
4767,0.36471953988075256,4.625901373801391e-19,0.5223216401033139,1.1141766435952578e-36,OFFLOADED,1.0,No,0.0,1.0,1.0,False,False
4768,0.27075251936912537,6.714675541651168e-54,0.5237355617858783,1.6185925706092178e-36,OFFLOADED,1.0,No,1.0,1.0,1.0,False,False
4769,0.2590861916542053,1.766560270966742e-65,0.5534032996045916,2.034252187750521e-32,OFFLOADED,1.0,No,0.0,1.0,1.0,False,False
4770,0.9057403802871704,0.999931109894965,0.9400708421418605,0.9330029850880297,ACCEPTED,0.0,Yes,0.0,0.0,0.0,True,True
4771,0.30098408460617065,9.693421449869462e-36,0.33058383048999324,4.215546802949003e-61,OFFLOADED,1.0,No,1.0,1.0,1.0,False,False
4772,0.8061114549636841,0.8788866319234103,0.6205531994495461,6.653110813169916e-24,OFFLOADED,0.0,Yes,0.0,0.0,0.0,True,False
4773,0.27181485295295715,4.1545960956700134e-53,0.27408750978467955,5.663135024516713e-67,OFFLOADED,1.0,No,1.0,1.0,1.0,False,False
4774,0.8526235818862915,0.9878704423632144,0.7519089051927184,1.1262161580878706e-09,OFFLOADED,1.0,No,1.0,1.0,1.0,True,False
4775,0.36899712681770325,1.7413594281168033e-18,0.4594886638982751,2.907631928450431e-45,OFFLOADED,1.0,No,1.0,1.0,1.0,False,False
4776,0.25991225242614746,1.3729030181672456e-64,0.5478229503496961,2.9309323536874953e-33,OFFLOADED,1.0,No,0.0,1.0,1.0,False,False
4777,0.28655678033828735,3.636215187408752e-43,0.942838634139965,0.9470048969167355,OFFLOADED,1.0,No,1.0,0.0,0.0,False,True
4778,0.519853949546814,6.485480758471209e-06,0.5745326664339582,2.679753720427403e-29,OFFLOADED,1.0,No,1.0,1.0,1.0,False,False
4779,0.0,0.0,0.8416826911467991,0.0014747036519432522,OFFLOADED,0.0,Yes,0.0,0.0,0.0,False,False
4780,0.9252144694328308,0.9999880936095815,1.0,1.0,ACCEPTED,0.0,Yes,0.0,0.0,0.0,True,True
4781,0.4672465920448303,2.0289491671843457e-08,1.0,1.0,OFFLOADED,0.0,Yes,0.0,0.0,0.0,False,True
4782,0.42318737506866455,1.0470532678700916e-11,0.5047044804091854,5.800618089109249e-39,OFFLOADED,1.0,No,1.0,1.0,1.0,False,False
4783,0.5931434035301208,0.0031471872202242066,0.9883162985378797,0.9998787330423977,OFFLOADED,1.0,No,1.0,0.0,0.0,False,True
4784,0.7153628468513489,0.49876089716541544,0.7424734983450255,2.631401929502007e-10,OFFLOADED,0.0,Yes,0.0,0.0,0.0,False,False
4785,0.47439703345298767,5.7544507130975416e-08,0.7993629138873518,1.758820529637018e-06,OFFLOADED,1.0,No,1.0,1.0,1.0,False,False
4786,0.2871159613132477,7.35953201246032e-43,0.8056189312273186,5.133673876424036e-06,OFFLOADED,1.0,No,1.0,0.0,0.0,False,False
4787,0.2784038186073303,2.2425022558826264e-48,0.8800139929969875,0.0705220330528394,OFFLOADED,1.0,No,1.0,0.0,0.0,False,False
4788,0.893598735332489,0.9997854881400476,0.8031165566656999,3.1367109867347564e-06,OFFLOADED,0.0,Yes,0.0,0.0,0.0,True,False
4789,0.2874828577041626,1.2721749674466253e-42,0.20547904438220999,4.829799411874785e-72,OFFLOADED,1.0,No,1.0,1.0,1.0,False,False
4790,0.2881588339805603,2.9417615337347655e-42,0.5312907522128847,1.6247720172677738e-35,OFFLOADED,1.0,No,1.0,1.0,1.0,False,False
4791,0.8793371915817261,0.999248537571271,0.7054325598033027,3.421228482864534e-14,OFFLOADED,1.0,No,1.0,1.0,1.0,True,False
4792,0.0,0.0,0.3064318855913467,3.168550689818412e-64,OFFLOADED,0.0,Yes,0.0,0.0,0.0,False,False
4793,0.3624991774559021,1.912034771494234e-19,0.5673368947373418,2.462154615206542e-30,OFFLOADED,1.0,No,0.0,1.0,1.0,False,False
4794,0.2693553566932678,2.1832584450674707e-55,0.3704894341883441,1.086828705673625e-56,OFFLOADED,1.0,No,1.0,1.0,0.0,False,False
4795,0.261229008436203,9.573993050519152e-63,0.7591596689287782,3.0304466938265706e-09,OFFLOADED,1.0,No,1.0,1.0,0.0,False,False
4796,0.2917105555534363,2.4376920851401925e-40,0.21092515650569346,7.458059016887393e-72,OFFLOADED,1.0,No,1.0,0.0,0.0,False,False
4797,0.2921324372291565,3.705990514036783e-40,0.3286045816586871,1.3849986554556257e-61,OFFLOADED,1.0,No,1.0,1.0,1.0,False,False
4798,0.2597927749156952,4.522275700682049e-65,0.22745361749314427,7.547203600642608e-71,OFFLOADED,1.0,No,1.0,1.0,1.0,False,False
4799,0.3018253743648529,1.93158032703295e-35,0.5949091162431822,9.397581963910942e-27,OFFLOADED,1.0,No,1.0,1.0,1.0,False,False
4800,0.30139726400375366,1.0390577371048048e-35,0.48115856562377074,1.9562826013326393e-42,OFFLOADED,1.0,No,1.0,0.0,1.0,False,False
4801,0.27083688974380493,3.054719102604327e-54,0.4765478657499189,4.024447499591188e-43,OFFLOADED,1.0,No,1.0,1.0,1.0,False,False
4802,0.5333318710327148,2.4127181907471045e-05,0.6211211974390196,6.9976417561579e-24,OFFLOADED,1.0,No,1.0,1.0,1.0,False,False
4803,0.7162890434265137,0.5206730075200348,0.8713756938678511,0.02803244890139829,OFFLOADED,1.0,No,1.0,1.0,1.0,True,False
4804,0.26367703080177307,1.9225773514558634e-60,0.9139480522645805,0.51026748801198,OFFLOADED,1.0,No,1.0,0.0,1.0,False,False
4805,0.26108524203300476,3.7166454991155345e-63,0.13062689030639085,1.0877976413183854e-74,OFFLOADED,1.0,No,0.0,1.0,1.0,False,False
4806,0.9397769570350647,0.999996173710814,1.0,1.0,ACCEPTED,0.0,Yes,0.0,0.0,0.0,True,True
4807,0.2714792490005493,9.021658615069494e-54,0.45820888068445625,8.754293662292053e-46,OFFLOADED,1.0,No,0.0,1.0,1.0,False,False
4808,0.0,0.0,0.48465944360961993,5.320854631361732e-42,OFFLOADED,0.0,Yes,0.0,0.0,0.0,False,False
4809,0.0,0.0,1.0,1.0,OFFLOADED,0.0,Yes,0.0,0.0,0.0,False,True
4810,0.2577475905418396,8.480653798501048e-68,0.24277668847410094,3.810001618248737e-70,OFFLOADED,1.0,No,1.0,1.0,1.0,False,False
4811,0.2548719048500061,5.297664425332837e-72,0.6366994879079677,4.872723865051814e-22,OFFLOADED,1.0,No,1.0,0.0,1.0,False,False
4812,0.32277801632881165,8.217827061372717e-28,0.5014257614809181,1.1397114029102165e-39,OFFLOADED,1.0,No,1.0,1.0,1.0,False,False
4813,0.47591662406921387,6.005334385816141e-08,0.8453782455655429,0.0018572866336189773,OFFLOADED,1.0,No,1.0,0.0,0.0,False,False
4814,0.5199952721595764,5.513784621894605e-06,0.9869673813983909,0.9998396257717815,OFFLOADED,1.0,No,0.0,1.0,0.0,False,True
4815,0.2702263295650482,6.713405122178165e-55,0.8383350466898088,0.0009125837809051112,OFFLOADED,1.0,No,1.0,0.0,0.0,False,False
4816,0.0,0.0,0.6884834144348926,4.767433912008272e-16,OFFLOADED,0.0,Yes,0.0,0.0,0.0,False,False
4817,0.36273419857025146,1.5937376770068512e-19,0.5017050965939231,1.1214259329439675e-39,OFFLOADED,1.0,No,1.0,1.0,1.0,False,False
4818,0.31793496012687683,1.890619523906783e-29,0.3681132180685591,2.8007981564850254e-57,OFFLOADED,1.0,No,1.0,1.0,1.0,False,False
4819,0.0,0.0,1.0,1.0,OFFLOADED,0.0,Yes,0.0,0.0,0.0,False,True
4820,0.327640175819397,2.9260819478618344e-26,0.3618507939009748,5.0233137546833786e-58,OFFLOADED,1.0,No,0.0,1.0,1.0,False,False
4821,0.26379311084747314,1.4582454188769594e-60,0.2680579287083946,3.7947746055062865e-68,OFFLOADED,1.0,No,1.0,1.0,1.0,False,False
4822,0.4570487141609192,2.796646678685446e-09,0.7489079877623479,5.604098550149652e-10,OFFLOADED,0.0,Yes,0.0,0.0,0.0,False,False
4823,0.29169005155563354,1.2915110037060363e-40,0.6467871575672338,7.069079901125285e-21,OFFLOADED,1.0,No,0.0,1.0,0.0,False,False
4824,0.2723867893218994,3.5450622013606656e-53,0.42922753457265334,1.7393306318542743e-49,OFFLOADED,1.0,No,0.0,1.0,0.0,False,False
4825,0.30956172943115234,1.9715083623926744e-32,0.7744608995952711,2.067644892745947e-08,OFFLOADED,1.0,No,1.0,1.0,0.0,False,False
4826,0.26703253388404846,5.46803070257006e-58,0.5360778352340877,3.5950784122205237e-35,OFFLOADED,1.0,No,1.0,0.0,0.0,False,False
4827,0.8667954206466675,0.9970802694111837,1.0,1.0,ACCEPTED,0.0,Yes,0.0,0.0,0.0,True,True
4828,0.26523327827453613,2.4203766175052106e-59,0.9175099374944233,0.5569606816039743,OFFLOADED,1.0,No,0.0,1.0,0.0,False,False
4829,0.8566097617149353,0.9911739740043729,0.7963152306625225,7.640327850981223e-07,OFFLOADED,0.0,Yes,0.0,0.0,0.0,True,False
4830,0.3856527805328369,3.629602930181906e-16,0.9121471315918249,0.45086094179465536,OFFLOADED,1.0,No,0.0,1.0,1.0,False,False
4831,0.3433694839477539,6.896622912031189e-23,0.7946021893362957,6.32674116178215e-07,OFFLOADED,1.0,No,1.0,1.0,1.0,False,False
4832,0.2599065899848938,1.686485237081136e-65,0.7625789834812147,3.120077193189397e-09,OFFLOADED,1.0,No,1.0,1.0,1.0,False,False
4833,0.30246567726135254,2.140124812196376e-35,0.6087491205535045,2.41985402692998e-25,OFFLOADED,1.0,No,1.0,1.0,1.0,False,False
4834,0.2635459303855896,5.6870655828786524e-61,0.4393745638309815,1.989750747913726e-48,OFFLOADED,1.0,No,1.0,0.0,0.0,False,False
4835,0.6380477547645569,0.05950937043540057,0.6313095539378372,9.662765775111871e-23,OFFLOADED,0.0,Yes,0.0,0.0,0.0,False,False
4836,0.3129860758781433,3.996291787182775e-31,0.8600132188422263,0.006607590690309161,OFFLOADED,1.0,No,1.0,0.0,0.0,False,False
4837,0.251228392124176,2.429655922143236e-77,0.6529736562813009,2.9180747406904514e-20,OFFLOADED,1.0,No,0.0,1.0,1.0,False,False
4838,0.8789586424827576,0.9992454518361304,0.9656874441976803,0.9941447348701683,ACCEPTED,1.0,No,1.0,1.0,0.0,True,True
4839,0.2628392279148102,1.2920569039368297e-61,0.5724497965875924,6.904572009831406e-30,OFFLOADED,1.0,No,1.0,1.0,1.0,False,False
4840,0.27093806862831116,1.5665691220950656e-54,0.4367480485402536,8.964767018080862e-49,OFFLOADED,1.0,No,1.0,1.0,1.0,False,False
4841,0.25463297963142395,7.701875604123976e-73,0.2648297386607461,8.897671206780614e-69,OFFLOADED,1.0,No,1.0,1.0,1.0,False,False
4842,0.5182870626449585,4.693500494170471e-06,0.645952801371272,4.15373363112468e-21,OFFLOADED,1.0,No,1.0,1.0,1.0,False,False
4843,0.3356449007987976,3.2220817558634117e-24,0.7682197517034471,5.43907756186013e-09,OFFLOADED,1.0,No,1.0,0.0,0.0,False,False
4844,0.26448485255241394,3.5608087271747987e-60,0.651898292345871,1.9559990326415418e-20,OFFLOADED,1.0,No,1.0,1.0,1.0,False,False
4845,0.8778384327888489,0.9991159746282394,0.9694724703526086,0.9957259926785572,ACCEPTED,0.0,Yes,0.0,0.0,0.0,True,True
4846,0.2548137605190277,1.0768538189694186e-72,0.4056458673166258,8.0659356283099495e-53,OFFLOADED,1.0,No,1.0,1.0,1.0,False,False
4847,0.8840318322181702,0.9995454629529231,0.8780331457693606,0.04743472010637333,OFFLOADED,0.0,Yes,0.0,0.0,0.0,True,False
4848,0.26818567514419556,4.062138545267021e-57,0.8127159741025839,1.8592134419216976e-05,OFFLOADED,1.0,No,0.0,1.0,0.0,False,False
4849,0.3517475426197052,1.6359596479249886e-21,0.7049947574450728,1.78975084034392e-14,OFFLOADED,1.0,No,0.0,1.0,1.0,False,False
4850,0.26887083053588867,1.9349208224891897e-56,0.21619200098227762,2.3184559449528244e-72,OFFLOADED,1.0,No,1.0,1.0,1.0,False,False
4851,0.33023950457572937,1.355064112007238e-25,0.37892241877360355,2.229940362644542e-56,OFFLOADED,1.0,No,1.0,1.0,1.0,False,False
4852,0.5215330123901367,6.1645458165314405e-06,0.6810816966877914,6.420332849377692e-17,OFFLOADED,1.0,No,1.0,1.0,1.0,False,False
4853,0.4922642409801483,5.543464343036112e-07,0.7667378607084588,4.1833814544588155e-09,OFFLOADED,0.0,Yes,0.0,0.0,0.0,False,False
4854,0.3223954737186432,3.480183604660157e-28,0.8476379934136554,0.0019261331487711352,OFFLOADED,1.0,No,1.0,0.0,1.0,False,False
4855,0.36911168694496155,1.1838763394090738e-18,0.8136841912326652,2.0744124970411657e-05,OFFLOADED,1.0,No,1.0,1.0,0.0,False,False
4856,0.2600388526916504,1.1295478029223304e-65,0.2985768639392167,6.426743056626932e-66,OFFLOADED,1.0,No,1.0,1.0,1.0,False,False
4857,0.25234654545783997,1.705660754139618e-76,0.7272741026155614,5.247575063398356e-12,OFFLOADED,1.0,No,1.0,0.0,0.0,False,False
4858,0.3410933017730713,2.725896017600706e-23,0.9106915744564884,0.41215515292478033,OFFLOADED,1.0,No,1.0,0.0,0.0,False,True
4859,0.5389206409454346,4.460311214612445e-05,0.879136322760577,0.05402252132469081,OFFLOADED,1.0,No,0.0,0.0,1.0,False,False
4860,0.2501501142978668,7.390829474530633e-78,0.2876919545775392,6.693902235822207e-67,OFFLOADED,1.0,No,1.0,1.0,1.0,False,False
4861,0.26197654008865356,6.473010624379783e-63,0.7999889875974247,1.0474858138900614e-06,OFFLOADED,1.0,No,1.0,1.0,1.0,False,False
4862,0.3080945611000061,2.8533173679774845e-33,0.5086878501297301,3.361551966164623e-39,OFFLOADED,1.0,No,1.0,1.0,1.0,False,False
4863,0.3894473612308502,1.15733025839556e-15,0.5991630420667643,8.598903657129064e-27,OFFLOADED,1.0,No,1.0,1.0,1.0,False,False
4864,0.34258243441581726,3.97131520699762e-23,0.9060265605993258,0.3259807477990166,OFFLOADED,1.0,No,1.0,0.0,0.0,False,True
4865,0.47027328610420227,2.511984229247865e-08,0.6898354530593643,3.5581535519696277e-16,OFFLOADED,1.0,No,1.0,0.0,0.0,False,False
4866,0.5243877172470093,7.792497190251014e-06,0.984886942240324,0.9997215770916472,OFFLOADED,1.0,No,1.0,1.0,0.0,False,True
4867,0.4004490375518799,1.781276151161029e-14,0.48166812058725866,4.920127601861023e-43,OFFLOADED,1.0,No,0.0,1.0,1.0,False,False
4868,0.3574371337890625,1.2490758683414391e-20,0.5910147765646079,9.065470793935817e-28,OFFLOADED,1.0,No,0.0,1.0,1.0,False,False
4869,0.7193562984466553,0.5295462949452259,0.7550924626885474,7.721107486038155e-10,OFFLOADED,1.0,No,1.0,1.0,0.0,False,False
4870,0.8613356351852417,0.9948443998198826,0.8447207167034096,0.0012477425751558902,OFFLOADED,1.0,No,1.0,1.0,1.0,True,False
4871,0.3444298803806305,5.137349053781313e-23,0.47890609537912543,1.4863187800828754e-43,OFFLOADED,1.0,No,1.0,1.0,1.0,False,False
4872,0.5382564663887024,3.739040314538098e-05,0.9092995966406888,0.3605035366026011,OFFLOADED,0.0,Yes,0.0,0.0,0.0,False,True
4873,0.3538111746311188,2.964736519732933e-21,0.4202119367515071,2.675386526166774e-51,OFFLOADED,1.0,No,1.0,1.0,1.0,False,False
4874,0.9556970596313477,0.9999983832162809,1.0,1.0,ACCEPTED,0.0,Yes,0.0,0.0,0.0,True,True
4875,0.28735876083374023,1.3633134091066447e-43,0.5935939332576287,1.6098381108491075e-27,OFFLOADED,1.0,No,1.0,1.0,1.0,False,False
4876,0.43693387508392334,1.0160923086947327e-10,0.8560878177017707,0.003820322155696008,OFFLOADED,1.0,No,1.0,1.0,1.0,False,False
4877,0.3311569392681122,1.279318736320252e-25,0.8150155054967774,2.2500728022921866e-05,OFFLOADED,1.0,No,1.0,1.0,0.0,False,False
4878,0.2719447910785675,3.3972231074995503e-54,0.5409588010675703,4.6504416803244486e-35,OFFLOADED,1.0,No,1.0,1.0,1.0,False,False
4879,0.2566852271556854,1.514127048052401e-70,0.17691914089960964,6.802787916764189e-75,OFFLOADED,1.0,No,1.0,1.0,1.0,False,False
4880,0.2881932556629181,3.686225866624235e-43,0.5290722367098455,1.0605415088517148e-36,OFFLOADED,1.0,No,1.0,1.0,1.0,False,False
4881,0.31729355454444885,3.985865746169673e-30,0.4038879150461164,1.5195941121168927e-53,OFFLOADED,1.0,No,1.0,1.0,1.0,False,False
4882,0.8426227569580078,0.9720030121268106,0.9559108294162814,0.9805288654013283,ACCEPTED,0.0,Yes,0.0,0.0,0.0,True,True
4883,0.29075607657432556,9.597924193472797e-42,0.4120103895003901,1.3272271684723069e-52,OFFLOADED,1.0,No,1.0,1.0,1.0,False,False
4884,0.25765085220336914,3.571054796970263e-69,0.33596214835478416,4.699981907309312e-62,OFFLOADED,1.0,No,1.0,1.0,1.0,False,False
4885,0.27618885040283203,3.5478858278548844e-51,0.5520295396533421,1.8447654765504517e-33,OFFLOADED,1.0,No,1.0,1.0,1.0,False,False
4886,0.7102558612823486,0.444138627525977,1.0,1.0,OFFLOADED,0.0,Yes,0.0,0.0,0.0,False,True
4887,0.25279656052589417,3.212242377175623e-76,0.5616789974641487,6.153786833249752e-32,OFFLOADED,1.0,No,0.0,1.0,1.0,False,False
4888,0.43516916036605835,7.169696714948518e-11,0.5424825179793527,6.796138639539687e-35,OFFLOADED,1.0,No,1.0,1.0,1.0,False,False
4889,0.25348639488220215,3.3733811548043003e-75,0.687740245509669,1.8495150505421942e-16,OFFLOADED,1.0,No,0.0,1.0,1.0,False,False
4890,0.257809042930603,5.436605804248009e-69,0.23403421030833954,5.386621036384781e-72,OFFLOADED,1.0,No,1.0,1.0,1.0,False,False
4891,0.28844520449638367,4.264089133213558e-43,0.46607717514600006,1.4355066429921795e-45,OFFLOADED,1.0,No,0.0,1.0,1.0,False,False
4892,0.29905012249946594,9.438324618609171e-38,0.9441825329326187,0.9439126320257144,OFFLOADED,1.0,No,1.0,1.0,0.0,False,True
4893,0.3082897663116455,1.7937296691498582e-33,0.6747407171462749,4.880627489383954e-18,OFFLOADED,1.0,No,0.0,1.0,1.0,False,False
4894,0.2586035430431366,5.272999276626038e-68,0.518719268774321,2.404249747077089e-38,OFFLOADED,0.0,Yes,0.0,0.0,0.0,False,False
4895,0.25522759556770325,7.380285979939462e-73,0.7488068097159732,2.8069171144913374e-10,OFFLOADED,1.0,No,0.0,1.0,0.0,False,False
4896,0.25882768630981445,9.984437825623316e-68,0.856456878529879,0.0037407026399843718,OFFLOADED,1.0,No,1.0,1.0,1.0,False,False
4897,0.7300558686256409,0.5970435927394483,0.7937544594971293,3.0355724490772345e-07,OFFLOADED,1.0,No,1.0,1.0,1.0,True,False
4898,0.3294892907142639,3.4452580431816576e-26,0.4846299815506968,5.693253408456677e-43,OFFLOADED,1.0,No,1.0,1.0,1.0,False,False
4899,0.5687552094459534,0.0005025543434098417,0.5091396973501136,1.3077068938011207e-39,OFFLOADED,1.0,No,1.0,0.0,0.0,False,False
4900,0.2718248963356018,1.4063731975758482e-54,0.7756658410706749,1.1837642729160702e-08,OFFLOADED,1.0,No,1.0,1.0,1.0,False,False
4901,0.276827871799469,7.738131918758568e-51,0.38195956942734977,8.477255157449953e-57,OFFLOADED,1.0,No,1.0,1.0,1.0,False,False
4902,0.2530720829963684,4.4248422672553283e-76,0.228653097663954,1.5853149908332713e-72,OFFLOADED,1.0,No,1.0,1.0,1.0,False,False
4903,0.3065069317817688,2.2882527184088405e-34,0.4434953498719636,6.416570280908853e-49,OFFLOADED,1.0,No,0.0,1.0,1.0,False,False
4904,0.5629940032958984,0.0002962893678615359,0.4070204552298132,1.516952949742985e-53,OFFLOADED,1.0,No,0.0,1.0,1.0,False,False
4905,0.27267730236053467,6.575503757072567e-54,0.2119428749299013,1.0738344684731125e-73,OFFLOADED,1.0,No,1.0,1.0,1.0,False,False
4906,0.6018156409263611,0.005654903873234516,0.824754686823348,9.178610559508124e-05,OFFLOADED,0.0,Yes,0.0,0.0,0.0,False,False
4907,0.2712419331073761,3.8080903454203396e-55,0.1455049256705888,3.0837949829804367e-76,OFFLOADED,1.0,No,1.0,1.0,1.0,False,False
4908,0.25629711151123047,1.4503031509136918e-71,0.31945579909576444,2.315486501289162e-64,OFFLOADED,1.0,No,1.0,1.0,1.0,False,False
4909,0.2580791711807251,6.6143078945062e-69,0.856634561056602,0.0036166134845408877,OFFLOADED,1.0,No,1.0,1.0,0.0,False,False
4910,0.962683916091919,0.9999989060291681,0.9870920544541837,0.9998089466966738,ACCEPTED,0.0,Yes,0.0,0.0,0.0,True,True
4911,0.644385039806366,0.08059286664237161,0.6303212101192396,2.1080943889447545e-23,OFFLOADED,0.0,Yes,0.0,0.0,0.0,False,False
4912,0.3002290427684784,3.384965092745654e-37,0.28411518313404793,5.41334005215832e-68,OFFLOADED,1.0,No,1.0,1.0,1.0,False,False
4913,0.5781493186950684,0.0013134846299988343,0.5130042701840285,3.835341498630508e-39,OFFLOADED,1.0,No,1.0,1.0,1.0,False,False
4914,0.2670494318008423,4.468319344966366e-59,0.3838007767678589,1.3339277236186943e-56,OFFLOADED,1.0,No,1.0,1.0,1.0,False,False
4915,0.5235658288002014,6.4958183830463065e-06,0.4547556919406013,2.6691864005220655e-47,OFFLOADED,1.0,No,1.0,1.0,1.0,False,False
4916,0.261624276638031,4.4486079439886056e-64,0.35925271706086553,9.494986486275464e-60,OFFLOADED,1.0,No,1.0,1.0,1.0,False,False
4917,0.27094414830207825,1.6840971643504756e-55,0.3867288749311139,3.1405811175436133e-56,OFFLOADED,1.0,No,1.0,1.0,1.0,False,False
4918,0.80812007188797,0.8890903564958264,0.8390484767900726,0.0006015499249178594,OFFLOADED,1.0,No,1.0,1.0,0.0,True,False
4919,0.847011923789978,0.9794363390292847,0.721159007843381,7.297993491715911e-13,OFFLOADED,1.0,No,1.0,1.0,1.0,True,False
4920,0.2652505338191986,1.629254836639379e-60,0.7395244080561887,3.89437705147303e-11,OFFLOADED,1.0,No,1.0,1.0,1.0,False,False
4921,0.47446921467781067,3.512442671469554e-08,0.8528306605958333,0.0022291072618009075,OFFLOADED,1.0,No,1.0,1.0,1.0,False,False
4922,0.2544221580028534,1.6489950603098731e-74,0.3606781492135236,1.0439130254145574e-59,OFFLOADED,1.0,No,1.0,1.0,1.0,False,False
4923,0.5504893064498901,0.00011461331585591512,0.7838403467139536,4.75328823846697e-08,OFFLOADED,1.0,No,1.0,1.0,1.0,False,False
4924,0.9232915639877319,0.9999871980161634,0.5594773461070067,1.4759252767840708e-32,OFFLOADED,1.0,No,1.0,1.0,1.0,True,False
4925,0.2516118288040161,8.823708557057383e-79,0.37849203926357666,1.3446962298116483e-57,OFFLOADED,1.0,No,1.0,1.0,1.0,False,False
4926,0.2569238245487213,6.800257031434896e-71,0.251369445591246,1.6940249570904105e-71,OFFLOADED,1.0,No,1.0,1.0,1.0,False,False
4927,0.3050011098384857,5.075991773596616e-35,0.39518360968932637,3.167005080854173e-55,OFFLOADED,1.0,No,0.0,1.0,1.0,False,False
4928,0.3057703673839569,9.235375229638607e-35,0.7820507367849502,3.1850168861374186e-08,OFFLOADED,0.0,Yes,0.0,0.0,0.0,False,False
4929,0.9260380268096924,0.9999897652077877,0.7741305909067029,7.777017975540043e-09,OFFLOADED,1.0,No,1.0,1.0,1.0,True,False
4930,0.4082043766975403,8.937111390025167e-14,0.3833932882639543,6.399224387150492e-57,OFFLOADED,1.0,No,1.0,1.0,1.0,False,False
4931,0.4237919747829437,5.3996610291841665e-12,0.8738515920750343,0.029512703921385063,OFFLOADED,0.0,Yes,0.0,0.0,0.0,False,False
4932,0.9391308426856995,0.9999961407271173,1.0,1.0,ACCEPTED,0.0,Yes,0.0,0.0,0.0,True,True
4933,0.2772153913974762,1.1571565123911529e-50,0.7665417109328987,2.0339894901487526e-09,OFFLOADED,1.0,No,1.0,1.0,1.0,False,False
4934,0.2522726356983185,6.299284436924399e-78,0.09915079775129601,3.741147426373683e-77,OFFLOADED,1.0,No,1.0,1.0,1.0,False,False
4935,0.8292809724807739,0.9441760260042672,0.9215146545057812,0.6180734189722759,OFFLOADED,0.0,Yes,0.0,0.0,0.0,True,False
4936,0.25172916054725647,9.515388925626495e-79,0.9017360419133362,0.2734125532107556,OFFLOADED,1.0,No,1.0,0.0,1.0,False,True
4937,0.38373199105262756,9.58489458487922e-17,0.8197281077320526,4.910866542029889e-05,OFFLOADED,1.0,No,1.0,0.0,1.0,False,False
4938,0.26698052883148193,2.5936518287927644e-59,0.961312445043341,0.9894656149210779,OFFLOADED,1.0,No,1.0,0.0,0.0,False,True
4939,0.2899514436721802,1.6759990857251753e-42,0.40740407395140776,9.777740613734876e-54,OFFLOADED,1.0,No,1.0,1.0,1.0,False,False
4940,0.4064864218235016,5.2160081239422364e-14,0.8072954228275336,2.8081515159575932e-06,OFFLOADED,1.0,No,1.0,0.0,0.0,False,False
4941,0.3921552896499634,1.3768100828410873e-15,0.7885843734709448,1.040343818055517e-07,OFFLOADED,1.0,No,1.0,0.0,0.0,False,False
4942,0.25443142652511597,1.0069495999048823e-74,0.6147156710498698,1.9614664048659525e-25,OFFLOADED,1.0,No,1.0,0.0,0.0,False,False
4943,0.49901583790779114,8.295760409877073e-07,0.8912039764465516,0.16193493779250442,OFFLOADED,1.0,No,0.0,1.0,1.0,False,False
4944,0.33784371614456177,2.1258551218950353e-24,0.6452861462840078,6.215640268153717e-22,OFFLOADED,1.0,No,1.0,0.0,0.0,False,False
4945,0.43607282638549805,5.887737050597914e-11,0.5331631067493438,1.0997622759044372e-36,OFFLOADED,1.0,No,1.0,1.0,0.0,False,False
4946,0.5291664600372314,1.1521879687400296e-05,1.0,1.0,OFFLOADED,0.0,Yes,0.0,0.0,0.0,False,True
4947,0.25170621275901794,5.2946391590868246e-79,0.7269557731885024,1.530472568367069e-12,OFFLOADED,1.0,No,1.0,1.0,0.0,False,False
4948,0.8871336579322815,0.9996436687807005,0.932500670547992,0.8587135765969909,ACCEPTED,0.0,Yes,0.0,0.0,0.0,True,True
4949,0.4002488851547241,1.0199171437882834e-14,0.9336639328511891,0.8800418017017513,OFFLOADED,0.0,Yes,0.0,0.0,0.0,False,True
4950,0.29321956634521484,9.410091175944783e-41,0.161256616737137,1.3135598663295816e-76,OFFLOADED,1.0,No,1.0,1.0,1.0,False,False
4951,0.2706823945045471,5.508015801879073e-56,0.7511617423048578,1.8803630615986843e-10,OFFLOADED,1.0,No,1.0,0.0,0.0,False,False
4952,0.8358705639839172,0.9597754994186188,1.0,1.0,ACCEPTED,0.0,Yes,0.0,0.0,0.0,True,True
4953,0.0,0.0,0.6526116918011603,4.1893762662195195e-21,OFFLOADED,0.0,Yes,0.0,0.0,0.0,False,False
4954,0.4093800485134125,1.242505111040097e-13,0.8286810425329119,0.00013452992283608087,OFFLOADED,0.0,Yes,0.0,0.0,0.0,False,False
4955,0.6147180199623108,0.013910381198433982,0.6770520001882909,4.122671866659879e-18,OFFLOADED,0.0,Yes,0.0,0.0,0.0,False,False
4956,0.742145299911499,0.6544909882852923,0.9714483057474173,0.9968093876203894,ACCEPTED,1.0,No,1.0,1.0,0.0,True,True
4957,0.40464407205581665,3.3720413689475755e-14,0.8183935546715417,3.77577075324954e-05,OFFLOADED,1.0,No,1.0,1.0,1.0,False,False
4958,0.4050397574901581,3.477321027204902e-14,0.3712638209317201,1.029307018585812e-58,OFFLOADED,1.0,No,1.0,1.0,1.0,False,False
4959,0.0,0.0,0.6521124148988793,4.104259258005988e-21,OFFLOADED,0.0,Yes,0.0,0.0,0.0,False,False
4960,0.3211999535560608,3.328660242224991e-29,0.950388361956918,0.9681138807616511,OFFLOADED,0.0,Yes,0.0,0.0,0.0,False,True
4961,0.9271399974822998,0.9999916787411776,1.0,1.0,ACCEPTED,0.0,Yes,0.0,0.0,0.0,True,True
4962,0.7071115970611572,0.4162957266107127,0.7283548084603897,1.825602330008489e-12,OFFLOADED,1.0,No,1.0,1.0,1.0,True,False
4963,0.2582626938819885,4.3526233402571504e-69,0.29009279273072647,3.5283923217979773e-68,OFFLOADED,1.0,No,1.0,1.0,1.0,False,False
4964,0.7865186333656311,0.7920857827280622,0.8888846415263489,0.13790991953680476,OFFLOADED,0.0,Yes,0.0,0.0,0.0,True,False
4965,0.31058835983276367,7.344635377383507e-33,0.2657646678565792,1.83880796958876e-70,OFFLOADED,1.0,No,1.0,1.0,1.0,False,False
4966,0.9155514240264893,0.9999774619132138,0.41209495099044946,2.8729576328540904e-53,OFFLOADED,1.0,No,1.0,1.0,1.0,True,False
4967,0.29925593733787537,5.183854715962491e-38,0.6490762015411418,1.8306126698277594e-21,OFFLOADED,1.0,No,1.0,1.0,1.0,False,False
4968,0.2668134570121765,1.1719219218006222e-59,0.6099660489090641,5.082040574695938e-26,OFFLOADED,1.0,No,0.0,1.0,1.0,False,False
4969,0.2717297673225403,4.210621497144321e-55,0.3876188137603193,1.5083647356016859e-56,OFFLOADED,1.0,No,1.0,1.0,1.0,False,False
4970,0.26729726791381836,2.8543021737828466e-59,0.6264647102226955,3.853702025950301e-24,OFFLOADED,1.0,No,1.0,1.0,1.0,False,False
4971,0.30219557881355286,2.2533762346461577e-36,0.9245706169225753,0.723072827056992,OFFLOADED,1.0,No,1.0,0.0,0.0,False,True
4972,0.28530213236808777,1.7697024837313095e-45,0.29887236237102166,1.6074642208293425e-67,OFFLOADED,1.0,No,1.0,1.0,1.0,False,False
4973,0.35816800594329834,9.873391120370065e-21,0.445943094885423,5.524166507101254e-49,OFFLOADED,1.0,No,1.0,0.0,1.0,False,False
4974,0.2652747631072998,5.449918939788256e-61,0.7740842093416359,6.233515213094659e-09,OFFLOADED,1.0,No,1.0,0.0,0.0,False,False
4975,0.26083195209503174,1.0759823181087378e-65,0.2341732641636024,3.5320252023813646e-73,OFFLOADED,1.0,No,1.0,1.0,1.0,False,False
4976,0.2834579646587372,1.3537286244097101e-46,0.5882039265902916,7.747109661084457e-29,OFFLOADED,1.0,No,1.0,0.0,0.0,False,False
4977,0.47674107551574707,4.4394773961637066e-08,0.5312628579733109,4.576449019043028e-37,OFFLOADED,1.0,No,1.0,1.0,1.0,False,False
4978,0.5454044342041016,7.505130187936285e-05,0.9511753244538217,0.9709071755461302,OFFLOADED,0.0,Yes,0.0,0.0,0.0,False,True
4979,0.422799676656723,4.442484913287531e-12,0.9092556193879548,0.3711794087973084,OFFLOADED,1.0,No,1.0,0.0,0.0,False,False
4980,0.5563234686851501,0.00017545115061272682,0.9187108538816355,0.5411826630010487,OFFLOADED,1.0,No,1.0,0.0,0.0,False,True
4981,0.3310438394546509,5.300189827173884e-26,0.30997904964189416,2.5661023423996915e-66,OFFLOADED,1.0,No,1.0,1.0,1.0,False,False
4982,0.3045349717140198,2.0819636999370545e-35,0.7416506615565986,3.620846916239493e-11,OFFLOADED,1.0,No,0.0,1.0,0.0,False,False
4983,0.9322218894958496,0.9999946881816792,1.0,1.0,ACCEPTED,0.0,Yes,0.0,0.0,0.0,True,True
4984,0.27019697427749634,1.1161522344330793e-56,0.2347612305528137,2.6701420869359467e-73,OFFLOADED,1.0,No,1.0,0.0,0.0,False,False
4985,0.39915189146995544,7.002719577820673e-15,0.7026669945049524,2.0485280632844474e-15,OFFLOADED,1.0,No,1.0,1.0,0.0,False,False
4986,0.3634062111377716,6.390362524569705e-20,0.5064668232936737,1.6697283691882968e-40,OFFLOADED,1.0,No,1.0,1.0,1.0,False,False
4987,0.4212106168270111,2.5315760954446737e-12,0.7667389809204355,1.4179244199410686e-09,OFFLOADED,0.0,Yes,0.0,0.0,0.0,False,False
4988,0.3215084373950958,3.204412932157118e-29,0.5341684451327946,9.810167576400473e-37,OFFLOADED,1.0,No,0.0,1.0,1.0,False,False
4989,0.3516305387020111,4.2201051720734617e-22,0.18423291023509397,2.803627677281965e-76,OFFLOADED,1.0,No,1.0,0.0,0.0,False,False
4990,0.2750958502292633,1.1801058845332492e-52,0.6603602458469036,2.5382016474418332e-20,OFFLOADED,1.0,No,1.0,1.0,1.0,False,False
4991,0.9416716694831848,0.999997388815084,0.9158295478757114,0.4699643337867058,ACCEPTED,1.0,No,1.0,1.0,1.0,True,True
4992,0.3480836749076843,7.653130206950308e-23,0.9327421256723808,0.8627215186076931,OFFLOADED,1.0,No,1.0,0.0,0.0,False,True
4993,0.28728437423706055,1.5810688544088206e-44,0.7970718563140646,3.323198645537715e-07,OFFLOADED,1.0,No,1.0,0.0,0.0,False,False
4994,0.2548597753047943,8.658031027655383e-75,0.5146533974003556,1.5726659354333567e-39,OFFLOADED,1.0,No,1.0,1.0,1.0,False,False
4995,0.4896022379398346,3.2657627383856096e-07,0.9706718209909114,0.9961362547601801,OFFLOADED,0.0,Yes,0.0,0.0,0.0,False,True
4996,0.26625990867614746,1.6889560287106676e-60,0.5027127297094077,3.817252753517832e-41,OFFLOADED,1.0,No,1.0,1.0,0.0,False,False
4997,0.3269089162349701,2.2868006561436035e-27,0.9290447278857932,0.7960226135477889,OFFLOADED,1.0,No,0.0,1.0,0.0,False,True
4998,0.9042378067970276,0.999935735633796,0.9421729435077567,0.9289243541331949,ACCEPTED,0.0,Yes,0.0,0.0,0.0,True,True
4999,0.2791816294193268,1.322260040106439e-49,0.270155196985521,1.738617500783454e-70,OFFLOADED,1.0,No,1.0,1.0,1.0,False,False
